seq_id,sum.taxonomy
f782b5c934941bc568e67597233f762b,Eukaryota;Cryptophyceae__p;Cryptophyceae;Cyathomonadacea;NA;NA;NA
b0da38644e11f81df7759c5944f9bbb5,Eukaryota;Haptophyta;Isochrysidales__c;Isochrysidales;Noelaerhabdaceae;NA;NA
bfbf049dd4dfe6d60f4de898786e6902,Eukaryota;Nematoda;Enoplea;Dorylaimida;Longidoridae;Xiphinema;Xiphinema brevicolle
913909308d6ece6f8a186c000c81f132,Eukaryota;Arthropoda;Hexanauplia;Calanoida;Clausocalanidae;Pseudocalanus;Pseudocalanus mimus
1853aa93334b4d0109de6e4f1557c28b,Eukaryota;Bacillariophyta;Coscinodiscophyceae;Rhizosoleniales;NA;NA;NA
99ea4140f76f63f58c875f0feabb9ebe,Eukaryota;Arthropoda;Hexanauplia;Calanoida;Acartiidae;Acartia;Acartia longiremis
88a6a1e0c3983af15225dab0684b4f31,Eukaryota;Arthropoda;Insecta;Diptera;NA;NA;NA
e787d3741423ab42b65d09ee3733b7e1,Eukaryota;Synurophyceae__p;Synurophyceae;Synurales;NA;NA;NA
8fbaa0e5ccad737b003756e9d791fb2c,Eukaryota;Phaeophyceae__p;Phaeophyceae;Dictyotales;NA;NA;NA
98a2b082da69f0bbc88b7bc5afebf206,Eukaryota;Oomycota;Peronosporales__c;Peronosporales;NA;NA;NA
062e745c76d967ac01877a6ab6823b08,Eukaryota;Arthropoda;Hexanauplia;Calanoida;Clausocalanidae;Pseudocalanus;Pseudocalanus mimus
16f041b694f1fc2c22102407d19942b2,Eukaryota;Annelida;Polychaeta;Spionida;Spionidae;Prionospio;Prionospio multibranchiata
bc94d27b7cdd17a8e2ba6002b50bf522,Eukaryota;Arthropoda;Hexanauplia;Calanoida;Clausocalanidae;Pseudocalanus;Pseudocalanus mimus
056655d2e956641b8822f01c9c28e8bf,Eukaryota;Chordata;Ascidiacea;Phlebobranchia;Perophoridae;NA;NA
c0b2e4be22310bfce1959431b35955af,Eukaryota;Pelagophyceae__p;Pelagophyceae;Pelagomonadales;Pelagomonadaceae;Aureococcus;Aureococcus anophagefferens
be2a9aa4d2664564dfe2f2fe4ecd04e2,Eukaryota;Ascomycota;Leotiomycetes;NA;NA;NA;NA
f61b24e885e2d2c3f8dfe4a2ac8d968c,Eukaryota;Discosea;Longamoebia__c;Longamoebia;NA;NA;NA
dfb88b433d22a6ef8be58c482834045a,Eukaryota;Arthropoda;Insecta;Diptera;NA;NA;NA
7816d739c6c8fed62ddabfecbbecf87f,Eukaryota;Arthropoda;Hexanauplia;Calanoida;Clausocalanidae;Pseudocalanus;Pseudocalanus mimus
4e7b375554fd7ba631d9af95e2ccad5d,Eukaryota;Haptophyta;Phaeocystales__c;Phaeocystales;Phaeocystaceae;NA;NA
256bb351633a1c80d0f553fa4506b15e,Eukaryota;Arthropoda;Insecta;Lepidoptera;NA;NA;NA
72d64c09b73d8b40375c1869065a67ce,Eukaryota;Cnidaria;Hydrozoa;Leptothecata;NA;NA;NA
b9195521d032adb5cf2bf859fce97802,Eukaryota;Ascomycota;Eurotiomycetes;Chaetothyriales;Herpotrichiellaceae;Cladophialophora;NA
c78d2b8424b49f131f790933247c9d63,Eukaryota;Arthropoda;Insecta;Diptera;NA;NA;NA
545d87243866ad3b87d9c4e271f4f238,Eukaryota;Cnidaria;Hydrozoa;Siphonophorae;NA;NA;NA
4303b13b0898e288956993dcfcab9db5,Eukaryota;Oomycota;Anisolpidiales__c;Anisolpidiales;Anisolpidiaceae;NA;NA
c9558669d3f4ad5ce748687db6229269,Eukaryota;Arthropoda;Hexanauplia;Calanoida;Clausocalanidae;Pseudocalanus;Pseudocalanus mimus
e385b8097f5e82dc91f27ae86e7ba9dd,Eukaryota;Oomycota;Haptoglossa__f__o__c;Haptoglossa__f__o;NA;NA;NA
2ce16e0001594bb940ada0db615a9b49,Eukaryota;Bacillariophyta;Mediophyceae;Hemiaulales;Hemiaulaceae;Hemiaulus;Hemiaulus sinensis
7b8ee5f4fd43f8b8d170ea9e47d08df4,Eukaryota;Cryptophyceae__p;Cryptophyceae;Cyathomonadacea;NA;NA;NA
440a44823c08c88c2e773627597dd502,Eukaryota;Arthropoda;Hexanauplia;Calanoida;Clausocalanidae;Pseudocalanus;Pseudocalanus mimus
cc411578ddbc75eee268487dc53d976a,Eukaryota;Arthropoda;Hexanauplia;Calanoida;Clausocalanidae;Pseudocalanus;Pseudocalanus mimus
d6812adb2e00a8b2bd5d15f56bd1befa,Eukaryota;Cnidaria;Hydrozoa;Leptothecata;Clytiidae;Clytia;Clytia gregaria
b9001fdd8adaeb1010ece1d83fd17a06,Eukaryota;Phaeophyceae__p;Phaeophyceae;Dictyotales;NA;NA;NA
90cad50db7c7912f29a1362aeb89ab8c,Eukaryota;Rotifera;Eurotatoria;Ploima;Synchaetidae;NA;NA
8649076ca58d4f29a42db85975e12f34,Eukaryota;Cnidaria;Hydrozoa;Leptothecata;Eirenidae;Eutonina;Eutonina indicans
35a5997d30de47293e33ac70ed79c968,Eukaryota;Arthropoda;Insecta;Diptera;NA;NA;NA
0f6ba269959579fc20c5507a960814ae,Eukaryota;Annelida;Polychaeta;Phyllodocida;Pholoidae;Pholoides;Pholoides asperus
30093687b947461d128cacc419904b87,Eukaryota;Phaeophyceae__p;Phaeophyceae;Dictyotales;NA;NA;NA
0268f35e57901a640168978e29d7f5f3,Eukaryota;Phaeophyceae__p;Phaeophyceae;Ectocarpales;NA;NA;NA
96bfa5b65f888b90cb0915d779319cff,Eukaryota;Mollusca;Gastropoda;Stylommatophora;NA;NA;NA
709a03c3c93eef1bf4983ac8fa42c218,Eukaryota;Cnidaria;Hydrozoa;Leptothecata;NA;NA;NA
b3bab5b28e1d8277d0d5f2109f0e7449,Eukaryota;Cnidaria;Hydrozoa;Leptothecata;Eirenidae;Eutonina;Eutonina indicans
9d939d09e22e3d77fd49ad1f7212aeec,Eukaryota;Arthropoda;Hexanauplia;Cyclopoida;Oithonidae;Oithona;Oithona similis
7a0340f4865e8d57371b61cf53914e36,Eukaryota;Cnidaria;Hydrozoa;Leptothecata;Eirenidae;Eutonina;Eutonina indicans
10ab89727993ce8620f15b3ad3981c4e,Eukaryota;Basidiomycota;Agaricomycetes;Agaricales;NA;NA;NA
184d1a35af8d78f50ec7fa12a188b95d,Eukaryota;Phaeophyceae__p;Phaeophyceae;Dictyotales;NA;NA;NA
3bd16810c8bbb7b5bed5c9e72094f5b7,Eukaryota;Cnidaria;Hydrozoa;Siphonophorae;NA;NA;NA
d99961e6b3403b89215f76f2db54f4ec,Eukaryota;Cnidaria;Hydrozoa;Leptothecata;Clytiidae;Clytia;Clytia gregaria
ade5e72a33de9dbdaa59e79f91567362,Eukaryota;Arthropoda;Insecta;Diptera;NA;NA;NA
3c7af6a03c3fa19ed86154347d8bb4c1,Eukaryota;Arthropoda;Hexanauplia;Poecilostomatoida;NA;NA;NA
403af13822e188093441a3185219f2de,Eukaryota;Arthropoda;Hexanauplia;Calanoida;Clausocalanidae;Pseudocalanus;Pseudocalanus mimus
f4749ba1f39dfd31b77eb1ddd31d2b41,Eukaryota;Cnidaria;Hydrozoa;Leptothecata;Clytiidae;Clytia;Clytia gregaria
356a4aa1f7f9a5bb69d84f7b178257a9,Eukaryota;Arthropoda;Insecta;Neuroptera;NA;NA;NA
98f1ac1235810417febda8731327cdb9,Eukaryota;Arthropoda;Hexanauplia;Poecilostomatoida;NA;NA;NA
116521e0e42bc660a2869215ecd124bc,Eukaryota;Cnidaria;Hydrozoa;Leptothecata;Eirenidae;Eutonina;Eutonina indicans
7ae6429a64a3d39467bbe38f88c6e38e,Eukaryota;Rotifera;Eurotatoria;Ploima;Synchaetidae;NA;NA
07aeefa73e1d0edea8509c13bee2a149,Eukaryota;Cnidaria;Hydrozoa;Leptothecata;Clytiidae;Clytia;Clytia gregaria
e70b39d3794e70560db34aff6feb6371,Eukaryota;Haptophyta;Phaeocystales__c;Phaeocystales;Phaeocystaceae;NA;NA
fd46e3ee1650a276dd868d4533ec9364,Eukaryota;Cnidaria;Hydrozoa;Leptothecata;NA;NA;NA
926d3f171d8c17b9e5b84da2d2a71da5,Eukaryota;Bacillariophyta;Mediophyceae;Hemiaulales;NA;NA;NA
48f748da51bd978ee5e736f0d5d84690,Eukaryota;NA;NA;NA;NA;NA;NA
5947b2e1efdd8e6cefac20e4c1d15b54,Eukaryota;Arthropoda;Hexanauplia;NA;NA;NA;NA
fe5b38d2e9971e80130fccc93392ba56,Eukaryota;Chlorophyta;Mamiellophyceae;Mamiellales;Bathycoccaceae;Bathycoccus;Bathycoccus prasinos
c5e4c8c4841bfec58690fd73f8a64aff,Eukaryota;Echinodermata;Echinoidea;Clypeasteroida;Dendrasteridae;Dendraster;Dendraster excentricus
da7e7c713f3019fa59765039c0e0bcf1,Eukaryota;Annelida;Polychaeta;Phyllodocida;Pholoidae;Pholoides;Pholoides asperus
be46a2547c81a032098cd092aa073d9e,Eukaryota;Annelida;Polychaeta;Phyllodocida;Goniadidae;Glycinde;NA
13b00e017f981b24954cdc15e88a9f49,Eukaryota;Rotifera;Eurotatoria;Ploima;Synchaetidae;NA;NA
c0abedc42791f72988c93dbed58932c8,Eukaryota;Cnidaria;Hydrozoa;Leptothecata;NA;NA;NA
253fb9f953de9cdf6d27002251b90540,Eukaryota;Arthropoda;Hexanauplia;Calanoida;Clausocalanidae;Pseudocalanus;Pseudocalanus acuspes
d06d8cf0b7e12d80f0ecb41fc6c7f60c,Eukaryota;Cnidaria;Hydrozoa;Anthoathecata;Tubulariidae;NA;NA
2b85e5e684681049c32227e6d8536485,Eukaryota;Annelida;Polychaeta;Phyllodocida;Pholoidae;Pholoides;Pholoides asperus
9abe3b743ebd5686632d48e8949f0a39,Eukaryota;Bacillariophyta;Coscinodiscophyceae;Stephanodiscales;NA;NA;NA
beb0ca2f55949ea360ea5097d3d19173,Eukaryota;Arthropoda;Hexanauplia;Calanoida;Clausocalanidae;Pseudocalanus;Pseudocalanus mimus
833a75419e116a863b3afaff21e68fe4,Eukaryota;Synurophyceae__p;Synurophyceae;Ochromonadales;Ochromonadaceae;Poterioochromonas;NA
15b7094a82cafb27326222f0eee2fe90,Eukaryota;Bacillariophyta;Mediophyceae;Lithodesmiales;Lithodesmiaceae;NA;NA
1a869654384dcb114a1ff2f1c7714679,Eukaryota;Rotifera;Eurotatoria;Ploima;Synchaetidae;NA;NA
261cbe536d96a993c4067e1c8989ad36,Eukaryota;Oomycota;Haptoglossa__f__o__c;Haptoglossa__f__o;Haptoglossa__f;NA;NA
6ef6be760cc6b6a6323eccd5ab062315,Eukaryota;Arthropoda;Hexanauplia;Poecilostomatoida;NA;NA;NA
4ee73817622bb52e6cf4f656b3dcf920,Eukaryota;Cnidaria;Hydrozoa;Siphonophorae;NA;NA;NA
65e63604ab7eca74b2ca16c9fa7d3479,Eukaryota;Rhodophyta;Bangiophyceae;Bangiales;NA;NA;NA
5a96bdf4d604a233e94bf007d782db57,Eukaryota;Bacillariophyta;Coscinodiscophyceae;Thalassiosirales;Skeletonemataceae;NA;NA
260f3c04e8e67240044bd73958233c18,Eukaryota;Arthropoda;Arachnida;Araneae;NA;NA;NA
20840cde880dd3dfc2fba1c051ba1971,Eukaryota;Cnidaria;Hydrozoa;Leptothecata;NA;NA;NA
01384ca2f5d7f34bd70529c366b88457,Eukaryota;Cnidaria;Hydrozoa;Leptothecata;NA;NA;NA
ea5eedb5e567bb02189155c0977382f5,Eukaryota;Oomycota;Peronosporales__c;Peronosporales;NA;NA;NA
160a6e4f557817d842257c0b1464e234,Eukaryota;Porifera;Demospongiae;Bubarida;NA;NA;NA
9864338038f28a19a7745a3bde479fb5,Eukaryota;Arthropoda;Arachnida;Araneae;NA;NA;NA
37ccb3fdebcdd05252c8e95863b929dc,Eukaryota;Annelida;Polychaeta;Phyllodocida;Sigalionidae;Sthenelanella;Sthenelanella uniformis
cd7936a3c2117281601b06832d5bd187,Eukaryota;Arthropoda;Hexanauplia;Calanoida;Clausocalanidae;Pseudocalanus;Pseudocalanus mimus
26f3475317ca646805139e94b641e7a1,Eukaryota;Haptophyta;Phaeocystales__c;Phaeocystales;NA;NA;NA
811947938603739f393d068959a199d9,Eukaryota;Haptophyta;Phaeocystales__c;Phaeocystales;Phaeocystaceae;Phaeocystis;Phaeocystis globosa
0bc33cf5e0ae3844d2b1a70a4764bc94,Eukaryota;Cryptophyceae__p;Cryptophyceae;Cyathomonadacea;NA;NA;NA
38fb30a55da5b19b0b23dfd0b564b14a,Eukaryota;Arthropoda;Hexanauplia;Calanoida;Clausocalanidae;Pseudocalanus;Pseudocalanus mimus
5ede6edb2c42c327f0a4ebb4de9fb9d1,Eukaryota;Haptophyta;Prymnesiales__c;Prymnesiales;NA;NA;NA
e07069b3c6630a8cd15997254a5c5028,Eukaryota;Mollusca;Gastropoda;Neogastropoda;NA;NA;NA
876fabfe900c33ed9dc1866c584f37ec,Eukaryota;Cnidaria;Hydrozoa;Leptothecata;Eirenidae;Eutonina;Eutonina indicans
3503a8b4d4a684d533d99fafaf2c284f,Eukaryota;Rhodophyta;Florideophyceae;Gelidiales;NA;NA;NA
0d482f1b42154d4d012bdabd5a1f955e,Eukaryota;Cnidaria;Hydrozoa;Anthoathecata;NA;NA;NA
738988b89774c34af96b096f5f65a696,Eukaryota;Apusomonadida__c__p;Apusomonadida__c;Apusomonadida;NA;NA;NA
b6ac32aa79caa44e49da701bf4e29f9e,Eukaryota;Cnidaria;Hydrozoa;Leptothecata;Eirenidae;Eutonina;Eutonina indicans
32f6e708ba102a974e544a92f3d3580f,Eukaryota;Arthropoda;Hexanauplia;Calanoida;Clausocalanidae;Pseudocalanus;Pseudocalanus mimus
6f3aecbf9a2d029c334fc9e2ad2b239e,Eukaryota;Discosea;Longamoebia__c;Longamoebia;NA;NA;NA
e389177271f0935d32e500f23e589a43,Eukaryota;Bacillariophyta;Coscinodiscophyceae;Thalassiosirales;Skeletonemataceae;NA;NA
88f18922fa33897c2104d26627f432cb,Eukaryota;Chrysophyceae__p;Chrysophyceae;Chromulinales;NA;NA;NA
1342dd20b3ce737ac0b3d21aa2de1d1c,Eukaryota;Bacillariophyta;Coscinodiscophyceae;Chaetocerotales;NA;NA;NA
cc4165bdd18697ca52661d9cd990f181,Eukaryota;Arthropoda;Insecta;Diptera;NA;NA;NA
be1adb917e4c761d4ceba59b01744129,Eukaryota;Rhodophyta;Florideophyceae;Peyssonneliales;NA;NA;NA
8ee3615ac8f25e11499e823a912b2a5e,Eukaryota;Haptophyta;Phaeocystales__c;Phaeocystales;Phaeocystaceae;Phaeocystis;Phaeocystis globosa
b46db634eda7ceccdcc1f9b975382cd7,Eukaryota;Cnidaria;Hydrozoa;Leptothecata;Eirenidae;Eutonina;Eutonina indicans
d9e4a20f1df2c5781bc72da0358c06ef,Eukaryota;Arthropoda;Insecta;Diptera;NA;NA;NA
6bf3cc5271b7914fa1a283d2a3866798,Eukaryota;Bacillariophyta;Mediophyceae;Hemiaulales;NA;NA;NA
be71f8ea1d6ec303ef6c2be9f32c829d,Eukaryota;Bacillariophyta;Coscinodiscophyceae;Thalassiosirales;NA;NA;NA
e0e24e32a32099e01d43a52d4aa2285a,Eukaryota;Cnidaria;Hydrozoa;Leptothecata;Eirenidae;Eutonina;Eutonina indicans
e51fd716a27f1827528b621410ad1477,Eukaryota;Discosea;Longamoebia__c;Longamoebia;Acanthamoebidae;Acanthamoeba;Acanthamoeba sp_
aba365cbbb0dcccd701a6793ba62ef22,Eukaryota;Cnidaria;Hydrozoa;Leptothecata;Clytiidae;Clytia;Clytia gregaria
10de3b4deb92199ac68db37d3cfa6a7d,Eukaryota;Blastocladiomycota;Blastocladiomycetes;Blastocladiales;NA;NA;NA
1bc2933ec143ea9a8b10013ba44f1dfb,Eukaryota;Cnidaria;Hydrozoa;Leptothecata;Eirenidae;Eutonina;Eutonina indicans
55a3c1ff172b0ffed8c7eca8c687ef5d,Eukaryota;Cnidaria;Hydrozoa;Leptothecata;Eirenidae;Eutonina;Eutonina indicans
febf8def69b6d268bc25d9b23ec9d87f,Eukaryota;Chrysophyceae__p;Chrysophyceae;Chromulinales;NA;NA;NA
33cda67172f2cdc41ae531d748c0ddc6,Eukaryota;Chlorophyta;Mamiellophyceae;Mamiellales;Bathycoccaceae;Bathycoccus;Bathycoccus prasinos
6298e1a34d1623807990d8b232c4f43e,Eukaryota;Annelida;Polychaeta;Phyllodocida;Phyllodocidae;NA;NA
c235144319c32fd1f0bf385337e61e51,Eukaryota;Cnidaria;Hydrozoa;Anthoathecata;Pennariidae;NA;NA
9afaa8dc579959732b7463a93337c3b5,Eukaryota;Annelida;Polychaeta;Phyllodocida;NA;NA;NA
bcd6f1336d893e6f7ed2e2686daa2470,Eukaryota;Arthropoda;Insecta;Diptera;NA;NA;NA
b528b965cdc0d2b4e2d0cf0658bfda7e,Eukaryota;Porifera;Demospongiae;Poecilosclerida;NA;NA;NA
73b2591b3718bcc852bb974c8a040d24,Eukaryota;Chordata;Actinopteri;Salmoniformes;NA;NA;NA
ac742a5888d516701f8bd2f938cb457c,Eukaryota;Arthropoda;Insecta;Diptera;NA;NA;NA
1570ce08617e4175c58249b1ce890145,Eukaryota;Cnidaria;Hydrozoa;Leptothecata;Eirenidae;Eutonina;Eutonina indicans
2377e21d9f824296f1d7a38a4afde2a4,Eukaryota;Haptophyta;Isochrysidales__c;Isochrysidales;Noelaerhabdaceae;NA;NA
54553b3507db86d6981d3831172291f6,Eukaryota;Arthropoda;Hexanauplia;Calanoida;Clausocalanidae;Pseudocalanus;Pseudocalanus mimus
50ac490402595a86423ae70400f6866f,Eukaryota;Bacillariophyta;Bacillariophyceae;Bacillariales;NA;NA;NA
edd9ec855c3189e9b0beea869c981755,Eukaryota;Cryptophyceae__p;Cryptophyceae;Cyathomonadacea;NA;NA;NA
a6bc1f86157042a743edbe752423f425,Unknown;NA;NA;NA;NA;NA;NA
a4873f645687018070e077cc2e78aa71,Eukaryota;Oomycota;Saprolegniales__c;Saprolegniales;NA;NA;NA
5783a72fe3e8143b2bf7197ae9b4787d,Eukaryota;Annelida;Polychaeta;Sabellida;Oweniidae;Galathowenia;Galathowenia oculata
ec51b89d5bd3e49c3eff98eefdbbeb29,Eukaryota;Cnidaria;Hydrozoa;Leptothecata;NA;NA;NA
5924494df237f53102b13a626da50f91,Eukaryota;Ctenophora;Tentaculata;Lobata;Bolinopsidae;Bolinopsis;Bolinopsis microptera
6da6857a4b754fbfdbf51e2d9a2b9f48,Eukaryota;Haptophyta;Phaeocystales__c;Phaeocystales;NA;NA;NA
5af6202117ef298b13f2ffa085f7d00e,Eukaryota;Arthropoda;Insecta;Coleoptera;NA;NA;NA
a35369e61888a010ec9c3d0ada001772,Eukaryota;Arthropoda;Hexanauplia;Poecilostomatoida;NA;NA;NA
dda02b62a88272ae43a5ffdca382f09d,Eukaryota;Mollusca;Gastropoda;Littorinimorpha;NA;NA;NA
7652b7c98ef71c5482207446bcd71d6c,Eukaryota;Oomycota;Pythiales__c;Pythiales;NA;NA;NA
4ea95ce341defcd0415a2b4efe7b011f,Eukaryota;Cnidaria;Hydrozoa;Leptothecata;Eirenidae;Eutonina;Eutonina indicans
011aaa09b5d85595b4328a6be6112702,Eukaryota;Cnidaria;Hydrozoa;Leptothecata;Eirenidae;Eutonina;Eutonina indicans
881c03a64db3363849eca192fc3d59ba,Eukaryota;Phaeophyceae__p;Phaeophyceae;Ectocarpales;NA;NA;NA
e9604e0bf55792e482c279477672a9ce,Eukaryota;Bacillariophyta;Mediophyceae;Lithodesmiales;NA;NA;NA
9c9485e8f692ba946181d807225508f8,Eukaryota;Annelida;Clitellata;Crassiclitellata;NA;NA;NA
80015c261802b975661c045cc8a7fc0e,Eukaryota;Arthropoda;Hexanauplia;Calanoida;Paracalanidae;Paracalanus;Paracalanus sp_ C AC_2013
96bc8a1f2a1f876a8218b66fbf258ebc,Eukaryota;Arthropoda;Arachnida;NA;NA;NA;NA
3d14f25333ac9f34fdeffe1d8c7aeca1,Eukaryota;Arthropoda;Insecta;Diptera;NA;NA;NA
868a8049c3b4c1c59c3029c385693242,Eukaryota;Cnidaria;Scyphozoa;Rhizostomeae;NA;NA;NA
8ffcffc3bf93bc51a2da1f1a63971cb6,Eukaryota;Chrysophyceae__p;Chrysophyceae;Chromulinales;NA;NA;NA
09857f94c02008a23acf289d23dadeb7,Eukaryota;Chlorophyta;Mamiellophyceae;Mamiellales;Bathycoccaceae;Bathycoccus;Bathycoccus prasinos
0ebaaf6f78574e72df634f7d9f62bc3f,Eukaryota;Oomycota;Pythiales__c;Pythiales;NA;NA;NA
3ff75d1ba6f12d21c1bb993403a4fc3d,Eukaryota;Arthropoda;Insecta;NA;NA;NA;NA
74af0f27f39a10f2fb6d63f1cb878f40,Unknown;NA;NA;NA;NA;NA;NA
11b38a451bdf2707a118ef5311856da4,Eukaryota;Arthropoda;Insecta;Diptera;NA;NA;NA
3fa9ec4a0c437240936e113eeae8dfc6,Eukaryota;Arthropoda;Hexanauplia;Calanoida;Clausocalanidae;Pseudocalanus;Pseudocalanus mimus
eaa0a6f3949736f5d7efb7df71fbc665,Eukaryota;Oomycota;Peronosporales__c;Peronosporales;NA;NA;NA
42f3a9732359e65b39e85cdedf1d40fa,Eukaryota;Cnidaria;Hydrozoa;NA;NA;NA;NA
e8d0f865f145bb02c283ec370decb006,Eukaryota;Arthropoda;Insecta;Diptera;NA;NA;NA
82403f6f1899d236373a4b06dce74385,Eukaryota;Annelida;Polychaeta;Phyllodocida;Polynoidae;NA;NA
424622f68ce87dfd73ea96640a52a280,Eukaryota;Arthropoda;Insecta;Diptera;NA;NA;NA
422a1df16cf3dfe44651b60fe9b2cda2,Eukaryota;Oomycota;Pythiales__c;Pythiales;NA;NA;NA
10de758c79c096baedd0057e03c0cc62,Eukaryota;Arthropoda;Hexanauplia;Calanoida;Clausocalanidae;Clausocalanus;Clausocalanus pergens
93ee39a614adefed179a0ee331ee6bdc,Eukaryota;Oomycota;Peronosporales__c;Peronosporales;NA;NA;NA
a2bdf952858b60844f8503c827b47c66,Eukaryota;Bacillariophyta;Coscinodiscophyceae;Rhizosoleniales;Rhizosoleniaceae;NA;NA
b2c060a36efb5984c7e5a04857372d99,Eukaryota;Arthropoda;Hexanauplia;Calanoida;Metridinidae;Metridia;Metridia pacifica
0f6694b97d5b2385058706d63e764c39,Eukaryota;Oomycota;Saprolegniales__c;Saprolegniales;NA;NA;NA
8e88d000d1edd89bde7d2df68e2f0df8,Eukaryota;Arthropoda;Hexanauplia;Calanoida;Clausocalanidae;Pseudocalanus;Pseudocalanus newmani
8a75af840058e4a3edbfb82ae451c4f5,Eukaryota;Oomycota;Peronosporales__c;Peronosporales;NA;NA;NA
048b23e127ddb843687ff823e8deadc3,Eukaryota;Arthropoda;Hexanauplia;Calanoida;Paracalanidae;Paracalanus;Paracalanus sp_ C AC_2013
d0e1ff3ded1bd355837930d405970a57,Eukaryota;Arthropoda;Insecta;Diptera;NA;NA;NA
9f3431a10c11a2433d92849928b8c551,Eukaryota;Arthropoda;Hexanauplia;Calanoida;Temoridae;NA;NA
e3b566fcbab2048629fd52e49911e38c,Eukaryota;Cnidaria;Hydrozoa;Anthoathecata;Pennariidae;NA;NA
9643abe905d0dc524003d2f51bb741c1,Eukaryota;Mollusca;Gastropoda;Stylommatophora;NA;NA;NA
c70843fdd2da29fda2fa07cd2ba9889f,Eukaryota;Arthropoda;Insecta;Diptera;NA;NA;NA
8284b2655d2e0bba1c6bbb652bc2b168,Eukaryota;Mollusca;Gastropoda;Stylommatophora;NA;NA;NA
23ecf4d80143546db1e15bc5eb967d7f,Eukaryota;Ascomycota;Leotiomycetes;Thelebolales;Thelebolaceae;NA;NA
d8525525346fae9db4e1d47412e53ee9,Eukaryota;Haptophyta;Phaeocystales__c;Phaeocystales;Phaeocystaceae;Phaeocystis;NA
4e8e95a79d71d627a700fe8ce6f1f395,Eukaryota;Ascomycota;Leotiomycetes;Erysiphales;Erysiphaceae;Blumeria;Blumeria graminis
e579c8c963b105441d3c2b40e97b32e1,Eukaryota;Cnidaria;Hydrozoa;Leptothecata;Eirenidae;Eutonina;Eutonina indicans
fddfac7084c6a258e09830b673e989be,Eukaryota;Arthropoda;Insecta;Hymenoptera;NA;NA;NA
2d49f3836718509ac60e41bddc27178a,Eukaryota;Arthropoda;Insecta;Diptera;NA;NA;NA
ca5046df032be902fe60a54764618730,Eukaryota;Cnidaria;Scyphozoa;Semaeostomeae;Ulmaridae;Phacellophora;Phacellophora camtschatica
ec6e106c3709bde0f5750103408c44bb,Eukaryota;Oomycota;Peronosporales__c;Peronosporales;NA;NA;NA
9da179c775f3c90eee075e569fa884b9,Eukaryota;Bacillariophyta;Fragilariophyceae;Fragilariales;Fragilariaceae;Asterionellopsis;Asterionellopsis lenisilicea
506f21a391f96fae03fe90fb487b1645,Eukaryota;Oomycota;Saprolegniales__c;Saprolegniales;NA;NA;NA
a5ecfa22b644c99c6e827a5bbbaccfb5,Eukaryota;Arthropoda;Thecostraca;Balanomorpha;Balanidae;Balanus;NA
3090f32211b4910e16951fc150378429,Eukaryota;Arthropoda;Malacostraca;Decapoda;NA;NA;NA
ea56e582ed79df03b9e6184d1abfdb71,Eukaryota;Cnidaria;Hydrozoa;Anthoathecata;NA;NA;NA
b4a4293be0a8e4daaddbfb73709f27ce,Eukaryota;Chlorophyta;Mamiellophyceae;Mamiellales;Bathycoccaceae;Bathycoccus;Bathycoccus prasinos
aa2a270081d8fd6df1b07d382d02076c,Eukaryota;Bacillariophyta;Mediophyceae;Hemiaulales;NA;NA;NA
98036309eaa30c66d3a8b2eee7031d81,Eukaryota;Discosea;Flabellinia;Dactylopodida;NA;NA;NA
1efaed3d83c60eed732ecce3040d54e1,Eukaryota;Arthropoda;Insecta;Diptera;NA;NA;NA
236462f0256106d09b4d7636452d1d79,Eukaryota;Cryptophyceae__p;Cryptophyceae;Cyathomonadacea;NA;NA;NA
7e76601618bc5ac218bd57cda6d6914f,Eukaryota;Bacillariophyta;Fragilariophyceae;Fragilariales;NA;NA;NA
b5aeeef84008d2d90b1caf2df701b59a,Eukaryota;Bacillariophyta;Mediophyceae;Lithodesmiales;Lithodesmiaceae;Ditylum;Ditylum brightwellii
ac3409b25ab9cdc95de7c689cb7d87f4,Eukaryota;Arthropoda;Insecta;Lepidoptera;NA;NA;NA
eb70edab0aa7a19e80430e46eca6ebcb,Eukaryota;Haptophyta;Phaeocystales__c;Phaeocystales;NA;NA;NA
ea111a6599336efd5415f3063ca77911,Eukaryota;Bacillariophyta;Coscinodiscophyceae;Rhizosoleniales;Rhizosoleniaceae;NA;NA
455d9d38b0a5fa4b4299133f0b437696,Eukaryota;Arthropoda;Insecta;Coleoptera;NA;NA;NA
f54c8b38e44aac6c9b9fcd46a1232ffe,Eukaryota;Annelida;Polychaeta;Phyllodocida;Pholoidae;Pholoides;Pholoides asperus
c5093beb9a207c21739395b032c9123b,Eukaryota;Arthropoda;Insecta;Diptera;NA;NA;NA
8fda9732715561624c0d6dd25e75e007,Eukaryota;Cnidaria;Hydrozoa;Leptothecata;NA;NA;NA
0ce2c786c145d55d6f2593f290fd6d44,Eukaryota;Cryptophyceae__p;Cryptophyceae;Cyathomonadacea;NA;NA;NA
468a74bf8d42e4921216e8682bbe8ff6,Eukaryota;Cnidaria;Hydrozoa;Leptothecata;Clytiidae;Clytia;Clytia gregaria
4d9dabd44e5942360f1be691aaf95302,Eukaryota;Arthropoda;Hexanauplia;Calanoida;Clausocalanidae;Pseudocalanus;Pseudocalanus mimus
3d3ca7b2dd76e1f0d03e3c494c0e4af8,Eukaryota;Cnidaria;Hydrozoa;Anthoathecata;Pennariidae;NA;NA
18d2b38739041ec48ffb27d3dd6ee002,Eukaryota;Bacillariophyta;Mediophyceae;Cymatosirales;Cymatosiraceae;NA;NA
47aa74d159d9c7f8182a60d09308a6be,Eukaryota;Annelida;Polychaeta;Spionida;Spionidae;Spiophanes;Spiophanes hakaiensis
535265cee814bcf2ba17fe38d91d0a71,Eukaryota;Arthropoda;Insecta;Diptera;NA;NA;NA
9927eaa97246aa22ab52d4ad07b02cd6,Eukaryota;Bacillariophyta;Coscinodiscophyceae;Rhizosoleniales;NA;NA;NA
e1c165aa546f7f622a980bd08586fbb9,Eukaryota;Cnidaria;Hydrozoa;Leptothecata;Eirenidae;Eutonina;Eutonina indicans
9aea2c289c1ee0c72d70f722c9d36630,Eukaryota;Cryptophyceae__p;Cryptophyceae;Cyathomonadacea;NA;NA;NA
66a0a91c3fac163e39468a0eac5e7924,Eukaryota;Telonemida__c__p;Telonemida__c;Telonemida;NA;NA;NA
75710b7e7591098f796872e15cb6d010,Eukaryota;Haptophyta;Prymnesiales__c;Prymnesiales;NA;NA;NA
768505ce4acf6e7811cb9a5f904d40d7,Eukaryota;Annelida;Polychaeta;Phyllodocida;Chrysopetalidae;Paleanotus;Paleanotus bellis
ac614900d9586bbc1712ad9ccbe74e4a,Eukaryota;Phaeophyceae__p;Phaeophyceae;Dictyotales;NA;NA;NA
5a426dafe1d63c03027925f213983fd9,Eukaryota;Arthropoda;Hexanauplia;Calanoida;Clausocalanidae;Pseudocalanus;Pseudocalanus mimus
86dd976ba3af8e16354b3d00c0de98b4,Eukaryota;Discosea;Longamoebia__c;Longamoebia;Acanthamoebidae;Acanthamoeba;NA
fb08a1e842979eb39ad202919d69696d,Eukaryota;Synurophyceae__p;Synurophyceae;Ochromonadales;NA;NA;NA
c974599d4ba7f2cb85e9ee6f73d62db1,Eukaryota;Arthropoda;Hexanauplia;Calanoida;Clausocalanidae;Pseudocalanus;Pseudocalanus mimus
c328a13658fa8ac236c279caad0297ee,Eukaryota;Arthropoda;Insecta;Diptera;NA;NA;NA
039da75410f5066f41e72a2d53ebc94d,Eukaryota;Arthropoda;Hexanauplia;Calanoida;Clausocalanidae;Pseudocalanus;Pseudocalanus mimus
d45e88585da055ee25fd37ba6477ddbd,Eukaryota;Cnidaria;Hydrozoa;Leptothecata;NA;NA;NA
b8e8f27e12e6bbb2e12729279f12608b,Eukaryota;Ascomycota;Sordariomycetes;Hypocreales;Cordycipitaceae;Parengyodontium;NA
0436b19ef48f85766bc5f278739c6ae3,Eukaryota;Cnidaria;Hydrozoa;Anthoathecata;NA;NA;NA
97714c591d556dcefa98d12d65b73fed,Eukaryota;Arthropoda;Insecta;Diptera;NA;NA;NA
854312451be80a144c1d7356b6515aa1,Eukaryota;Arthropoda;Insecta;Diptera;NA;NA;NA
aafec3b83d500e7e6a45f802752657c4,Eukaryota;Cnidaria;Scyphozoa;Semaeostomeae;Ulmaridae;Phacellophora;Phacellophora camtschatica
c26dd9956a49b8c36d35ecaaeba0f998,Eukaryota;Arthropoda;Hexanauplia;Calanoida;Clausocalanidae;Pseudocalanus;Pseudocalanus mimus
d186c93bdb55ae6228902b6beb2b2020,Eukaryota;Bacillariophyta;Coscinodiscophyceae;Thalassiosirales;Skeletonemataceae;NA;NA
04467ed1a05a91721d67ff8e6e7737f8,Eukaryota;Bacillariophyta;Coscinodiscophyceae;Thalassiosirales;Skeletonemataceae;NA;NA
b5f6cc173a7d8b718b48efa583d40e7f,Eukaryota;Arthropoda;Hexanauplia;Calanoida;Clausocalanidae;Pseudocalanus;Pseudocalanus mimus
18e8326508e8e77c9c1f48d64097eebe,Eukaryota;Arthropoda;Insecta;NA;NA;NA;NA
0483ed6357345f601ae64ea95439e1e2,Eukaryota;Arthropoda;Insecta;Diptera;NA;NA;NA
bcad2f2f0244c3aa24f1b5091348e2fd,Eukaryota;Discosea;Flabellinia;Dactylopodida;NA;NA;NA
dfe19e2699be84f889f1b638badbd914,Eukaryota;Mollusca;Gastropoda;Planorbidae__o;NA;NA;NA
ac20efe68c0db2772eb88142ea65ef45,Eukaryota;Bacillariophyta;Coscinodiscophyceae;Stephanodiscales;Stephanodiscaceae;NA;NA
f3ef0af4db37abeccaf22bb63e252238,Eukaryota;Bacillariophyta;Coscinodiscophyceae;Thalassiosirales;NA;NA;NA
d463122422ba2191cb50fce4757b05d0,Eukaryota;Cnidaria;Hydrozoa;Anthoathecata;NA;NA;NA
c2ea003ddeca3d388482290e5bdf1126,Eukaryota;Oomycota;Peronosporales__c;Peronosporales;NA;NA;NA
7e8ab401311c82ae388d19830a807124,Eukaryota;Bacillariophyta;Mediophyceae;Lithodesmiales;Lithodesmiaceae;NA;NA
dff18ebe881fe9ceff5d1416305be469,Eukaryota;Oomycota;Haptoglossa__f__o__c;Haptoglossa__f__o;NA;NA;NA
01f92eb41e9c3f70b46714b75cf5cd69,Eukaryota;Oomycota;Pythiales__c;Pythiales;NA;NA;NA
6606eaf9e4df02d4538f30333dd3fdbf,Eukaryota;Bacillariophyta;Fragilariophyceae;Fragilariales;Fragilariaceae;Asterionellopsis;Asterionellopsis lenisilicea
b930faaed32b9cd6b02fe846dc07fb7a,Eukaryota;Arthropoda;Hexanauplia;Calanoida;Clausocalanidae;Pseudocalanus;Pseudocalanus mimus
60de13bb675e285c1915ce3028c2f8d2,Eukaryota;Arthropoda;Hexanauplia;Calanoida;Clausocalanidae;Clausocalanus;Clausocalanus parapergens
a7ad845c1425d15b8ba952770563bf5d,Eukaryota;Bacillariophyta;Coscinodiscophyceae;Rhizosoleniales;NA;NA;NA
9be385c5723104aec3d70077eb88740e,Eukaryota;Arthropoda;Insecta;NA;NA;NA;NA
3804b358195477d318dfd07da2ddd9e0,Eukaryota;Bacillariophyta;Fragilariophyceae;Fragilariales;Fragilariaceae;Asterionellopsis;Asterionellopsis lenisilicea
5ca0b5661ccf8cdd9d2f6bd83ad6da95,Eukaryota;Cnidaria;Hydrozoa;Anthoathecata;NA;NA;NA
a689b03b9dcc93675d8d51627b3f8394,Eukaryota;Arthropoda;Hexanauplia;Calanoida;Clausocalanidae;Pseudocalanus;Pseudocalanus mimus
114f0e259fb90c46e4e0cd5086b0eeed,Eukaryota;Bacillariophyta;Mediophyceae;Hemiaulales;Hemiaulaceae;NA;NA
43bd436c6f9f50c0249c5e4336435544,Eukaryota;Arthropoda;Insecta;Diptera;NA;NA;NA
11fe69f636a2aa613385f2540906f6db,Eukaryota;NA;NA;NA;NA;NA;NA
2c1cea8ea35ff84c8d5100e7f072f4c2,Eukaryota;Arthropoda;Insecta;Coleoptera;NA;NA;NA
877eb8bde8109c9a627179c7a95d3b34,Eukaryota;Arthropoda;Insecta;Hymenoptera;NA;NA;NA
de898ed5f6819d9cfa2a439aa2b027c8,Eukaryota;Bacillariophyta;Coscinodiscophyceae;Chaetocerotales;NA;NA;NA
f77e8c5749b29c99f8478c1ab5a56f4b,Eukaryota;Bacillariophyta;Coscinodiscophyceae;Melosirales;Stephanopyxidaceae;Stephanopyxis;Stephanopyxis turris
c966ded5b8443b6527fc9d048010a0c8,Eukaryota;Cnidaria;Hydrozoa;Anthoathecata;NA;NA;NA
d6b8f576eaf076da90e8307ac428d0fa,Eukaryota;Bacillariophyta;Coscinodiscophyceae;Thalassiosirales;Skeletonemataceae;NA;NA
8e364393e191888f3149f02470da88f0,Eukaryota;Cnidaria;Hydrozoa;Anthoathecata;Balellidae;NA;NA
61e1867f6829694657d8dc17ddf38bf6,Eukaryota;Haptophyta;Phaeocystales__c;Phaeocystales;Phaeocystaceae;Phaeocystis;NA
1f3ff71db195ea1bd27a9cfd56ed87b6,Eukaryota;Arthropoda;Insecta;Coleoptera;NA;NA;NA
0dcf0725ca1d0d77c2a910c29598245f,Eukaryota;Arthropoda;Hexanauplia;Calanoida;Clausocalanidae;Pseudocalanus;Pseudocalanus mimus
5dd1231941bbb3ac12512f4873dde227,Eukaryota;Cnidaria;Hydrozoa;Leptothecata;NA;NA;NA
9ce60c4d2233a8cd1219cb34c9085cfd,Eukaryota;Arthropoda;Arachnida;Araneae;NA;NA;NA
0b56bef4e34fe6a22382db8f82a122ca,Eukaryota;Chrysophyceae__p;Chrysophyceae;Chromulinales;NA;NA;NA
2a04f1ca8b0668102b67d7bed47fb00e,Eukaryota;Arthropoda;Hexanauplia;Calanoida;Clausocalanidae;Pseudocalanus;Pseudocalanus mimus
16184551cebd2ae46566c34cd21272ee,Eukaryota;Annelida;Polychaeta;Phyllodocida;Goniadidae;Glycinde;NA
42152106c2ddfb7d72bfe4a2316ccaf7,Eukaryota;Bacillariophyta;Coscinodiscophyceae;Thalassiosirales;Thalassiosiraceae;NA;NA
542d0d1967f5aa532aed1d50f0de414b,Eukaryota;Bacillariophyta;Coscinodiscophyceae;Rhizosoleniales;NA;NA;NA
fcc694c59e3ef2b00307a6196aae0fd6,Eukaryota;Oomycota;Peronosporales__c;Peronosporales;NA;NA;NA
465fc27847029a97c40a9e90402762ac,Eukaryota;NA;NA;NA;NA;NA;NA
d614710ceaf561cb6d095ea9efec7d90,Eukaryota;Cnidaria;Hydrozoa;Anthoathecata;NA;NA;NA
fcd729768d6e9bf75219f3dde0d18b3f,Eukaryota;Bacillariophyta;Mediophyceae;Hemiaulales;NA;NA;NA
acc5a6c7cc96d1f6d5c025a43841753a,Eukaryota;Mollusca;Gastropoda;Stylommatophora;NA;NA;NA
4b8ca13c3c6a4a84e7f0df37ff72585a,Eukaryota;Bacillariophyta;Coscinodiscophyceae;Chaetocerotales;NA;NA;NA
f096e65d90e3ef1de9506d27a28a6195,Eukaryota;Cnidaria;Hydrozoa;Leptothecata;Clytiidae;Clytia;Clytia gregaria
2acb77580ea342a0d550dbc8125346ce,Eukaryota;Echinodermata;Echinoidea;Clypeasteroida;Dendrasteridae;Dendraster;Dendraster excentricus
549b2e9b849aead23cff9c1c06bfd570,Eukaryota;Arthropoda;Insecta;Diptera;NA;NA;NA
9a2d359f7cb8bb8c23852ccd83933a92,Eukaryota;Arthropoda;Insecta;NA;NA;NA;NA
58333a3c82afbb437ed3cb1f3a08d283,Eukaryota;Arthropoda;Insecta;Coleoptera;NA;NA;NA
60e9a0bae3d9fc5ff7705f47346f65f1,Eukaryota;Discosea;Flabellinia;Dactylopodida;NA;NA;NA
5a2969763e21ff4ba7b7681485a198a0,Eukaryota;Cnidaria;Hydrozoa;Leptothecata;Mitrocomidae;Mitrocoma;Mitrocoma cellularia
dedacd508107f8328bf4ec2c29db1630,Eukaryota;Oomycota;Pythiales__c;Pythiales;NA;NA;NA
f1cbaae1b94d03dceb4940a647a7d6bc,Eukaryota;Oomycota;Peronosporales__c;Peronosporales;NA;NA;NA
7203709bc2c6cad2173c1a8920430354,Eukaryota;Cnidaria;Hydrozoa;Leptothecata;Eirenidae;Eutonina;Eutonina indicans
647c3dcb1ac3b78fb692cd553b3869fd,Eukaryota;Chrysophyceae__p;Chrysophyceae;Chromulinales;NA;NA;NA
bd566fd84707fa5196aba323d718cfba,Eukaryota;Telonemida__c__p;Telonemida__c;Telonemida;NA;NA;NA
499280d7af9ff87841778283861f9bc9,Eukaryota;Bacillariophyta;Mediophyceae;Lithodesmiales;NA;NA;NA
1a6132d280a49e990ddf8f80c261ff89,Eukaryota;Annelida;Polychaeta;Sabellida;Sabellariidae;NA;NA
e4da7e0282982096dac494dddba03d6d,Eukaryota;Oomycota;Pythiales__c;Pythiales;NA;NA;NA
5b1a9d9fad366258c421c1e9ca4d8637,Eukaryota;Telonemida__c__p;Telonemida__c;Telonemida;NA;NA;NA
7065a3ce5a3e4c5ec0fef4100dced4bc,Eukaryota;Arthropoda;Hexanauplia;Calanoida;Temoridae;NA;NA
8015fc271391d9a86b6ec34ebfb3b600,Eukaryota;Bacillariophyta;Coscinodiscophyceae;Thalassiosirales;NA;NA;NA
78298f60f5103cb9aff5fd28e1913854,Eukaryota;Cnidaria;Scyphozoa;Semaeostomeae;Cyaneidae;Cyanea;NA
32ddbf2304602d7d57c12b59a47bc0cd,Eukaryota;Arthropoda;Collembola;NA;NA;NA;NA
a29c49cf6eecb6e26c2e75431839c31d,Eukaryota;Annelida;Polychaeta;Terebellida;Pectinariidae;Pectinaria;Pectinaria californiensis
a4fa0403b7ceb17d302ce10d86e9c0f4,Eukaryota;Bacillariophyta;Coscinodiscophyceae;Stephanodiscales;Stephanodiscaceae;NA;NA
825ac2411646ac86d465eb6685ceccd0,Eukaryota;Arthropoda;Insecta;NA;NA;NA;NA
4b657962dde37e205384ca3287b41160,Eukaryota;Arthropoda;Hexanauplia;Calanoida;Acartiidae;Acartia;Acartia longiremis
60271e4e7c12f50fe84fb1d54ed5481c,Eukaryota;Bacillariophyta;Coscinodiscophyceae;Stephanodiscales;Stephanodiscaceae;NA;NA
0850c7fc3c19eacbbef5e421c45f7dd0,Eukaryota;Arthropoda;Insecta;Diptera;NA;NA;NA
9da4928a2b00587e196d5e60a321f9aa,Eukaryota;Bacillariophyta;Mediophyceae;Hemiaulales;Hemiaulaceae;NA;NA
93213f6703a20f70395418d91420e77e,Eukaryota;Oomycota;Peronosporales__c;Peronosporales;NA;NA;NA
075ea90d70cd9fbcdc033243ba770d0a,Eukaryota;Rhodophyta;Florideophyceae;Peyssonneliales;NA;NA;NA
60e62bcbd8d5e8b8aa26cd377cf5adce,Eukaryota;Bacillariophyta;Coscinodiscophyceae;Chaetocerotales;NA;NA;NA
988322fe7fb83d82e66aab4f1815a1be,Eukaryota;Cnidaria;Hydrozoa;Leptothecata;Eirenidae;Eutonina;Eutonina indicans
804fbe60f19a37a8ce1dce6271de941a,Eukaryota;Bacillariophyta;Fragilariophyceae;Fragilariales;NA;NA;NA
4caaf2935b7d42128ab9acd5884b3adb,Eukaryota;Cnidaria;Hydrozoa;Leptothecata;Clytiidae;Clytia;Clytia gregaria
81c8f1d19f1ac1a72d5564fa75d6e142,Eukaryota;Oomycota;Saprolegniales__c;Saprolegniales;NA;NA;NA
79ffe4c4567bd494a9c221f5b03108b2,Eukaryota;Ascomycota;Eurotiomycetes;Chaetothyriales;Trichomeriaceae;NA;NA
bf05c3a5782eb2a1157c734b2943b581,Eukaryota;Discosea;Flabellinia;Dactylopodida;Paramoebidae;NA;NA
ee5461900b6ae482e31acfe8df64e434,Eukaryota;Arthropoda;Insecta;Diptera;NA;NA;NA
57462393174cb925175f13306cac63ef,Eukaryota;Bacillariophyta;Coscinodiscophyceae;Stephanodiscales;NA;NA;NA
6a9810f73f92dc4702d02487112a2f53,Eukaryota;Arthropoda;Hexanauplia;Calanoida;Paracalanidae;Paracalanus;Paracalanus sp_ C AC_2013
d38abdba164718c6bf7ec897f97f08e9,Eukaryota;Cnidaria;Hydrozoa;Leptothecata;NA;NA;NA
f42f6dfbdd6b80b0117ea73d86c60e2a,Eukaryota;Oomycota;Saprolegniales__c;Saprolegniales;NA;NA;NA
dd35b6c6021eeceebfc96254e6b5de53,Eukaryota;Arthropoda;Hexanauplia;Calanoida;Centropagidae;Centropages;Centropages abdominalis
bde4616f6622be36726a89fcacf52dcb,Eukaryota;Annelida;Polychaeta;Maldanidae__o;NA;NA;NA
8395af3e83f6def24d4a46b2e6448bd8,Eukaryota;Oomycota;Saprolegniales__c;Saprolegniales;NA;NA;NA
fa48ffeb24d241d619edb93fd00898c7,Eukaryota;Cnidaria;Hydrozoa;Leptothecata;Eirenidae;Eutonina;Eutonina indicans
b96cd84993375fb9fcbf7c4d8ffd17c4,Eukaryota;Rotifera;Eurotatoria;Ploima;Synchaetidae;NA;NA
280560b602f66a125eabd41bc082d906,Eukaryota;Oomycota;Saprolegniales__c;Saprolegniales;NA;NA;NA
e43f583460260845c8b619506591da52,Eukaryota;Cnidaria;Hydrozoa;Leptothecata;Eirenidae;Eutonina;Eutonina indicans
0543fd00ac0b849a34cd8e33bbe0f769,Eukaryota;Arthropoda;Insecta;Hymenoptera;NA;NA;NA
656b0bc42b2afc98d260599db2d7f3c9,Eukaryota;Bigyra__p;Bigyra;Bicosoecida;NA;NA;NA
3f1671b4df2761e89ff20621a4022548,Eukaryota;Annelida;Polychaeta;Spionida;Spionidae;Prionospio;Prionospio multibranchiata
78106beac6e6e2fc81af8e44588b8169,Eukaryota;Cnidaria;Hydrozoa;Leptothecata;Eirenidae;Eutonina;Eutonina indicans
426b4a17538c3276ef435e3628cdb9b6,Eukaryota;Arthropoda;Insecta;Diptera;NA;NA;NA
59361ecdd84b037671ff36eee13928e8,Eukaryota;Cnidaria;Hydrozoa;Anthoathecata;Pennariidae;NA;NA
93f4c0c7fa1f2bffd7f42066ccdde0fb,Eukaryota;Cnidaria;Hydrozoa;Anthoathecata;Tubulariidae;NA;NA
a57db02b0da09f3496d963bf113d2b58,Eukaryota;Cnidaria;Hydrozoa;Leptothecata;Eirenidae;Eutonina;Eutonina indicans
6ebf63f2af0516f2066c9e89d9dc7585,Eukaryota;Cnidaria;Hydrozoa;Anthoathecata;NA;NA;NA
be7e658d099bc3394690f646c51652e6,Eukaryota;Arthropoda;Insecta;NA;NA;NA;NA
126e3d1789ac83bf4bdd42bb8c65abec,Eukaryota;Arthropoda;Insecta;NA;NA;NA;NA
fd28e827e7858c1f7e27396576ebf624,Eukaryota;Arthropoda;Hexanauplia;Calanoida;Acartiidae;Acartia;Acartia longiremis
9ab30d2266702ff518b04007d3390ffd,Eukaryota;Haptophyta;Phaeocystales__c;Phaeocystales;NA;NA;NA
3e63f96572e9f924716b6b44c2274a60,Eukaryota;Arthropoda;Insecta;Coleoptera;NA;NA;NA
b9e53d4f3cf35e621408a139093de79e,Eukaryota;Haptophyta;Phaeocystales__c;Phaeocystales;NA;NA;NA
8a9db00789b986376229b70583cf30ae,Eukaryota;Arthropoda;Insecta;Lepidoptera;NA;NA;NA
7d7b55245d86e7ca98eb93df63f23d85,Eukaryota;Cnidaria;Hydrozoa;Anthoathecata;Pandeidae;Leuckartiara;Leuckartiara longicalcar
683c86cbec9695590c453c2f99f9dcc2,Eukaryota;Arthropoda;Insecta;Diptera;NA;NA;NA
96b3cc97e970745bd329d1922d7317e8,Eukaryota;Haptophyta;Prymnesiales__c;Prymnesiales;NA;NA;NA
950340ea6bbf1ee701019167ccf306fd,Eukaryota;Arthropoda;Hexanauplia;Calanoida;Acartiidae;Acartia;Acartia longiremis
fa70c52e80a30adfe0f55c56fcb62e99,Eukaryota;Arthropoda;Insecta;Lepidoptera;NA;NA;NA
b52b683c3cbf400219573414e98bc291,Eukaryota;Arthropoda;Hexanauplia;Calanoida;Calanidae;Calanus;NA
9a6f69cf7b5079b9dae7ec35482643ad,Unknown;NA;NA;NA;NA;NA;NA
206939d6e5cc4dd57fab3fe66613f696,Unknown;NA;NA;NA;NA;NA;NA
43e9769f942eaf2788870098e43fcf45,Eukaryota;Phaeophyceae__p;Phaeophyceae;Ectocarpales;NA;NA;NA
4b4fea9dd19629bb38e246072d3deb23,Eukaryota;Arthropoda;Hexanauplia;Calanoida;Acartiidae;Acartia;Acartia longiremis
53b907b71679a568e2c7288206e23717,Eukaryota;Arthropoda;Insecta;Hymenoptera;NA;NA;NA
0d1b79c28dbd351493a4845b969b4905,Eukaryota;Oomycota;Peronosporales__c;NA;NA;NA;NA
dab298b0fd854859bc23dc47965c603c,Eukaryota;Oomycota;Peronosporales__c;Peronosporales;NA;NA;NA
ccde3b85c7627d8d1be068d7be37a432,Eukaryota;Arthropoda;Collembola;Poduromorpha;NA;NA;NA
9d48b2681c99a3e3a8ff232e79c244ac,Eukaryota;Rhodophyta;Florideophyceae;Gigartinales;NA;NA;NA
3998567b49dedb42638d6a88f28c9a6c,Eukaryota;Annelida;Polychaeta;Phyllodocida;Pholoidae;Pholoides;Pholoides asperus
f9e1e8388c69e89267c93902bea82d50,Eukaryota;Bacillariophyta;Coscinodiscophyceae;Chaetocerotales;Chaetocerotaceae;NA;NA
071d3fd79ea8ab92757fb11338be0006,Eukaryota;Bacillariophyta;Coscinodiscophyceae;Chaetocerotales;NA;NA;NA
4817b83305326a5521b2cd9d6fc64c1d,Eukaryota;Choanoflagellata__p;Choanoflagellata;Craspedida;NA;NA;NA
53814ac04567f8e2287c46b0b52f47f1,Eukaryota;Ascomycota;Dothideomycetes;NA;NA;NA;NA
c4f8660907b680ef6f83170f0e3ff892,Eukaryota;Cnidaria;Hydrozoa;Leptothecata;Eirenidae;Eutonina;Eutonina indicans
9e127f8b92a3e47b8307d9d70a34b0ca,Eukaryota;Cnidaria;Hydrozoa;Leptothecata;Eirenidae;Eutonina;Eutonina indicans
fc723cc3e819036d61e0814bac24fd45,Eukaryota;Rhodophyta;Florideophyceae;Ceramiales;NA;NA;NA
40228468d35549c7a3459aa5be79da32,Eukaryota;Arthropoda;Insecta;Lepidoptera;NA;NA;NA
ac2a039ac3fc7780e8e3eb3e58374df1,Eukaryota;Oomycota;Peronosporales__c;Peronosporales;NA;NA;NA
f660ba914a64f4909b785dc8b17a0dfb,Eukaryota;Oomycota;Peronosporales__c;Peronosporales;NA;NA;NA
f0cf83d0a4ee47e3346cb0afef575944,Eukaryota;Mollusca;Gastropoda;Stylommatophora;NA;NA;NA
23d74f146a0929bae986bbca945b33ca,Eukaryota;Arthropoda;Insecta;Diptera;NA;NA;NA
a7da7836f8eba788aa0573de30371578,Eukaryota;Filasterea__p;Filasterea;Ministeria__f__o;NA;NA;NA
c047e16ae324159c2d02476da3888426,Eukaryota;Arthropoda;Insecta;NA;NA;NA;NA
0f8072d50ddb24be7f4907cb918ec6f8,Eukaryota;Chrysophyceae__p;Chrysophyceae;Chromulinales;Chromulinaceae;NA;NA
1fa4185dfa2dab2ef4136a4dcf3ca95a,Eukaryota;Arthropoda;Insecta;Diptera;NA;NA;NA
e36d9309ad27dc32a9294ff61e552387,Eukaryota;Haptophyta;Isochrysidales__c;Isochrysidales;Noelaerhabdaceae;NA;NA
0e6aa68227364297d87b39bad26310b9,Eukaryota;Arthropoda;Insecta;Diptera;NA;NA;NA
e9491d5eff57691c1d59bfc37120cc2a,Eukaryota;Cnidaria;Hydrozoa;Leptothecata;Eirenidae;Eutonina;Eutonina indicans
96f875f517dc7d2dfafd51512f04d70c,Eukaryota;Mollusca;Gastropoda;Cephalaspidea;NA;NA;NA
9e654418fa4e90ca607c886203a65083,Unknown;NA;NA;NA;NA;NA;NA
ac8115580930e77fac6cd53ca1e7b13b,Eukaryota;Bacillariophyta;Coscinodiscophyceae;Thalassiosirales;NA;NA;NA
d406eb50fe93409f8e2287a008ff96d4,Eukaryota;Bacillariophyta;Coscinodiscophyceae;Leptocylindrales;Leptocylindraceae;NA;NA
c2557a6b5da0d1a56bdbc4bae513bcde,Eukaryota;Rotifera;Eurotatoria;Ploima;Synchaetidae;NA;NA
d535b3fd4b2118eca5e49a7a7c38c892,Eukaryota;Oomycota;Pythiales__c;Pythiales;NA;NA;NA
d8ef5d7ba2736493c4ecbc0d2e787f8a,Eukaryota;Arthropoda;Hexanauplia;Calanoida;Clausocalanidae;Pseudocalanus;Pseudocalanus mimus
776525c64597cdeba29d8749c7633291,Eukaryota;Arthropoda;Hexanauplia;Calanoida;Clausocalanidae;Pseudocalanus;Pseudocalanus moultoni
39cc039b61ccf6893e618cfa6524233f,Eukaryota;Basidiomycota;Microbotryomycetes;Sporidiobolales;NA;NA;NA
f65b9ff098b3adff0cc0cdd25f9f49bc,Eukaryota;Arthropoda;Insecta;NA;NA;NA;NA
e0a9a46e05cdf73272fd91f53d2eb1b0,Eukaryota;Discosea;Flabellinia;Dactylopodida;NA;NA;NA
7340291db97f49e04bd3f7bff46f781a,Eukaryota;Mollusca;Bivalvia;Adapedonta;NA;NA;NA
ae91af4fc711cded603709be2b43fdba,Eukaryota;Haptophyta;Phaeocystales__c;Phaeocystales;NA;NA;NA
03820b34551dc86b11c4df7ec48099e7,Eukaryota;Ascomycota;Sordariomycetes;Hypocreales;NA;NA;NA
cc4ea729399674d4c10fb337cac8620f,Unknown;NA;NA;NA;NA;NA;NA
748c6770b33cce8d1c0a7b4448319d97,Unknown;NA;NA;NA;NA;NA;NA
a85a31165d4fbd74e79932e5cbfe1396,Eukaryota;Arthropoda;Insecta;NA;NA;NA;NA
cd28f426e158c2234e2afaa4e4d5c899,Eukaryota;Chrysophyceae__p;Chrysophyceae;Chromulinales;NA;NA;NA
5b56d1b5b29a71bf2fc59832ec67d998,Eukaryota;Mollusca;Bivalvia;Mytilida;Mytilidae;Mytilus;NA
3d40b3e69f2fbc594350a8f300d00c20,Eukaryota;Arthropoda;Hexanauplia;Calanoida;Clausocalanidae;Pseudocalanus;Pseudocalanus mimus
8f0494c02883720fe97a5f9bae82305f,Eukaryota;Annelida;Polychaeta;Terebellida;Ampharetidae;NA;NA
0fc314cec0093929a39e85c365202af9,Eukaryota;Phaeophyceae__p;Phaeophyceae;Dictyotales;NA;NA;NA
7f9c5ebd64c7da9f8bf6539b56308ccc,Eukaryota;Cnidaria;Hydrozoa;Anthoathecata;NA;NA;NA
f37e042185213d6dee249e7e52077d81,Eukaryota;Arthropoda;Hexanauplia;Calanoida;Clausocalanidae;Pseudocalanus;Pseudocalanus mimus
2db5a0ab3ab46526dab6a547a825485f,Eukaryota;Arthropoda;Insecta;Lepidoptera;NA;NA;NA
e5c4967ee91b73cdc48fd7bd237cf9f4,Eukaryota;Annelida;Polychaeta;Sabellida;Sabellariidae;NA;NA
a32080b5101beb4a7dfc70aa18098981,Eukaryota;Oomycota;Peronosporales__c;Peronosporales;NA;NA;NA
7d573c8aa2b7a54894079c8178762a6f,Eukaryota;Discosea;Longamoebia__c;Longamoebia;NA;NA;NA
c5ddc78fec934ce45e25d90cdf8fb6f0,Eukaryota;Arthropoda;Arachnida;Araneae;NA;NA;NA
6da8b56e05ed2d657cd2266cf5a1237c,Eukaryota;Bacillariophyta;Coscinodiscophyceae;Rhizosoleniales;Rhizosoleniaceae;Guinardia;Guinardia delicatula
d9d5d19d6b942770762b699eb2dc7b1a,Eukaryota;Bacillariophyta;Coscinodiscophyceae;Rhizosoleniales;NA;NA;NA
1cf4dc4f22d1f68c4371ad39971d3769,Eukaryota;Arthropoda;Malacostraca;Amphipoda;NA;NA;NA
7fdff0ac58fb724de34c94d3a118ab1c,Environmental Unknown;NA;NA;NA;NA;NA;NA
c59cfbc7c564eee236ee0701d7087db8,Eukaryota;Arthropoda;Hexanauplia;Calanoida;Acartiidae;Acartia;Acartia longiremis
c79bf803214e67d27222e1089f4e798e,Eukaryota;Arthropoda;Hexanauplia;Calanoida;Acartiidae;Acartia;Acartia longiremis
2a9eb2a9388055efef3e727e70bfd659,Eukaryota;Arthropoda;Insecta;Diptera;NA;NA;NA
ca2e977a1c7a2a64cab290c30b4e0664,Eukaryota;Mollusca;Gastropoda;Ancylidae__o;NA;NA;NA
c092a3c9e83204a8224a148d42f52eff,Eukaryota;Arthropoda;Arachnida;Sarcoptiformes;NA;NA;NA
eb3d44edec6ad20f7ad1f99349de00ea,Eukaryota;Cnidaria;Hydrozoa;Leptothecata;NA;NA;NA
160fae3814e771bcdd62ca919124b6e4,Eukaryota;Arthropoda;Insecta;Ephemeroptera;NA;NA;NA
23c1d3c3aafd9cf0de7826ec32531ca5,Eukaryota;Arthropoda;Insecta;Lepidoptera;NA;NA;NA
661547fad0e483c5f4e50e470c508e93,Eukaryota;Bacillariophyta;Mediophyceae;Lithodesmiales;NA;NA;NA
e3fa6b43202a74f4982760afe76fe262,Eukaryota;Arthropoda;Hexanauplia;Calanoida;Clausocalanidae;Pseudocalanus;Pseudocalanus mimus
043d44634074ce20faa7802fd1217e2a,Eukaryota;Arthropoda;Hexanauplia;Calanoida;Acartiidae;Acartia;Acartia longiremis
29518dc3cb0ff569f6d2e5e6bbf058f5,Eukaryota;Arthropoda;Insecta;Coleoptera;NA;NA;NA
d3d4cae675ea73d227bae514981fc1ac,Eukaryota;Annelida;Polychaeta;Phyllodocida;Hesionidae;Micropodarke;Micropodarke dubia
934bf48c21c1b9881f2e2956c23f5b91,Eukaryota;Arthropoda;Insecta;Coleoptera;NA;NA;NA
245d35d476dd32188a839127bd007f5a,Eukaryota;Rhodophyta;Florideophyceae;Ceramiales;NA;NA;NA
241b78cdccd69eb8914fc21876113364,Eukaryota;Cnidaria;Hydrozoa;Leptothecata;NA;NA;NA
7e19a58356fc7c89ec9c1f74c09222f7,Eukaryota;Cnidaria;Hydrozoa;Leptothecata;Eirenidae;Eutonina;Eutonina indicans
98c9bf3b3ab802ced1746b7675c6ba63,Eukaryota;Chlorophyta;Pycnococcaceae__o__c;Pycnococcaceae__o;Pycnococcaceae;NA;NA
a07157cb96094430dcc30df4a1e5123c,Eukaryota;Arthropoda;Hexanauplia;Calanoida;Clausocalanidae;Pseudocalanus;Pseudocalanus mimus
74310d9878e58a1621e5eadc50a82f80,Eukaryota;Chrysophyceae__p;Chrysophyceae;Chromulinales;NA;NA;NA
1ff45724b36e90ceedf16507e6955d5b,Eukaryota;Bacillariophyta;Coscinodiscophyceae;Stephanodiscales;Stephanodiscaceae;NA;NA
4a2a92680a9f6c02d3c387482852c47b,Eukaryota;Arthropoda;Insecta;Lepidoptera;NA;NA;NA
2b027ad4e2a9751e1a938f7f505e0087,Eukaryota;Arthropoda;NA;NA;NA;NA;NA
7f1b09aca7e72eca1bc5a50034acfa80,Eukaryota;Mollusca;Gastropoda;Stylommatophora;NA;NA;NA
42fd949e827c6c9ea91c6dd3b8d19c50,Eukaryota;Bacillariophyta;Coscinodiscophyceae;Thalassiosirales;NA;NA;NA
7db50f7a87d424edaf5f49f4e98752d6,Eukaryota;Haptophyta;Isochrysidales__c;Isochrysidales;NA;NA;NA
b175db391ba0de7a7312f26a77a9e2b5,Eukaryota;Discosea;Longamoebia__c;Longamoebia;NA;NA;NA
ef31bbed0cd4e5f2656ccf662c7159e2,Eukaryota;Arthropoda;Insecta;Diptera;NA;NA;NA
5c7a1d181ce650888a4357abe403be47,Eukaryota;Arthropoda;Insecta;Diptera;NA;NA;NA
5316de9e5ea0f8d6c80d2619ce0310f9,Eukaryota;Chlorophyta;Mamiellophyceae;Mamiellales;Mamiellaceae;Micromonas;Micromonas pusilla
34d01f3952032ca60545b5a86b123f8c,Eukaryota;Haptophyta;Phaeocystales__c;Phaeocystales;NA;NA;NA
6c262171763a91f87e7a4e0e7ede9ed0,Eukaryota;Oomycota;Peronosporales__c;Peronosporales;NA;NA;NA
a1b0f0aa666a1dd6fb0dd3297bcdf76b,Eukaryota;Cnidaria;Hydrozoa;Leptothecata;Campanulariidae;NA;NA
1ca5cb5b738637903531c9d7e03e4230,Eukaryota;Cnidaria;Hydrozoa;Leptothecata;NA;NA;NA
80ae93191e189251963dc654d970647f,Eukaryota;Phaeophyceae__p;Phaeophyceae;Laminariales;NA;NA;NA
3025daaf160d86e42e1a23b709c8e96f,Eukaryota;Arthropoda;Insecta;Diptera;NA;NA;NA
6e443b923586d2c01374b1b63f48d44a,Eukaryota;Phaeophyceae__p;Phaeophyceae;Laminariales;NA;NA;NA
0c11abb10ca8c4ca6a9466f89d510f2e,Eukaryota;Ascomycota;Dothideomycetes;Cladosporiales;Cladosporiaceae;Cladosporium;Cladosporium sp_
33a4c17832f532d50be75f0380f8146a,Eukaryota;Bacillariophyta;Fragilariophyceae;Fragilariales;NA;NA;NA
eeda087b1fe88fcb3578a41ed7d4d5ff,Eukaryota;Arthropoda;Thecostraca;Balanomorpha;Balanidae;Balanus;NA
e66a4e8d8209cd4f63bff88ad6b37ba5,Eukaryota;Arthropoda;Hexanauplia;Calanoida;Acartiidae;Acartia;Acartia longiremis
a6bb1c4fa79739b45b59bc589cabdc28,Eukaryota;Arthropoda;Insecta;Coleoptera;NA;NA;NA
2ea34beab7782a88078f22fa3604a737,Eukaryota;Arthropoda;Insecta;Diptera;NA;NA;NA
918e6b477d8ace1fe89de4b3d4b1ae28,Eukaryota;Bacillariophyta;Fragilariophyceae;Fragilariales;NA;NA;NA
c44fdb50a8afdf707d79805455c58e1d,Eukaryota;Phaeophyceae__p;Phaeophyceae;Ectocarpales;Chordariaceae;NA;NA
bfb13d030aad7e9383b2eb0427a1aa4e,Eukaryota;Rhodophyta;Bangiophyceae;Bangiales;NA;NA;NA
93b19b3e0bd5c167581cfb09289b3799,Eukaryota;Chrysophyceae__p;Chrysophyceae;Chromulinales;NA;NA;NA
a05fd0846ffdefad2e2fb029e0807a66,Eukaryota;Arthropoda;Insecta;Diptera;NA;NA;NA
4baa7a99a724dcef96368fc298fbdf8a,Eukaryota;Cryptophyceae__p;Cryptophyceae;Cyathomonadacea;NA;NA;NA
a3b4bcd7a36aa88156f240d9b5492433,Eukaryota;Bacillariophyta;Coscinodiscophyceae;Chaetocerotales;Chaetocerotaceae;NA;NA
bc5fb6327c6e435e235233e4b1baf834,Eukaryota;Arthropoda;Hexanauplia;Calanoida;Paracalanidae;Paracalanus;Paracalanus sp_ C AC_2013
aa8d5653cde9031f8f18c4d4a4998261,Eukaryota;Arthropoda;Hexanauplia;Calanoida;Acartiidae;Acartia;Acartia longiremis
3c16c623b1f8a9b48ac7ee35744888b0,Eukaryota;Arthropoda;Insecta;Diptera;NA;NA;NA
01ed5cccc2f33aaa80a380804dd98e81,Eukaryota;Arthropoda;Hexanauplia;Calanoida;Temoridae;NA;NA
ec5ae995ef48a2b7945a5851dec78076,Eukaryota;Chlorophyta;Mamiellophyceae;Mamiellales;Mamiellaceae;Micromonas;Micromonas pusilla
0d94586b90fd6b2dddd92e0a93d4ce15,Eukaryota;Rhodophyta;Florideophyceae;Ceramiales;NA;NA;NA
fa01cc71bd1a9b58ebd2fb9ad64c0bdd,Eukaryota;Haptophyta;Phaeocystales__c;Phaeocystales;NA;NA;NA
96382ad29734ad915dfbed0573204e3b,Eukaryota;Arthropoda;Insecta;NA;NA;NA;NA
8d4cf1c2c1bc1b6fbab8113cf82a069a,Eukaryota;Arthropoda;Insecta;NA;NA;NA;NA
83ea664ad7b44de77fbb2fc1efb481a0,Eukaryota;Bacillariophyta;Mediophyceae;Hemiaulales;Hemiaulaceae;NA;NA
f9280dd322f4016c0c58c307e1598ee7,Unknown;NA;NA;NA;NA;NA;NA
6a2920405584bda469b8a3ff7f0824d2,Eukaryota;Cnidaria;Hydrozoa;Leptothecata;Eirenidae;Eutonina;Eutonina indicans
a8f2997384aff496fcc4b5555bdc17f7,Eukaryota;Cnidaria;Hydrozoa;Leptothecata;NA;NA;NA
26e32a2daba2cde487856b705924e920,Eukaryota;Cnidaria;Hydrozoa;Leptothecata;Eirenidae;Eutonina;Eutonina indicans
78c5ec40e02a66be9b2db1787289249a,Eukaryota;Haptophyta;Phaeocystales__c;Phaeocystales;NA;NA;NA
304ea10924258663f53baa2978dec462,Eukaryota;Arthropoda;Thecostraca;Balanomorpha;Balanidae;Balanus;NA
41487ad71815e3a84b93d55eb1abfbc3,Eukaryota;Picozoa;NA;NA;NA;NA;NA
9806d8ab26b7ca57ba7a8a374abe8b59,Eukaryota;Oomycota;Haptoglossa__f__o__c;Haptoglossa__f__o;NA;NA;NA
b4858e748ff41a7dd00018483df3b8c3,Eukaryota;Phaeophyceae__p;Phaeophyceae;Ectocarpales;NA;NA;NA
5eaad89ae9d2eb9a858e3f60f12c367a,Eukaryota;Bacillariophyta;Mediophyceae;Lithodesmiales;Lithodesmiaceae;NA;NA
3f8b446831aee96bf1b6957b5a8da965,Eukaryota;Chrysophyceae__p;Chrysophyceae;Chromulinales;NA;NA;NA
cfd233e75998c78d04605abaf9aa7049,Eukaryota;Arthropoda;Insecta;Coleoptera;NA;NA;NA
ba079bda09ac136f2f5a74f036b57eb4,Eukaryota;Arthropoda;Hexanauplia;Calanoida;Paracalanidae;Paracalanus;Paracalanus sp_ C AC_2013
eee430e95f713b90c2ddbb93f5bcf34f,Eukaryota;Arthropoda;Insecta;Diptera;NA;NA;NA
38ec5ef8a4bea8f6238e6fede884351d,Eukaryota;Discosea;Flabellinia;Dactylopodida;NA;NA;NA
bf6c073f72fa4764c651b7fb74f122a3,Eukaryota;Arthropoda;Insecta;Diptera;NA;NA;NA
2cd71eac2a2f67b0db19d5872af8d296,Eukaryota;Arthropoda;Insecta;Diptera;NA;NA;NA
5727883b06671c464ad9b837db0ea44a,Eukaryota;Oomycota;Saprolegniales__c;Saprolegniales;NA;NA;NA
dd170669b9984fc4761da14370e98e69,Eukaryota;Cnidaria;Hydrozoa;Leptothecata;NA;NA;NA
8c1d36dc779b9e122ea8f88218064e08,Eukaryota;Arthropoda;Arachnida;Araneae;NA;NA;NA
511b36efdbc6f71644565d680c49d1ab,Eukaryota;Cnidaria;Hydrozoa;Anthoathecata;NA;NA;NA
2cc17e5ae416a9072d335133a184d9ab,Eukaryota;Arthropoda;Insecta;Diptera;NA;NA;NA
e3258fed97f2613abf9e9ca422595126,Eukaryota;Arthropoda;Hexanauplia;Calanoida;Clausocalanidae;Pseudocalanus;Pseudocalanus mimus
8bd0e050f9212bd76b66b7c9eb3e36f4,Eukaryota;Haptophyta;Isochrysidales__c;Isochrysidales;Noelaerhabdaceae;NA;NA
f203919e793a2bc2992392fa4c98840a,Eukaryota;Arthropoda;Hexanauplia;Calanoida;Clausocalanidae;Pseudocalanus;Pseudocalanus mimus
8114ad20fe0c4b4fc247d8abb9fe5615,Eukaryota;Ctenophora;Tentaculata;Cydippida;Pleurobrachiidae;Pleurobrachia;Pleurobrachia bachei
67efea2556db6ccd22233d637073e5e5,Eukaryota;Cnidaria;Hydrozoa;Anthoathecata;NA;NA;NA
93eb8f624a322377490058191226b3b1,Eukaryota;Cnidaria;Hydrozoa;Siphonophorae;NA;NA;NA
47d1e97e121fe28df40462568da7699d,Eukaryota;Bacillariophyta;Coscinodiscophyceae;Thalassiosirales;Skeletonemataceae;NA;NA
6d37585c5dcc8de39ecd854d66454c13,Eukaryota;Cnidaria;Hydrozoa;Leptothecata;Clytiidae;Clytia;Clytia gregaria
f24aa2012a7448f520bbd24c5854d4d7,Eukaryota;Jakobida__c__p;Jakobida__c;Jakobida;NA;NA;NA
bbbea797aaefb83886a6c9a7280ff2e3,Eukaryota;Telonemida__c__p;Telonemida__c;Telonemida;NA;NA;NA
98f126f26ce33dc30733025f899dd6bd,Eukaryota;Arthropoda;Insecta;Diptera;NA;NA;NA
18c7aac099b1df03209b371dc2cd5b0f,Eukaryota;Rhodophyta;Florideophyceae;Ceramiales;NA;NA;NA
7ba27379dd477116244cb15f8e72bba3,Eukaryota;Oomycota;Pythiales__c;Pythiales;NA;NA;NA
445f4c468ae38e273bd91d2e3fb0cbcf,Eukaryota;Arthropoda;Hexanauplia;Calanoida;Clausocalanidae;Pseudocalanus;Pseudocalanus mimus
d8fd1179fb6e3acb0c9aaaf09acb749a,Eukaryota;Bacillariophyta;Mediophyceae;Hemiaulales;Hemiaulaceae;Eucampia;Eucampia zodiacus
55d9522efc87a262030442a893600a29,Eukaryota;Oomycota;Pythiales__c;Pythiales;NA;NA;NA
128afa53e5be6ac87cdf56ec2e305260,Eukaryota;Arthropoda;Insecta;Coleoptera;NA;NA;NA
5c414a090d39583a959ec3e085438f0e,Eukaryota;Arthropoda;Insecta;Diptera;NA;NA;NA
53d356af3a6f3be3d10e47ab0f80f7a2,Eukaryota;Bacillariophyta;Coscinodiscophyceae;Stephanodiscales;Stephanodiscaceae;NA;NA
ec2d1510ccceeb809c73614a3e751eba,Eukaryota;Rotifera;Eurotatoria;Ploima;Synchaetidae;NA;NA
7a7db4caf32d50d96bc90d3b2d58c63f,Eukaryota;Oomycota;Peronosporales__c;Peronosporales;NA;NA;NA
16f076440956b911fc70ad559aa05601,Eukaryota;Bacillariophyta;Fragilariophyceae;Thalassionemales;Thalassionemataceae;Thalassionema;Thalassionema nitzschioides
ac461b1be8287f61b134a596f5318e13,Eukaryota;Cnidaria;Scyphozoa;Semaeostomeae;Cyaneidae;Cyanea;NA
51a5034f99bfbc91eddbca48ccc1310c,Eukaryota;Chrysophyceae__p;Chrysophyceae;Chromulinales;NA;NA;NA
0ddfa02e8506f86801a63d62f4790019,Eukaryota;Arthropoda;Hexanauplia;Calanoida;Clausocalanidae;Pseudocalanus;Pseudocalanus mimus
b58cbd7e9a7da0687a0bbd68a3b4b8d6,Eukaryota;Discosea;Flabellinia;Dactylopodida;Paramoebidae;Paramoeba;NA
bf9d970c62998a1d35cf12b3a283cafc,Eukaryota;Arthropoda;Hexanauplia;Calanoida;Clausocalanidae;Pseudocalanus;Pseudocalanus mimus
713772ac7729de6d4459fc2f9a1df56b,Eukaryota;Haptophyta;Phaeocystales__c;Phaeocystales;NA;NA;NA
909c192b24e03bf52d22944489095f1b,Eukaryota;Haptophyta;Phaeocystales__c;Phaeocystales;NA;NA;NA
5fae70351c893aa6294db90c888f6a4e,Unknown;NA;NA;NA;NA;NA;NA
fdba57167cac232a591a8014608e4d43,Eukaryota;Arthropoda;Hexanauplia;Calanoida;Clausocalanidae;Pseudocalanus;Pseudocalanus mimus
89f221e312b4a4cf3e5d67440dd07b85,Eukaryota;Cnidaria;Hydrozoa;Leptothecata;NA;NA;NA
69e563aeae499bd04adefefd3b360394,Eukaryota;Arthropoda;Insecta;Coleoptera;NA;NA;NA
62133285fe9369fb0ee1d748fc8723c9,Eukaryota;Chrysophyceae__p;Chrysophyceae;Chromulinales;NA;NA;NA
c2a889e70a134adcce7bb8dc54edea2b,Eukaryota;Cryptophyceae__p;Cryptophyceae;Cyathomonadacea;NA;NA;NA
3091a8966d4d5d37a87db9c9a06bb890,Eukaryota;Arthropoda;Hexanauplia;Calanoida;Clausocalanidae;Pseudocalanus;Pseudocalanus mimus
bfb35bd8f0de62f44e9feef725662efb,Eukaryota;Cnidaria;Hydrozoa;Leptothecata;NA;NA;NA
92950e1d5e71877e322c281f85e85fe0,Eukaryota;Cnidaria;Hydrozoa;Leptothecata;Clytiidae;Clytia;Clytia gregaria
0b52f421a16da4f3cfe8890d0bf3256b,Eukaryota;Echinodermata;Holothuroidea;Molpadida;Caudinidae;Paracaudina;Paracaudina chilensis
28fd4987dfb4f2fc775be97450982fbe,Eukaryota;Arthropoda;Arachnida;NA;NA;NA;NA
04c855cba7ad147f6ef6f21999f37e4f,Eukaryota;Haptophyta;Phaeocystales__c;Phaeocystales;Phaeocystaceae;Phaeocystis;Phaeocystis globosa
e0030cd5bfcfaf0ba2bedacd687323c0,Eukaryota;Oomycota;Saprolegniales__c;Saprolegniales;NA;NA;NA
b8f8543d5fa0150f931e071b0068e245,Eukaryota;Oomycota;Peronosporales__c;Peronosporales;NA;NA;NA
9447721c6398acb88ae05117678cc7aa,Eukaryota;Cnidaria;Hydrozoa;Leptothecata;NA;NA;NA
dad03f16def8d0954866d484c1199465,Eukaryota;Arthropoda;Insecta;Diptera;NA;NA;NA
9040379303ad9a9c53be0581db1f1d95,Eukaryota;Discosea;Flabellinia;Dactylopodida;NA;NA;NA
1d5fb9e7d5986cc910bdcfabd2a35e2f,Eukaryota;Bacillariophyta;Coscinodiscophyceae;Thalassiosirales;Skeletonemataceae;Skeletonema;Skeletonema japonicum
bf765518dea98bda59a7a59a722f34ed,Eukaryota;Chordata;Actinopteri;Salmoniformes;NA;NA;NA
2343bb767bf8af6189095df5502527a4,Eukaryota;Cnidaria;Hydrozoa;Leptothecata;Eirenidae;Eutonina;Eutonina indicans
c29d53de2c083e5771828a1a5eebc688,Unknown;NA;NA;NA;NA;NA;NA
dc58b87b271442280c2a8f70c0516751,Eukaryota;Ascomycota;Dothideomycetes;Dothideales;Saccotheciaceae;Aureobasidium;Aureobasidium pullulans
21b4d510b7a8b7fb987534386fde82ba,Eukaryota;Haptophyta;Isochrysidales__c;Isochrysidales;Noelaerhabdaceae;NA;NA
e263d58191d5bebcf272bfdde4ebb199,Eukaryota;Oomycota;Pythiales__c;Pythiales;NA;NA;NA
8fef84a167405bbe6dbbe5357ad56824,Eukaryota;Cnidaria;Hydrozoa;Leptothecata;Clytiidae;Clytia;Clytia gregaria
296712eb0550dc1db24f78fc89ca7179,Eukaryota;Arthropoda;Hexanauplia;Calanoida;Paracalanidae;Paracalanus;Paracalanus sp_ C AC_2013
a4c6a15090f367375436a5dc7d317526,Eukaryota;Arthropoda;Hexanauplia;Calanoida;Clausocalanidae;Pseudocalanus;Pseudocalanus newmani
1fdfc1a571c984665a6b492953eba3a0,Eukaryota;Ctenophora;Tentaculata;Lobata;Bolinopsidae;Bolinopsis;Bolinopsis microptera
88b9668331bd43a3103884d36045eb94,Eukaryota;Arthropoda;Insecta;Lepidoptera;NA;NA;NA
01bbefb3c735a37675e04973f8913b7d,Eukaryota;Arthropoda;Arachnida;Araneae;NA;NA;NA
1ecf0050202137f6bb366e5835b015d5,Eukaryota;Annelida;Polychaeta;Terebellida;Pectinariidae;Pectinaria;Pectinaria californiensis
df16d43fc6ffdb5b97d7e53498e5ef38,Eukaryota;Cnidaria;Hydrozoa;Leptothecata;Eirenidae;Eutonina;Eutonina indicans
2536cf9d189ba031b277dd1fb864bab3,Eukaryota;Arthropoda;Insecta;Diptera;NA;NA;NA
6900c395e72b99ba7cbadbeb74f6db74,Eukaryota;Nemertea;Palaeonemertea;Archinemertea;NA;NA;NA
894015b5e44e8b2cfb4ab7483d6fba15,Eukaryota;Arthropoda;Insecta;Diptera;NA;NA;NA
6210aaf381eb468e2fd5a265fe6e6c0c,Eukaryota;Cnidaria;Hydrozoa;Anthoathecata;NA;NA;NA
491cacef74f13c84f4d3c886b9faa434,Eukaryota;Cnidaria;Hydrozoa;Anthoathecata;NA;NA;NA
f41789605e340937878a040b94ae9fce,Eukaryota;Bacillariophyta;Coscinodiscophyceae;Stephanodiscales;Stephanodiscaceae;NA;NA
f90dcecce377296ab9bc66529b4b7530,Eukaryota;Bacillariophyta;Coscinodiscophyceae;Rhizosoleniales;Rhizosoleniaceae;Rhizosolenia;Rhizosolenia setigera
81230f096a946ad3e209bf94923f1685,Eukaryota;Phaeophyceae__p;Phaeophyceae;Laminariales;NA;NA;NA
fd4a22735594697b130eac3f8e842f85,Eukaryota;Phaeophyceae__p;Phaeophyceae;Dictyotales;NA;NA;NA
40131b353eb28139515ee35e19030b8b,Eukaryota;Cnidaria;Hydrozoa;Leptothecata;Eirenidae;Eutonina;Eutonina indicans
058cdc4240b13c856ebf4779b56cb17c,Eukaryota;Discosea;Flabellinia;Dactylopodida;Paramoebidae;Paramoeba;NA
87e33a56cfd2df601bb0733976f6b5a9,Eukaryota;Arthropoda;Insecta;Diptera;NA;NA;NA
1d9b3cd3aa1c4ec325847a57a61fd9b2,Environmental Unknown;NA;NA;NA;NA;NA;NA
7ba91705e51b3ef72925e95e51d8d07d,Eukaryota;Nemertea;Pilidiophora;Heteronemertea;Lineidae;Maculaura;Maculaura alaskensis
4db3c23161df1cfadc95a66658d31fb6,Unknown;NA;NA;NA;NA;NA;NA
35dd6e74cdca88bbc7bdc7555441b063,Eukaryota;Haptophyta;Phaeocystales__c;Phaeocystales;NA;NA;NA
78e6a586ac9a89968a55de546fdcb39d,Eukaryota;Chrysophyceae__p;Chrysophyceae;Chromulinales;NA;NA;NA
fc394e461d1d4ba159f31dadb0df1892,Eukaryota;Arthropoda;Insecta;Hemiptera;NA;NA;NA
36eb84033d5c56a647abe6f51d66471b,Eukaryota;Discosea;Flabellinia;Dactylopodida;NA;NA;NA
f6fae6e133b9015d31c726364b05f6fb,Eukaryota;Rotifera;Eurotatoria;Ploima;Synchaetidae;NA;NA
b5c199f9d8132f850230d1460bf0bfdb,Eukaryota;Phaeophyceae__p;Phaeophyceae;Laminariales;NA;NA;NA
d030680eefe2fe89cfa73b13c8a9dd86,Eukaryota;Arthropoda;Insecta;Diptera;NA;NA;NA
0abe98ed9c482efb5a4491b9d7edb70f,Eukaryota;Bacillariophyta;Coscinodiscophyceae;Stephanodiscales;NA;NA;NA
611fc27fadc19ab0dc89c95bfbfeed76,Eukaryota;Discosea;Flabellinia;Dactylopodida;Paramoebidae;NA;NA
40bdd07149d4fcf3a8d6200258ac6b1e,Eukaryota;Cryptophyceae__p;Cryptophyceae;Cyathomonadacea;NA;NA;NA
7c21f927a5488f16daadcf7f8c5214df,Eukaryota;Porifera;Demospongiae;Desmacellida;NA;NA;NA
16bf59e3a8d015ddeeca3eb978cb446a,Eukaryota;Cnidaria;Hydrozoa;Leptothecata;Clytiidae;Clytia;Clytia gregaria
8e3baa26a0fb9ce32f44c74c58298a52,Eukaryota;Cnidaria;Hydrozoa;Siphonophorae;NA;NA;NA
00f74a4a661b9af8e04338caaea2ad49,Eukaryota;Cnidaria;Hydrozoa;Leptothecata;Campanulariidae;NA;NA
427e4b71c54e4a806eeb1674ec3a3714,Eukaryota;Cnidaria;Hydrozoa;Leptothecata;Eirenidae;Eutonina;Eutonina indicans
565aeaff1a498c27589f00d17cec2fbe,Eukaryota;Picozoa;NA;NA;NA;NA;NA
436cb4e8d72ed83e3c1de60994f38ff8,Eukaryota;Arthropoda;Arachnida;Araneae;NA;NA;NA
a608de2e1a6fd5fd26e6760acb36da56,Eukaryota;Arthropoda;Insecta;NA;NA;NA;NA
bb8f5b6276e1efbcf3ca9f506657ab44,Eukaryota;Arthropoda;Hexanauplia;Calanoida;Clausocalanidae;Pseudocalanus;Pseudocalanus mimus
fc1bf55545285bf160ed17ad561f2bf9,Eukaryota;Cnidaria;Hydrozoa;Leptothecata;Eirenidae;Eutonina;Eutonina indicans
fb73dd213eb2400cd5a635c5636e5460,Eukaryota;Arthropoda;Insecta;Diptera;NA;NA;NA
e96a0fb9f59e6b44e941f673237c440b,Eukaryota;Rotifera;Eurotatoria;Ploima;Synchaetidae;NA;NA
59b7b71f4223d9bbbd42e4d03075684f,Eukaryota;Streptophyta;Magnoliopsida;Fagales;NA;NA;NA
460685a737e93046d6c6725dfee230c1,Environmental Unknown;NA;NA;NA;NA;NA;NA
370234cf9fa365903e70c4d80f842900,Eukaryota;Oomycota;Haptoglossa__f__o__c;Haptoglossa__f__o;NA;NA;NA
c0aeac7605382bac78a4ac5a3b5d557e,Unknown;NA;NA;NA;NA;NA;NA
742b4b599ffd96130e191a6e4ec1938f,Eukaryota;Oomycota;Saprolegniales__c;Saprolegniales;NA;NA;NA
9d4a28e552581e30e379b4d58425a392,Eukaryota;Arthropoda;Insecta;Hymenoptera;NA;NA;NA
4cd5181e3d1d31e923fd389c6f6e5d64,Eukaryota;Blastocladiomycota;Blastocladiomycetes;Blastocladiales;NA;NA;NA
f532cff649f843f557486f58de03d16e,Eukaryota;Bacillariophyta;Coscinodiscophyceae;Thalassiosirales;Skeletonemataceae;NA;NA
c19028b35f3536b695af8368be1db7d1,Unknown;NA;NA;NA;NA;NA;NA
45c2acbd656d98b7ae6ddab7776fad71,Eukaryota;Arthropoda;Insecta;Coleoptera;NA;NA;NA
d15eee5d668b2c6894dd0e33ed9cd125,Eukaryota;Cnidaria;Hydrozoa;Anthoathecata;Pandeidae;Halitholus;Halitholus sp_ PS_2018
03fb4ade8fd3de1ac8fef3d8f7e2737f,Eukaryota;Arthropoda;Insecta;Lepidoptera;NA;NA;NA
d25112aca92ba1a4cf0da197ce7e8eb7,Eukaryota;Bacillariophyta;Mediophyceae;Cymatosirales;Cymatosiraceae;NA;NA
e205e651c14df44d5fb35acce9e06782,Eukaryota;Bacillariophyta;Coscinodiscophyceae;Stephanodiscales;Stephanodiscaceae;NA;NA
dae71cac9a7f2d8b24ea6486ac00cb5a,Eukaryota;Arthropoda;Insecta;Diptera;NA;NA;NA
a169869aa2e80a789923a0c93ae7437e,Eukaryota;Haptophyta;Phaeocystales__c;Phaeocystales;NA;NA;NA
835115739923dc053cce204aefbe12e3,Eukaryota;Discosea;Flabellinia;Dactylopodida;NA;NA;NA
f6fcb4dc3460e8ddc7748ee1f3ae06a7,Eukaryota;Basidiomycota;Cystobasidiomycetes;Cystobasidiales;NA;NA;NA
e00d435ed0f490295be9690fa210510a,Eukaryota;Oomycota;Pythiales__c;Pythiales;NA;NA;NA
b3016d9e3c90197a305a84c0ad7d469b,Eukaryota;Arthropoda;Insecta;Coleoptera;NA;NA;NA
d1dae8f9894d7a35d5fe04ead2e43606,Eukaryota;Arthropoda;Insecta;Hymenoptera;NA;NA;NA
4d20c5538a2250889b5337cf7ab92578,Eukaryota;Haptophyta;Isochrysidales__c;Isochrysidales;Noelaerhabdaceae;NA;NA
25b15f1eb73bf6f46ff5b03a159b5012,Eukaryota;Picozoa;NA;NA;NA;NA;NA
845888467bc8c5b074bc6c7b595f9ed4,Eukaryota;Echinodermata;Ophiuroidea;Amphilepidida;NA;NA;NA
783538dfc998414a882796b95a93a731,Eukaryota;Arthropoda;Insecta;Diptera;NA;NA;NA
2ffb74327eea4f4617d09e673cd00b64,Eukaryota;Phaeophyceae__p;Phaeophyceae;Laminariales;NA;NA;NA
f886d0a0438f1c7f3080fe64eef35abf,Eukaryota;Rhodophyta;Bangiophyceae;Bangiales;NA;NA;NA
a18926491d92477abd51cc084a0001c0,Eukaryota;Bacillariophyta;Coscinodiscophyceae;Stephanodiscales;NA;NA;NA
df2d5ac4953f8d455c1699891bbf1546,Eukaryota;Chrysophyceae__p;Chrysophyceae;Segregatospumella__f__o;NA;NA;NA
d0840050d7e48872761ccb3089e8f441,Eukaryota;Oomycota;Saprolegniales__c;Saprolegniales;NA;NA;NA
b92ec84b1873bed9032df8cc3d729670,Eukaryota;Cnidaria;Hydrozoa;Leptothecata;Eirenidae;Eutonina;Eutonina indicans
25853377fccab1dd52ecdea0b979c3f4,Eukaryota;Dinophyceae__p;Dinophyceae;Gonyaulacales;Pyrocystaceae;Alexandrium;NA
ca590278e66586c1a4bdbae85e73a75d,Eukaryota;Oomycota;Saprolegniales__c;Saprolegniales;NA;NA;NA
b68d7f972e639ce1753af575cc12b81e,Eukaryota;Arthropoda;Hexanauplia;Calanoida;Clausocalanidae;Pseudocalanus;Pseudocalanus mimus
facac3bd1a0f1f6dfe0169e577726525,Eukaryota;Arthropoda;Insecta;Lepidoptera;NA;NA;NA
0b5eac649c768876fcae1064f3270a0d,Eukaryota;Arthropoda;Hexanauplia;Calanoida;Acartiidae;Acartia;Acartia longiremis
a0da74b36a5eb91906aa77155758a215,Eukaryota;Bacillariophyta;Coscinodiscophyceae;Rhizosoleniales;NA;NA;NA
afea2e6085ff2ca4bb44c4d665e860ad,Unknown;NA;NA;NA;NA;NA;NA
64b700e073e5343d66837b22d96aa212,Eukaryota;Arthropoda;Insecta;Coleoptera;NA;NA;NA
023660711cb4fb8b87b2f6bc3c77df0b,Eukaryota;Haptophyta;Phaeocystales__c;Phaeocystales;NA;NA;NA
da55eed59b45cce2c62bfad47ac52854,Eukaryota;Oomycota;Peronosporales__c;Peronosporales;NA;NA;NA
eea6ee41164abb8092afc845bbda5309,Eukaryota;Arthropoda;Insecta;NA;NA;NA;NA
ec83ead88b41bc26779effddf83b1a76,Eukaryota;Bacillariophyta;Coscinodiscophyceae;NA;NA;NA;NA
a80f6aa56d1a73c4e927cd522af746ab,Eukaryota;Haptophyta;Prymnesiales__c;Prymnesiales;NA;NA;NA
6cac38bbd8e3324efa38ff7eecdc5d95,Eukaryota;Oomycota;Saprolegniales__c;Saprolegniales;NA;NA;NA
0945e5e04d9d56f846285c8d34c52ea1,Eukaryota;Oomycota;Peronosporales__c;Peronosporales;Peronosporaceae;NA;NA
b5602c7b1b211b30986e465b380d2472,Eukaryota;Arthropoda;Insecta;Diptera;NA;NA;NA
c54858aebb87dc780f2abb499477523d,Eukaryota;Streptophyta;Zygnemophyceae;Desmidiales;NA;NA;NA
cfa6d1ff0925aa9b260392640c0582db,Eukaryota;Haptophyta;Isochrysidales__c;Isochrysidales;NA;NA;NA
6d1bb0adb84b0186d87889a21ace77e8,Eukaryota;Rotifera;Eurotatoria;Ploima;Synchaetidae;NA;NA
2dbee1ca583cafcec04b2f8d00e9be92,Eukaryota;Arthropoda;Hexanauplia;Calanoida;Clausocalanidae;Pseudocalanus;Pseudocalanus mimus
91895689f15cfbffbe296b03e87cd821,Eukaryota;Chlorophyta;NA;NA;NA;NA;NA
be4bd812e3f6daca4e38626ae872bab7,Eukaryota;Haptophyta;Prymnesiales__c;Prymnesiales;NA;NA;NA
69a547830fe323aff383761c793bc06a,Eukaryota;Discosea;Flabellinia;Vannellidae__o;Vannellidae;NA;NA
c04a38b46f99784f366e5f617b8d39aa,Eukaryota;Rhodophyta;Florideophyceae;Gigartinales;NA;NA;NA
a5ec93c017c5649801e9cde838192c7a,Eukaryota;Cnidaria;Hydrozoa;Anthoathecata;NA;NA;NA
13dd9153680915bb4ec6972181b46ffb,Eukaryota;Phaeophyceae__p;Phaeophyceae;Ectocarpales;NA;NA;NA
9080e51c052be4bec001f1e1be3feb1b,Eukaryota;Streptophyta;Zygnemophyceae;Desmidiales;NA;NA;NA
a345175d5d8f9368360a26a1d623b1fa,Eukaryota;Rotifera;Eurotatoria;Ploima;Synchaetidae;NA;NA
577df8ed66f3a89706f1dfbdc7a6f967,Eukaryota;Synurophyceae__p;Synurophyceae;Ochromonadales;Ochromonadaceae;NA;NA
e264cfd4975a551dc3ec2b586a44d904,Eukaryota;Annelida;Polychaeta;Spionida;Spionidae;Prionospio;Prionospio multibranchiata
b7150f4141974ac008f74482f6b43553,Eukaryota;Oomycota;Peronosporales__c;Peronosporales;NA;NA;NA
1c45b57fa526c91128b8420c2ed77c67,Eukaryota;Cnidaria;Hydrozoa;Siphonophorae;NA;NA;NA
f0830ca443a6fd0e88e3bceafbbcfd8b,Eukaryota;Arthropoda;Insecta;NA;NA;NA;NA
b669acb51f429e57e672b510b62ccbd0,Eukaryota;Arthropoda;Malacostraca;Bathynellacea;NA;NA;NA
0141a72d2b8aa9c2a221d06c4af7c0f2,Eukaryota;Arthropoda;Hexanauplia;Calanoida;Clausocalanidae;Pseudocalanus;Pseudocalanus mimus
055533f68becfdff4a598c5298c4ad0c,Eukaryota;Oomycota;Peronosporales__c;Peronosporales;NA;NA;NA
c6dce9bc9279314adcce9ed67a83098e,Eukaryota;Echinodermata;Asteroidea;Forcipulatida;Asteriidae;Evasterias;Evasterias troschelii
345c2ba55e8a52c8528397d7a34d21a1,Eukaryota;Arthropoda;Hexanauplia;Calanoida;Paracalanidae;Paracalanus;Paracalanus sp_ C AC_2013
236d00d53d0464de7469156ee0e99cad,Eukaryota;Arthropoda;Insecta;Ephemeroptera;NA;NA;NA
3c5b362c7c09b5153d587455dd9a0d80,Eukaryota;Haptophyta;Phaeocystales__c;Phaeocystales;NA;NA;NA
43e7391f3c39ea45a78a3ce2d8592766,Eukaryota;Oomycota;Saprolegniales__c;NA;NA;NA;NA
472962bcfc2e10adf98a772c4e0c2900,Eukaryota;Arthropoda;Insecta;Diptera;NA;NA;NA
d207e90a099c0edcb3a6cf7dd63e69e7,Eukaryota;Annelida;Polychaeta;Sabellida;Sabellariidae;NA;NA
6b1b1784198fe6b22d01299e255345a8,Eukaryota;Rhodophyta;Florideophyceae;Ceramiales;NA;NA;NA
74d40e201cae4a5907a64c0b5e0b5b9c,Eukaryota;Phaeophyceae__p;Phaeophyceae;Dictyotales;NA;NA;NA
5e1522a95ad9da13767c9016cd698859,Eukaryota;Phaeophyceae__p;Phaeophyceae;Dictyotales;NA;NA;NA
2681b483a43529a351e5effbff11572a,Eukaryota;Oomycota;Pythiales__c;Pythiales;Pythiaceae;NA;NA
857d27172b1c5ecf276287fe40293f20,Eukaryota;Arthropoda;Insecta;Hymenoptera;NA;NA;NA
3a7705d7da621a886a3399e7a5acbfc0,Eukaryota;Arthropoda;Arachnida;Araneae;NA;NA;NA
ad46528123230f3c35b6b76244784494,Eukaryota;Phaeophyceae__p;Phaeophyceae;Ectocarpales;NA;NA;NA
53e957d16dc855dd21a1131856bb0761,Eukaryota;Rotifera;Eurotatoria;Ploima;Synchaetidae;NA;NA
db1f3cc1f521a7b6a682a549e21ed82b,Eukaryota;Arthropoda;Hexanauplia;Calanoida;Clausocalanidae;Pseudocalanus;Pseudocalanus mimus
cbbaa54e7f53eda25b9ddbc83078ad09,Eukaryota;Phaeophyceae__p;Phaeophyceae;Ectocarpales;NA;NA;NA
a6f984774d9f34e383e55099f568e7d5,Eukaryota;Dictyochophyceae__p;Dictyochophyceae;Pedinellales;Pseudopedinella__f;NA;NA
a43cba4faaf68de6f8c4eb462edb7a15,Eukaryota;Arthropoda;Insecta;Diptera;NA;NA;NA
c4a580139d17cfd5de54eb5343837a23,Eukaryota;Cnidaria;Hydrozoa;NA;NA;NA;NA
e9a3e8fdf7aa60cabeb98022a8577cb5,Eukaryota;Rotifera;Eurotatoria;Ploima;Synchaetidae;NA;NA
dfc61c53c3f9e762013d230004649b2a,Eukaryota;Cnidaria;Hydrozoa;Siphonophorae;Agalmatidae;Nanomia;NA
da07a701a4880a3ad3d2ce6a210b95f0,Eukaryota;Oomycota;Saprolegniales__c;Saprolegniales;NA;NA;NA
7ba4488f5619a86acd42d25dec9f2227,Eukaryota;Mollusca;Gastropoda;Planorbidae__o;NA;NA;NA
a8c20113d4567171841d30ff9a63aebe,Eukaryota;Nemertea;Palaeonemertea;Carinomiformes;Carinomidae;Carinoma;Carinoma hamanako
a39531b94502903378e5e54ff15b91a0,Unknown;NA;NA;NA;NA;NA;NA
bb4ec01e2713d214cb7ce991fb70b0d9,Eukaryota;Arthropoda;Arachnida;Araneae;NA;NA;NA
1992a79daac8f2726bd39c152a3d508f,Eukaryota;Haptophyta;Phaeocystales__c;Phaeocystales;NA;NA;NA
45e3033aa78001672eb5f746019f866f,Eukaryota;Cnidaria;Hydrozoa;Leptothecata;Eirenidae;Eutonina;Eutonina indicans
dc3b4801f42293c19ec338d63aa6291e,Eukaryota;Rhodophyta;Florideophyceae;Gigartinales;NA;NA;NA
1d6022d2a23ff9fbdfee1f243174abab,Eukaryota;Arthropoda;Arachnida;Scorpiones;NA;NA;NA
8e7dee0200e7b06c3d605b7862800889,Eukaryota;Haptophyta;Isochrysidales__c;Isochrysidales;Noelaerhabdaceae;NA;NA
72229017d674e9eccf31d3610bd51c7a,Eukaryota;Annelida;Clitellata;Crassiclitellata;NA;NA;NA
37ac7ef1ddf90013ff763d7804eb3984,Eukaryota;NA;NA;NA;NA;NA;NA
852540158a8d986b9ed7a19ed52702a3,Eukaryota;Cnidaria;Hydrozoa;Leptothecata;Eirenidae;Eutonina;Eutonina indicans
11d870f4de1031992ae20f796779c5e1,Eukaryota;Bacillariophyta;Coscinodiscophyceae;Rhizosoleniales;Rhizosoleniaceae;NA;NA
bb1fd039b81b51bd99428869eb4fc0ba,Eukaryota;Mollusca;Gastropoda;NA;NA;NA;NA
8727b986342cf6472e9f8b94560134a6,Eukaryota;Cnidaria;Hydrozoa;Leptothecata;Eirenidae;Eutonina;Eutonina indicans
ce309141a796ffa711403577f1899811,Eukaryota;Oomycota;Pythiales__c;Pythiales;NA;NA;NA
4e6741c774c34156e3bd9730a08d4c02,Eukaryota;Arthropoda;Insecta;Coleoptera;NA;NA;NA
37bf357009395cc0f36533873e062f9c,Eukaryota;Arthropoda;Insecta;Hymenoptera;NA;NA;NA
9aa612b44dbb879081cb2a85ad588db1,Eukaryota;Cnidaria;Hydrozoa;Leptothecata;Eirenidae;Eutonina;Eutonina indicans
28ab438b351cdcaf03313efb1396f3eb,Eukaryota;Arthropoda;Insecta;NA;NA;NA;NA
6a24c67a15848dd070bdf372de2f8981,Eukaryota;Arthropoda;Hexanauplia;Calanoida;Clausocalanidae;Pseudocalanus;Pseudocalanus mimus
18eaef362a818b99621376589b47efda,Eukaryota;Bacillariophyta;Fragilariophyceae;Fragilariales;Fragilariaceae;Asterionellopsis;Asterionellopsis lenisilicea
8992dd959429f9298aabf20750705949,Eukaryota;Haptophyta;Isochrysidales__c;Isochrysidales;Noelaerhabdaceae;NA;NA
88282bb54f5986e97a28c9f4dd631a2d,Eukaryota;Oomycota;Peronosporales__c;Peronosporales;NA;NA;NA
6224719bd3737b86ec3a0da64619dd73,Eukaryota;Oomycota;Saprolegniales__c;Saprolegniales;NA;NA;NA
57cad33c41d63b51d17561c7500b4d10,Eukaryota;NA;NA;NA;NA;NA;NA
ab65affc7992eb22ca1d943425364d9d,Eukaryota;Cnidaria;Hydrozoa;Anthoathecata;Pandeidae;Stomotoca;Stomotoca atra
7e8f70fdb9b7d29b22a4301b3b5c0d48,Unknown;NA;NA;NA;NA;NA;NA
8465a2e7ccd617ceef381b264acdd327,Eukaryota;Arthropoda;Hexanauplia;Calanoida;Clausocalanidae;Pseudocalanus;Pseudocalanus mimus
3e0d9c2c618a50d90a713d92c8e96c13,Eukaryota;Nemertea;Palaeonemertea;Carinomiformes;Carinomidae;Carinoma;Carinoma mutabilis
41481091b023cab3800b2c389b71f436,Unknown;NA;NA;NA;NA;NA;NA
10be4b3d34d4da0559d71bb9823f216d,Eukaryota;Arthropoda;Insecta;Diptera;NA;NA;NA
f192215e4b86c027cd2f7b4f2fe82833,Eukaryota;Cnidaria;Hydrozoa;Leptothecata;Eirenidae;Eutonina;Eutonina indicans
23eac908bd549e61390cac3cff164fef,Eukaryota;Oomycota;Peronosporales__c;Peronosporales;NA;NA;NA
ef9e4d2664a4ec162d7dc182cf54b60d,Eukaryota;Cnidaria;Scyphozoa;Semaeostomeae;NA;NA;NA
6611ce07a641de4b732aac15d54499f4,Eukaryota;Cnidaria;Hydrozoa;Leptothecata;Eirenidae;Eutonina;Eutonina indicans
df07121a2cf6063b19bbe5261e5e0cf7,Eukaryota;Discosea;Longamoebia__c;Longamoebia;NA;NA;NA
0f015d7928cc39c8f38d00c800cc9a1d,Eukaryota;Bacillariophyta;Coscinodiscophyceae;Rhizosoleniales;Rhizosoleniaceae;NA;NA
b06882ec26b0280f9f8378911b301524,Eukaryota;Cnidaria;Hydrozoa;Leptothecata;NA;NA;NA
a66828f4b2ec5cc3ed9d13965a6c67f2,Eukaryota;Arthropoda;Insecta;Hemiptera;NA;NA;NA
101f0ae9adcfe95074d673e2b5c7f2ee,Eukaryota;Bacillariophyta;Mediophyceae;Hemiaulales;Hemiaulaceae;NA;NA
db278828d5e06b59c632eaee5d23b76c,Eukaryota;Oomycota;Saprolegniales__c;Saprolegniales;NA;NA;NA
25aa6a3f468978199adc458b2b4bef10,Eukaryota;Oomycota;Peronosporales__c;Peronosporales;NA;NA;NA
d8cf34defcae0cc5623d5120c03aec48,Eukaryota;Phaeophyceae__p;Phaeophyceae;Dictyotales;NA;NA;NA
80b1fe1fe7a2cc4390c4b8e42cb54d5f,Eukaryota;Arthropoda;Arachnida;Ixodida;NA;NA;NA
2b87d7b27ad5cfce3c01766c5d8929ef,Eukaryota;Arthropoda;Insecta;Neuroptera;NA;NA;NA
3ea1d4890546f71903be53f6f09b75c1,Eukaryota;Arthropoda;Insecta;Diptera;NA;NA;NA
d77130390968118c50b0421ee522f642,Eukaryota;Oomycota;Peronosporales__c;Peronosporales;NA;NA;NA
edb6b8012d436bea10f3331e1c210997,Eukaryota;Cnidaria;Hydrozoa;Anthoathecata;Pandeidae;Halitholus;Halitholus sp_ PS_2018
b9bb4c25a75d2ea3baf3476d8c5def9a,Environmental Unknown;NA;NA;NA;NA;NA;NA
afdb9d93b0564822e5061c77377acbc6,Eukaryota;Rhodophyta;Florideophyceae;Gigartinales;NA;NA;NA
7fc754cf3524041f46c9ffe3d6046dae,Eukaryota;Cryptophyceae__p;Cryptophyceae;Cyathomonadacea;NA;NA;NA
49235898f8664505e53a9ba621495b18,Eukaryota;Mollusca;Gastropoda;Neogastropoda;NA;NA;NA
6c775ba9ecfc201c02cc8ab3ac45285e,Eukaryota;Haptophyta;Isochrysidales__c;Isochrysidales;NA;NA;NA
6d0383eec8ac262f61038a35219c202d,Eukaryota;Arthropoda;Insecta;Diptera;NA;NA;NA
c98e1bbb30ff9441c9e36a423b11ee9f,Eukaryota;Arthropoda;Arachnida;Araneae;NA;NA;NA
59b94814aa77ae0bae7cdc3d4dbf5267,Eukaryota;Arthropoda;Insecta;Hemiptera;NA;NA;NA
ff3aa42c80bce1904b559679beb44c5f,Eukaryota;Oomycota;Saprolegniales__c;Saprolegniales;NA;NA;NA
7d29ec867b63f106868b0e98f253a15b,Eukaryota;Rhodophyta;Florideophyceae;Gigartinales;NA;NA;NA
b7de5bbf7be3dc81de805d0dcdcdc3c5,Eukaryota;Arthropoda;Insecta;Diptera;NA;NA;NA
66c6d0af59c178e12b28b3479bfc7de5,Eukaryota;Arthropoda;Hexanauplia;Calanoida;Acartiidae;Acartia;Acartia longiremis
4f8473eca91161832b7b621cecbfcbca,Eukaryota;Bacillariophyta;Coscinodiscophyceae;Thalassiosirales;Thalassiosiraceae;Thalassiosira;Thalassiosira nordenskioeldii
57ceda8f887408fc6e927eb5d93629f6,Eukaryota;Arthropoda;Arachnida;Araneae;NA;NA;NA
10f363b5cfc24755c27d827fdfd85b01,Eukaryota;Arthropoda;Insecta;Coleoptera;NA;NA;NA
328e1bb9ef2a412a5d28e7b993924d09,Eukaryota;Chlorophyta;Mamiellophyceae;Mamiellales;Bathycoccaceae;Bathycoccus;Bathycoccus prasinos
efaf2aa5ba9df349a941b74ccc875356,Eukaryota;Basidiomycota;Agaricomycetes;Boletales;NA;NA;NA
a7486a1cc7484c5e2699ef95691a006c,Eukaryota;Nemertea;Palaeonemertea;NA;NA;NA;NA
12b1ac39ab7bf1c0b8a53484db288084,Eukaryota;Phaeophyceae__p;Phaeophyceae;Dictyotales;NA;NA;NA
4803d6ee37fb674c668bcb993c1435de,Eukaryota;Cnidaria;Hydrozoa;Leptothecata;Eirenidae;Eutonina;Eutonina indicans
b1a876872792ba44d96441b2ccd12ab5,Eukaryota;Oomycota;Saprolegniales__c;Saprolegniales;NA;NA;NA
cea6523afdb32ad02bf7f1e5b9307300,Eukaryota;Cnidaria;Hydrozoa;Anthoathecata;Pandeidae;Halitholus;Halitholus sp_ PS_2018
a3d844ce309d53b347769cc990d22be0,Eukaryota;Arthropoda;Insecta;Diptera;NA;NA;NA
507980209b66e03e657c23db43ebb724,Eukaryota;Arthropoda;Insecta;Diptera;NA;NA;NA
f358f5a910d7716d3ce21cfe7b089c4d,Eukaryota;Bacillariophyta;Fragilariophyceae;Fragilariales;NA;NA;NA
cff9d16dca078b3715ed51c101be8628,Eukaryota;Arthropoda;Insecta;NA;NA;NA;NA
117b0a335b73fe6c751f985bfc73e794,Unknown;NA;NA;NA;NA;NA;NA
65bbdf8bf868a88f9186a7898234a67b,Eukaryota;Haptophyta;Phaeocystales__c;Phaeocystales;NA;NA;NA
f2730dea69ba6d583b6d704700b59e2c,Eukaryota;Discosea;Longamoebia__c;Longamoebia;Acanthamoebidae;NA;NA
483458242e0c662fc4b19efc82de38fd,Eukaryota;Oomycota;Peronosporales__c;Peronosporales;NA;NA;NA
d3354632876d83ca6c5e9bf037200a49,Eukaryota;Arthropoda;Hexanauplia;Calanoida;Clausocalanidae;Pseudocalanus;Pseudocalanus mimus
10adb6c3c5fca44f80b43c2a159126c1,Eukaryota;Rhodophyta;Florideophyceae;Gigartinales;NA;NA;NA
af175cdd0e0e7ac98d95129608bfd5f7,Eukaryota;Bacillariophyta;Coscinodiscophyceae;Thalassiosirales;NA;NA;NA
ad7391902510f355effd48dd42394522,Eukaryota;Eustigmatophyceae__p;Eustigmatophyceae;Eustigmatales;NA;NA;NA
df661b28cc904c110122885ce7b22461,Eukaryota;Annelida;Polychaeta;Maldanidae__o;NA;NA;NA
03287cb5d4427f80c332fe0509c7a89d,Eukaryota;Discosea;Longamoebia__c;Longamoebia;NA;NA;NA
739cd7dff91bb1f254f36a7605e9fa61,Eukaryota;Phaeophyceae__p;Phaeophyceae;Ectocarpales;NA;NA;NA
7ebe9c2f2aa662a71e4f70cac580c8b8,Eukaryota;Arthropoda;Insecta;Diptera;NA;NA;NA
2bd77c566fa01884a1888e90e755b8b4,Eukaryota;Porifera;Demospongiae;Bubarida;NA;NA;NA
f9166dffb93765182155c6eb9674c6de,Eukaryota;Discosea;Flabellinia;Dactylopodida;Paramoebidae;NA;NA
0bca880f26984d74b05de9996f76090b,Eukaryota;Arthropoda;Insecta;Hemiptera;NA;NA;NA
d8c7fc9e7d1df8247d7587be69f2c1b6,Eukaryota;Raphidophyceae__p;Raphidophyceae;Haramonas__f__o;NA;NA;NA
1b67d5d2bb300a8726b6f41d0999a845,Eukaryota;Discosea;Longamoebia__c;Longamoebia;Acanthamoebidae;NA;NA
ea5a56c5265e17cc4043a7d4f3e80317,Eukaryota;Arthropoda;Hexanauplia;Calanoida;Acartiidae;Acartia;Acartia longiremis
98a27deb57956d00f35e36d283389c96,Eukaryota;Arthropoda;Insecta;Diptera;NA;NA;NA
0c2716b376c43e704e6019c8fe5dea5a,Eukaryota;Rhodophyta;Florideophyceae;Ceramiales;NA;NA;NA
01bc32d817bc5bd5f2f0f616e53bc82a,Eukaryota;Basidiomycota;Agaricomycetes;Agaricales;NA;NA;NA
cdbe24ed52ca0c452345d4b3b6a5efe5,Eukaryota;Phaeophyceae__p;Phaeophyceae;Ectocarpales;NA;NA;NA
4f520fc1200148da9fc0d5c1027fe50b,Eukaryota;Phaeophyceae__p;Phaeophyceae;Dictyotales;NA;NA;NA
3d14512045cfbc349df67d5e7fc93cd7,Eukaryota;Arthropoda;Malacostraca;Decapoda;NA;NA;NA
0dee081d21025898e8a3b9b7a0e44355,Eukaryota;Phaeophyceae__p;Phaeophyceae;Laminariales;NA;NA;NA
d5c681a2eb6e6fd41e2b4d35105d021b,Eukaryota;Arthropoda;Insecta;Lepidoptera;NA;NA;NA
249d6b0fa648188bf4785dbfdc1b49be,Eukaryota;Arthropoda;Insecta;Coleoptera;NA;NA;NA
e200f381b3939e80ca4c886839990751,Eukaryota;Arthropoda;Hexanauplia;Calanoida;Clausocalanidae;Pseudocalanus;Pseudocalanus mimus
818be26af14171d47f48d44753eaaed8,Eukaryota;Oomycota;Saprolegniales__c;NA;NA;NA;NA
994d3292e15baedc2ca3d3dd9ade65e2,Eukaryota;Bacillariophyta;Coscinodiscophyceae;Thalassiosirales;NA;NA;NA
7d1cfc61f0d07c26a990a99a92b55b20,Eukaryota;Arthropoda;Insecta;Diptera;NA;NA;NA
1253cc612f7395c2df30a6a21b8b8ddc,Eukaryota;Discosea;Flabellinia;Dactylopodida;NA;NA;NA
71f6774f2a8aee5a8e6554cc4ff99422,Eukaryota;Annelida;Polychaeta;Phyllodocida;Phyllodocidae;NA;NA
792c1b4677b5f58778a6cb4018ee6938,Eukaryota;Bacillariophyta;Coscinodiscophyceae;Stephanodiscales;Stephanodiscaceae;NA;NA
4f09a3cb5f1a7c6dde9b909ee8ab9042,Eukaryota;Oomycota;Peronosporales__c;Peronosporales;NA;NA;NA
05160260d33766e34d4fccb02135871a,Eukaryota;Cnidaria;Hydrozoa;Leptothecata;NA;NA;NA
91e86ac04c7084c5a16a6ea77099f954,Eukaryota;Annelida;Polychaeta;Phyllodocida;Phyllodocidae;Eteone;Eteone sp_ CMC04
1c4edac00a139dd3d78aab0bedce5845,Eukaryota;Phaeophyceae__p;Phaeophyceae;Ectocarpales;NA;NA;NA
7c4859cf6561d80b5735e89b92492a53,Unknown;NA;NA;NA;NA;NA;NA
1ba3d6e71684466d3732991f535f141b,Eukaryota;Arthropoda;Hexanauplia;Calanoida;Clausocalanidae;Pseudocalanus;Pseudocalanus mimus
1fb14d9e2d7a5797d37157ce3c8609fa,Eukaryota;Cryptophyceae__p;Cryptophyceae;Cyathomonadacea;NA;NA;NA
a226a81e22dc134270068bcfcd0ae9b7,Eukaryota;Haptophyta;Prymnesiales__c;Prymnesiales;NA;NA;NA
8bcdfdd5020c60232841829b9d111a41,Eukaryota;Porifera;Demospongiae;Bubarida;NA;NA;NA
38c864950491a1d9d20e79397f2726b0,Eukaryota;Oomycota;Pythiales__c;Pythiales;NA;NA;NA
65d9b2fdedaba2708519d5a0a9b6c01c,Eukaryota;Chlorophyta;Mamiellophyceae;Mamiellales;Bathycoccaceae;Bathycoccus;Bathycoccus prasinos
a3891802beb25570de2d8641a533b55b,Eukaryota;Cnidaria;Hydrozoa;NA;NA;NA;NA
38bf54e3ce05fb2924dab787ec17d5b1,Eukaryota;Oomycota;Saprolegniales__c;Saprolegniales;NA;NA;NA
a285a7e329b34749557402877a15b770,Eukaryota;Haptophyta;Phaeocystales__c;Phaeocystales;Phaeocystaceae;NA;NA
55b3034c54b9eecb7b2dfbb07e84b943,Eukaryota;Arthropoda;Insecta;Hymenoptera;NA;NA;NA
291d54ec599e8afeccd78392d8290c7f,Eukaryota;Arthropoda;Insecta;Diptera;NA;NA;NA
e4c0c612fb112c99bb6059ec5cc9e463,Eukaryota;Arthropoda;Insecta;Coleoptera;NA;NA;NA
32103a9df0843daf366143efb1a27ebd,Eukaryota;Bacillariophyta;Bacillariophyceae;Naviculales;NA;NA;NA
8b296bbc6e2b208866a72caa0e560e27,Eukaryota;Annelida;Polychaeta;Sabellida;Sabellariidae;Neosabellaria;Neosabellaria cementarium
5f51f563ce4def6717c91e08b0b2001d,Eukaryota;Cnidaria;Hydrozoa;Leptothecata;NA;NA;NA
5ef6656d700ec0c13ac558480e522a69,Eukaryota;Cnidaria;Hydrozoa;Anthoathecata;NA;NA;NA
4d504680c62a76fad8ded1f440f81179,Eukaryota;Arthropoda;Hexanauplia;Calanoida;Clausocalanidae;Pseudocalanus;Pseudocalanus mimus
8c57ca44e6682007a89558115a1167b8,Eukaryota;Discosea;Longamoebia__c;Longamoebia;NA;NA;NA
2211c120354d5b8e54b1aa6000ccde1e,Eukaryota;Cnidaria;Hydrozoa;Leptothecata;Eirenidae;Eutonina;Eutonina indicans
580599421c93408894c080f766cf4bd1,Eukaryota;Bacillariophyta;Mediophyceae;Lithodesmiales;Lithodesmiaceae;NA;NA
7d34343ed7fa70d5176d5f9e85259328,Eukaryota;Cnidaria;Hydrozoa;Anthoathecata;Corymorphidae;Euphysa;NA
9f3be7148cabe92b454b8988389f68e8,Eukaryota;Arthropoda;Hexanauplia;Calanoida;Clausocalanidae;Pseudocalanus;Pseudocalanus mimus
d814bea1e9391fb057725bac97cacb01,Eukaryota;Arthropoda;Hexanauplia;Calanoida;Acartiidae;Acartia;Acartia longiremis
b640772d61c7e5cee28f9d1a8d1ff16f,Eukaryota;Chrysophyceae__p;Chrysophyceae;Chromulinales;NA;NA;NA
8e7fe06f118bbfd44c63165091a53549,Eukaryota;Arthropoda;Insecta;Diptera;NA;NA;NA
9080cf94846a934074df4d0017e0a6a3,Eukaryota;Bacillariophyta;Bacillariophyceae;Bacillariales;Bacillariaceae;NA;NA
7587ce069c3e85496a60c4c1e3155e50,Eukaryota;Cryptophyceae__p;Cryptophyceae;Cyathomonadacea;NA;NA;NA
02dc33d499d01ebe4392a1afc4019dae,Eukaryota;Arthropoda;Arachnida;Araneae;NA;NA;NA
ca23d9f26adbde2b8e6d9e99be750c11,Eukaryota;Cnidaria;Hydrozoa;Anthoathecata;NA;NA;NA
0e03b859f34c3b42200b5efb741edc5b,Eukaryota;Arthropoda;Insecta;Diptera;NA;NA;NA
eb266ab8160d7baad9b8172b93089303,Eukaryota;Haptophyta;Prymnesiales__c;Prymnesiales;NA;NA;NA
7c79945fe51b50cd255f4fd28ea6c7eb,Eukaryota;Arthropoda;Insecta;Coleoptera;NA;NA;NA
cd7828b69aba41a1bee26b8564c3126f,Eukaryota;Haptophyta;Phaeocystales__c;Phaeocystales;Phaeocystaceae;NA;NA
82eb6a07b68ce5b77f8f65f1efd7e3b8,Eukaryota;Arthropoda;Hexanauplia;Calanoida;Clausocalanidae;Pseudocalanus;Pseudocalanus mimus
7bd8a3612afb9c530f41214ff6b5fa40,Eukaryota;Phaeophyceae__p;Phaeophyceae;Ectocarpales;NA;NA;NA
e1aad341c26b22ed8c65469cfa814b24,Eukaryota;Haptophyta;Phaeocystales__c;Phaeocystales;NA;NA;NA
f3e275a54ec0d7ae7537782398f14048,Eukaryota;Annelida;Polychaeta;NA;NA;NA;NA
7e8094ce4c21579b0240c86b65edb64d,Eukaryota;Annelida;Polychaeta;Spionida;Spionidae;Spiophanes;Spiophanes hakaiensis
640c750dc72e83723dfd781b7e0083ad,Eukaryota;Arthropoda;Hexanauplia;Calanoida;Clausocalanidae;Pseudocalanus;Pseudocalanus acuspes
e6a269fbae334aa878bf5f2b08dd805a,Eukaryota;Arthropoda;Insecta;Diptera;NA;NA;NA
9563b2f5d9b0b391a8ddd51932f14498,Eukaryota;Oomycota;Peronosporales__c;Peronosporales;NA;NA;NA
96d557e22d02f99f59d94c9ac64a1907,Unknown;NA;NA;NA;NA;NA;NA
8860264bcf310204d7b8ca031cf5e922,Eukaryota;Oomycota;Haptoglossa__f__o__c;Haptoglossa__f__o;NA;NA;NA
e4fab3b40405e0d5af7ab33e20c03447,Eukaryota;Haptophyta;Prymnesiales__c;Prymnesiales;NA;NA;NA
18108ef3a0b6db2cfb58d5284cda7381,Eukaryota;Mollusca;Gastropoda;Neogastropoda;NA;NA;NA
af28324965cf7d0b3ab7159e0be138b9,Eukaryota;Arthropoda;Insecta;Coleoptera;NA;NA;NA
04544a5dbd30071a2ae12dc2cb03121f,Eukaryota;Arthropoda;Collembola;NA;NA;NA;NA
d63f428a62309ae37aca5fbfa98b51e2,Eukaryota;Annelida;Polychaeta;Sabellida;Sabellariidae;Neosabellaria;Neosabellaria cementarium
264d2de04dd6c8de0db6da54889b46dc,Eukaryota;Oomycota;Peronosporales__c;Peronosporales;NA;NA;NA
3b92d02e25e184719432795f9e94f420,Eukaryota;Arthropoda;Hexanauplia;Calanoida;Acartiidae;Acartia;Acartia californiensis
897d68aa36b053233838e38a33282722,Eukaryota;Discosea;Flabellinia;Dactylopodida;NA;NA;NA
b71b2ad9be8eb16bb17e14907fd4c6a2,Eukaryota;Arthropoda;Hexanauplia;Calanoida;Acartiidae;Acartia;Acartia longiremis
9e3dea10ab91393c21c703b40e2fb42e,Eukaryota;Cnidaria;Hydrozoa;Leptothecata;Eirenidae;Eutonina;Eutonina indicans
94974e460ae73efb7b2fec0c851fcd68,Eukaryota;Mollusca;Gastropoda;Neogastropoda;NA;NA;NA
bd2babe59ae4ea2058fb7bb1bf507fbc,Eukaryota;Oomycota;Saprolegniales__c;Saprolegniales;NA;NA;NA
719406ba9421a28855fc14061c7b7ef4,Eukaryota;Arthropoda;Arachnida;Sarcoptiformes;Acaridae;Tyrophagus;Tyrophagus fanetzhangorum
a0e6b1cc427b6b92158a206b9ef70759,Eukaryota;Haptophyta;Prymnesiales__c;Prymnesiales;NA;NA;NA
bb7c30b071bf0517830001851a8eab53,Eukaryota;Haptophyta;Prymnesiales__c;Prymnesiales;NA;NA;NA
795ed7ac75ebc87980856bd1f29ed9fe,Eukaryota;Arthropoda;Collembola;Poduromorpha;NA;NA;NA
56538588cdc925fa4c5d9883572cff79,Eukaryota;Arthropoda;Insecta;Coleoptera;NA;NA;NA
3940ac7e19bb02a3fe5546347fcf1d7c,Eukaryota;Nemertea;Enopla;Monostilifera;NA;NA;NA
63dca81495019147d8766360bb5f9f61,Eukaryota;Phaeophyceae__p;Phaeophyceae;Laminariales;NA;NA;NA
127529d069b6d81608b623bb3a856c40,Eukaryota;Bacillariophyta;Fragilariophyceae;Fragilariales;Fragilariaceae;Asterionellopsis;Asterionellopsis lenisilicea
5a24deb4af83dcf9543742bf3d678f62,Eukaryota;Mollusca;Gastropoda;Stylommatophora;NA;NA;NA
9509468be3ec1d0124e5bf4653028725,Eukaryota;Dictyochophyceae__p;Dictyochophyceae;Dictyochales;Dictyochaceae;Dictyocha;Dictyocha speculum
5fa61b4ae40e6939485819a290095dcb,Eukaryota;Cnidaria;Hydrozoa;Leptothecata;Eirenidae;Eutonina;Eutonina indicans
99ffebd5b430c6951f51d0e9f3d55798,Eukaryota;Arthropoda;Hexanauplia;Calanoida;Clausocalanidae;Pseudocalanus;Pseudocalanus mimus
07a5bc4116992aea9c2bbaab89c4ab09,Eukaryota;Arthropoda;Arachnida;Araneae;NA;NA;NA
2bc025f5032d882248a4a83b80d5b985,Eukaryota;Cnidaria;Hydrozoa;Leptothecata;Eirenidae;Eutonina;Eutonina indicans
24761b0098f4f173640c3b79e166e38e,Eukaryota;Phaeophyceae__p;Phaeophyceae;Ectocarpales;NA;NA;NA
213d4363315a5f470718c5f40f6244d6,Eukaryota;Arthropoda;Insecta;Hemiptera;NA;NA;NA
b1a9714ed560350e4d71ea56f70cd448,Eukaryota;Bacillariophyta;Mediophyceae;Cymatosirales;Cymatosiraceae;Minutocellus;Minutocellus polymorphus
2d2789f284e179aa29d2285f446c8a34,Eukaryota;Dinophyceae__p;Dinophyceae;Peridiniales;Peridiniaceae;NA;NA
e0c67ab3b6b94beecd065ed86fb2d42e,Eukaryota;Bacillariophyta;Coscinodiscophyceae;Thalassiosirales;NA;NA;NA
39cdb8b7465ef9b2c1c56b17b7f4e0da,Eukaryota;Bigyra__p;Bigyra;Thraustochytrida;NA;NA;NA
3843841af91b118c1148241a0076e6c3,Eukaryota;Bacillariophyta;Coscinodiscophyceae;Chaetocerotales;Chaetocerotaceae;NA;NA
43f3e5656727028c62558ae7802512e6,Eukaryota;Mollusca;Gastropoda;Planorbidae__o;NA;NA;NA
1ba11a51b622865b42954d3c4486d406,Eukaryota;Annelida;Polychaeta;Sabellida;Sabellariidae;Neosabellaria;Neosabellaria cementarium
7bebb24aac59dcf840669c43c9732bed,Eukaryota;Oomycota;Haptoglossa__f__o__c;Haptoglossa__f__o;Haptoglossa__f;NA;NA
9234c16dff1c1ceb1a9f0c998c1b8700,Eukaryota;Discosea;Flabellinia;Dactylopodida;NA;NA;NA
4e497196efca12d92ae2cb953d02cd30,Eukaryota;Phaeophyceae__p;Phaeophyceae;Ectocarpales;NA;NA;NA
18edb38c757ddaa67e5b36c09a0889f6,Eukaryota;Arthropoda;Insecta;Siphonaptera;NA;NA;NA
8fd33b5b55e82e5766a5fb452bdaf652,Eukaryota;Echinodermata;Crinoidea;NA;NA;NA;NA
39fa2c45ff6a97b53e409d268ebf50f8,Eukaryota;Phaeophyceae__p;Phaeophyceae;NA;NA;NA;NA
64740bace942bcc4cb6172a1276ea306,Eukaryota;Oomycota;Pythiales__c;Pythiales;NA;NA;NA
ca34fcc99283b151181d3828a097e1d6,Eukaryota;Arthropoda;Hexanauplia;Calanoida;Temoridae;NA;NA
c0d5f2d62521caa9bc113b546891bf6d,Eukaryota;Arthropoda;Insecta;Lepidoptera;NA;NA;NA
c5fd72a53a91103ac2eb779ccc3e4887,Eukaryota;Cnidaria;Hydrozoa;Leptothecata;NA;NA;NA
7b3fb6c2ccfc3f6069cd3b75e8dc3161,Eukaryota;Cnidaria;Hydrozoa;Leptothecata;Eirenidae;Eutonina;Eutonina indicans
11cbe1cdfd89565af1ba7537281097bf,Eukaryota;Bacillariophyta;Mediophyceae;Lithodesmiales;NA;NA;NA
2f1f2b489ae0d9cc79087cbbd3ab9711,Eukaryota;Bacillariophyta;Coscinodiscophyceae;Rhizosoleniales;Rhizosoleniaceae;NA;NA
177b139b31b472e2a4993f75bb751e32,Eukaryota;Nemertea;Enopla;Monostilifera;NA;NA;NA
8b31803e04ed3c43b26c76b691987833,Eukaryota;Chlorophyta;NA;NA;NA;NA;NA
158d2e3e136366181e6d363535d85865,Eukaryota;Oomycota;Peronosporales__c;Peronosporales;NA;NA;NA
eb7866a803bab06f4ad5bc999eb9ed85,Eukaryota;Arthropoda;Hexanauplia;Calanoida;Calanidae;Calanus;Calanus pacificus
a8be87b28e6d03c697cafa7217f01f44,Eukaryota;Discosea;Himatismenida__c;Himatismenida;NA;NA;NA
acf588d28e64af5996744c8761768c92,Eukaryota;Arthropoda;Hexanauplia;Calanoida;Clausocalanidae;Pseudocalanus;Pseudocalanus moultoni
82b9b7cb88cddccca037c9cfacd03ec1,Eukaryota;Rhodophyta;Florideophyceae;Gigartinales;NA;NA;NA
fd686304f25ab1278a80eb7037661188,Eukaryota;Haptophyta;Phaeocystales__c;Phaeocystales;NA;NA;NA
c8bd938baa4a16ac2b381efc74f6407a,Eukaryota;Cnidaria;Hydrozoa;Leptothecata;Eirenidae;Eutonina;Eutonina indicans
9fdbb2e163ea3e7d8f0d4247cb5d88ac,Eukaryota;Chlorophyta;Mamiellophyceae;Mamiellales;Bathycoccaceae;Bathycoccus;Bathycoccus prasinos
69435725527829a37eaf7a36c08fb1f1,Eukaryota;Arthropoda;Insecta;Neuroptera;NA;NA;NA
28b651899af2a54b3463438075eeb475,Eukaryota;Cnidaria;Hydrozoa;Anthoathecata;Pandeidae;Halitholus;Halitholus sp_ PS_2018
0ecd1dfff352977cbbf27c8ea55c017f,Eukaryota;Phaeophyceae__p;Phaeophyceae;Dictyotales;NA;NA;NA
45a3874dd4a5c944f287b2474f98462c,Eukaryota;Discosea;Flabellinia;Dactylopodida;NA;NA;NA
219619d1560f58b9e786198d14dce28a,Eukaryota;Phaeophyceae__p;Phaeophyceae;NA;NA;NA;NA
dbf6fe4502f42fb4b3544d4ee70cd7a5,Eukaryota;Rotifera;Eurotatoria;Ploima;NA;NA;NA
365aeacab206ea74c9e661bfaafc42c5,Eukaryota;Mollusca;Gastropoda;NA;NA;NA;NA
f060e86adb39a4c2c428442e75a605db,Eukaryota;Arthropoda;Thecostraca;Balanomorpha;Balanidae;Balanus;Balanus nubilus
f1d3f42c29f892ec025bb511f74ee3ff,Eukaryota;Bacillariophyta;Bacillariophyceae;Bacillariales;Bacillariaceae;Pseudo_nitzschia;Pseudo_nitzschia cuspidata
87586f0f1e7206933d2c255d137cf4bd,Eukaryota;Arthropoda;Insecta;Psocoptera;Trogiidae;Cerobasis;Cerobasis guestfalica
30373ec7125337c5587564a9261e610c,Eukaryota;Bacillariophyta;Mediophyceae;Lithodesmiales;Lithodesmiaceae;NA;NA
28747d9ffc489342294ae351a9ab3285,Eukaryota;Bacillariophyta;Mediophyceae;Lithodesmiales;NA;NA;NA
3d55514c78ee22f2068643e61d0ea9a5,Eukaryota;Oomycota;Pythiales__c;Pythiales;NA;NA;NA
9f89c11fc5599452ba9b7b59e55e4f8f,Eukaryota;Arthropoda;Arachnida;Araneae;NA;NA;NA
41fcbbfbdb40bab0addc2a736cfe31fd,Eukaryota;Mollusca;Gastropoda;Stylommatophora;NA;NA;NA
2f1a4591c178fa640b1fe86997905ab2,Eukaryota;Annelida;Clitellata;Hirudinida;NA;NA;NA
fa62b999549de993b6dce5468747699a,Eukaryota;Cnidaria;Hydrozoa;Leptothecata;NA;NA;NA
b2a728795e8991f07a6e0fb29acf940a,Eukaryota;Arthropoda;Insecta;Diptera;NA;NA;NA
bf6884efb310460e5f9142f917fdbc1f,Eukaryota;Haptophyta;Isochrysidales__c;Isochrysidales;NA;NA;NA
ff801fd3fd41f22ed50d1905e1bcd27b,Eukaryota;Oomycota;Anisolpidiales__c;Anisolpidiales;NA;NA;NA
8eb71b5ba50b8dc2b90a44be265556e4,Eukaryota;Oomycota;Pythiales__c;Pythiales;NA;NA;NA
4e04e73a23c79ddf254c3a503c131b3c,Eukaryota;Bacillariophyta;Coscinodiscophyceae;Rhizosoleniales;Rhizosoleniaceae;NA;NA
36584be3dc6b540c652954583dec02e0,Eukaryota;Arthropoda;Insecta;Diptera;NA;NA;NA
1fdccbb7f7a78fc3f271bc9cc9a7d73c,Eukaryota;Oomycota;Haptoglossa__f__o__c;Haptoglossa__f__o;NA;NA;NA
b26ff862901e5d8c743e13b17014cd4c,Eukaryota;Cnidaria;Hydrozoa;Leptothecata;Eirenidae;Eutonina;Eutonina indicans
9486f0e93ec0c77432ef124d2520903c,Eukaryota;Haptophyta;Isochrysidales__c;Isochrysidales;Noelaerhabdaceae;NA;NA
87687d3fbc2aec982bb43cd9b8b021ee,Unknown;NA;NA;NA;NA;NA;NA
aee7d7dd8a6f7d76dafab3232457cad2,Eukaryota;Arthropoda;Arachnida;Araneae;NA;NA;NA
9684d6a8b043b151ff44e5c75b1e16f3,Eukaryota;Cnidaria;Hydrozoa;Trachymedusae;NA;NA;NA
07d2e528c42ddbd64397bede3bb5d4fd,Eukaryota;Arthropoda;Insecta;Lepidoptera;NA;NA;NA
72666a576dfa07ba537aa9846499a412,Eukaryota;Cnidaria;Hydrozoa;Leptothecata;NA;NA;NA
af435499cbb80469f58b1a35c383773d,Eukaryota;Discosea;Flabellinia;Dactylopodida;NA;NA;NA
e900377faeffb9203220e351372c01ae,Eukaryota;Bacillariophyta;Coscinodiscophyceae;Thalassiosirales;NA;NA;NA
328792507f4b196d18c515e755efe908,Eukaryota;Nemertea;Pilidiophora;Heteronemertea;Lineidae;Cerebratulus;Cerebratulus sp_ pink proboscis
8f0d5e98cb0535444d1f86df4c28e26c,Eukaryota;Cnidaria;Hydrozoa;Anthoathecata;Corynidae;Sarsia;Sarsia bella
2d51d16adaa786287e8c737832ef3815,Eukaryota;Arthropoda;Insecta;Diptera;NA;NA;NA
f843c787c2c9b89f89ff27a54ae6e164,Eukaryota;Arthropoda;Insecta;Ephemeroptera;NA;NA;NA
6ba3a132fba57752731ab6936bfd1ae0,Eukaryota;Oomycota;Peronosporales__c;Peronosporales;NA;NA;NA
45913514e4b3ccc6c29801bb9efae824,Eukaryota;Arthropoda;Insecta;Lepidoptera;NA;NA;NA
85beeb4f640807a0185f01b0d03b6a19,Eukaryota;Arthropoda;Insecta;Hymenoptera;NA;NA;NA
2c66eb54c6d917b3a6632d7bd89164c1,Eukaryota;Haptophyta;Phaeocystales__c;Phaeocystales;NA;NA;NA
2d999694b3f50a5688ff3a2720b0e632,Eukaryota;Oomycota;Peronosporales__c;Peronosporales;NA;NA;NA
ef158554eece0f1f6de4ffe5d293ff80,Eukaryota;Cryptophyceae__p;Cryptophyceae;Cyathomonadacea;NA;NA;NA
f91ca7a680e118d3d9a3d187ba7f48ed,Eukaryota;Arthropoda;Insecta;Coleoptera;NA;NA;NA
e411300a7b4c25d73389bfadf9cdefa0,Eukaryota;Oomycota;Pythiales__c;Pythiales;NA;NA;NA
75e13d5f5ecfb04392cc727182fd0df6,Eukaryota;Arthropoda;Insecta;Coleoptera;NA;NA;NA
e7ce07d576d516a9ffac641e5ff8663e,Eukaryota;Phaeophyceae__p;Phaeophyceae;Ectocarpales;NA;NA;NA
db5b5d849fc81e1a9c9b046d579120f2,Eukaryota;Chrysophyceae__p;Chrysophyceae;Chromulinales;NA;NA;NA
6efcd7e8d9dff966430b9a5ec10a9f3d,Eukaryota;Arthropoda;Insecta;Coleoptera;NA;NA;NA
7a70a250384cfd12351c72b09d32c376,Eukaryota;Mollusca;Gastropoda;Planorbidae__o;NA;NA;NA
ec0d7b849085a409628978f561a79ea0,Eukaryota;Arthropoda;Hexanauplia;Calanoida;Clausocalanidae;Pseudocalanus;Pseudocalanus mimus
bd1bfe821aadd2ee95dff140add43564,Eukaryota;Rotifera;Eurotatoria;Ploima;Synchaetidae;NA;NA
db628a0ec12a059cb21a6fb9a4416156,Eukaryota;Rotifera;Eurotatoria;Ploima;Synchaetidae;NA;NA
eba6a74456788dd760d976ab6711ccb0,Eukaryota;Arthropoda;Hexanauplia;Calanoida;Clausocalanidae;Pseudocalanus;Pseudocalanus mimus
9d11a90b001907bdcee9cec0cca41459,Unknown;NA;NA;NA;NA;NA;NA
aaae3519634781f1ff87af5d4ad689f9,Eukaryota;Oomycota;Peronosporales__c;Peronosporales;NA;NA;NA
a9a3a6a87487639f56d53f09e4093dd4,Eukaryota;Cnidaria;Hydrozoa;Leptothecata;NA;NA;NA
209453bbe816aff1bf0ef99e0a76d72d,Eukaryota;Arthropoda;Insecta;Diptera;NA;NA;NA
dc50a253361e2cb759588e37280f7da6,Eukaryota;Mollusca;Gastropoda;NA;NA;NA;NA
1481ddc974b9fd4bbf4db2278c92733f,Eukaryota;Oomycota;Haptoglossa__f__o__c;Haptoglossa__f__o;NA;NA;NA
cb8da7a301b6ab3ea278dbf563c9f164,Eukaryota;Cnidaria;Hydrozoa;Leptothecata;NA;NA;NA
3ed6f6c717a822af3fab546b981a331a,Eukaryota;Phaeophyceae__p;Phaeophyceae;Ectocarpales;NA;NA;NA
77094d803006ba59d66388a32fe9ef20,Eukaryota;Cnidaria;Hydrozoa;Leptothecata;NA;NA;NA
8bad9be6add2e5ad8a76bc356d12313e,Eukaryota;Evosea;Eumycetozoa;Physariida;NA;NA;NA
c01fa94a16146c8161a6f35dc4ac43e9,Eukaryota;Haptophyta;Phaeocystales__c;Phaeocystales;NA;NA;NA
e56766a5930c627580ff6569e4b6cbe2,Eukaryota;Rhodophyta;Florideophyceae;Peyssonneliales;NA;NA;NA
4f48042384b3a010c3de65257b0ab12f,Eukaryota;Phaeophyceae__p;Phaeophyceae;Ectocarpales;Chordariaceae;NA;NA
69d00e5d871de279a750a8f0ec44f45e,Eukaryota;Porifera;Demospongiae;Haplosclerida;NA;NA;NA
b581ec7541daf5e40aca073a3fde91e1,Eukaryota;Arthropoda;Insecta;NA;NA;NA;NA
dabb6318fe039779e7ff72b61f1ee60b,Eukaryota;Basidiomycota;Agaricomycetes;Boletales;NA;NA;NA
ee038f38f1f9490d08d152e19d77bef6,Eukaryota;Chrysophyceae__p;Chrysophyceae;Chromulinales;NA;NA;NA
117fa73558b11f4370826b8ef1fa0848,Eukaryota;Arthropoda;Insecta;Diptera;NA;NA;NA
6b3a79fb9edd08e0566ae24a22657571,Unknown;NA;NA;NA;NA;NA;NA
d6516f380cc1d69ef9c97e21508fe88b,Eukaryota;Arthropoda;Hexanauplia;Calanoida;Clausocalanidae;Pseudocalanus;Pseudocalanus mimus
0448bb27cd3af19c152a50e0d68a06cc,Eukaryota;Haptophyta;Prymnesiales__c;Prymnesiales;NA;NA;NA
3ea313d2e5cc02ef52b7c1133b438542,Eukaryota;Haptophyta;Phaeocystales__c;Phaeocystales;NA;NA;NA
9977901f94b0d64deab0eaffa546abe1,Eukaryota;Arthropoda;Hexanauplia;Calanoida;Clausocalanidae;Pseudocalanus;Pseudocalanus newmani
fa280ec127c50969685705bddc260872,Eukaryota;Phaeophyceae__p;Phaeophyceae;Dictyotales;NA;NA;NA
978d39487065007d0f5b4d32eb6f0845,Eukaryota;Oomycota;Saprolegniales__c;Saprolegniales;Saprolegniaceae;NA;NA
2a48dc87d7be6cda494eabf1c7c2b59b,Eukaryota;Cnidaria;Hydrozoa;Leptothecata;Mitrocomidae;Mitrocoma;Mitrocoma cellularia
f7c0bd40de316130c172289822a51c5b,Eukaryota;Bacillariophyta;Coscinodiscophyceae;Thalassiosirales;NA;NA;NA
c388981bb7169b3b931ecaacc5311339,Eukaryota;Bacillariophyta;Coscinodiscophyceae;Rhizosoleniales;Rhizosoleniaceae;NA;NA
a2c0940d9640f51bcb27791dad06b6a9,Eukaryota;Arthropoda;Insecta;NA;NA;NA;NA
490458b13ec8a34f2daf7d42caeb620d,Eukaryota;Oomycota;Peronosporales__c;Peronosporales;NA;NA;NA
8a8b07da5523ed4896abbbcf94c4ea4e,Eukaryota;Cnidaria;Hydrozoa;Leptothecata;Eirenidae;Eutonina;Eutonina indicans
941e6fabf3f47dbe627f1ed6cb1d02f3,Eukaryota;Dinophyceae__p;Dinophyceae;Gymnodiniales;Gymnodiniaceae;Margalefidinium;Margalefidinium polykrikoides
73cba2064a533aa9dd25f7f963d091df,Eukaryota;Chrysophyceae__p;Chrysophyceae;Chromulinales;NA;NA;NA
e0d57e3591ee3602c6eb137353267854,Eukaryota;Arthropoda;Hexanauplia;Calanoida;Clausocalanidae;Pseudocalanus;Pseudocalanus mimus
0b07cfaa76d3734ad5d6958462edd24e,Eukaryota;Discosea;Himatismenida__c;Himatismenida;NA;NA;NA
527986ffdbe0a32959540b0acad7bded,Environmental Unknown;NA;NA;NA;NA;NA;NA
74510f5ebd9d158f4d98b91ed075f753,Eukaryota;Cnidaria;Hydrozoa;Leptothecata;NA;NA;NA
6db4ce455b9fa3c53056da672255588e,Eukaryota;Arthropoda;Insecta;NA;NA;NA;NA
6241750cf3c5011b27e2b0c412aaec92,Eukaryota;Cnidaria;Hydrozoa;Anthoathecata;Corynidae;NA;NA
ca2c1503d29cddfdc0abc0939e999018,Eukaryota;Mollusca;Bivalvia;Cardiida;NA;NA;NA
9560cad1e214631eea0bf428c1cfad8c,Eukaryota;Haptophyta;Isochrysidales__c;Isochrysidales;Noelaerhabdaceae;NA;NA
151074f8eb4796fa5ad4158b62475f06,Eukaryota;Arthropoda;Insecta;Hymenoptera;NA;NA;NA
b27146d645ebce79323336a3064f8103,Eukaryota;Mollusca;Gastropoda;Nudibranchia;NA;NA;NA
28880ca53ab3624637b4c7ccec356efe,Eukaryota;Arthropoda;Hexanauplia;Calanoida;Clausocalanidae;Pseudocalanus;Pseudocalanus mimus
63afa57b31997e4c7abafc00a72515dc,Eukaryota;Phaeophyceae__p;Phaeophyceae;Ectocarpales;NA;NA;NA
1b878a956740726ff464f0eec2e6acd7,Eukaryota;Chlorophyta;Trebouxiophyceae;Picochlorum__f__o;NA;NA;NA
0a273059614096c0abf65ec3ac953864,Eukaryota;Arthropoda;Ostracoda;Myodocopida;Philomedidae;Euphilomedes;Euphilomedes carcharodonta
acc8a2d8b2956b68c34b69b6e0cd9fbd,Eukaryota;Cnidaria;Hydrozoa;Siphonophorae;NA;NA;NA
0bec30688cdb8b70e8aa0770fbc97d9c,Eukaryota;Synurophyceae__p;Synurophyceae;Ochromonadales;NA;NA;NA
68b8c54d5403bcdc4014074e44c8752a,Eukaryota;Bacillariophyta;Coscinodiscophyceae;Chaetocerotales;NA;NA;NA
1508a0cf7137c2151034a76f2d23812a,Eukaryota;Phaeophyceae__p;Phaeophyceae;Ectocarpales;NA;NA;NA
99a0293fd9fd5a5ee68b7831aa4151ed,Eukaryota;Arthropoda;Insecta;Hymenoptera;NA;NA;NA
d9981e9280b8ad99ef277b34894eaade,Eukaryota;Telonemida__c__p;Telonemida__c;Telonemida;NA;NA;NA
8d4ccfb04c76b44f863f6af254fd12e2,Eukaryota;Chrysoparadoxa__f__o__c__p;Chrysoparadoxa__f__o__c;Chrysoparadoxa__f__o;NA;NA;NA
2f118d4583684175a862abf752d12bad,Eukaryota;Arthropoda;Insecta;Coleoptera;NA;NA;NA
fc0fdbcb5125c98b704bfe386d20c484,Eukaryota;Arthropoda;Hexanauplia;Calanoida;Calanidae;Calanus;NA
fdaaed091f87cc3b599a1d509883abff,Eukaryota;Chlorophyta;Mamiellophyceae;Mamiellales;Bathycoccaceae;Bathycoccus;Bathycoccus prasinos
ae3f7be013e8e340bbf8a950742c6d61,Eukaryota;Arthropoda;Hexanauplia;Calanoida;Paracalanidae;Paracalanus;Paracalanus sp_ C AC_2013
a6a5a75fcd976470dfe6dd3581968903,Eukaryota;Haptophyta;Prymnesiales__c;Prymnesiales;NA;NA;NA
b3a5898692fddc7d9ec5061513a7320f,Eukaryota;Arthropoda;Hexanauplia;Calanoida;Paracalanidae;Paracalanus;Paracalanus sp_ C AC_2013
381f80268c3aa5f3c32cb9b9f6dc59f8,Eukaryota;Cnidaria;Hydrozoa;Leptothecata;Eirenidae;Eutonina;Eutonina indicans
80b93dc1ff5d7256c47b1b96ace1b38b,Eukaryota;Ascomycota;Leotiomycetes;Helotiales;Ploettnerulaceae;Rhynchobrunnera;Rhynchobrunnera orthospora
1e7d64122d273c20a9cfc2f67cb29488,Eukaryota;Phaeophyceae__p;Phaeophyceae;Dictyotales;NA;NA;NA
b8194ef726698739ca11c2b2e5b5e28c,Eukaryota;Arthropoda;Arachnida;Araneae;NA;NA;NA
6fcd15a3f5178d56019cbce672594a35,Eukaryota;Phaeophyceae__p;Phaeophyceae;Ectocarpales;NA;NA;NA
f5b727dd7191557b5e8da5467d7352af,Eukaryota;Chordata;Aves;NA;NA;NA;NA
8e19301019d2582d47cb45806e01705e,Eukaryota;Arthropoda;Insecta;Thysanoptera;Phlaeothripidae;NA;NA
30f317cb7be898d51fa2ba88b2a90993,Eukaryota;Bacillariophyta;Mediophyceae;Cymatosirales;Cymatosiraceae;Minutocellus;Minutocellus polymorphus
8c1d925f43a1bea34230eb8c981f1611,Eukaryota;Mollusca;Gastropoda;Planorbidae__o;NA;NA;NA
e6ce93e7ff02f3b95eddac999a9e7bb2,Eukaryota;Arthropoda;Insecta;Diptera;NA;NA;NA
d02db2e4c2b4ab351352f36143c01ecb,Eukaryota;Rhodophyta;Florideophyceae;Gigartinales;NA;NA;NA
8dd21e9bdc9612593db42d64fdbc66fb,Eukaryota;Cnidaria;Hydrozoa;Leptothecata;Eirenidae;Eutonina;Eutonina indicans
e2300aee8faa95292c4e857a90a0bd1b,Eukaryota;Cnidaria;Hydrozoa;Anthoathecata;NA;NA;NA
c97f3b56a7df727564ec5e69de2b7014,Eukaryota;Mollusca;Gastropoda;Neogastropoda;NA;NA;NA
4dc1723ae173be6ad862b66c7bd81f68,Eukaryota;Arthropoda;Insecta;Lepidoptera;NA;NA;NA
b5721e5183f831215bb1633fd21c6b11,Eukaryota;Annelida;Polychaeta;Maldanidae__o;NA;NA;NA
8d0cec1e2a6b52a6aa5f5368e3aa35fa,Eukaryota;Haptophyta;Isochrysidales__c;Isochrysidales;NA;NA;NA
06a257776bb9283be83e4bea8c6f29c6,Eukaryota;Ascomycota;Eurotiomycetes;Eurotiales;Aspergillaceae;Penicillium;NA
2ee57842e02ecc3d83640a9b0a52cedd,Eukaryota;Arthropoda;Insecta;Diptera;NA;NA;NA
cd8643214960d68d43a0b93666d42e83,Eukaryota;Dictyochophyceae__p;Dictyochophyceae;Dictyochales;Dictyochaceae;Dictyocha;Dictyocha speculum
0d952673e116bed5bdec860e25d51dba,Eukaryota;Cnidaria;Hydrozoa;Leptothecata;NA;NA;NA
f3eb022592968f4e47257372a82b1e17,Eukaryota;Cnidaria;Hydrozoa;Leptothecata;Eirenidae;Eutonina;Eutonina indicans
5af4f412bf29a0176b62c729d48337b4,Eukaryota;Bryozoa;Gymnolaemata;Cheilostomatida;Membraniporidae;Membranipora;Membranipora villosa
edebbcfdea6c2ecc2863d21b23e2bcfc,Eukaryota;Arthropoda;Insecta;Lepidoptera;NA;NA;NA
0ab86b06f4e50e6782c0c97138304c2d,Eukaryota;Bacillariophyta;Coscinodiscophyceae;Thalassiosirales;NA;NA;NA
c75311c6d8ae8282e451f0dc2d3955fa,Eukaryota;Rhodophyta;Florideophyceae;Batrachospermales;NA;NA;NA
78ffc4765f6f84d07651977034bbdf73,Unknown;NA;NA;NA;NA;NA;NA
005420aa0198b19a323cc585a85d5eea,Eukaryota;Arthropoda;Insecta;Lepidoptera;NA;NA;NA
f2353645d4db01c7f5aa7374953220e1,Eukaryota;Annelida;Polychaeta;Phyllodocida;Syllidae;Proceraea;Proceraea nigropunctata
4a6fe7f12d21888b0e92c3721e172cbd,Eukaryota;Oomycota;Saprolegniales__c;Saprolegniales;NA;NA;NA
8f691c8b7bd391867968c92cdcc1cc25,Eukaryota;Arthropoda;Insecta;Diptera;NA;NA;NA
b031084f461f74de618130430e62a31b,Eukaryota;Cryptophyceae__p;Cryptophyceae;Cyathomonadacea;NA;NA;NA
69db8d7052ed7a7402fc05ba9b1ace20,Eukaryota;Oomycota;Peronosporales__c;Peronosporales;NA;NA;NA
f101c0041de0365cbf795fd38f199c41,Eukaryota;Arthropoda;Hexanauplia;Calanoida;Acartiidae;Acartia;Acartia longiremis
bc31e32ec0ae52719884140ea8d919a4,Eukaryota;Arthropoda;Hexanauplia;Calanoida;Acartiidae;Acartia;Acartia longiremis
9295c18c0d98ff54c90c3b4b7d68bbbe,Eukaryota;Arthropoda;Insecta;Diptera;NA;NA;NA
91cbf9880d2185176e3f6244739c591e,Eukaryota;Arthropoda;Insecta;Hymenoptera;NA;NA;NA
41583f9a9547d6917667a1a11e993a94,Eukaryota;Arthropoda;Insecta;Coleoptera;NA;NA;NA
cc8c628849ac9e9a9bf1847e1d243f25,Eukaryota;Arthropoda;Insecta;Diptera;NA;NA;NA
084c1ced54263e202bb3465b60b931ce,Eukaryota;Annelida;Polychaeta;Spionida;Magelonidae;Magelona;Magelona sp_ CMC01
a713515ee3106535e7bc7c4f78aa0ed7,Eukaryota;Arthropoda;Hexanauplia;Calanoida;Clausocalanidae;Pseudocalanus;Pseudocalanus mimus
d4b38703af42a95ef334707b884f2985,Eukaryota;Chrysophyceae__p;Chrysophyceae;Chromulinales;NA;NA;NA
b7fc1fc2df53dce2be49068c7d51d454,Eukaryota;Chlorophyta;Trebouxiophyceae;Picochlorum__f__o;NA;NA;NA
29e6edfdbc9d8c8f7b54e93730f52859,Eukaryota;Oomycota;Haptoglossa__f__o__c;Haptoglossa__f__o;NA;NA;NA
de89fcf999c83166ff15dcad9f64c32a,Eukaryota;Cnidaria;Hydrozoa;Leptothecata;Eirenidae;Eutonina;Eutonina indicans
6b0f3d1f2278e563fe587a1b60227263,Eukaryota;Oomycota;Peronosporales__c;Peronosporales;NA;NA;NA
96300ac57364a36e34f9785ef51a37bd,Eukaryota;Arthropoda;Insecta;Lepidoptera;NA;NA;NA
882b30532753ce3f672adb4c3c4301e2,Eukaryota;Cnidaria;Hydrozoa;Anthoathecata;NA;NA;NA
63ca83da28b32f0c23ef801e0d406123,Eukaryota;Rotifera;Eurotatoria;Ploima;Synchaetidae;NA;NA
43b83ed315f13374df3632ae397a36eb,Eukaryota;Haptophyta;Phaeocystales__c;Phaeocystales;NA;NA;NA
c45a6ef0275531724cf527630908d83d,Eukaryota;Arthropoda;Hexanauplia;Calanoida;Paracalanidae;Paracalanus;Paracalanus sp_ C AC_2013
bf243f804bf79457d880baeb953fcf2f,Eukaryota;Basidiomycota;Agaricomycetes;Agaricales;NA;NA;NA
a52d37fc6a626e7aaa775217dc7907e3,Eukaryota;Phaeophyceae__p;Phaeophyceae;Ectocarpales;NA;NA;NA
4670eab2a925bd902eb88224c3553c39,Eukaryota;Oomycota;Saprolegniales__c;Saprolegniales;NA;NA;NA
60876d61583701bb26ee15c48d91760d,Unknown;NA;NA;NA;NA;NA;NA
2bfa55e1f0c06259cded33f35f913350,Eukaryota;Arthropoda;Hexanauplia;Calanoida;Clausocalanidae;Pseudocalanus;Pseudocalanus mimus
a01592a91d986201943fd167090bc7b8,Eukaryota;Bacillariophyta;Mediophyceae;Hemiaulales;NA;NA;NA
cea9bbcaa9d991fba8df1288708890e1,Eukaryota;Oomycota;Saprolegniales__c;Saprolegniales;NA;NA;NA
999e46418cd2b2e9226c455c97b4d013,Unknown;NA;NA;NA;NA;NA;NA
ef9396e68c2dacb6c8e9cb031a62d81d,Eukaryota;Phaeophyceae__p;Phaeophyceae;Dictyotales;NA;NA;NA
8fb2e8a7cc3876a1747ac45c8a42674d,Eukaryota;Arthropoda;Hexanauplia;Calanoida;Clausocalanidae;Pseudocalanus;Pseudocalanus mimus
bc8db90c43fa0a10b6fabf99c1569b85,Eukaryota;Cnidaria;Hydrozoa;Leptothecata;NA;NA;NA
6c5480636b1a20cf874e4dd9259f13ba,Eukaryota;Cnidaria;Hydrozoa;Leptothecata;NA;NA;NA
95d49488f970d1ae949a20c5763e46c2,Eukaryota;Cnidaria;Hydrozoa;Leptothecata;Eirenidae;Eutonina;Eutonina indicans
f8888b9a33f33cedb7596e5459f2b68e,Eukaryota;Rhodophyta;Florideophyceae;Gigartinales;NA;NA;NA
4c8227b9f8ce60fce16a62b4108b5fce,Environmental Unknown;NA;NA;NA;NA;NA;NA
07de54a2224d0a51b4bb95dea76a448e,Eukaryota;Mollusca;Gastropoda;Littorinimorpha;NA;NA;NA
330ae867c4ca01731fc529e005a4dbb3,Eukaryota;Arthropoda;Insecta;Diptera;NA;NA;NA
d8bbfad90c8262ea7d5ecf3647ab6db7,Environmental Unknown;NA;NA;NA;NA;NA;NA
4e51a3e386a712358e77e7ff5c3e232b,Eukaryota;Mollusca;Gastropoda;Planorbidae__o;NA;NA;NA
85346f1ea062704a8e9bd69b43e29bf3,Eukaryota;Arthropoda;Hexanauplia;Calanoida;Clausocalanidae;Pseudocalanus;Pseudocalanus mimus
ca238f2c2695160b4c2e4d015d1eabd9,Eukaryota;Echinodermata;Crinoidea;Comatulida;NA;NA;NA
e08ca73bc78a3f2c61dc14531a3af78f,Eukaryota;Ascomycota;Dothideomycetes;Cladosporiales;Cladosporiaceae;Cladosporium;Cladosporium sphaerospermum
cb9d77f4e242b230aaed5d731cd7c712,Eukaryota;Raphidophyceae__p;Raphidophyceae;Chattonellales;NA;NA;NA
d2e0e335658db71c7fd7c74ae79407f6,Eukaryota;Arthropoda;Insecta;Lepidoptera;NA;NA;NA
30e138853bb302a7db44613f21e67b8a,Eukaryota;Arthropoda;Insecta;Diptera;NA;NA;NA
204fd98a010996eed895ea803c82f77b,Eukaryota;Arthropoda;Hexanauplia;Calanoida;Clausocalanidae;Pseudocalanus;Pseudocalanus mimus
6731a897d1df94555f642b3db7fc20c4,Eukaryota;Raphidophyceae__p;Raphidophyceae;Chattonellales;NA;NA;NA
8d9fe8adcb21a671e8d785118e304403,Eukaryota;Phaeophyceae__p;Phaeophyceae;Ectocarpales;Chordariaceae;NA;NA
e8e7259f5eaf9ecc26fb017447e8db4f,Eukaryota;Arthropoda;Hexanauplia;Calanoida;Acartiidae;Acartia;Acartia longiremis
f67b5b1e9b50ca547713e314d0c07780,Eukaryota;Discosea;Longamoebia__c;NA;NA;NA;NA
e4a1565f7ec268a14c0fa4097c69d1a8,Eukaryota;Ascomycota;Sordariomycetes;Hypocreales;Ophiocordycipitaceae;NA;NA
9be0c015f96b1338a9fe1ffb83f472bb,Eukaryota;Haptophyta;Phaeocystales__c;Phaeocystales;NA;NA;NA
f3851dbb2ac96cd2a005a0b863eedb19,Eukaryota;Cnidaria;Hydrozoa;NA;NA;NA;NA
d537672b327310a3e61f1eaaf1f9e66c,Eukaryota;Oomycota;Peronosporales__c;Peronosporales;NA;NA;NA
5d6bf282600884b0f823cd2415741c7e,Unknown;NA;NA;NA;NA;NA;NA
0e4dca76fc78eee8ef0d4d86b190bddb,Eukaryota;Arthropoda;Hexanauplia;Calanoida;Clausocalanidae;Pseudocalanus;Pseudocalanus mimus
021491864ba6040ccee94248b4d996ac,Eukaryota;Oomycota;Haptoglossa__f__o__c;Haptoglossa__f__o;NA;NA;NA
b22ecc1ff5aa74877e3e47cfbe4c74f3,Eukaryota;Discosea;Flabellinia;Dactylopodida;NA;NA;NA
318c06fd0e9272999fbb797f6faa5bd5,Eukaryota;Arthropoda;Hexanauplia;Calanoida;Clausocalanidae;Pseudocalanus;Pseudocalanus mimus
d7d97bced8607fe8d8e5226db89c13d2,Eukaryota;Phaeophyceae__p;Phaeophyceae;Ectocarpales;NA;NA;NA
c855908d20c683a4e7402713163a9f09,Eukaryota;Arthropoda;Hexanauplia;Calanoida;Clausocalanidae;Pseudocalanus;Pseudocalanus mimus
4b6f75bc1b50e960e69910e994b4afe5,Eukaryota;Mollusca;Gastropoda;NA;NA;NA;NA
c625c0f171de44e45a5229320e6aa9d3,Eukaryota;Rhodophyta;Florideophyceae;Gigartinales;NA;NA;NA
0a0c31edbbd747025adf8325038f4f7a,Eukaryota;Arthropoda;Thecostraca;Balanomorpha;Balanidae;Balanus;NA
2562d3eb539825b8e03c4e1cdcea0c27,Eukaryota;Chlorophyta;Trebouxiophyceae;Prasiolales;NA;NA;NA
d74cb6c527a5f8d4fba6838bcec015d1,Eukaryota;Cnidaria;Hydrozoa;Leptothecata;Eirenidae;Eutonina;Eutonina indicans
2fe3848055d73de72d71cd742f7a3059,Eukaryota;Oomycota;Pythiales__c;Pythiales;NA;NA;NA
c8f0fd752be93c34cc3da2d285541b5c,Eukaryota;Bacillariophyta;Coscinodiscophyceae;Chaetocerotales;NA;NA;NA
a0e1012f64aaf24a1ccb85cac7be100b,Unknown;NA;NA;NA;NA;NA;NA
fd0f2670d68c7657156e7420bf0a067f,Eukaryota;Arthropoda;Hexanauplia;Calanoida;Paracalanidae;Paracalanus;Paracalanus sp_ C AC_2013
dfa286e2a1cf0acdb9e82c6561fa55d5,Eukaryota;Oomycota;Peronosporales__c;Peronosporales;NA;NA;NA
89591efb37d2a2275aaff2339f2390b3,Eukaryota;NA;NA;NA;NA;NA;NA
5ff912d3deb34763a5b52383c993e261,Eukaryota;Arthropoda;Hexanauplia;Calanoida;Clausocalanidae;Pseudocalanus;Pseudocalanus newmani
7f6adb651c914ec27a7db1ec7d6e3ad7,Eukaryota;Nemertea;Palaeonemertea;Carinomiformes;Carinomidae;Carinoma;Carinoma hamanako
c089897d13e8bd5fcdf227db0876d62c,Unknown;NA;NA;NA;NA;NA;NA
a75e7fb94cf8aa3a8e20aba2553ef52f,Eukaryota;Arthropoda;Insecta;NA;NA;NA;NA
26cdc6e6f38430845fe4a7c633aef941,Eukaryota;Oomycota;Haptoglossa__f__o__c;Haptoglossa__f__o;NA;NA;NA
aa825ab42da6a66d71a4e12bcc7422b2,Eukaryota;Cnidaria;Hydrozoa;Leptothecata;Clytiidae;Clytia;Clytia gregaria
cf4c634991cb0375de7325c4ec3b67c6,Eukaryota;Cnidaria;Hydrozoa;Leptothecata;Eirenidae;Eutonina;Eutonina indicans
9c876728de084ad30d7fe96f1cca352e,Eukaryota;Rotifera;Eurotatoria;Ploima;Synchaetidae;NA;NA
7f3c7c7c11f68184e057ca3261f2751e,Eukaryota;Arthropoda;Insecta;Lepidoptera;NA;NA;NA
10b61964c290104f0c58287be46250d3,Eukaryota;Phaeophyceae__p;Phaeophyceae;Ectocarpales;NA;NA;NA
948c24cee054f8856b082579cffec9e8,Eukaryota;Phaeophyceae__p;Phaeophyceae;NA;NA;NA;NA
cc3d39be9e83197cfc72c7907e7994d6,Eukaryota;Chlorophyta;Pyramimonadophyceae;Pyramimonadales;NA;NA;NA
4defb9bacd1dd235d787d1fbc2bfe181,Eukaryota;NA;NA;NA;NA;NA;NA
9a731cddc679c5f3fa4f5a3c48ebf2f0,Eukaryota;Arthropoda;Insecta;Diptera;NA;NA;NA
f23942707a3febf96b371ba9cb53858f,Eukaryota;Haptophyta;Phaeocystales__c;Phaeocystales;NA;NA;NA
2d0023b2a7595f76888e6e55cfa2e961,Eukaryota;Cnidaria;Anthozoa;Malacalcyonacea;NA;NA;NA
fd3c4d0a819e05614c0e035cd67bec5e,Eukaryota;Arthropoda;Arachnida;Araneae;NA;NA;NA
0cbcecfe056e99886a2d6510a09ba704,Eukaryota;Arthropoda;Insecta;NA;NA;NA;NA
35ce360d3c7356d627e3d140a7b502c2,Eukaryota;Arthropoda;Hexanauplia;Calanoida;Acartiidae;Acartia;Acartia longiremis
6adf31fdc1c51e7b6a6a0b0549cf9522,Eukaryota;Arthropoda;Insecta;Coleoptera;NA;NA;NA
7a1eed7bc995826c3ebb86861e6cdde1,Eukaryota;Arthropoda;Malacostraca;Euphausiacea;Euphausiidae;Thysanoessa;Thysanoessa spinifera
23b37bbc3bdf16d504a08559baa01dde,Eukaryota;Arthropoda;Insecta;Ephemeroptera;NA;NA;NA
3fa5646923197749eec74330273cb03b,Environmental Unknown;NA;NA;NA;NA;NA;NA
2b77f6532e9d5648091d82f1cc799801,Unknown;NA;NA;NA;NA;NA;NA
84a9f1211df57320061201c65ccf28cd,Eukaryota;Cnidaria;Hydrozoa;Anthoathecata;NA;NA;NA
3cb43190679a6862a9c563d31df4dfb3,Eukaryota;Cnidaria;Hydrozoa;Leptothecata;NA;NA;NA
b7f153ec72a5236f8b1fcddd475102a1,Eukaryota;Cryptophyceae__p;Cryptophyceae;Cyathomonadacea;NA;NA;NA
915e1706cdd1662a75c06026e26fec19,Eukaryota;Oomycota;Peronosporales__c;Peronosporales;NA;NA;NA
6b1143c264757f0fa556a3d7b856d698,Eukaryota;Discosea;Longamoebia__c;Longamoebia;Acanthamoebidae;Acanthamoeba;Acanthamoeba hatchetti
3a229fb3ddf2790e302a3ca566fac820,Eukaryota;Annelida;Polychaeta;Phyllodocida;Polynoidae;Lepidasthenia;Lepidasthenia berkeleyae
2d2ecdcb32390770031a5f790a03aaff,Eukaryota;Mollusca;Gastropoda;Stylommatophora;NA;NA;NA
dd15bc23212442e2f5e6fb7f157eab2b,Eukaryota;Porifera;Demospongiae;Axinellida;NA;NA;NA
4e269e4f9efd3562a68ff0b2587fb227,Unknown;NA;NA;NA;NA;NA;NA
720ba8ff282c80ea1b131e1589dd0b0d,Eukaryota;Arthropoda;Hexanauplia;Calanoida;Clausocalanidae;Pseudocalanus;Pseudocalanus mimus
910441cb58c73f842f28d0cce7b6dd91,Eukaryota;Discosea;Flabellinia;Dactylopodida;NA;NA;NA
298306481fce1bd4024ded03004d95da,Eukaryota;Oomycota;Saprolegniales__c;Saprolegniales;NA;NA;NA
e79e17d159faa9b45ee759e8bc0c859f,Eukaryota;Phaeophyceae__p;Phaeophyceae;Ectocarpales;NA;NA;NA
89bf0237f1135df9124437aea52cd995,Eukaryota;Arthropoda;Insecta;Siphonaptera;NA;NA;NA
734b460fdf53b74cbf58dcca913c372b,Unknown;NA;NA;NA;NA;NA;NA
3097551402143b9f9494997ec2430f59,Eukaryota;Ascomycota;Sordariomycetes;Hypocreales;NA;NA;NA
31ab672e4eb1cbbf92d4d08b9fc99c0a,Eukaryota;Cnidaria;Hydrozoa;Leptothecata;Clytiidae;Clytia;Clytia gregaria
f632049026d3eeef7f3f1f6615906a12,Eukaryota;Nematoda;Enoplea;Dorylaimida;Longidoridae;Xiphinema;Xiphinema brevicolle
ea96f1603f439fd205751f19147596d1,Eukaryota;Arthropoda;Insecta;Diptera;NA;NA;NA
e27691bd7f4147941f9a2c523efc6488,Eukaryota;Arthropoda;Arachnida;Araneae;NA;NA;NA
2d549e9441062a40bc4b5476c6a66bfc,Eukaryota;Arthropoda;Hexanauplia;Calanoida;Clausocalanidae;Pseudocalanus;Pseudocalanus mimus
3a91f73e47b03f34a2e25cd3b31574c8,Eukaryota;Arthropoda;Insecta;Diptera;NA;NA;NA
d43454876a28c52032cb9e3137340d0f,Eukaryota;Streptophyta;Magnoliopsida;Fagales;NA;NA;NA
9d13ed05f2462518b6652d54d375edc1,Eukaryota;Arthropoda;Insecta;Hymenoptera;NA;NA;NA
ac919b7e668ffc7424a32cea1bab2aa3,Eukaryota;Basidiomycota;Agaricomycetes;Boletales;NA;NA;NA
d6bf9a1c91156b5fe6369f7a47ba1e33,Eukaryota;Arthropoda;Arachnida;Araneae;NA;NA;NA
0fb354716a11436f0c3863bde7d06eb9,Eukaryota;Phaeophyceae__p;Phaeophyceae;Ectocarpales;NA;NA;NA
e764a54a6d65cb9e9970e1059ba9ae9f,Unknown;NA;NA;NA;NA;NA;NA
e244dde2c66f16423774bbe8de1361f7,Unknown;NA;NA;NA;NA;NA;NA
b5278fd062f9bae9278c39374f051bcf,Eukaryota;Oomycota;Peronosporales__c;Peronosporales;NA;NA;NA
bb4e5b748c35252ad5e67b22caadc8cc,Eukaryota;Arthropoda;Insecta;Lepidoptera;NA;NA;NA
7ff41022845f239066f54193d23f869a,Eukaryota;Arthropoda;Insecta;Hymenoptera;NA;NA;NA
6fc67dd777ed8d2c8983a56e3c74fe92,Eukaryota;NA;NA;NA;NA;NA;NA
f556cf0504c68bd143381d5357020cd7,Eukaryota;Discosea;Flabellinia;Dactylopodida;NA;NA;NA
bd403d47f2b2b4fe61f197b496a744bc,Eukaryota;Cnidaria;Hydrozoa;Leptothecata;NA;NA;NA
b4e0d31a9541e3f71fd2f1b2a4537568,Eukaryota;Rotifera;Eurotatoria;Ploima;Synchaetidae;NA;NA
eba549339e8ec4aceed2d0abb74bd6f9,Eukaryota;Oomycota;NA;NA;NA;NA;NA
6a8b261754a2efeb488f02d72bbed5d5,Eukaryota;Chlorophyta;Mamiellophyceae;Mamiellales;Mamiellaceae;Micromonas;Micromonas pusilla
d141b34a5554b248f64975088df43dfa,Unknown;NA;NA;NA;NA;NA;NA
c4ecbb37bdbb1b30866fc462148dba3f,Eukaryota;Oomycota;Pythiales__c;Pythiales;NA;NA;NA
214d10438f0d51db3210437e6b096b06,Eukaryota;Dictyochophyceae__p;Dictyochophyceae;Pedinellales;NA;NA;NA
c1ecf71071196c99a2093e6819619803,Eukaryota;Bigyra__p;Bigyra;Thraustochytrida;NA;NA;NA
841d5cd0c222eafd87cdec03f557d48e,Eukaryota;Cnidaria;Hydrozoa;Siphonophorae;NA;NA;NA
37de4edc941984c5d867720c526be2bf,Eukaryota;Cnidaria;Hydrozoa;Anthoathecata;NA;NA;NA
de0fcbca437c0ceb017ed0dba83a548e,Eukaryota;Arthropoda;Arachnida;Araneae;NA;NA;NA
42f06126659048ab5aa89a7f1e097093,Unknown;NA;NA;NA;NA;NA;NA
f17d7782eb10dec099f13af1bab3b100,Eukaryota;Oomycota;Peronosporales__c;NA;NA;NA;NA
3f0df4dc61aa48bc838abb3b62d6e4ce,Eukaryota;Arthropoda;Insecta;Diptera;NA;NA;NA
6e7c8d38eb39158170cd7f7f6eeb264f,Eukaryota;Arthropoda;Insecta;Ephemeroptera;NA;NA;NA
74b9165138446a2f13649f8d07985edd,Eukaryota;Arthropoda;Insecta;Lepidoptera;NA;NA;NA
4628d670876f27556c92b792b83f302a,Eukaryota;Arthropoda;Hexanauplia;Calanoida;Clausocalanidae;Pseudocalanus;Pseudocalanus mimus
9f212916e62012a0740c51689c9971c9,Eukaryota;Arthropoda;NA;NA;NA;NA;NA
863dabfc89d88811c169d182b166c366,Eukaryota;Cnidaria;Hydrozoa;Leptothecata;Eirenidae;Eutonina;Eutonina indicans
b43d19c6734061aba20cde4334b0c772,Eukaryota;Arthropoda;Insecta;Thysanoptera;Phlaeothripidae;NA;NA
2eb6622f88255fb5d3cb5a01effbc951,Eukaryota;Chrysoparadoxa__f__o__c__p;Chrysoparadoxa__f__o__c;Chrysoparadoxa__f__o;NA;NA;NA
d8cb691aed53e99deab62769f253a152,Eukaryota;Bryozoa;Gymnolaemata;Ctenostomatida;Alcyonidiidae;Alcyonidium;NA
ada8debb5573d454128ff96197c609ef,Eukaryota;Arthropoda;Hexanauplia;Calanoida;Paracalanidae;Paracalanus;Paracalanus sp_ C AC_2013
4bc9b9edc4ccda703714ccdaa2111760,Eukaryota;Cnidaria;Hydrozoa;Leptothecata;Eirenidae;Eutonina;Eutonina indicans
29d899d46d7e226b0f04a02e09c69e58,Eukaryota;Oomycota;Peronosporales__c;Peronosporales;NA;NA;NA
064b823ed518700f2bd66bf95d554d86,Eukaryota;Arthropoda;Insecta;Diptera;NA;NA;NA
fe8dfa365c1de83cedb4c356a9d8c6df,Eukaryota;Haptophyta;Phaeocystales__c;Phaeocystales;Phaeocystaceae;Phaeocystis;Phaeocystis globosa
49ae4e519c084a26ef37a111145b3a11,Eukaryota;Cnidaria;Hydrozoa;Leptothecata;Clytiidae;Clytia;Clytia gregaria
8bcb02b4a7c8f77f76efd3e2fee2dd51,Eukaryota;Bacillariophyta;Coscinodiscophyceae;Thalassiosirales;Thalassiosiraceae;Thalassiosira;Thalassiosira pseudonana
6f9b8ce74421aa87581cd66c48e62e2c,Eukaryota;Cnidaria;Hydrozoa;Leptothecata;NA;NA;NA
9040905cd0e3a8f36897ccbaf5b0d8ff,Environmental Unknown;NA;NA;NA;NA;NA;NA
a7d1096f403ddf1de18ec74d02633b44,Eukaryota;Haptophyta;Isochrysidales__c;Isochrysidales;Noelaerhabdaceae;NA;NA
522253ffb4604fde0497d6f58c876565,Unknown;NA;NA;NA;NA;NA;NA
ec3ba9cc2bcb2677e0263638d5c73a4f,Eukaryota;Discosea;Himatismenida__c;Himatismenida;NA;NA;NA
770a56bb9b8f7ce10588b995fc9dd4a5,Eukaryota;Rhodophyta;Florideophyceae;Acrosymphytales;NA;NA;NA
ed63a2a026c40ff00c2f04e1858c3011,Eukaryota;Arthropoda;Arachnida;Araneae;NA;NA;NA
28ae5cbe043413da075e9271e9323988,Eukaryota;Arthropoda;Arachnida;Scorpiones;NA;NA;NA
ea4f45db5d3fbc1c010f23e3a1444706,Eukaryota;Arthropoda;Insecta;Diptera;NA;NA;NA
d4f47896de37458f79a5e12bca523a0d,Eukaryota;Dinophyceae__p;Dinophyceae;Gymnodiniales;Gymnodiniaceae;Margalefidinium;Margalefidinium polykrikoides
b07b62f00f2c0f2db333d784ea43b83d,Eukaryota;Arthropoda;Arachnida;Araneae;NA;NA;NA
a5b7822710fab6107da2efb72a2c3113,Unknown;NA;NA;NA;NA;NA;NA
e28109a2ff613e1741db34ea9ad73015,Eukaryota;Cnidaria;Hydrozoa;Leptothecata;Eirenidae;Eutonina;Eutonina indicans
5bc9bf2dcf4c0a210f5ebb6b96ed77d1,Eukaryota;Picozoa;NA;NA;NA;NA;NA
c6ead1b4c9972934fa7420cb855bea7b,Eukaryota;Chordata;Ascidiacea;Stolidobranchia;Styelidae;Styela;Styela gibbsii
10de21895e9caf9e29c182858a05c25e,Eukaryota;Rhodophyta;Bangiophyceae;Bangiales;NA;NA;NA
36255f9a98962494005837321df9fc24,Eukaryota;Phaeophyceae__p;Phaeophyceae;Laminariales;NA;NA;NA
8d866ec0e49d83e5febc68a54d83a6dd,Eukaryota;Arthropoda;Arachnida;Mesostigmata;NA;NA;NA
57e61189fa73d1bbd22e541c9454d0fa,Unknown;NA;NA;NA;NA;NA;NA
b070da7306b1648ef2bec33692a203d1,Eukaryota;Arthropoda;Insecta;Lepidoptera;NA;NA;NA
de8d8d6b9d0d5833fd44e9aeed62bfe0,Eukaryota;Phaeophyceae__p;Phaeophyceae;Ectocarpales;NA;NA;NA
9103ff569914de39fef1ed20bc1c81ec,Eukaryota;Oomycota;Peronosporales__c;Peronosporales;NA;NA;NA
64b9acdb5cc8e3f7d143d84a724b8a2c,Eukaryota;Chordata;Actinopteri;Salmoniformes;NA;NA;NA
0146c3e1eb89bd37670f412419c7f44b,Eukaryota;Bacillariophyta;Fragilariophyceae;Fragilariales;NA;NA;NA
bdf9a689e40ba4e77b35bda93b104447,Eukaryota;Chlorophyta;Trebouxiophyceae;Chlorellales;NA;NA;NA
80ac89db465aa624f5ff84e2c61df11b,Eukaryota;Arthropoda;Insecta;NA;NA;NA;NA
50c3aab8b36f052928b44ca02cbccbac,Eukaryota;Ascomycota;Leotiomycetes;Thelebolales;NA;NA;NA
b38e4a629de8e7c7e64831b225aceb70,Unknown;NA;NA;NA;NA;NA;NA
f6e4b1ac606774b3fa925f5743617c79,Eukaryota;Discosea;Flabellinia;Dactylopodida;NA;NA;NA
15f6c4d678a1d1129d214af16aa267ff,Eukaryota;Bacillariophyta;Bacillariophyceae;Bacillariales;Bacillariaceae;NA;NA
0cea4c1a5975ec65352b03a44fd905bd,Eukaryota;Cnidaria;Hydrozoa;Leptothecata;Eirenidae;Eutonina;Eutonina indicans
1305bad6e6acc2b3ac766048e10101f9,Eukaryota;Chlorophyta;Mamiellophyceae;Mamiellales;Bathycoccaceae;Bathycoccus;Bathycoccus prasinos
abc75882e73ad5d316af941144e68a96,Eukaryota;Arthropoda;Arachnida;NA;NA;NA;NA
e259afe6acaea56cb7bf696d4c453dfe,Eukaryota;Arthropoda;Hexanauplia;Calanoida;Paracalanidae;Paracalanus;Paracalanus sp_ C AC_2013
a2e448135339f7f52234ecf11d1c14bc,Eukaryota;Arthropoda;Hexanauplia;Calanoida;Clausocalanidae;Pseudocalanus;Pseudocalanus mimus
53d86588fe7583717d26b841814b2fab,Eukaryota;Bacillariophyta;Mediophyceae;Anaulales;NA;NA;NA
8b19868b6d6acbec8fe84e0c6a26779e,Eukaryota;Arthropoda;Hexanauplia;Calanoida;Clausocalanidae;Pseudocalanus;Pseudocalanus acuspes
b1728f70adaffc3936bdf0364082b532,Eukaryota;Arthropoda;Insecta;Lepidoptera;NA;NA;NA
70082e67c497e8f22b4d471fc25a9fbc,Eukaryota;Arthropoda;Hexanauplia;Calanoida;Clausocalanidae;Pseudocalanus;Pseudocalanus moultoni
af1817eb44bfa57eeb464b7f734bda5a,Eukaryota;Arthropoda;Insecta;Coleoptera;NA;NA;NA
da03d36c601ea4aaa010ce773a130dfc,Eukaryota;Chrysophyceae__p;Chrysophyceae;Chromulinales;NA;NA;NA
c520eac2ee7f6f93656f7c6cd2322e01,Unknown;NA;NA;NA;NA;NA;NA
36e91838321a993ec628ab2d2a87af31,Eukaryota;Arthropoda;Insecta;Diptera;NA;NA;NA
63aeae5f2ad6b70634dc7144fda96ce4,Eukaryota;Arthropoda;Malacostraca;Mysida;NA;NA;NA
27e1bcc6d09fd2efba175e31fc81f516,Eukaryota;Rhodophyta;Bangiophyceae;Bangiales;Bangiaceae;NA;NA
5f7ff6c04c7bba78153fe6a7933705e4,Eukaryota;Chlorophyta;Mamiellophyceae;Mamiellales;Mamiellaceae;Micromonas;Micromonas pusilla
302e1214d71de1358b9afa58e720b63e,Eukaryota;Bacillariophyta;Coscinodiscophyceae;Chaetocerotales;Chaetocerotaceae;Chaetoceros;Chaetoceros socialis
03638ccaea8d957c13c679a75b2d8575,Eukaryota;Bacillariophyta;Bacillariophyceae;Bacillariales;NA;NA;NA
a7dc9335e82975624dee64e42958ac1e,Eukaryota;Cnidaria;Hydrozoa;Leptothecata;Eirenidae;Eutonina;Eutonina indicans
786f6644c844a696430072390f2d649b,Eukaryota;Arthropoda;Insecta;Diptera;NA;NA;NA
12f9c6c270c295f043867a14fb78c63f,Eukaryota;Arthropoda;Hexanauplia;Calanoida;Acartiidae;Acartia;Acartia longiremis
bd3a3d7b83196deeac7612bc6fbbe0e0,Eukaryota;Bacillariophyta;Bacillariophyceae;Naviculales;NA;NA;NA
dfefb1316a3d6501f83a569a4fc4da8d,Eukaryota;Rhodophyta;Florideophyceae;Gigartinales;NA;NA;NA
37fad5f1b6b95d68f66983b4ed8387fe,Eukaryota;Annelida;Polychaeta;NA;NA;NA;NA
3f3ac9643439311c4a30bdfe6f540093,Environmental Unknown;NA;NA;NA;NA;NA;NA
8b42e6746692f685007cffe761814426,Eukaryota;Arthropoda;Insecta;Diptera;NA;NA;NA
db2187d3c6f86f1a7ba78bcfe64834da,Unknown;NA;NA;NA;NA;NA;NA
e5df3e309f82d059f9bf9abdb9a0d14f,Eukaryota;Arthropoda;Arachnida;Araneae;Linyphiidae;Tenuiphantes;Tenuiphantes tenuis
a2b010da076230d9f5dfe36a12cfe6da,Eukaryota;Ascomycota;Leotiomycetes;Leohumicola__f__o;Leohumicola__f;NA;NA
17aba810be98c2469d56527a0f7ccdde,Eukaryota;Arthropoda;Hexanauplia;Calanoida;Acartiidae;Acartia;Acartia longiremis
68a9c68fdfcd8097b06efa992767282e,Eukaryota;Rotifera;Eurotatoria;Ploima;Synchaetidae;NA;NA
4ae4d28350f02050561ebd53f8525ff0,Eukaryota;Arthropoda;Hexanauplia;Cyclopoida;NA;NA;NA
03e0e9e8e3c7ed33f1984ae31c687506,Eukaryota;Arthropoda;Insecta;Diptera;NA;NA;NA
d5cbd9932ef6f0c4713c464afd728c0b,Eukaryota;Arthropoda;Hexanauplia;Calanoida;Clausocalanidae;Pseudocalanus;Pseudocalanus mimus
73f01063f1ab2091f87e8b82e55b5c84,Eukaryota;Rhodophyta;Florideophyceae;NA;NA;NA;NA
01cf436d9c2fc6d351c73bf31f644fe7,Unknown;NA;NA;NA;NA;NA;NA
3aa62152e2ebd32745487044375d39f5,Unknown;NA;NA;NA;NA;NA;NA
73be97ae96b03114205d91f0e347182f,Eukaryota;Chrysophyceae__p;Chrysophyceae;Chromulinales;NA;NA;NA
d75cf5517d882356207acca91909ac1a,Eukaryota;Oomycota;Haptoglossa__f__o__c;Haptoglossa__f__o;Haptoglossa__f;NA;NA
0f9eb3f6fb1832f363f38365b807f421,Eukaryota;Oomycota;Peronosporales__c;Peronosporales;NA;NA;NA
5dc9bd02d7da0d9500fdd552417b79b3,Eukaryota;Arthropoda;Hexanauplia;Calanoida;Clausocalanidae;Pseudocalanus;Pseudocalanus mimus
a9507bd40e9d691f79d6dbe34ecacc69,Eukaryota;Cnidaria;Hydrozoa;Leptothecata;Clytiidae;Clytia;Clytia gregaria
735ebb0aee3c8b00d2dcdd6a5a5052a2,Eukaryota;Oomycota;Saprolegniales__c;Saprolegniales;NA;NA;NA
35a4f2df3aed96e4dff8cac13cec8d34,Eukaryota;Arthropoda;Insecta;Diptera;NA;NA;NA
a852c665b8032d7b16d118d7b37339b8,Eukaryota;Arthropoda;Malacostraca;Stomatopoda;NA;NA;NA
698bf7f25c00c989e0475a1f18abb701,Eukaryota;Oomycota;Pythiales__c;NA;NA;NA;NA
d5f1745197477fe748de1a8680e40fce,Eukaryota;Mollusca;Gastropoda;Stylommatophora;NA;NA;NA
b77bbe84fccc5e2c067c13604173c006,Eukaryota;Arthropoda;Insecta;Coleoptera;NA;NA;NA
de88947ceb52f074b56fd94be0d5acb3,Eukaryota;Basidiomycota;Agaricomycetes;Agaricales;NA;NA;NA
743b60e381b1da48e35b009264c04f9d,Eukaryota;Arthropoda;Malacostraca;Euphausiacea;Euphausiidae;Euphausia;Euphausia pacifica
f928c8f978299185a88996ffb6ab8436,Eukaryota;Arthropoda;Insecta;Lepidoptera;NA;NA;NA
379eb88f3ceff9cc66eebb9cb45d089c,Eukaryota;Arthropoda;Insecta;Diptera;NA;NA;NA
9e58371c3a09e87b9300624414f69f82,Eukaryota;Cnidaria;Hydrozoa;Anthoathecata;NA;NA;NA
20ee2927e31ff05f0df9d38f1b9e1ae0,Eukaryota;Mollusca;Gastropoda;Stylommatophora;NA;NA;NA
39c1f4a1ba1b0621054aba97fb2209da,Eukaryota;Mollusca;Gastropoda;Stylommatophora;NA;NA;NA
470397c8d7cb19f365a7e445393b8139,Eukaryota;Arthropoda;Arachnida;NA;NA;NA;NA
fd1029dbe685935129e8a657ae48fb35,Eukaryota;Oomycota;Pythiales__c;Pythiales;NA;NA;NA
6d0dfca2a5d80e051c680d75683e37a6,Eukaryota;Mollusca;Gastropoda;Neogastropoda;NA;NA;NA
f82a598ae20bd7a58c29189b33c00c7d,Eukaryota;Discosea;Flabellinia;Dactylopodida;Paramoebidae;NA;NA
bb30421939dabc89586bae60ff718349,Eukaryota;Annelida;Polychaeta;Sabellida;Sabellariidae;Neosabellaria;Neosabellaria cementarium
073c0ca60e4a935e9d6840abad882254,Eukaryota;Annelida;Polychaeta;Chaetopteridae__o;Chaetopteridae;Mesochaetopterus;Mesochaetopterus taylori
ba7010942da7504e1a4e38c66acb5cbf,Eukaryota;Bacillariophyta;Coscinodiscophyceae;Rhizosoleniales;Rhizosoleniaceae;NA;NA
9fae2fced3bd440c944b2ba80f96e5eb,Eukaryota;Bacillariophyta;Coscinodiscophyceae;Chaetocerotales;Chaetocerotaceae;NA;NA
87e1faf9d64641438c579fe52421c1db,Eukaryota;Arthropoda;Insecta;Diptera;NA;NA;NA
9cc2947642340bbaf6c6a753f70c097f,Eukaryota;Arthropoda;Hexanauplia;Calanoida;Clausocalanidae;Pseudocalanus;NA
7ccea128e5f9660ad374368529e31018,Environmental Unknown;NA;NA;NA;NA;NA;NA
5d31a40b51f516b0283e9b101c006aab,Eukaryota;Rhodophyta;Florideophyceae;Batrachospermales;NA;NA;NA
b83ddb4b8ee4403d4d4fcdb98bd9bed4,Eukaryota;Cnidaria;Hydrozoa;Leptothecata;Eirenidae;Eutonina;Eutonina indicans
19d63164141d99e5e66d8b4f9c11c067,Eukaryota;Arthropoda;Insecta;Lepidoptera;NA;NA;NA
4b245840a93fc86b000c9f748b754de1,Eukaryota;Annelida;Polychaeta;Sabellida;Sabellariidae;NA;NA
a99c7b7abf23e48ea4f806c0720e0a42,Eukaryota;Arthropoda;Insecta;Coleoptera;NA;NA;NA
587ec327e0a1bf6a3d9a301535fe167e,Eukaryota;Arthropoda;Insecta;Diptera;NA;NA;NA
e6327050a0ae767bbe9658bc98b3e0e4,Unknown;NA;NA;NA;NA;NA;NA
863cc9ddae0db50b241b981ecef97372,Eukaryota;Arthropoda;Hexanauplia;Calanoida;Acartiidae;Acartia;Acartia longiremis
bb9178e491b42915f71a20a86829246d,Eukaryota;Phaeophyceae__p;Phaeophyceae;Ectocarpales;NA;NA;NA
3e7cef544ff88803e831402b0c9ab737,Eukaryota;Arthropoda;Hexanauplia;Calanoida;Clausocalanidae;Pseudocalanus;Pseudocalanus mimus
3116379ab31c06ef05442aac016fcbb4,Eukaryota;Arthropoda;Hexanauplia;Calanoida;Clausocalanidae;Pseudocalanus;Pseudocalanus mimus
9ac8d4fd30c73942b481ca2e3ebdd5cc,Eukaryota;Chrysophyceae__p;Chrysophyceae;Chromulinales;NA;NA;NA
4688d37ee385ea5956e67a7af9d539f0,Eukaryota;Arthropoda;Hexanauplia;Calanoida;Clausocalanidae;Pseudocalanus;Pseudocalanus mimus
2c073b143fcbcabfcb9e6a57df8f8e33,Eukaryota;Discosea;Flabellinia;Dactylopodida;NA;NA;NA
5fe56bc406445feb1554d28ee6ac00bf,Unknown;NA;NA;NA;NA;NA;NA
2f6588a5a1f060f1d5c4241d6a39dc6c,Eukaryota;Arthropoda;Thecostraca;Balanomorpha;Balanidae;NA;NA
36bd9ee54ca9a068ada2ee2ec53d0f19,Eukaryota;Cnidaria;Hydrozoa;Anthoathecata;Corynidae;NA;NA
a195dd85c77b1b8e21c2dfdcf1690bb2,Environmental Unknown;NA;NA;NA;NA;NA;NA
123f6e43873ebf0894f67230ddb30e60,Eukaryota;Oomycota;Peronosporales__c;Peronosporales;NA;NA;NA
8a84e98af06e1b16398ee342ba973af1,Eukaryota;Arthropoda;Arachnida;Araneae;NA;NA;NA
3b138ae0735081e8c37bb47e4e426686,Eukaryota;Arthropoda;Insecta;Lepidoptera;NA;NA;NA
4d064ce13b8eca4ec1fd26dd5eeba5cd,Eukaryota;Cnidaria;Hydrozoa;Siphonophorae;NA;NA;NA
2a6fa24ce0cd58a6e0ca189c3d53a2b0,Eukaryota;Arthropoda;Hexanauplia;Calanoida;Clausocalanidae;Pseudocalanus;Pseudocalanus newmani
ca98c28541e989f20b027ae6a8a0ee99,Eukaryota;Phaeophyceae__p;Phaeophyceae;Dictyotales;NA;NA;NA
2581e67d6562809e67bf91f492b96d3b,Eukaryota;Bacillariophyta;Mediophyceae;Anaulales;NA;NA;NA
5ac0837b9e94fe184918a346094a1e6c,Eukaryota;Discosea;Flabellinia;Dactylopodida;Paramoebidae;NA;NA
f77b998a6e1d32cd859f033c34653fa6,Unknown;NA;NA;NA;NA;NA;NA
2f6795a5eeae4193ca229b19d07822bc,Eukaryota;Arthropoda;Insecta;NA;NA;NA;NA
e2adfed6aa15c51e77482bef2c48735a,Eukaryota;Arthropoda;Hexanauplia;Calanoida;Paracalanidae;Paracalanus;Paracalanus sp_ C AC_2013
d329ad4efebb454a2625c298928b4e43,Eukaryota;Cnidaria;Hydrozoa;Leptothecata;Eirenidae;Eutonina;Eutonina indicans
1d2abb805dc2c0e6d0c9d3b4020051a4,Eukaryota;Porifera;Demospongiae;Bubarida;NA;NA;NA
082cf39cf3b3847f32f880452ce6fbda,Eukaryota;Chrysophyceae__p;Chrysophyceae;Chromulinales;NA;NA;NA
9f1c1fc62176def309b77079d232adef,Eukaryota;Arthropoda;Insecta;Lepidoptera;NA;NA;NA
222ba85608f5e687d84a43c5894248e0,Eukaryota;Phaeophyceae__p;Phaeophyceae;Ectocarpales;Chordariaceae;NA;NA
673611cbda33238deb0396a9a2290ac2,Eukaryota;Annelida;Polychaeta;Sabellida;Sabellariidae;NA;NA
975208fc75aed0ba8f0caf43ef290eed,Unknown;NA;NA;NA;NA;NA;NA
3d354f7b84b3e8baaa81267729a9dee3,Eukaryota;Haptophyta;Isochrysidales__c;Isochrysidales;NA;NA;NA
77e0fd172d701940370f5a2c9630b40f,Eukaryota;Chordata;Ascidiacea;Phlebobranchia;Perophoridae;NA;NA
036146331133e9a2198a53aa55282516,Eukaryota;NA;NA;NA;NA;NA;NA
89a5e3c652448e8e0761a0d0eda2d148,Eukaryota;Arthropoda;Insecta;Diptera;NA;NA;NA
fd366584a3c01b4633da46818672301d,Eukaryota;Echinodermata;Holothuroidea;Dendrochirotida;Phyllophoridae;NA;NA
11454d4b084a10806df15989aa7e28ce,Eukaryota;Ascomycota;Leotiomycetes;NA;NA;NA;NA
13ae113886d7442ee501461a9ac30524,Eukaryota;Arthropoda;Insecta;Lepidoptera;NA;NA;NA
a9a62e5e5b5859d0aa738c7a410209d9,Eukaryota;Cnidaria;Hydrozoa;Siphonophorae;NA;NA;NA
73945af6ccb1375514bf5a1fd09c6fd3,Eukaryota;Arthropoda;Insecta;Lepidoptera;NA;NA;NA
29c1c330760fe8c77bae281e11fe2dcd,Eukaryota;Tubulinea;Elardia;Arcellinida;NA;NA;NA
e3f3f20bcfc59a82fa9f76cdf0b8baa9,Eukaryota;Porifera;Demospongiae;Suberitida;NA;NA;NA
7511f582fd97e0ac743db3a2f042bfdb,Eukaryota;Cnidaria;Hydrozoa;Leptothecata;NA;NA;NA
bb91befdbfd572e14b06c80a847c16f3,Eukaryota;Arthropoda;Insecta;Diptera;NA;NA;NA
1fa131f22498e00866ed4ea223439519,Eukaryota;Haptophyta;Isochrysidales__c;Isochrysidales;Noelaerhabdaceae;NA;NA
347391f039cbf308833af02d28f13d49,Eukaryota;Haptophyta;Isochrysidales__c;Isochrysidales;Noelaerhabdaceae;NA;NA
cf6944579eee798ed516c531dbf99a31,Eukaryota;Mollusca;Gastropoda;Ancylidae__o;NA;NA;NA
f3fca0cbba017daf7d64202f50f24618,Eukaryota;Rhodophyta;Bangiophyceae;Bangiales;NA;NA;NA
20515bf84f38ba7a3715873ecbbf510d,Eukaryota;Cnidaria;Hydrozoa;Leptothecata;Eirenidae;Eutonina;Eutonina indicans
23daaf0085cb4ea08e9424adfaccc5c9,Eukaryota;Annelida;Polychaeta;Phyllodocida;Goniadidae;NA;NA
dd8c29b7785ce9ee05d34b19465898a2,Eukaryota;Discosea;Longamoebia__c;Longamoebia;NA;NA;NA
848a40b04d04070f876763ae958431c7,Eukaryota;Bacillariophyta;Bacillariophyceae;NA;NA;NA;NA
a4d4f3e12ed5125fbbe0738d9126a9fb,Eukaryota;Arthropoda;Arachnida;NA;NA;NA;NA
1f86695e3f8a150ae09356c63adf7c8f,Eukaryota;Discosea;Flabellinia;Dactylopodida;NA;NA;NA
537fe9d8e7e9b40cae166a176cf748f7,Eukaryota;Bacillariophyta;Mediophyceae;Lithodesmiales;NA;NA;NA
c3be6b3986e55c978d543c68298559d3,Eukaryota;Arthropoda;Hexanauplia;Calanoida;Clausocalanidae;Pseudocalanus;Pseudocalanus mimus
2de0bc2c2cf12942782c66e7083504cc,Eukaryota;Arthropoda;Insecta;Diptera;NA;NA;NA
88daee3ac69d5111d64fab332299a85f,Eukaryota;Arthropoda;Hexanauplia;Calanoida;Clausocalanidae;Pseudocalanus;Pseudocalanus mimus
7cbb02db5a32393b5c7e1b3b19ce3cdb,Eukaryota;Phaeophyceae__p;Phaeophyceae;Laminariales;NA;NA;NA
2b201d5985f010f9218a340362c5e758,Eukaryota;Arthropoda;Malacostraca;Mysida;NA;NA;NA
1fa3136037f3d8d789c369122cdccf3b,Environmental Unknown;NA;NA;NA;NA;NA;NA
e3ec127aaf9de979c1451d4cdb4ea5c5,Eukaryota;Arthropoda;Arachnida;Araneae;NA;NA;NA
42d0be3e795dcf6a2f5da8b03aff0b16,Eukaryota;Arthropoda;Insecta;Lepidoptera;NA;NA;NA
61b7d39ec41812e0fe40845e22a81722,Eukaryota;Arthropoda;Hexanauplia;Calanoida;Acartiidae;Acartia;Acartia longiremis
1562d9f9f0580f65c6562a1ceb6a2382,Environmental Unknown;NA;NA;NA;NA;NA;NA
57a7cd574ce6e4598cf58f94d7b79aee,Eukaryota;Cnidaria;Hydrozoa;Leptothecata;Eirenidae;Eutonina;Eutonina indicans
52c6e1e31661bfd3f52ee42bc0ed84f4,Eukaryota;Cnidaria;Hydrozoa;Leptothecata;Eirenidae;Eutonina;Eutonina indicans
1062ec165f78e3b3e1bdd46f12a2aa2f,Eukaryota;Rhodophyta;Florideophyceae;Batrachospermales;NA;NA;NA
cabe2aa61c206b0b2c602ab8635d31bb,Eukaryota;Arthropoda;Hexanauplia;Calanoida;Acartiidae;Acartia;Acartia longiremis
5504560bed9adb26ffd6ed713a40ac64,Eukaryota;Annelida;Polychaeta;Phyllodocida;Pholoidae;Pholoe;Pholoe sp_ CMC01
122b6ce43892fd0edfd26209e248c3db,Eukaryota;Bacillariophyta;Mediophyceae;Hemiaulales;Hemiaulaceae;NA;NA
2bbbdaac4af7b7b82f1f6f046b37b84c,Eukaryota;Oomycota;Pythiales__c;Pythiales;NA;NA;NA
02a85921c5b880b0a7c856ae981893ed,Unknown;NA;NA;NA;NA;NA;NA
d260be3aedc4dca2d36c8e043953d7eb,Eukaryota;Bacillariophyta;Fragilariophyceae;Fragilariales;NA;NA;NA
9e5777f0d072801fb7306918054c4243,Eukaryota;Phaeophyceae__p;Phaeophyceae;Ectocarpales;NA;NA;NA
a99833be48913119d0ceb2c0f3130bce,Eukaryota;Haptophyta;Isochrysidales__c;Isochrysidales;Noelaerhabdaceae;NA;NA
a5a5a562660197c255adff5b4c8c29d2,Unknown;NA;NA;NA;NA;NA;NA
0c483ff2f1107e9feecc36cf21bb6bca,Unknown;NA;NA;NA;NA;NA;NA
758fcf292a740cabedcd68912d669171,Eukaryota;Cnidaria;Hydrozoa;Leptothecata;Clytiidae;Clytia;Clytia gregaria
5867c39efdb5031fc421bdbbd6ed2a08,Eukaryota;Arthropoda;Hexanauplia;Calanoida;Clausocalanidae;Pseudocalanus;Pseudocalanus mimus
32f650f3411de897de46c9f380d2d952,Eukaryota;Arthropoda;Insecta;NA;NA;NA;NA
39c75e31f268428d8c72f675c7be80f6,Eukaryota;Cnidaria;Hydrozoa;NA;NA;NA;NA
6769282aab64a80787c04bf3159b0166,Eukaryota;Ascomycota;Eurotiomycetes;Mycocaliciales;NA;NA;NA
fc3234e1c82238a981c2ab7df97c0a74,Eukaryota;Oomycota;Pythiales__c;Pythiales;Pythiaceae;NA;NA
ee2e0ca12977fbaf73bc1523e1725331,Eukaryota;Cnidaria;Hydrozoa;Leptothecata;Eirenidae;Eutonina;Eutonina indicans
e9e6232741702aff7307239ce7e103ce,Eukaryota;Cnidaria;Hydrozoa;Leptothecata;Eirenidae;Eutonina;Eutonina indicans
e492dcf1270b0a2dd4cc94e9b84706c0,Eukaryota;Arthropoda;Hexanauplia;Calanoida;Clausocalanidae;Pseudocalanus;Pseudocalanus mimus
07505d81079ab51076d871905c4f27ca,Unknown;NA;NA;NA;NA;NA;NA
0b9fff80beb95bdfffdda37ef708552e,Eukaryota;Synurophyceae__p;Synurophyceae;Ochromonadales;NA;NA;NA
fe89c6446b0cd366bea8a411a395505b,Eukaryota;Cnidaria;Hydrozoa;Leptothecata;NA;NA;NA
0f2bf583121fbad3e9d2acee16c52dd9,Eukaryota;Arthropoda;Insecta;Diptera;NA;NA;NA
b2d9bb397fe93410173ce8d240dab1b1,Eukaryota;Oomycota;Haptoglossa__f__o__c;Haptoglossa__f__o;NA;NA;NA
8348cbd2675cd4cc46c8393cd39172f1,Eukaryota;Cnidaria;Hydrozoa;Leptothecata;Eirenidae;Eutonina;Eutonina indicans
caf8164087d67154eb97a6a75d6f7f15,Eukaryota;Rhodophyta;Florideophyceae;NA;NA;NA;NA
69835d71445594e2af6957ad8a59a64b,Eukaryota;Arthropoda;Arachnida;Araneae;NA;NA;NA
7425a3ee1e1f35a6c30f3ae305d6e5a1,Unknown;NA;NA;NA;NA;NA;NA
5ff588f3d9a0905e7339fe12d7b5dcfb,Eukaryota;Haptophyta;Isochrysidales__c;Isochrysidales;Noelaerhabdaceae;NA;NA
893870feaf9fd889cb20f71c678c5472,Eukaryota;Arthropoda;Hexanauplia;Calanoida;Clausocalanidae;Pseudocalanus;Pseudocalanus acuspes
3bc2a1d1b1a5a4169ce297aa42dc716f,Eukaryota;Phaeophyceae__p;Phaeophyceae;Dictyotales;NA;NA;NA
9a36ea0afd548f1c6207775c4f0c4a73,Unknown;NA;NA;NA;NA;NA;NA
d8dad08a60e0e9e209bd4d6fc5cd5d0e,Eukaryota;NA;NA;NA;NA;NA;NA
3ef3856ac7a54c0346643bc7b3b3c406,Unknown;NA;NA;NA;NA;NA;NA
be66c1a771c501a0a04752884814c0a1,Eukaryota;Annelida;Polychaeta;Spionida;Spionidae;Spiophanes;Spiophanes hakaiensis
1f99f2f0d91b450b2c7d8c9471897c04,Eukaryota;Annelida;Polychaeta;Phyllodocida;Syllidae;Proceraea;Proceraea nigropunctata
537a6485f2eb27c284323627482889a6,Eukaryota;Mollusca;Gastropoda;Lymnaeidae__o;NA;NA;NA
8b74136778ea89a6fdfb14bb1914c447,Eukaryota;Bacillariophyta;Coscinodiscophyceae;Rhizosoleniales;NA;NA;NA
f638718f28427fef178fca09640521de,Eukaryota;Ascomycota;Dothideomycetes;NA;NA;NA;NA
acd6d49fed412e1214d838af24b4124e,Eukaryota;Mollusca;Gastropoda;NA;NA;NA;NA
3faa352ee4193a8258d493bb093b7105,Eukaryota;Haptophyta;Prymnesiales__c;Prymnesiales;NA;NA;NA
39dcbbab3ba1ea8a38ab68dc5a316a6f,Eukaryota;Oomycota;Saprolegniales__c;Saprolegniales;NA;NA;NA
eadf78ff152895d463986a3349dcc77f,Eukaryota;Arthropoda;Insecta;Hemiptera;NA;NA;NA
8d16bb418c2aa72b4c3acdcc00fa6b62,Eukaryota;Bacillariophyta;Coscinodiscophyceae;NA;NA;NA;NA
289ea384a5cbb95ed7ec37d72b25fba0,Eukaryota;Phaeophyceae__p;Phaeophyceae;Laminariales;NA;NA;NA
f7b6035fd6f1654ad8a065f52bf891a7,Eukaryota;Arthropoda;Hexanauplia;Calanoida;Clausocalanidae;Pseudocalanus;Pseudocalanus mimus
520a8eaf9696ecbe091ae822248f8b80,Eukaryota;Arthropoda;Hexanauplia;Calanoida;Clausocalanidae;Pseudocalanus;NA
02feca09ff157d8b38da89dafbe0f177,Eukaryota;Cnidaria;Hydrozoa;Anthoathecata;Pandeidae;Halitholus;Halitholus sp_ PS_2018
45ab225534b772a10d35a907a6a1b54b,Eukaryota;Mollusca;Gastropoda;Neogastropoda;NA;NA;NA
546fcb70324e062cd7633b9de03705ce,Eukaryota;Oomycota;Pythiales__c;Pythiales;Pythiaceae;NA;NA
a4c48a675eb0f835d5ee3cd735d1783a,Eukaryota;Oomycota;Peronosporales__c;Peronosporales;NA;NA;NA
92acb90b624857b558c069207644764e,Eukaryota;Cnidaria;Hydrozoa;Leptothecata;Eirenidae;Eutonina;Eutonina indicans
f2e66762437a74d103e9aadb2abe3655,Eukaryota;Arthropoda;Arachnida;Araneae;NA;NA;NA
98ccf17fdd2876c4332782efdcb38876,Eukaryota;Cnidaria;Hydrozoa;Leptothecata;Eirenidae;Eutonina;Eutonina indicans
c20f5be7cd3e22688021e0fcd680d1a5,Eukaryota;Arthropoda;Insecta;Diptera;NA;NA;NA
eedc99c109e431d4bcd3fda6afc44721,Eukaryota;Arthropoda;Insecta;Hymenoptera;NA;NA;NA
99870a99a19b861ebb2fdf7ff60877de,Eukaryota;Arthropoda;Hexanauplia;Calanoida;Clausocalanidae;Pseudocalanus;Pseudocalanus mimus
165c82f5c3ba63360a1e3ce8481f06f0,Eukaryota;Phaeophyceae__p;Phaeophyceae;Laminariales;NA;NA;NA
16e5ecad29893e5513d396deecee9c05,Eukaryota;Phaeophyceae__p;Phaeophyceae;Ectocarpales;NA;NA;NA
db4ffbaea680be0270b4631380799679,Eukaryota;Annelida;Polychaeta;Phyllodocida;Goniadidae;Glycinde;Glycinde armigera
2f37de7d0f55413d3d929978d218fcde,Eukaryota;Haptophyta;Phaeocystales__c;Phaeocystales;NA;NA;NA
7ca6b6eb844724d98c62512229d574af,Eukaryota;Oomycota;Saprolegniales__c;Saprolegniales;NA;NA;NA
6ee437eaf44dba0c3dcbb93a8f14758b,Eukaryota;Arthropoda;Insecta;Diptera;NA;NA;NA
0f19924984737c5b46bad1a5c155fc9d,Eukaryota;Mollusca;Gastropoda;Stylommatophora;NA;NA;NA
6e59cc56604c61f6df8004e2b88b7f43,Eukaryota;Oomycota;NA;NA;NA;NA;NA
1f2e547812c9dbd0e444ecf009c7b911,Unknown;NA;NA;NA;NA;NA;NA
5a88c1d9e88592f86880cdf407197d40,Unknown;NA;NA;NA;NA;NA;NA
e6fd370764a80431af635fbe8ac3e310,Unknown;NA;NA;NA;NA;NA;NA
e7cdc7706c8707e93cdc6fa9436c7bf5,Eukaryota;Nematoda;Enoplea;Dorylaimida;Longidoridae;Xiphinema;Xiphinema brevicolle
fc1c317c05776993102816d16914bcee,Eukaryota;Chrysophyceae__p;Chrysophyceae;Segregatospumella__f__o;NA;NA;NA
b650d96fee84c43560dc668460e589bb,Eukaryota;Oomycota;Peronosporales__c;Peronosporales;NA;NA;NA
07b579edd7068dc9fb58d83b10a20857,Eukaryota;Haptophyta;Prymnesiales__c;Prymnesiales;NA;NA;NA
739097427d5fa62493988d9bc870daf4,Eukaryota;Cnidaria;Hydrozoa;Leptothecata;Clytiidae;Clytia;Clytia gregaria
15a2d8d209aa9c33c666deb0330f425b,Eukaryota;Oomycota;NA;NA;NA;NA;NA
5b63890443addcc327200036317f0fa0,Eukaryota;Synurophyceae__p;Synurophyceae;Synurales;NA;NA;NA
0a2c3c48df3393471d2088654f051cb0,Eukaryota;Arthropoda;Hexanauplia;Calanoida;Acartiidae;Acartia;Acartia longiremis
d422abcdcb1a84a0ecea1fc1f5dc3c1c,Unknown;NA;NA;NA;NA;NA;NA
f095f322a6dd3f87c67f0c757bd93dab,Eukaryota;NA;NA;NA;NA;NA;NA
b6ab0a22f70f7ddcad2864b07384b611,Eukaryota;Oomycota;Saprolegniales__c;Saprolegniales;NA;NA;NA
aca212da2c3bd04ff4770e89b45bb43b,Unknown;NA;NA;NA;NA;NA;NA
25cf863e9b47fceb662a7b9590773cec,Eukaryota;Oomycota;Saprolegniales__c;Saprolegniales;NA;NA;NA
4ee4a6223ca4d3b3d1ed5d965cfacb04,Eukaryota;Chordata;Actinopteri;Salmoniformes;NA;NA;NA
2b684d7e3ace239ef1fc0a4d2d152f36,Eukaryota;Arthropoda;Insecta;Diptera;NA;NA;NA
ac9c2af95ee18742e2595808bf0db4a8,Eukaryota;Arthropoda;Hexanauplia;Calanoida;Clausocalanidae;Pseudocalanus;Pseudocalanus mimus
42e384316031133266ff0c5906fdf6a0,Unknown;NA;NA;NA;NA;NA;NA
a94f35da1642edf526e9a255f5c498f1,Eukaryota;Cnidaria;Hydrozoa;Leptothecata;NA;NA;NA
58691bf12e35bbd4291c9d70ebe4d524,Eukaryota;Arthropoda;Hexanauplia;Calanoida;Clausocalanidae;Pseudocalanus;Pseudocalanus mimus
c6d3b450982514254aec717a9e26157a,Eukaryota;Bacillariophyta;Coscinodiscophyceae;Thalassiosirales;NA;NA;NA
653ff7ae305e027f8002624973e177fa,Eukaryota;Echinodermata;Holothuroidea;Molpadida;Caudinidae;Paracaudina;Paracaudina chilensis
4b0a72f50f450e5fedd008bf970cc576,Eukaryota;Arthropoda;Insecta;NA;NA;NA;NA
802ecb2d01de0dd76b13fd2bf8860f6c,Eukaryota;Arthropoda;Hexanauplia;Calanoida;Clausocalanidae;Pseudocalanus;Pseudocalanus mimus
eff7752e4cdf1a82c527eab6e052588b,Eukaryota;Arthropoda;Insecta;Lepidoptera;NA;NA;NA
c8c0115a5a76135d4902dde11faeeb61,Eukaryota;Discosea;Himatismenida__c;Himatismenida;NA;NA;NA
0a7050d47124c65d1cb916f279dd1438,Eukaryota;Bacillariophyta;Coscinodiscophyceae;Thalassiosirales;Skeletonemataceae;NA;NA
afed7f675ec6dc79ec8d9f73f17c2107,Eukaryota;Oomycota;Saprolegniales__c;Saprolegniales;NA;NA;NA
1c0c4109008e70173240e6b13d14940d,Eukaryota;Discosea;Himatismenida__c;Himatismenida;Parvamoeba__f;NA;NA
190ada9679d0c26e57bfc94963761235,Eukaryota;Arthropoda;Hexanauplia;Calanoida;Paracalanidae;Paracalanus;Paracalanus sp_ C AC_2013
3c33eebcf2d6124d62b83340a37fb90a,Eukaryota;Phaeophyceae__p;Phaeophyceae;Desmarestiales;NA;NA;NA
5f9a6b0af7a72fb3e9e8f27fa05ba98c,Eukaryota;Cnidaria;Hydrozoa;Leptothecata;Eirenidae;Eutonina;Eutonina indicans
a377ab91859cdbcf724aa39fc8f05809,Eukaryota;Mollusca;Gastropoda;Stylommatophora;NA;NA;NA
273055435ba88be916a8562408590b00,Eukaryota;Cnidaria;Hydrozoa;Leptothecata;Clytiidae;Clytia;Clytia gregaria
35a1b2b8ae902c87c955bc22cdd6a853,Eukaryota;Cryptophyceae__p;Cryptophyceae;Cyathomonadacea;NA;NA;NA
65aff746d53a59b1fea3f4a427b7f5ec,Eukaryota;Mollusca;Gastropoda;Stylommatophora;NA;NA;NA
1fbeb34c7f81481cf5699c300619ce2f,Eukaryota;Haptophyta;Isochrysidales__c;Isochrysidales;NA;NA;NA
2f04f88989c36b04f83d50ab3678d388,Eukaryota;Placozoa;NA;NA;NA;NA;NA
03bb9221e56bb8830c936e9d16f10eaa,Eukaryota;Chordata;Aves;Passeriformes;NA;NA;NA
57ce676011142365df63ea42a6157d15,Eukaryota;Cnidaria;Hydrozoa;Limnomedusae;NA;NA;NA
9dd4971ada050d88f607b92836a6c444,Eukaryota;Arthropoda;Insecta;Lepidoptera;NA;NA;NA
abbb0cd2ca8fbd91386b713195936c9d,Eukaryota;Arthropoda;Insecta;Hymenoptera;NA;NA;NA
e49deaa8d00caf7116eedb824fcf2423,Unknown;NA;NA;NA;NA;NA;NA
5bc1af7735fa50994cca39ff0312608b,Eukaryota;Arthropoda;Insecta;NA;NA;NA;NA
9b156cbbe099a13b63b46219d1e3a4a8,Eukaryota;Oomycota;Leptomitales__c;Leptomitales;NA;NA;NA
b5e0e495be466018ad84ef9b7819ba5d,Eukaryota;Annelida;Polychaeta;Spionida;Spionidae;Spiophanes;Spiophanes hakaiensis
8a5dfb93882155fa4d82ada17771ede8,Eukaryota;Mollusca;Gastropoda;Planorbidae__o;NA;NA;NA
36fa48f16d85b9e3e7244cbdfa65b1c5,Eukaryota;Arthropoda;Hexanauplia;Calanoida;Clausocalanidae;Pseudocalanus;Pseudocalanus acuspes
a722995bf285c61edfb137467997dc27,Eukaryota;Discosea;Flabellinia;Dactylopodida;Paramoebidae;NA;NA
c714f70a72e2715d768be6352757c46e,Eukaryota;Rotifera;Eurotatoria;Ploima;Synchaetidae;NA;NA
889741aad7ff410f17b1ed12e66d2973,Eukaryota;Haptophyta;Phaeocystales__c;Phaeocystales;NA;NA;NA
745ceef2212a654397a70e2a02fe803f,Eukaryota;Rhodophyta;Florideophyceae;NA;NA;NA;NA
0b9f98191cac4b091e90f12f4a682cbf,Eukaryota;Arthropoda;Insecta;Diptera;NA;NA;NA
896c584eba6516fa94cff06d95b92fe3,Eukaryota;Arthropoda;Collembola;NA;NA;NA;NA
734ad395ffcca41c7714b9fa43d65ce1,Eukaryota;Phaeophyceae__p;Phaeophyceae;Dictyotales;NA;NA;NA
5f3b120a1dd80f5562bcc3a87ec1dd07,Eukaryota;Arthropoda;Hexanauplia;Calanoida;Clausocalanidae;NA;NA
f45e0e1cf1a4f2b4e30029932b379a0e,Eukaryota;Oomycota;Saprolegniales__c;Saprolegniales;NA;NA;NA
d8c5ea28b5f5b3819cc25562d4ff4594,Eukaryota;Cnidaria;Hydrozoa;Leptothecata;NA;NA;NA
20803e75c71d4ac249da4da4c5cd9a50,Unknown;NA;NA;NA;NA;NA;NA
5451d0a8c9660737f8aaf448da8cfa7c,Environmental Unknown;NA;NA;NA;NA;NA;NA
309f1a8d4e6b684b3f14c414473c079d,Eukaryota;Oomycota;Pythiales__c;Pythiales;NA;NA;NA
048c95aa4eabf17f7898623380ec3dad,Eukaryota;Ascomycota;Eurotiomycetes;Chaetothyriales;Herpotrichiellaceae;NA;NA
509937ea6b3e6a0023ca38e4096d91be,Eukaryota;Oomycota;Saprolegniales__c;Saprolegniales;Saprolegniaceae;NA;NA
b348acd72309ce0f2a96851d908a824b,Unknown;NA;NA;NA;NA;NA;NA
c94df8b0cc2188287eae5a93ebd08264,Eukaryota;Oomycota;Saprolegniales__c;Saprolegniales;NA;NA;NA
86b730191005799d22c9aa7c7273f243,Eukaryota;Cnidaria;Hydrozoa;Leptothecata;NA;NA;NA
614c8c21932e90f6258ecea6811b810d,Eukaryota;Bacillariophyta;Mediophyceae;Lithodesmiales;Lithodesmiaceae;NA;NA
16ab6bcf64c88ffee7dfd5ee825efd92,Eukaryota;Arthropoda;Hexanauplia;Calanoida;Calanidae;Calanus;Calanus pacificus
32e33d72583770868f9b7b0f3143a68c,Eukaryota;Arthropoda;Insecta;Lepidoptera;NA;NA;NA
401776761e34508412c9c8238c085b3a,Eukaryota;Rhodophyta;Florideophyceae;Ceramiales;NA;NA;NA
8a7c78e3f823c5411dba99eb9ba7e291,Unknown;NA;NA;NA;NA;NA;NA
17732ac450e0ff0e7cdc091e5a33736a,Eukaryota;Arthropoda;Insecta;Hemiptera;NA;NA;NA
b439288cb89f8e59c96de32a8c733c04,Eukaryota;Arthropoda;Hexanauplia;Calanoida;Clausocalanidae;Pseudocalanus;Pseudocalanus mimus
36d77c559ece6b0c18b9adf831d8daf9,Eukaryota;Porifera;Demospongiae;Poecilosclerida;NA;NA;NA
d2f04b14e1f508420359e670b84a878c,Eukaryota;Cnidaria;Hydrozoa;Leptothecata;Eirenidae;Eutonina;Eutonina indicans
784c10068b6359af5683d14147e8b5fe,Eukaryota;Arthropoda;Hexanauplia;Calanoida;Clausocalanidae;Pseudocalanus;Pseudocalanus mimus
8f53fe1c438a07d37455b04acafc5bab,Eukaryota;Arthropoda;Insecta;Hymenoptera;NA;NA;NA
56440d607565e79ef3197bf6d461eb93,Eukaryota;Oomycota;Pythiales__c;Pythiales;NA;NA;NA
23edd4f84115982f4ee9446bb7aef546,Eukaryota;Arthropoda;Insecta;Coleoptera;NA;NA;NA
d397f557343aa37354660b4c8b0925d8,Eukaryota;Arthropoda;Hexanauplia;Calanoida;Temoridae;NA;NA
85a5482dd55a8a15e015d402a0bdc474,Eukaryota;Echinodermata;Ophiuroidea;Amphilepidida;NA;NA;NA
6128e35169dfab71887539cab0ec355d,Eukaryota;Haptophyta;Isochrysidales__c;Isochrysidales;NA;NA;NA
d3f3d9b2e889ab23f6e18ee27a04a129,Eukaryota;Arthropoda;Insecta;Diptera;NA;NA;NA
2b8cd052d8968cdf13101bf8358ba479,Eukaryota;Cnidaria;Hydrozoa;Leptothecata;Eirenidae;Eutonina;Eutonina indicans
dc9a239b4f71f15cb5d563182bce6bf8,Eukaryota;Arthropoda;Insecta;NA;NA;NA;NA
c1af32ec6075f26ce9d200f004d95876,Eukaryota;Porifera;Demospongiae;Haplosclerida;NA;NA;NA
90e62cada87a7174ab3d3b705d10f92b,Eukaryota;Cnidaria;Hydrozoa;Leptothecata;Eirenidae;Eutonina;Eutonina indicans
38f9502e17d99f175279270cd443ee22,Eukaryota;Discosea;Flabellinia;Dactylopodida;NA;NA;NA
e2b34dd71f6e7ec2683b4e94e88d8b84,Eukaryota;Porifera;Demospongiae;Bubarida;NA;NA;NA
1e50e637a87b15a5571ecda095b48fbe,Eukaryota;Discosea;Flabellinia;Dactylopodida;NA;NA;NA
a02af94fed4becb9f36e2bcea7203725,Eukaryota;Mollusca;Gastropoda;Planorbidae__o;NA;NA;NA
76750c57d473240f85044a27e476b592,Eukaryota;Cnidaria;Hydrozoa;Leptothecata;Eirenidae;Eutonina;Eutonina indicans
0652a47b751eaa2e19922a660e06b423,Eukaryota;Arthropoda;Insecta;Hymenoptera;NA;NA;NA
5025dd210299396ad16351deb2be8731,Eukaryota;Nematoda;Enoplea;Dorylaimida;Longidoridae;Xiphinema;Xiphinema brevicolle
49c9b0ee93800d45fcc50e8db6d49ef8,Eukaryota;Bacillariophyta;Mediophyceae;Triceratiales;Plagiogrammaceae;NA;NA
eb609226a2b4178126edc08030e56e15,Eukaryota;Oomycota;Saprolegniales__c;Saprolegniales;Saprolegniaceae;NA;NA
1fd1125ae6a1462742f33c159a08fb85,Environmental Unknown;NA;NA;NA;NA;NA;NA
aa0597deca4882ea354d8c4621eedb91,Unknown;NA;NA;NA;NA;NA;NA
9c3f3aaaaf1735c5c77844a24fac4c47,Eukaryota;Arthropoda;Hexanauplia;Calanoida;Acartiidae;Acartia;Acartia longiremis
a63f0e9f88303808102f0ce20eeef308,Eukaryota;Arthropoda;Hexanauplia;Calanoida;Clausocalanidae;Pseudocalanus;Pseudocalanus mimus
0beb6ded1ec89201aa4f6c73364c7f07,Unknown;NA;NA;NA;NA;NA;NA
01544eae814ae06bbc9653c8a322e5b7,Eukaryota;Discosea;Flabellinia;Dactylopodida;NA;NA;NA
121dc1b0617ee19cf623c3ebff801828,Eukaryota;Arthropoda;Hexanauplia;Calanoida;Clausocalanidae;Pseudocalanus;Pseudocalanus mimus
ab626156efeb243c53551c9efbade194,Eukaryota;Cnidaria;Hydrozoa;Leptothecata;Eirenidae;Eutonina;Eutonina indicans
99ab94a47d95cdf7b8c10596996db7ee,Eukaryota;Oomycota;Peronosporales__c;Peronosporales;NA;NA;NA
31b0ab9f5b59c15ff52ba19d7255c0c8,Eukaryota;Cnidaria;Hydrozoa;NA;NA;NA;NA
c28f901e5e7c5f8bbbe4118be4b201ee,Eukaryota;Haptophyta;Phaeocystales__c;Phaeocystales;NA;NA;NA
a67dccfc7580ff8a1c8aa1fabda9661e,Eukaryota;Arthropoda;Hexanauplia;Calanoida;Paracalanidae;Paracalanus;Paracalanus sp_ C AC_2013
60c9040edcc96a26be0935b80225962b,Eukaryota;Arthropoda;Hexanauplia;Calanoida;Clausocalanidae;Pseudocalanus;NA
7ee1ed4d17eed5e031e15ee50712c2d0,Eukaryota;Porifera;Demospongiae;Bubarida;NA;NA;NA
0cd90cfe5ab87dd07c20d1f719e759e5,Eukaryota;Arthropoda;Insecta;Coleoptera;NA;NA;NA
e0741d29bb1a62631f6091f94fac9e26,Eukaryota;Arthropoda;Hexanauplia;Calanoida;Clausocalanidae;Pseudocalanus;Pseudocalanus mimus
b74dbb5c3d8d5d9f3f8c3e3dd0f5bcda,Eukaryota;Phaeophyceae__p;Phaeophyceae;Ectocarpales;NA;NA;NA
671f0a4dc50ea3020acf9251dc020963,Unknown;NA;NA;NA;NA;NA;NA
0c12f94b9aeefe14ebb408584e7078f4,Eukaryota;Bigyra__p;Bigyra;Thraustochytrida;NA;NA;NA
79fb968305f2a12f5649a3b07e7d500f,Eukaryota;Oomycota;Peronosporales__c;Peronosporales;NA;NA;NA
1703f08417e4f318f3a2e1f6dc30571a,Eukaryota;Cnidaria;Hydrozoa;Leptothecata;NA;NA;NA
c317019a5fc8b8cbafb52bb92afa0737,Eukaryota;Oomycota;Saprolegniales__c;Saprolegniales;NA;NA;NA
47fcf227664b5cace1808a20772f8fbe,Eukaryota;Arthropoda;Insecta;Diptera;NA;NA;NA
bc36979198ac2cfd0e551b11fc2562a5,Eukaryota;Bacillariophyta;Coscinodiscophyceae;Chaetocerotales;NA;NA;NA
dff10b5e648865845424e28492444e09,Eukaryota;Oomycota;Pythiales__c;Pythiales;NA;NA;NA
c94108b483115894ea30fd7743d32309,Eukaryota;Oomycota;Peronosporales__c;Peronosporales;NA;NA;NA
c8c325380b8f0d9caa7c1f3008cbfb85,Eukaryota;Annelida;Polychaeta;Chaetopteridae__o;Chaetopteridae;Chaetopterus;Chaetopterus variopedatus
3db5cd6c8688f04f5c4220f70f05c6e6,Eukaryota;Cnidaria;Hydrozoa;Leptothecata;NA;NA;NA
2a635a99ab76e2c15f6413fc31a07e00,Unknown;NA;NA;NA;NA;NA;NA
101738716b7b58f15a6866f8af41b81e,Eukaryota;Arthropoda;Hexanauplia;Calanoida;Clausocalanidae;Pseudocalanus;Pseudocalanus mimus
01f05c3bb8f08373c62054c8c01ace42,Eukaryota;Haptophyta;Prymnesiales__c;Prymnesiales;NA;NA;NA
42dd4aabc3d4b14e2fa7dd77b71c52a3,Eukaryota;Arthropoda;Arachnida;Araneae;NA;NA;NA
5843aea6c8b16d1ad81d549c5d418112,Eukaryota;Bacillariophyta;Fragilariophyceae;Fragilariales;NA;NA;NA
929ac355d69879d7fe500eab70aefae5,Eukaryota;Arthropoda;Hexanauplia;Calanoida;Clausocalanidae;Pseudocalanus;Pseudocalanus newmani
7c2e042fef901f8f1b2e9088208825ed,Eukaryota;Ascomycota;Eurotiomycetes;Chaetothyriales;Trichomeriaceae;NA;NA
2454b675722dfd27e22beb194e628111,Eukaryota;Annelida;Clitellata;Crassiclitellata;NA;NA;NA
892ce045eea2ff658cf8d523f5d48055,Eukaryota;Raphidophyceae__p;Raphidophyceae;Chattonellales;NA;NA;NA
014573672978a9d63d23db0158121a9d,Eukaryota;Cnidaria;Hydrozoa;Leptothecata;Eirenidae;Eutonina;Eutonina indicans
5f14d01f590628f4e4a366e673076a07,Eukaryota;Dinophyceae__p;Dinophyceae;NA;NA;NA;NA
06436c49e8612c4387cb4e70885262cc,Eukaryota;Arthropoda;Insecta;Diptera;NA;NA;NA
053469b733be2e29788d63bb91487a7a,Eukaryota;Arthropoda;Insecta;Coleoptera;NA;NA;NA
2701389cdf1e3edcc6bf7fb5586a64f4,Eukaryota;Arthropoda;Insecta;NA;NA;NA;NA
28ed7055377b674a61d3db81875e456e,Eukaryota;Arthropoda;Insecta;Lepidoptera;NA;NA;NA
b555b583e5b821b9a9001073d19ca8cc,Eukaryota;Haptophyta;Prymnesiales__c;Prymnesiales;NA;NA;NA
912213fe29f7a9fa300356e5a2e5bd14,Unknown;NA;NA;NA;NA;NA;NA
52bb3ebd5adbb204e53a870e92de1482,Eukaryota;Porifera;Demospongiae;Haplosclerida;NA;NA;NA
74c07a1f94a50949ac29dd4725dbad34,Eukaryota;Rotifera;Eurotatoria;Ploima;Synchaetidae;NA;NA
672de128055604d8f461bb1e75ef5bce,Eukaryota;Chlorophyta;Mamiellophyceae;Mamiellales;Bathycoccaceae;Bathycoccus;Bathycoccus prasinos
4c0c2fd6e61c500b68970069c9bd5871,Unknown;NA;NA;NA;NA;NA;NA
6523f1b110d205106ff15d1515ea59c6,Eukaryota;Cnidaria;Hydrozoa;Leptothecata;Eirenidae;Eutonina;Eutonina indicans
6ec578a3f571248e133c8fb27e50772b,Eukaryota;Arthropoda;Hexanauplia;Calanoida;Clausocalanidae;Pseudocalanus;Pseudocalanus mimus
d86dc6cca0de9bcde5cf42443d30aca1,Eukaryota;Oomycota;Pythiales__c;Pythiales;NA;NA;NA
9a7dfe08bb67c20d2c88faab84c68755,Eukaryota;Rotifera;Eurotatoria;Ploima;Synchaetidae;NA;NA
2afc339be7867738054da4b577d93b3c,Eukaryota;Cnidaria;Hydrozoa;Anthoathecata;NA;NA;NA
e20deff5458ae15f67abb70903ed10be,Eukaryota;Arthropoda;Insecta;Lepidoptera;NA;NA;NA
65cd3fd63977a103165a6af9df44a08e,Eukaryota;Cercozoa;Imbricatea;Euglyphida;NA;NA;NA
3380a405bdeb82bf4ee2353cf963984b,Eukaryota;Oomycota;Saprolegniales__c;Saprolegniales;NA;NA;NA
82e671d401e03dbdff8fb57bc91e242d,Eukaryota;Arthropoda;Insecta;NA;NA;NA;NA
c366644875226d3873a4113cdb0b6fde,Eukaryota;Oomycota;Peronosporales__c;Peronosporales;NA;NA;NA
9898d9b74d36f5cd00c0b4bff4f76631,Eukaryota;Arthropoda;Arachnida;NA;NA;NA;NA
e0d07fc217dace4f8cb2fd8375a5979e,Unknown;NA;NA;NA;NA;NA;NA
ab271a09d96e966bdaa60a96696b9571,Eukaryota;Annelida;Polychaeta;Spionida;Spionidae;Spiophanes;Spiophanes hakaiensis
a428d1f127a2361d9164068206d0fd55,Eukaryota;Arthropoda;Hexanauplia;Calanoida;Clausocalanidae;Pseudocalanus;Pseudocalanus mimus
e1e14340b2e87664f0a0a25eb3b97a3b,Eukaryota;Oomycota;Pythiales__c;Pythiales;NA;NA;NA
bd3a43cb776643343c27607b20e458df,Eukaryota;Arthropoda;Hexanauplia;Calanoida;Clausocalanidae;Pseudocalanus;Pseudocalanus mimus
579d340d42c53a1611fb51e73a5b051c,Unknown;NA;NA;NA;NA;NA;NA
4926b840df6a6c8f6f5efaf276549741,Eukaryota;Arthropoda;Insecta;Diptera;NA;NA;NA
ba0d0e0d75aab8dcc560b9612dcd8cfe,Unknown;NA;NA;NA;NA;NA;NA
1a2a068c3bdcfc9f4b85003d446a9337,Eukaryota;Rhodophyta;Florideophyceae;Ceramiales;NA;NA;NA
20324a967934bd2c01174cd8ad82fb46,Eukaryota;Porifera;Demospongiae;Poecilosclerida;NA;NA;NA
31809eb924ec7d7ce596b95eb5c864db,Eukaryota;Oomycota;Pythiales__c;Pythiales;NA;NA;NA
5d070fd80d6284ac1b675140baec373d,Eukaryota;Arthropoda;Hexanauplia;Calanoida;Acartiidae;Acartia;Acartia longiremis
1de0a03628aae76bf2e907c2a5f445a1,Eukaryota;Arthropoda;Insecta;Diptera;NA;NA;NA
ce1bbc6417fbfc0cc9c96d347ca9b6e4,Eukaryota;Streptophyta;Zygnemophyceae;Desmidiales;NA;NA;NA
b6648836188adb35a3488628cc4080c9,Eukaryota;Haptophyta;Prymnesiales__c;Prymnesiales;NA;NA;NA
f58dd0c6293086ea870a86501c72511e,Eukaryota;Cnidaria;Hydrozoa;Leptothecata;NA;NA;NA
32fa3f7793ab8215ed26ca89ca96e009,Eukaryota;Arthropoda;Insecta;Lepidoptera;NA;NA;NA
235b52d3fb2ba09a5c69773fa7ea6644,Eukaryota;Chlorophyta;Trebouxiophyceae;Chlorellales;NA;NA;NA
a8a57c6630a21980fa7a21e16dc1c7da,Eukaryota;Arthropoda;Insecta;NA;NA;NA;NA
73563b9168854597277e5ff2215bab7a,Eukaryota;Arthropoda;Hexanauplia;Calanoida;Clausocalanidae;Pseudocalanus;Pseudocalanus mimus
a5ab28db2e51646129778e34ffcf2b92,Eukaryota;Mollusca;Gastropoda;NA;NA;NA;NA
da5674d5d41abfad6ddba6869ca20d1f,Eukaryota;Nemertea;Enopla;Monostilifera;NA;NA;NA
89433058e0c43d0841d8329484c656ee,Eukaryota;Arthropoda;Insecta;Hymenoptera;NA;NA;NA
50f523b9b954bd907392a20ef1c7ddc9,Eukaryota;Chrysophyceae__p;Chrysophyceae;Chromulinales;Chromulinaceae;NA;NA
ee28410adb3099badc4026906df17404,Unknown;NA;NA;NA;NA;NA;NA
d69c787244316ee0b443de9f7ffc336e,Eukaryota;Oomycota;Peronosporales__c;Peronosporales;NA;NA;NA
c060baefe0f1b2c8b134c6236b1b28a6,Eukaryota;Bacillariophyta;Fragilariophyceae;Fragilariales;NA;NA;NA
8588eedc98714086a26212532aaa334a,Eukaryota;Rotifera;Eurotatoria;Ploima;NA;NA;NA
840433b90e98fed998f6489ee780bf26,Unknown;NA;NA;NA;NA;NA;NA
20ab733ca537994eda96d4c8c7218cca,Eukaryota;Arthropoda;Insecta;Lepidoptera;NA;NA;NA
95d05eb4126a923c90080905e493ac40,Eukaryota;Cnidaria;Hydrozoa;Leptothecata;Eirenidae;Eutonina;Eutonina indicans
823609252f518d9e17b05456feffcfe1,Eukaryota;Cnidaria;Anthozoa;Scleractinia;NA;NA;NA
838998a54ce118965c7ea9da60fea1ae,Eukaryota;Arthropoda;Hexanauplia;Calanoida;Clausocalanidae;Pseudocalanus;Pseudocalanus mimus
ffa954c14a2da34d703fe9cd941aaccf,Eukaryota;Phaeophyceae__p;Phaeophyceae;Ectocarpales;NA;NA;NA
44e98dc3ac58a61eaced7ec63c798941,Eukaryota;Phaeophyceae__p;Phaeophyceae;Ectocarpales;NA;NA;NA
f0c568f2d70046494528a18e0bf384ce,Eukaryota;Rhodophyta;Florideophyceae;Ceramiales;NA;NA;NA
44edf2a1d75adcb7e0111847b9f00e1c,Eukaryota;Phaeophyceae__p;Phaeophyceae;Ectocarpales;NA;NA;NA
1047d6c4d44791beadd54815845850d0,Eukaryota;Phaeophyceae__p;Phaeophyceae;Fucales;NA;NA;NA
fef97cad91f9a7c4b39f587908a96c23,Eukaryota;Rhodophyta;Florideophyceae;Batrachospermales;NA;NA;NA
d5d3a273bef9347b838cfb7ad22e4a82,Eukaryota;Arthropoda;Insecta;Lepidoptera;NA;NA;NA
006f6187e497cfdc607c01504e91af9f,Unknown;NA;NA;NA;NA;NA;NA
d8539cb56dc3fdb856b0e9c2ad614086,Eukaryota;Cnidaria;Hydrozoa;Leptothecata;Eirenidae;Eutonina;Eutonina indicans
193da1e134907eebc60abad6163efe42,Eukaryota;Discosea;Flabellinia;Dactylopodida;NA;NA;NA
d6c87d5ab7efe9ec3080e860cb6c3b46,Eukaryota;Haptophyta;Prymnesiales__c;Prymnesiales;NA;NA;NA
eda1210c259a0d0c388732d14679d77f,Unknown;NA;NA;NA;NA;NA;NA
36af1465d3bcd4182f9a16fd2fd8b2cf,Unknown;NA;NA;NA;NA;NA;NA
2d0c400e58fd86302307a372c8a89f9b,Eukaryota;Cnidaria;Hydrozoa;NA;NA;NA;NA
29b3b9a63c9c5e27a6a633789872b78b,Eukaryota;Oomycota;Saprolegniales__c;Saprolegniales;NA;NA;NA
164c0fd1933bfe57788ca49c016480f9,Eukaryota;Annelida;Polychaeta;Sabellida;Sabellariidae;NA;NA
f6814dd018663f4c8b2dc4f351333187,Eukaryota;NA;NA;NA;NA;NA;NA
22e2ee11c9c3737ded8409d1133bed10,Eukaryota;Arthropoda;Arachnida;Araneae;NA;NA;NA
e9fb68dbac5ba9607ad93603b813a69d,Eukaryota;Arthropoda;Arachnida;Araneae;NA;NA;NA
1e43ab674566ce64d2ad8539540805a6,Eukaryota;Cnidaria;Hydrozoa;Siphonophorae;NA;NA;NA
91da925906201a492ce2fa1ed7b78035,Eukaryota;Arthropoda;Insecta;Diptera;NA;NA;NA
ffbc1208875554b5303c69f2ba54d525,Eukaryota;Cnidaria;Scyphozoa;Semaeostomeae;Ulmaridae;Phacellophora;Phacellophora camtschatica
6b77f9d846f851c0378d3c89213bdd6d,Eukaryota;Bacillariophyta;Coscinodiscophyceae;Chaetocerotales;Chaetocerotaceae;NA;NA
3c85860f47a8db2a1fd9cd99ea400dd9,Eukaryota;Arthropoda;Hexanauplia;Calanoida;NA;NA;NA
d69a7b4304d5b971429e69695851c133,Eukaryota;Cnidaria;Hydrozoa;Leptothecata;Mitrocomidae;Mitrocoma;Mitrocoma cellularia
471b0aa2d1d5191af0f2cc958544d982,Eukaryota;Phaeophyceae__p;Phaeophyceae;Ectocarpales;NA;NA;NA
ddc6416e7c7df3b733a52c4993a3adbf,Eukaryota;Cnidaria;Hydrozoa;Leptothecata;Eirenidae;Eutonina;Eutonina indicans
d7a06c207d617b878c5885bc85224067,Eukaryota;Annelida;Polychaeta;Spionida;Spionidae;Spiophanes;Spiophanes hakaiensis
72a9489e003f5e9a1a5623dc6990f5d4,Unknown;NA;NA;NA;NA;NA;NA
de8c8d461935086bde10ff2062eaf39b,Unknown;NA;NA;NA;NA;NA;NA
0f5106aed86837b163f8f6f4f3125691,Eukaryota;Arthropoda;Insecta;Diptera;NA;NA;NA
cf3f9c1a10077f7ec3934d551cb03ead,Unknown;NA;NA;NA;NA;NA;NA
a3f7b285a506b44e0f126e100a0b19c1,Eukaryota;Arthropoda;Insecta;Diptera;NA;NA;NA
1cf780a45e654d9f1f33f1822d486ad3,Eukaryota;Arthropoda;Insecta;Lepidoptera;NA;NA;NA
8e2a176a8488249ebf7cc34a74b5274e,Eukaryota;Arthropoda;Insecta;NA;NA;NA;NA
2be70548ccb3ed8ab829b8c6d65458f6,Eukaryota;Ascomycota;Dothideomycetes;Mycosphaerellales;Mycosphaerellaceae;NA;NA
0d02098629e2835b1d27437a854082fa,Eukaryota;Phaeophyceae__p;Phaeophyceae;Dictyotales;NA;NA;NA
b7fbabba4877a7a899fddf58c338f4aa,Eukaryota;Chordata;Actinopteri;Siluriformes;NA;NA;NA
84ab00cf23adc429c33929ff3e469e48,Eukaryota;Evosea;Squamamoeba__f__o__c;Squamamoeba__f__o;Squamamoeba__f;Squamamoeba;Squamamoeba japonica
1f705ca9ffc7538d4b0a93945fe788d6,Eukaryota;Mollusca;Gastropoda;Stylommatophora;NA;NA;NA
66bea0549c07aac9c73ac25748abc1e0,Eukaryota;Discosea;Longamoebia__c;Longamoebia;NA;NA;NA
d16231eb7c509041bd3ed4cc79fc28f9,Eukaryota;Bacillariophyta;Fragilariophyceae;Fragilariales;NA;NA;NA
af515ec1e003f56ec8e7a244556e42e0,Eukaryota;Arthropoda;Insecta;NA;NA;NA;NA
9563b6e9e926a11a15c9605654203e8a,Eukaryota;Mollusca;Gastropoda;Planorbidae__o;NA;NA;NA
6bd250c61a3f55c02c5bdc6c18c2d8ef,Eukaryota;Discosea;Flabellinia;Dactylopodida;NA;NA;NA
14f3aa8d8618662f6e8d739bcae641e2,Eukaryota;Bacillariophyta;Coscinodiscophyceae;Stephanodiscales;NA;NA;NA
59e4063fdf9220ba080779875da08bda,Eukaryota;Bacillariophyta;Coscinodiscophyceae;Thalassiosirales;Skeletonemataceae;NA;NA
86f39d8afa0b3f6e2a206c0214950330,Eukaryota;Haptophyta;Isochrysidales__c;Isochrysidales;Noelaerhabdaceae;NA;NA
70a22963b8dcaf00ce0009e553184d36,Eukaryota;Arthropoda;Insecta;Coleoptera;NA;NA;NA
e73077b717bc6b6aa626b98dfb8323b9,Eukaryota;Arthropoda;Insecta;Diptera;NA;NA;NA
a24183fc50eb0a9c7ee0bd969d72e896,Eukaryota;Annelida;Polychaeta;Sabellida;Sabellidae;Schizobranchia;Schizobranchia insignis
16b8bb82f4a10aa65e604ed810749343,Unknown;NA;NA;NA;NA;NA;NA
6816dfebb80b80536cb64210df8d75e9,Eukaryota;Arthropoda;Insecta;Diptera;NA;NA;NA
0ee1bba2bd20df36c919bd7f4641026b,Unknown;NA;NA;NA;NA;NA;NA
533d58a4db4e0472e35efae119e6c578,Unknown;NA;NA;NA;NA;NA;NA
ddd37ac4d135c9c321f86b92fe69dd82,Eukaryota;Rhodophyta;Bangiophyceae;Bangiales;NA;NA;NA
e4d340c1a50f6f4f6f50f26d99c9ac8e,Eukaryota;Arthropoda;Arachnida;Araneae;NA;NA;NA
089db59c93cf8ad4187382ddf2b62c24,Eukaryota;Haptophyta;Prymnesiales__c;Prymnesiales;NA;NA;NA
c6104507926c23cecf1b7e242f0e58a4,Eukaryota;Arthropoda;Insecta;Diptera;NA;NA;NA
fe25e8ff1f61e474f8d671d9d8ed95a3,Eukaryota;Cnidaria;Hydrozoa;Leptothecata;NA;NA;NA
dbb6412a811aaeb95d62a645fbe578dd,Eukaryota;Haptophyta;Prymnesiales__c;Prymnesiales;NA;NA;NA
026966f452e4d2d6a7122f587a76ac19,Eukaryota;Arthropoda;Arachnida;Araneae;NA;NA;NA
6e744e10d976b7d81a077021f3e24197,Eukaryota;Chrysophyceae__p;Chrysophyceae;Chromulinales;NA;NA;NA
495ebe4044bf243423560152dbb0cca9,Eukaryota;Arthropoda;Insecta;Coleoptera;NA;NA;NA
2da8847046386c63c4630392420eb496,Eukaryota;Mollusca;Gastropoda;Littorinimorpha;NA;NA;NA
e9742bfdaf0b5e9b8d2afdab03f412bd,Eukaryota;Arthropoda;Insecta;Diptera;NA;NA;NA
5ef4149da62a9e2a1371b9d56fb82584,Environmental Unknown;NA;NA;NA;NA;NA;NA
e080eb19d941bbe1e4834a436e896107,Eukaryota;Discosea;Flabellinia;Dactylopodida;NA;NA;NA
0469fc61d3fab30887ad2823c914c885,Eukaryota;Cnidaria;Anthozoa;Scleralcyonacea;NA;NA;NA
2d97202fb61d32a5f06358836fe78da1,Eukaryota;Arthropoda;Insecta;Lepidoptera;NA;NA;NA
b3cbb1218bcef83b8ae562326416ace0,Eukaryota;Dinophyceae__p;Dinophyceae;Gymnodiniales;Gymnodiniaceae;Margalefidinium;Margalefidinium polykrikoides
e748dacf57c21115fe29e4d0a1cc1677,Unknown;NA;NA;NA;NA;NA;NA
6fe8f441d08fa74c2e9d6386657563f9,Eukaryota;Rhodophyta;Florideophyceae;Ceramiales;NA;NA;NA
59a0857e5a53c66fe3dd7fde7d65f0d8,Eukaryota;Oomycota;Pythiales__c;Pythiales;NA;NA;NA
33d6d8358ad497ea2482cfc63286843f,Eukaryota;Chrysophyceae__p;Chrysophyceae;Chromulinales;NA;NA;NA
aff981ddc05d15654cd4038508c8455d,Eukaryota;Arthropoda;Insecta;Coleoptera;NA;NA;NA
7e2118f45011741c96cbe996255ec2a7,Eukaryota;Arthropoda;Insecta;NA;NA;NA;NA
62aeb571fbf9666b91514c1145e4fec1,Eukaryota;Arthropoda;Insecta;Hymenoptera;NA;NA;NA
f69d66b5b2f273bde928328cfbeadcea,Eukaryota;Mollusca;Gastropoda;Planorbidae__o;NA;NA;NA
987b0d05e9092234439eb1242666770b,Eukaryota;Discosea;Flabellinia;Dactylopodida;NA;NA;NA
8aa149919a91717a82688fe494f9f75a,Eukaryota;Cnidaria;Hydrozoa;Anthoathecata;NA;NA;NA
f8cc397bd7b2763468e9a0ee62633de5,Eukaryota;Arthropoda;Hexanauplia;Calanoida;Clausocalanidae;Pseudocalanus;Pseudocalanus mimus
920901213d912b54493eb168a51280f3,Eukaryota;Arthropoda;Arachnida;Araneae;NA;NA;NA
38be409c9cb37c1c45e1a49b190e2076,Eukaryota;Cnidaria;Hydrozoa;Siphonophorae;NA;NA;NA
a6e8520f59f523ef9b7963fea973955f,Eukaryota;Cnidaria;Hydrozoa;Siphonophorae;NA;NA;NA
64ac4b47cb1a20951373b2814aa22e4b,Eukaryota;Chrysophyceae__p;Chrysophyceae;Chromulinales;NA;NA;NA
299b0f9b1b35c0a13e7de26e53891309,Unknown;NA;NA;NA;NA;NA;NA
a0f17196eae1ea8f64e011cd6c3b517f,Eukaryota;Cryptophyceae__p;Cryptophyceae;Cyathomonadacea;NA;NA;NA
7073242f5635f8747104cb675bc2acf6,Eukaryota;Arthropoda;Insecta;Lepidoptera;NA;NA;NA
308195144b70eca1abf56ed79dc67e6f,Eukaryota;Arthropoda;Hexanauplia;Calanoida;Acartiidae;Acartia;Acartia longiremis
a46edf820d307df3de3e3557842792bc,Eukaryota;Annelida;Polychaeta;Terebellida;Ampharetidae;NA;NA
d5fa5e2f62f2749a7be1265a77a5dde2,Eukaryota;Ascomycota;Dothideomycetes;Mycosphaerellales;NA;NA;NA
d73185055205c452beedc106d81f5b6a,Eukaryota;Chrysophyceae__p;Chrysophyceae;Chromulinales;NA;NA;NA
d9149908ecda7b2db32eb63bb6b35aa1,Eukaryota;NA;NA;NA;NA;NA;NA
f4461557350397b8e56aafc6053035e5,Eukaryota;Oomycota;Saprolegniales__c;Saprolegniales;NA;NA;NA
6ecfd89641269c017062d19b226926ee,Eukaryota;Arthropoda;Insecta;Diptera;NA;NA;NA
767467adbdcd7c044e67df3c06edc437,Eukaryota;Cnidaria;Hydrozoa;Leptothecata;Clytiidae;Clytia;Clytia gregaria
4de5860d03720e495dd306f4b4380512,Unknown;NA;NA;NA;NA;NA;NA
ee65c6a81aa30fc2556cd5b99bc3db1c,Eukaryota;Cnidaria;Hydrozoa;Leptothecata;NA;NA;NA
573357838c6cb81463d9903a76a32164,Unknown;NA;NA;NA;NA;NA;NA
878b6b0eff499305f6f23610ec277028,Environmental Unknown;NA;NA;NA;NA;NA;NA
56211c87a8ae51dd1d5e912b059be98b,Eukaryota;Dinophyceae__p;Dinophyceae;Gymnodiniales;Gymnodiniaceae;Margalefidinium;Margalefidinium polykrikoides
3c1424d7d3c4e7c6feceda05c8c54335,Eukaryota;Cnidaria;Hydrozoa;Leptothecata;Eirenidae;Eutonina;Eutonina indicans
0b2cc83a421e443187cf28a4f0325971,Eukaryota;Dinophyceae__p;Dinophyceae;Gonyaulacales;Pyrocystaceae;NA;NA
5029e25f4bdde38e1ce66724f896f248,Unknown;NA;NA;NA;NA;NA;NA
5cb723d2c29f355655c32b7c7cc6671f,Eukaryota;Oomycota;Saprolegniales__c;Saprolegniales;NA;NA;NA
9b4e5cca6ad1938b865244e23f94be10,Eukaryota;Arthropoda;Diplopoda;Chordeumatida;NA;NA;NA
b1126524b58991e6340cc06c9ac8794d,Eukaryota;Haptophyta;Prymnesiales__c;Prymnesiales;NA;NA;NA
80b75104db2dcc824157aa9def27023c,Eukaryota;Phaeophyceae__p;Phaeophyceae;Ectocarpales;NA;NA;NA
f008e0b5559c23babd6d5f76f1e3ad8d,Eukaryota;Arthropoda;Arachnida;Araneae;NA;NA;NA
6545373f8df53c8c6fde2723954bb128,Eukaryota;Discosea;Longamoebia__c;Longamoebia;NA;NA;NA
458f919cfe0f1f944b59583a2722dee1,Eukaryota;Arthropoda;Arachnida;Araneae;NA;NA;NA
e455a4aa20684cbbd9e5c0d788f27366,Unknown;NA;NA;NA;NA;NA;NA
a9d32c81fd476285dbffe60c5aaefd78,Eukaryota;Choanoflagellata__p;Choanoflagellata;Craspedida;NA;NA;NA
383d704f21151da8bf49e5179c0ba705,Eukaryota;Oomycota;Peronosporales__c;Peronosporales;NA;NA;NA
d59de15b6ec916d753e17d24b5ae6dcb,Eukaryota;Discosea;Flabellinia;Dactylopodida;NA;NA;NA
bf46b6a570bca1c4e74cbc4182b022da,Eukaryota;Arthropoda;Hexanauplia;Calanoida;Acartiidae;Acartia;Acartia longiremis
e9a138db524f9aff090e5b644bfa116a,Eukaryota;Mollusca;Gastropoda;Planorbidae__o;NA;NA;NA
1931bcbb520a7a91da8457b6127259c7,Eukaryota;Ctenophora;Tentaculata;Cydippida;Pleurobrachiidae;Pleurobrachia;Pleurobrachia bachei
a52f2a1256a74c9431946a51bb962a3b,Eukaryota;Cnidaria;Hydrozoa;Leptothecata;Eirenidae;Eutonina;Eutonina indicans
00d4db458f8590587cbbdbf3c2163d79,Unknown;NA;NA;NA;NA;NA;NA
b2017e11d817f6f6fa1607b1c83ab238,Eukaryota;Haptophyta;Prymnesiales__c;Prymnesiales;NA;NA;NA
48316b701accd9ff6e2d02af8324b395,Unknown;NA;NA;NA;NA;NA;NA
37ce5e4b92c1ef9d640d0c3c169f5a83,Eukaryota;Arthropoda;Hexanauplia;Calanoida;Clausocalanidae;Pseudocalanus;Pseudocalanus mimus
db125de6ee1d5b6af31fe8610a12e81d,Eukaryota;Cnidaria;Hydrozoa;Leptothecata;Eirenidae;Eutonina;Eutonina indicans
64e8409ad47745f91eefecc8f46d0001,Eukaryota;Arthropoda;Thecostraca;Balanomorpha;Balanidae;Balanus;Balanus sp_ HLC_24243
4f28a563009aa3dbdae939d3921dd278,Eukaryota;Nematoda;Enoplea;Dorylaimida;Longidoridae;Xiphinema;Xiphinema brevicolle
74f06aca639dd28f0135068bbc6289fa,Eukaryota;Rhodophyta;Bangiophyceae;Bangiales;NA;NA;NA
73edb5aafe55f17fff69928125a1c155,Eukaryota;Cnidaria;Scyphozoa;Semaeostomeae;NA;NA;NA
fd4e61ef9d09b0a7f08b5108e274d50b,Eukaryota;Oomycota;Peronosporales__c;Peronosporales;NA;NA;NA
0ead6ae369e820dc1b2c841645c63a0b,Eukaryota;Chrysophyceae__p;Chrysophyceae;Chromulinales;NA;NA;NA
5d0e62382c1070175ae3e3933d8de55c,Eukaryota;Discosea;Longamoebia__c;Longamoebia;NA;NA;NA
f6d1d51b10b027f1538498386dfdeac8,Eukaryota;Cnidaria;Hydrozoa;NA;NA;NA;NA
795003ea9fb3a528771ff79d97c1a06a,Eukaryota;Haptophyta;Prymnesiales__c;Prymnesiales;NA;NA;NA
582b3ce911239adc2fc9dc2b6a9d4cb9,Eukaryota;Phaeophyceae__p;Phaeophyceae;Dictyotales;NA;NA;NA
a0b95884f72cfed99769971e8f07bb8e,Unknown;NA;NA;NA;NA;NA;NA
70c94ee505076adcddc235e20d3d165f,Eukaryota;Annelida;Polychaeta;NA;NA;NA;NA
67ffa6116057ab3f90b3e04bd45eae3b,Eukaryota;Mollusca;Gastropoda;NA;NA;NA;NA
3424dd0cec6af5abce42c120838651f7,Eukaryota;Mollusca;Gastropoda;Stylommatophora;NA;NA;NA
4e7e38ba2aaf2ce937cab8f376504f77,Eukaryota;Oomycota;Peronosporales__c;Peronosporales;NA;NA;NA
cf9ba609b902bc5d6f6069c9698eb6ba,Eukaryota;Bacillariophyta;Coscinodiscophyceae;Thalassiosirales;Thalassiosiraceae;NA;NA
35b8ee1f7e63bf0c82e5f10e05cf9ee5,Eukaryota;Cnidaria;Hydrozoa;Leptothecata;NA;NA;NA
c5e766ebe95fc1fefa4cf090c677445c,Eukaryota;Porifera;Demospongiae;Verongiida;NA;NA;NA
29a6578612c33a51ab5e64685e48b189,Eukaryota;Cnidaria;Hydrozoa;Leptothecata;NA;NA;NA
413981af7a1d5108e05344f96b357ece,Unknown;NA;NA;NA;NA;NA;NA
3d6e013cb1c50a7fe42593227d53519f,Eukaryota;Cnidaria;Hydrozoa;Anthoathecata;Pennariidae;NA;NA
a8688db0ec66aa4a727bc5fc49689738,Eukaryota;Arthropoda;Insecta;Diptera;NA;NA;NA
2d37aa0add8ce309c1db07ce22d0b21f,Eukaryota;Cnidaria;Hydrozoa;Leptothecata;Eirenidae;Eutonina;Eutonina indicans
42f01f70f2f5f92f9de4e5cf81743441,Eukaryota;Mollusca;Gastropoda;Stylommatophora;NA;NA;NA
1f4d675e6726bc034bb29125da414e65,Environmental Unknown;NA;NA;NA;NA;NA;NA
df81b215ef2de6b4f67453d98f7abc49,Eukaryota;Arthropoda;Insecta;Diptera;NA;NA;NA
55031385eb41f7cb17c9de6cf5529cc1,Unknown;NA;NA;NA;NA;NA;NA
3e6a77eb3f9cb32baa5811644336fb42,Eukaryota;Cnidaria;Hydrozoa;Anthoathecata;NA;NA;NA
58a3f5d04023f4170dd80be920366a41,Eukaryota;Arthropoda;Arachnida;Araneae;NA;NA;NA
b0d099e83fdf95618c27f3d885e8e92f,Eukaryota;Chlorophyta;NA;NA;NA;NA;NA
be91896973da03ec56e663b02fefa2a5,Eukaryota;Rhodophyta;Bangiophyceae;Bangiales;NA;NA;NA
ec6d5b67238a5030b7b5ea034c08e58a,Eukaryota;Oomycota;Pythiales__c;Pythiales;NA;NA;NA
62b0db6cf1a8315e1d4aa182d50e38ca,Eukaryota;Arthropoda;Insecta;NA;NA;NA;NA
6cf6c1d61c77a9ce61561626efdaf5b9,Eukaryota;Discosea;Flabellinia;Dactylopodida;NA;NA;NA
cca2ea2755fa07efc69378a6e41bdfbf,Eukaryota;Cnidaria;Hydrozoa;Leptothecata;Eirenidae;Eutonina;Eutonina indicans
a058e30d874cee4b4e54dcd1406f0bba,Eukaryota;Arthropoda;Insecta;Diptera;NA;NA;NA
0a38f20b215340431a0a2f48c1d069ed,Eukaryota;Oomycota;Peronosporales__c;Peronosporales;NA;NA;NA
e9bae6a52788733a3c47765ae9a9ae82,Eukaryota;Arthropoda;Arachnida;Araneae;NA;NA;NA
cb09b9888b302b2c7d5eb071d5ce8b7b,Unknown;NA;NA;NA;NA;NA;NA
f5a41bdc292cbe418496a67869585120,Eukaryota;Mollusca;Gastropoda;Littorinimorpha;NA;NA;NA
09c80eb4ad5be7444204979597bdfd21,Eukaryota;Haptophyta;Phaeocystales__c;Phaeocystales;NA;NA;NA
32ad0500495109d52afd9dd4401ba82b,Eukaryota;Arthropoda;Arachnida;Araneae;NA;NA;NA
45cb842bd1054aea86ee86fe56f59720,Eukaryota;Arthropoda;Insecta;Coleoptera;NA;NA;NA
9b65a76ed77080193f620aa29e9a6d21,Eukaryota;Arthropoda;Insecta;Diptera;NA;NA;NA
29e702add38a00ce0ad768b1802de4ff,Unknown;NA;NA;NA;NA;NA;NA
f782ee02fd236d63a1e489cc59bd9eac,Eukaryota;Cnidaria;Hydrozoa;Leptothecata;Eirenidae;Eutonina;Eutonina indicans
3cc200e09ee1e690431279a11385173c,Eukaryota;Cnidaria;Hydrozoa;Leptothecata;Eirenidae;Eutonina;Eutonina indicans
4029eed4b8cf34663cf3948197a058b1,Eukaryota;Nemertea;Palaeonemertea;Archinemertea;NA;NA;NA
0eb0b76f0eaac910bd41b02bf04a2a14,Eukaryota;Phaeophyceae__p;Phaeophyceae;Ectocarpales;NA;NA;NA
2fc7280389bc51f85bdf8ef33c038dde,Unknown;NA;NA;NA;NA;NA;NA
1abcebb108eb7f35fa1a8790d3b88749,Eukaryota;Haptophyta;Prymnesiales__c;Prymnesiales;NA;NA;NA
f63a20ca66fca19133294c030763206c,Eukaryota;Discosea;Flabellinia;Dactylopodida;NA;NA;NA
10b0412fc93f3e3caaf909a669af828b,Eukaryota;Arthropoda;Insecta;Lepidoptera;NA;NA;NA
93b39ba6d9371201d305f48a04be5207,Eukaryota;Rhodophyta;Bangiophyceae;NA;NA;NA;NA
c889d64f94b970957ec8b178c0fed0ea,Eukaryota;Annelida;Polychaeta;Phyllodocida;Pholoidae;Pholoides;Pholoides asperus
3dc12d3dd6c904500a66850681b8dfdd,Eukaryota;Haptophyta;Isochrysidales__c;Isochrysidales;Noelaerhabdaceae;NA;NA
62c9b25d08e5b29824638d7c0ca88705,Eukaryota;Arthropoda;Insecta;Coleoptera;NA;NA;NA
9e25486ce7f0accfd749a4ee4e0ae36a,Eukaryota;Dinophyceae__p;Dinophyceae;Gonyaulacales;NA;NA;NA
338ea32c071e3e95f738c45db2a5ea1b,Eukaryota;Cnidaria;Hydrozoa;Leptothecata;Clytiidae;Clytia;Clytia gregaria
9efa7d4cc0f61179fd3a42a9deaba355,Eukaryota;Arthropoda;Insecta;NA;NA;NA;NA
915faf4ccac63c435db2f2e7ee6f35a8,Eukaryota;Mollusca;Gastropoda;Stylommatophora;NA;NA;NA
97ec782612e437c34d39e87d98b05e6b,Eukaryota;Ctenophora;Tentaculata;Lobata;Bolinopsidae;Bolinopsis;Bolinopsis microptera
4fa0d6ede3ff2efe5a754beeda90c126,Eukaryota;Oomycota;Pythiales__c;Pythiales;NA;NA;NA
77d51d88281eeaeb924ecb6445fde69c,Unknown;NA;NA;NA;NA;NA;NA
605213a789c020ed008838a705e51f1e,Eukaryota;Cnidaria;Hydrozoa;Leptothecata;Eirenidae;Eutonina;Eutonina indicans
fd79e84055e572dc1cfa7c51bb4b1ff6,Eukaryota;Bacillariophyta;Mediophyceae;Hemiaulales;NA;NA;NA
5a9d3e69aa442455c1c511ae92f60840,Eukaryota;Arthropoda;Hexanauplia;Calanoida;Clausocalanidae;Pseudocalanus;Pseudocalanus mimus
6526227a12a937641462efbade5f42c3,Eukaryota;Oomycota;Peronosporales__c;Peronosporales;NA;NA;NA
4319c232b69f266fd653bc8d4397455f,Unknown;NA;NA;NA;NA;NA;NA
4fe5de242e0e22828ab91ba539aa5ece,Eukaryota;Cnidaria;Hydrozoa;Leptothecata;NA;NA;NA
349d877918d113904fcf3ed3df4fe03e,Eukaryota;Oomycota;Pythiales__c;Pythiales;NA;NA;NA
dbc623f6ca89e6a3d89bc3aa5a442143,Environmental Unknown;NA;NA;NA;NA;NA;NA
209744ed41a0359352375bfe8f31adb6,Eukaryota;Arthropoda;Insecta;Diptera;NA;NA;NA
e0044831cb037f85041a6719f7b54819,Eukaryota;Arthropoda;Insecta;Mecoptera;NA;NA;NA
f1af09ec76501b2605f6f6d3737531d0,Eukaryota;Haptophyta;Prymnesiales__c;Prymnesiales;NA;NA;NA
0106dd4b8e92e00595eff87bc42b6eba,Eukaryota;Arthropoda;Hexanauplia;Calanoida;Temoridae;NA;NA
874af24d7663916430bfe485ec11f2a3,Eukaryota;Arthropoda;Insecta;Coleoptera;NA;NA;NA
0ff668a896d67bcfdd6c8f8bf96b1163,Eukaryota;Haptophyta;Prymnesiales__c;Prymnesiales;NA;NA;NA
d49ea20718ee5ca8c94e828d9e406da7,Eukaryota;Bacillariophyta;Mediophyceae;Cymatosirales;NA;NA;NA
653d073764728b9709f29582a275be9c,Unknown;NA;NA;NA;NA;NA;NA
127193375af4933bbe49811e6929a02d,Eukaryota;Haptophyta;Phaeocystales__c;Phaeocystales;Phaeocystaceae;NA;NA
3d0b6a2aa5cfdb68b238e91a6f525674,Eukaryota;Arthropoda;Insecta;Hemiptera;NA;NA;NA
c8abc051a69d7e20b010de3444be30d4,Eukaryota;Chrysophyceae__p;Chrysophyceae;Segregatospumella__f__o;NA;NA;NA
cadf8d6dfd20c4d862ce7e8258a502ce,Eukaryota;Cnidaria;Hydrozoa;Leptothecata;Eirenidae;Eutonina;Eutonina indicans
6fe31659ed5345b8e08729c87f88e776,Eukaryota;Bacillariophyta;Mediophyceae;Cymatosirales;Cymatosiraceae;NA;NA
abefb0e2325cc926c5de4be46ec7a6f4,Eukaryota;Arthropoda;Insecta;Diptera;NA;NA;NA
1a2ecc23697cfaa21903b14a3db88f5d,Eukaryota;Cnidaria;Hydrozoa;Leptothecata;Eirenidae;Eutonina;Eutonina indicans
4bbd366316f8f09f245c553785757d2f,Eukaryota;Arthropoda;Insecta;NA;NA;NA;NA
663fb064e1f38a7cad1c7973412bee15,Eukaryota;Mollusca;Gastropoda;Planorbidae__o;NA;NA;NA
1a2e63d2f305ac4e60e8346eb98e244d,Eukaryota;Oomycota;Peronosporales__c;Peronosporales;NA;NA;NA
85766c1214302b60d517a2c1239925e0,Eukaryota;Phaeophyceae__p;Phaeophyceae;Ectocarpales;Scytosiphonaceae;NA;NA
9422c508a8f72da6fb3f999b79a98720,Environmental Unknown;NA;NA;NA;NA;NA;NA
161bf8993aa1826ef58b4d4cf2738842,Eukaryota;Bacillariophyta;Coscinodiscophyceae;Rhizosoleniales;Rhizosoleniaceae;NA;NA
2d8d3aea69ee56f6a1db54301cee13b2,Unknown;NA;NA;NA;NA;NA;NA
bee75502b68ba5394c806a26bb81c68b,Eukaryota;Chrysophyceae__p;Chrysophyceae;Chromulinales;Paraphysomonadaceae;NA;NA
d9b405ea8ec1b156db828d3bbe19504d,Eukaryota;Oomycota;Saprolegniales__c;Saprolegniales;NA;NA;NA
7cb2a2b8218eeb0c3c9ada8baa289e9d,Eukaryota;Arthropoda;Insecta;Diptera;NA;NA;NA
b3e0c519c506485a59118deb675fb8d2,Eukaryota;Arthropoda;Arachnida;Araneae;NA;NA;NA
a98fc4923aea7ebc7e38c05a91b0cb0f,Eukaryota;Oomycota;Leptomitales__c;Leptomitales;NA;NA;NA
9e7b841eda373a33274319040277094c,Eukaryota;Rhodophyta;Florideophyceae;Corallinales;NA;NA;NA
a91208e72818529ec6e2e8457e877523,Eukaryota;Cnidaria;Hydrozoa;Leptothecata;Clytiidae;Clytia;NA
455696cd422d99b5cb73e9eabd36a181,Eukaryota;Oomycota;Saprolegniales__c;Saprolegniales;Saprolegniaceae;NA;NA
aa1d8938f877580e328345eeed37ebb5,Eukaryota;Cnidaria;Hydrozoa;Leptothecata;NA;NA;NA
d8dd94374e84dd1f804fa8a4fe78f439,Eukaryota;Discosea;Flabellinia;Dactylopodida;Paramoebidae;NA;NA
545dc6d886eab06c9435561bc5cf10da,Eukaryota;Cnidaria;Hydrozoa;Siphonophorae;Prayidae;NA;NA
bff6c788397ac746cf697e9f41e9843e,Unknown;NA;NA;NA;NA;NA;NA
306612840d20d75ba25c2b1bcc8c068f,Eukaryota;Arthropoda;Insecta;Diptera;NA;NA;NA
33cc06443ddbc935ddad5a8d2594839a,Eukaryota;Arthropoda;Insecta;NA;NA;NA;NA
0781632a263e6109a86d67340f87fbb5,Eukaryota;Mollusca;Gastropoda;Stylommatophora;NA;NA;NA
7b43d1c0f137d49039fd3ec215fefded,Eukaryota;Rhodophyta;Florideophyceae;Batrachospermales;NA;NA;NA
f2897562c149918e7a0825e167266b2a,Eukaryota;Cnidaria;Hydrozoa;Anthoathecata;NA;NA;NA
11fed0ea6250120c964808f3b984be7f,Eukaryota;Cnidaria;Anthozoa;Scleractinia;NA;NA;NA
e88b50db38fb002de3ed4dfd69dd39aa,Eukaryota;Arthropoda;Insecta;Diptera;NA;NA;NA
e8e2fd4ad161e98719a39219f5f81e44,Eukaryota;Arthropoda;Hexanauplia;Calanoida;Clausocalanidae;Pseudocalanus;NA
b3762ce5133794fd958b1a5df8c8f2d1,Eukaryota;Discosea;Flabellinia;Dactylopodida;NA;NA;NA
64132c3e0bac3e352ddffe5f45c8b5a5,Eukaryota;Arthropoda;Insecta;Hemiptera;Belostomatidae;Appasus;Appasus major
b7836d8d1531a6408e75be9360828c87,Eukaryota;Cnidaria;Hydrozoa;Leptothecata;Clytiidae;Clytia;Clytia gregaria
e97db4ead3fab65d9c248ee91139be82,Eukaryota;Rhodophyta;Florideophyceae;Rhodymeniales;NA;NA;NA
b93d914c1cf1c56b0152e665e2194bb4,Unknown;NA;NA;NA;NA;NA;NA
cad4014579e39e73785e373d703e8d9b,Eukaryota;Oomycota;Peronosporales__c;Peronosporales;NA;NA;NA
d12b4c817c5b16958b0adcbc6b644cf8,Eukaryota;Basidiomycota;Agaricomycetes;Hymenochaetales;NA;NA;NA
3baaf1f9ef19e1e81a5f457760d12368,Eukaryota;Chlorophyta;Nephroselmidophyceae;Nephroselmidales;NA;NA;NA
430510edf795c051dbe3c1512ea0d33f,Eukaryota;Arthropoda;Hexanauplia;Calanoida;Clausocalanidae;Pseudocalanus;Pseudocalanus mimus
fdaaf74bd08fad7734f676dccb3c69a2,Eukaryota;Arthropoda;Hexanauplia;Calanoida;Clausocalanidae;Pseudocalanus;Pseudocalanus mimus
04f522365dd10824fe4eebc430604ec3,Eukaryota;Bacillariophyta;Coscinodiscophyceae;Thalassiosirales;NA;NA;NA
759cd7ce74cfb4e1240d36ad537d8122,Eukaryota;Porifera;Demospongiae;Axinellida;NA;NA;NA
cf4a33e4e5029cf8b1a1628a0b4700fa,Unknown;NA;NA;NA;NA;NA;NA
0c0f442c4d2ea393a702cd1bb36e33bd,Eukaryota;Arthropoda;Arachnida;Araneae;NA;NA;NA
ad772677ccd67775467417be122d10c6,Eukaryota;Basidiomycota;Agaricomycetes;Boletales;NA;NA;NA
430f5ef10d37d3d3e0a14a8acd8c99d6,Eukaryota;Mollusca;Gastropoda;Planorbidae__o;NA;NA;NA
53ea5f520d30640a550da62a7f493214,Eukaryota;Arthropoda;Hexanauplia;Calanoida;Clausocalanidae;Pseudocalanus;Pseudocalanus mimus
da9594434c12de3884cc5017bdc25dbd,Eukaryota;Cnidaria;Hydrozoa;Leptothecata;NA;NA;NA
134ce13584eae11273e8f00dc3fb3c31,Eukaryota;Arthropoda;Insecta;Diptera;NA;NA;NA
6bb3252ab2d122d3cb1c3270430c047c,Eukaryota;Phaeophyceae__p;Phaeophyceae;NA;NA;NA;NA
99a96100f122e08fc2b25c35e8af1337,Eukaryota;Arthropoda;Insecta;Ephemeroptera;NA;NA;NA
fc524efac7c9252d2b3a463a039bf77c,Eukaryota;Mollusca;Gastropoda;NA;NA;NA;NA
35ac2e5803bc71a0083b61deb26dabc3,Eukaryota;Oomycota;Saprolegniales__c;Saprolegniales;NA;NA;NA
6311d98dd068688f794e2f5267a1afb3,Eukaryota;Apusomonadida__c__p;Apusomonadida__c;Apusomonadida;NA;NA;NA
41e47b497be959f2557fe01d26a3232d,Eukaryota;Haptophyta;Phaeocystales__c;Phaeocystales;NA;NA;NA
90259c7b7a8af2cd44e545aa304ff076,Eukaryota;Arthropoda;Hexanauplia;Calanoida;Clausocalanidae;Pseudocalanus;Pseudocalanus newmani
5089e4188bae02b7e584b7154485d7cd,Eukaryota;Arthropoda;Hexanauplia;Calanoida;Acartiidae;Acartia;Acartia longiremis
6b66a066b51ce077b41a558f7faf16ee,Eukaryota;Bacillariophyta;Coscinodiscophyceae;Thalassiosirales;Skeletonemataceae;Skeletonema;NA
1fd8b1700aa95a1ec47ac96bc386656e,Eukaryota;Cnidaria;Scyphozoa;Semaeostomeae;Ulmaridae;Phacellophora;Phacellophora camtschatica
6026dcc5b9fad84771dcbb73c6e84a93,Unknown;NA;NA;NA;NA;NA;NA
74cc7e6da26bf07e9aa81fe4c80fa9a5,Eukaryota;Rhodophyta;Florideophyceae;NA;NA;NA;NA
1a5e11397fe7b0533f2fd57ce1718cc9,Unknown;NA;NA;NA;NA;NA;NA
caaf6a5d3af9fb50a714411350cab7c8,Eukaryota;Arthropoda;Hexanauplia;Calanoida;Calanidae;Calanus;Calanus marshallae
fbd1de0b83fdcb6efea306f747301ec8,Eukaryota;Bacillariophyta;Coscinodiscophyceae;Coscinodiscales;NA;NA;NA
f5a6a0cef3571ba27de6dac8d70b94ca,Eukaryota;Cnidaria;Hydrozoa;Leptothecata;NA;NA;NA
35b127ecc4c3822188f849993f23b052,Eukaryota;Mollusca;Gastropoda;Planorbidae__o;NA;NA;NA
cfb1c935ca773cd891cf834762c1c021,Eukaryota;Oomycota;Pythiales__c;Pythiales;NA;NA;NA
9269bda3f90e85cf98f92c789e90de73,Eukaryota;Arthropoda;Arachnida;Araneae;NA;NA;NA
1b12e62e46f1a2a132b9e9dd21249bd8,Eukaryota;Arthropoda;Hexanauplia;Calanoida;Clausocalanidae;NA;NA
218d240d80cbdda27caca1f12e3a3bcb,Unknown;NA;NA;NA;NA;NA;NA
2332046705c88c598aa8f4b2a2b59f30,Eukaryota;Nemertea;Pilidiophora;Hubrechtidae__o;Hubrechtidae;Hubrechtella;Hubrechtella juliae
ef77dddcefd62d025e2d482b259c36e3,Eukaryota;Bacillariophyta;Mediophyceae;Cymatosirales;NA;NA;NA
6dbadc0f4ffa28ed50afa7a54f4f5e9b,Eukaryota;Arthropoda;Insecta;Hymenoptera;NA;NA;NA
08629df09d3e092d88f328816a73ba40,Eukaryota;Cnidaria;Hydrozoa;Narcomedusae;Cuninidae;Solmissus;NA
957d552c828e09ce6a3e396147fcf2b8,Eukaryota;Phaeophyceae__p;Phaeophyceae;NA;NA;NA;NA
82d68780f20b5964f2101dc1131b1d14,Eukaryota;Dinophyceae__p;Dinophyceae;Gonyaulacales;Amphidomataceae;Azadinium;NA
c83ac74e2b8a9961b97c28d0ed843a47,Eukaryota;NA;NA;NA;NA;NA;NA
d9adc4b0c7942e2bcf2414b46b8cad7d,Eukaryota;Cnidaria;Hydrozoa;Leptothecata;NA;NA;NA
2a87f2a9bf0dbf1e7bb6c5b7a3aada94,Eukaryota;Arthropoda;Hexanauplia;Calanoida;Clausocalanidae;Pseudocalanus;Pseudocalanus mimus
7124d0dbff8d507b7b84a128f88a86df,Eukaryota;Arthropoda;Insecta;Lepidoptera;NA;NA;NA
20a7fd96c7b88fdcc8fcd7a76af2d9c4,Eukaryota;Cnidaria;Scyphozoa;Semaeostomeae;Ulmaridae;Phacellophora;Phacellophora camtschatica
d674706d10db181f6f05c01e334d7b68,Eukaryota;Cnidaria;Hydrozoa;Leptothecata;Eirenidae;Eutonina;Eutonina indicans
0cf491fcaac7988856acbd0342788b93,Eukaryota;Arthropoda;Hexanauplia;Calanoida;Clausocalanidae;NA;NA
e4eb7259315c29aa0badad53bf3e44d7,Eukaryota;Rotifera;Eurotatoria;Ploima;Synchaetidae;NA;NA
73366573d333a3649aceb666ed969e28,Eukaryota;Porifera;Demospongiae;Poecilosclerida;NA;NA;NA
0f716ff80443cb744804c0ef1b0e09bd,Eukaryota;Arthropoda;Arachnida;Araneae;NA;NA;NA
ad03696243d38bc219755c39c4db6f21,Eukaryota;Oomycota;Pythiales__c;Pythiales;Pythiaceae;NA;NA
c2f7a87ad1f2bed9495a99fb2e052b3d,Eukaryota;Rhodophyta;Florideophyceae;Plocamiales;NA;NA;NA
dae1e39b8992b33075487d57514e65d1,Eukaryota;Cnidaria;Hydrozoa;Anthoathecata;Pandeidae;Stomotoca;Stomotoca atra
66a9f8dfbf4838ad25d703199a73f816,Eukaryota;Cnidaria;Hydrozoa;Leptothecata;Eirenidae;Eutonina;Eutonina indicans
50690ccc1247744bde9c737c5ff358d8,Eukaryota;Arthropoda;Malacostraca;Amphipoda;NA;NA;NA
e2f0455de5e151f574e6850fe3d96c22,Unknown;NA;NA;NA;NA;NA;NA
d94fd0006468daf619cd662f0c8f0d60,Unknown;NA;NA;NA;NA;NA;NA
ce1a7b93efafa645835baa6b79211250,Eukaryota;Phaeophyceae__p;Phaeophyceae;Ectocarpales;NA;NA;NA
ca7128d9c57b907cdf874d85e82c60fa,Eukaryota;Phaeophyceae__p;Phaeophyceae;Laminariales;NA;NA;NA
b99f629beca676536de91bbc688ecd55,Eukaryota;Arthropoda;Malacostraca;Amphipoda;NA;NA;NA
8307e8d1cc601f748fd518feb2bf7add,Eukaryota;Bacillariophyta;Coscinodiscophyceae;Thalassiosirales;Skeletonemataceae;Skeletonema;Skeletonema japonicum
8dc5d746bc75e57845eede3739e1001a,Eukaryota;Bacillariophyta;Fragilariophyceae;Fragilariales;NA;NA;NA
2681f1d95280464855fbb3f032f48769,Eukaryota;Oomycota;Saprolegniales__c;Saprolegniales;NA;NA;NA
180f7cc84f277b960191874fadf955ab,Eukaryota;Arthropoda;Hexanauplia;Calanoida;Clausocalanidae;Pseudocalanus;NA
5656800f1c3eded421163a14b726d027,Eukaryota;Arthropoda;Insecta;Hymenoptera;NA;NA;NA
5d0cb46f9225c5d3a81847363d3c96cc,Eukaryota;Phaeophyceae__p;Phaeophyceae;Ectocarpales;NA;NA;NA
cb0bf5c21097c6e4df9419be576d19a1,Eukaryota;Cnidaria;Hydrozoa;Leptothecata;Eirenidae;Eutonina;Eutonina indicans
d48385af043a8fec6b78957e89261ae9,Unknown;NA;NA;NA;NA;NA;NA
4f7dbd0e2c993f2b4c5a19c0fb6c6199,Eukaryota;Arthropoda;Insecta;Lepidoptera;NA;NA;NA
5acddcc227c749b7a4369e5fcbbce68a,Eukaryota;Cnidaria;Hydrozoa;Leptothecata;Eirenidae;Eutonina;Eutonina indicans
2f8d1664f3124bb93fee40ac70679987,Unknown;NA;NA;NA;NA;NA;NA
ea0672613ececd76256e7a02192af53b,Eukaryota;Annelida;Polychaeta;Phyllodocida;NA;NA;NA
824c64a84219b02bede6125a24918232,Eukaryota;Arthropoda;Hexanauplia;Calanoida;Clausocalanidae;Pseudocalanus;Pseudocalanus mimus
cbc039c9dad73ab265c0da24d6883a95,Eukaryota;Annelida;Polychaeta;Phyllodocida;Sigalionidae;Sthenelanella;Sthenelanella uniformis
0619f03b960f1461053912f91d43ffce,Eukaryota;Cnidaria;Hydrozoa;Anthoathecata;NA;NA;NA
03edd1efb3d1495e21db6ac127d8c36a,Eukaryota;Cnidaria;Scyphozoa;Semaeostomeae;Ulmaridae;Phacellophora;Phacellophora camtschatica
ec24e26db04ee1afcab956766bb73585,Eukaryota;Rhodophyta;Florideophyceae;Ceramiales;NA;NA;NA
383aeda32f01460a82906f5e9cc567e9,Eukaryota;Oomycota;Haptoglossa__f__o__c;Haptoglossa__f__o;NA;NA;NA
4609c00a884acd36b4fe50c3f2ca926c,Unknown;NA;NA;NA;NA;NA;NA
ef85819196e2511128f2bffbb7a32e97,Unknown;NA;NA;NA;NA;NA;NA
8ef8be881b58d12910569563d3b05d03,Eukaryota;Arthropoda;Insecta;Hymenoptera;NA;NA;NA
589a3fd567e2468b833cb59fbc06ae29,Unknown;NA;NA;NA;NA;NA;NA
765bb6beebe38f131b3bf140840ce0af,Eukaryota;Arthropoda;Insecta;Diptera;NA;NA;NA
19e679cf91360aa5864388f346fa108b,Eukaryota;Arthropoda;Hexanauplia;Calanoida;Clausocalanidae;Pseudocalanus;Pseudocalanus mimus
2c0baa557feed489b7a109eab44299ba,Eukaryota;Arthropoda;Insecta;Lepidoptera;NA;NA;NA
9bbefac71c8df07af0a8af351514d2a7,Eukaryota;Bacillariophyta;Mediophyceae;Hemiaulales;Hemiaulaceae;NA;NA
11ce42b2d2ed1a468898a5f58f1f196b,Eukaryota;Arthropoda;Arachnida;Araneae;NA;NA;NA
3099e17860fda02a2955e5f2e026e5fc,Eukaryota;Bacillariophyta;Mediophyceae;Hemiaulales;Hemiaulaceae;NA;NA
b8ea8c69f4c5813447fdba116a2edd2f,Eukaryota;Oomycota;Saprolegniales__c;Saprolegniales;NA;NA;NA
b5a305ebbb9e872502fc9b678613559f,Unknown;NA;NA;NA;NA;NA;NA
31ceb114e575b3321621a491be936f7e,Eukaryota;Oomycota;Saprolegniales__c;Saprolegniales;NA;NA;NA
146528e1c1702a423c3d6ac7acf14b56,Eukaryota;Arthropoda;Insecta;Coleoptera;NA;NA;NA
b9b0391b8ee8fed74a88cf2d8e8f96f2,Eukaryota;NA;NA;NA;NA;NA;NA
b8620ad5c37f31870d3504aa41a4f037,Eukaryota;Cnidaria;Hydrozoa;Leptothecata;Clytiidae;Clytia;Clytia gregaria
89c5e8fe1a09d8544749de1816cdd364,Eukaryota;Discosea;Flabellinia;Vannellidae__o;NA;NA;NA
9dc811f0819945f49e50219e1e8f165b,Unknown;NA;NA;NA;NA;NA;NA
5a7c5a91cf416739d9c0c6e77bd18e2e,Eukaryota;Cnidaria;Hydrozoa;Leptothecata;Eirenidae;Eutonina;Eutonina indicans
2a948c24a10232b77eab3aa5ff1527f7,Eukaryota;Arthropoda;Insecta;Lepidoptera;Geometridae;NA;NA
f69305831a7738f2f6b9822389bbb210,Unknown;NA;NA;NA;NA;NA;NA
924bee66fcaf8c8c216d38c6c73c962c,Eukaryota;Arthropoda;Insecta;Lepidoptera;NA;NA;NA
547923176fbb9c37dcd462391f094a3a,Eukaryota;Oomycota;Saprolegniales__c;Saprolegniales;NA;NA;NA
768cf1791c610eb2fd613332587aecef,Eukaryota;Cnidaria;Hydrozoa;Leptothecata;Eirenidae;Eutonina;Eutonina indicans
4a8aa1fda5d7ad184ada79b79f4e4d98,Eukaryota;Rhodophyta;Florideophyceae;Ceramiales;NA;NA;NA
ba07d47c037703c84fba814451a8d971,Eukaryota;Cnidaria;Scyphozoa;Semaeostomeae;Ulmaridae;Phacellophora;Phacellophora camtschatica
8d0fe36c4564e53db03f9c854e6a2038,Eukaryota;Arthropoda;Arachnida;Araneae;NA;NA;NA
abac9964eb9e18b77d282e33cbfc4d8c,Eukaryota;Cnidaria;Hydrozoa;Leptothecata;Eirenidae;Eutonina;Eutonina indicans
e56810371a3323d840808aff1b8b7c3c,Eukaryota;Oomycota;Haptoglossa__f__o__c;Haptoglossa__f__o;NA;NA;NA
99f4420979bf2836166d8a7a7a45cc15,Eukaryota;Oomycota;Pythiales__c;Pythiales;NA;NA;NA
18978e37a3604cd68d5ec92bb65c1b4a,Eukaryota;Basidiomycota;Cystobasidiomycetes;Cystobasidiales;Cystobasidiaceae;NA;NA
ee77b7b4627f9a50eeb60c116618cc9d,Eukaryota;Echinodermata;Holothuroidea;Dendrochirotida;Phyllophoridae;Pentamera;Pentamera rigida
1ee4b08f45d30d547e1d879ab35d01be,Eukaryota;Mollusca;Gastropoda;Stylommatophora;NA;NA;NA
4968045efef66140e408485d72cfb1f7,Unknown;NA;NA;NA;NA;NA;NA
1aa1111309cbb26c946b7a79cf919919,Environmental Unknown;NA;NA;NA;NA;NA;NA
7ad578f004064d4c1f65ff0c6f726fb0,Eukaryota;Cnidaria;Hydrozoa;Leptothecata;Eirenidae;Eutonina;Eutonina indicans
fedbc947b2b30280b2da20a1a0895201,Eukaryota;Bacillariophyta;Coscinodiscophyceae;Paraliales;Paraliaceae;Paralia;Paralia sulcata
0e10983cb1b82fee0aa4f5ce6fa21a79,Eukaryota;Cnidaria;Hydrozoa;Leptothecata;NA;NA;NA
3f10c1e39905d052b7d8825b1c216bae,Eukaryota;Oomycota;Peronosporales__c;Peronosporales;NA;NA;NA
2bf88c6ac3e583a6526a56e61de44430,Eukaryota;Arthropoda;Insecta;NA;NA;NA;NA
1a8b7a9857758013272bde1f13382c67,Unknown;NA;NA;NA;NA;NA;NA
452cc32ca83b9dddd6c1a5fadeacdf7b,Eukaryota;Arthropoda;Arachnida;Solifugae;NA;NA;NA
376f5af60eff2dcd06cec0a7333e4da2,Eukaryota;Discosea;Longamoebia__c;Longamoebia;NA;NA;NA
7b176c6676c4b99465a0b15568dc935a,Eukaryota;Cnidaria;Hydrozoa;Leptothecata;Clytiidae;Clytia;Clytia gregaria
744b3be7845e61707a62d47f42674f96,Eukaryota;Annelida;Polychaeta;Phyllodocida;Nereididae;Platynereis;NA
0c114c4aeb6d614cba6a904a6cfc2e2c,Eukaryota;Haptophyta;Isochrysidales__c;Isochrysidales;Noelaerhabdaceae;NA;NA
673c9396355f1af651c35483db1c29f0,Eukaryota;Cnidaria;Hydrozoa;Siphonophorae;NA;NA;NA
7516d3abd68984136142efb174d280f8,Eukaryota;Cnidaria;Hydrozoa;Leptothecata;Eirenidae;Eutonina;Eutonina indicans
4a221f7f32a6c77153a67068011a848f,Eukaryota;Phaeophyceae__p;Phaeophyceae;Fucales;NA;NA;NA
7b3b52619a76e986bda52781e285c721,Eukaryota;Arthropoda;Hexanauplia;Calanoida;Clausocalanidae;Pseudocalanus;Pseudocalanus mimus
4aa7f2266c2adf158631c9df800d1f36,Eukaryota;Cnidaria;Hydrozoa;Leptothecata;Eirenidae;Eutonina;Eutonina indicans
064cb61c8b9da70fe1a867a0dbab1831,Eukaryota;Rotifera;Eurotatoria;Ploima;Synchaetidae;NA;NA
6ea75ea6bf3a0b13a85873aa2796c70a,Eukaryota;Arthropoda;Insecta;Lepidoptera;NA;NA;NA
75ec6f78c784ff902d42f105f87d8e84,Eukaryota;Oomycota;Saprolegniales__c;Saprolegniales;NA;NA;NA
6137a383cffc8fc9997693bb34b2f15a,Eukaryota;Arthropoda;Insecta;Coleoptera;NA;NA;NA
804b20156556223e35dd418b2d1ca613,Eukaryota;Arthropoda;Insecta;NA;NA;NA;NA
d5a75a3e6202dbeb38ffe9741fed8ed2,Eukaryota;Arthropoda;Insecta;Hymenoptera;NA;NA;NA
bdecb5ff1bcc620ba862626750993992,Eukaryota;Synurophyceae__p;Synurophyceae;Ochromonadales;NA;NA;NA
e4256553b0cab50b7790e74d30e49bbf,Unknown;NA;NA;NA;NA;NA;NA
3c38b250c86a9ff33b5b1bc5d00c6d9a,Eukaryota;Arthropoda;Hexanauplia;Calanoida;Clausocalanidae;Pseudocalanus;Pseudocalanus mimus
3adc58dfd26b6c019311825279b0c68e,Eukaryota;Arthropoda;Hexanauplia;Calanoida;Clausocalanidae;Pseudocalanus;Pseudocalanus moultoni
b20762b8362ca428d2a84f0cc233ab4b,Eukaryota;Phaeophyceae__p;Phaeophyceae;Dictyotales;NA;NA;NA
fc3d1e3d257b884818fbe1b6151fa466,Eukaryota;Chordata;Ascidiacea;Phlebobranchia;Perophoridae;NA;NA
25cc921e70cb5427a8215869d0ef7a57,Eukaryota;Cnidaria;Hydrozoa;Anthoathecata;NA;NA;NA
bd7f4805f92b3361e844efa57a60b704,Eukaryota;Arthropoda;Hexanauplia;Calanoida;Clausocalanidae;Pseudocalanus;Pseudocalanus mimus
23e21cb21483f192769efc5dd78c0d16,Eukaryota;Oomycota;Pythiales__c;Pythiales;NA;NA;NA
8c33458c8257369628cabdc2a130bb6d,Eukaryota;Chlorophyta;Mamiellophyceae;Mamiellales;Bathycoccaceae;Bathycoccus;Bathycoccus prasinos
66368f7de16ced265cf444dda6e1358d,Unknown;NA;NA;NA;NA;NA;NA
1ad0fbbcc3635dff1a41387334645f1e,Eukaryota;Mollusca;Gastropoda;Stylommatophora;NA;NA;NA
6add583448c3b082dccac946fb6d8d64,Eukaryota;Arthropoda;Insecta;Diptera;NA;NA;NA
34f09dcf3603dc57ca25e6bc62f9cc2a,Eukaryota;Arthropoda;Malacostraca;Decapoda;NA;NA;NA
82aaf1962dc756ffd3a0236830b81918,Eukaryota;Rhodophyta;Florideophyceae;Batrachospermales;NA;NA;NA
174336fba01c29c1d02c75fd5a1c3ed4,Eukaryota;Raphidophyceae__p;Raphidophyceae;Chattonellales;NA;NA;NA
23119dd26558bbb1e166fab311897ef5,Eukaryota;Discosea;Flabellinia;Dactylopodida;NA;NA;NA
79b51e553eb002492eefae1dc80bfaf1,Eukaryota;Arthropoda;Hexanauplia;Calanoida;Clausocalanidae;Pseudocalanus;Pseudocalanus mimus
4c8c73f1eeb7ed91abb9c2f4d48ada07,Eukaryota;Discosea;Longamoebia__c;Longamoebia;NA;NA;NA
51a607390a8d0a73237123fd91ef35ea,Eukaryota;Mollusca;Gastropoda;Triphoridae__o;NA;NA;NA
5dcedf17032ab4bcc2ab36fdc906b456,Eukaryota;Arthropoda;Hexanauplia;Calanoida;Clausocalanidae;Pseudocalanus;Pseudocalanus mimus
f2a6a72c66fc0e115a1e780ec8810765,Eukaryota;Discosea;Flabellinia;Dactylopodida;NA;NA;NA
14ab9203025ca775d6c8ac2a1fedde63,Eukaryota;Chrysophyceae__p;Chrysophyceae;Chromulinales;NA;NA;NA
2fdd1513003dbecdcf3b3ec5488cd432,Eukaryota;Arthropoda;Hexanauplia;Calanoida;Clausocalanidae;Pseudocalanus;Pseudocalanus mimus
88df8bc96fdcfb02b1dfe24bec902e5f,Eukaryota;Arthropoda;Hexanauplia;Calanoida;Clausocalanidae;Pseudocalanus;NA
7099c55bbe5b2d5e1871098d2003f09d,Eukaryota;Rhodophyta;Florideophyceae;Rhodymeniales;NA;NA;NA
bb0bf26f7216226c069092ca0a61d519,Eukaryota;Arthropoda;Insecta;Hymenoptera;NA;NA;NA
c1dbc6a521cd59e173aeaca9957089d9,Eukaryota;Bacillariophyta;Mediophyceae;Hemiaulales;Hemiaulaceae;NA;NA
e1d020529b3b193fe691adf86f216ea9,Eukaryota;Arthropoda;Insecta;NA;NA;NA;NA
ceebedc49e302aade1dd81e53039ae53,Eukaryota;Cnidaria;Hydrozoa;Leptothecata;Clytiidae;Clytia;NA
8235ea464ff5d9cdcd1a00f6aa964a67,Eukaryota;Haptophyta;Phaeocystales__c;Phaeocystales;NA;NA;NA
de98f9226ed938b78ed409a8e1d9773d,Eukaryota;Bacillariophyta;Bacillariophyceae;Bacillariales;NA;NA;NA
00705f03df225c332a3d9eafd02c4964,Eukaryota;Echinodermata;Ophiuroidea;Amphilepidida;NA;NA;NA
d03ba7e7ea430350f12fe763820a980b,Eukaryota;Arthropoda;Hexanauplia;Calanoida;Clausocalanidae;Pseudocalanus;Pseudocalanus mimus
0da11c4d5c6c890570fe1d34e0c9d00d,Eukaryota;Cnidaria;Hydrozoa;Leptothecata;NA;NA;NA
f7902d21baa6abb76decc8c2e2c1c7c8,Unknown;NA;NA;NA;NA;NA;NA
fc88f1e707bbb3e42d434098aaf1a723,Eukaryota;Bacillariophyta;Coscinodiscophyceae;Thalassiosirales;Thalassiosiraceae;NA;NA
ad698122d02aab51326f5196e3716783,Eukaryota;Arthropoda;Hexanauplia;Calanoida;Clausocalanidae;Pseudocalanus;Pseudocalanus mimus
5293fd24bd1c1ab624c1d0ad687113dc,Unknown;NA;NA;NA;NA;NA;NA
ebc0a019ef5527e9098c75e3ad72efbe,Unknown;NA;NA;NA;NA;NA;NA
dbce62fb925aafb4365dfc3ac2c1de73,Eukaryota;Rhodophyta;Bangiophyceae;Bangiales;NA;NA;NA
ba26f6edc75ebf79d0b403e795db65d8,Eukaryota;Cnidaria;Hydrozoa;Leptothecata;NA;NA;NA
7d32cc1d680f21d190085d04e6bf1aea,Eukaryota;Cnidaria;Hydrozoa;Anthoathecata;Pandeidae;Halitholus;Halitholus sp_ PS_2018
69e07b04bda2ac5c104cb281cb5056cd,Eukaryota;Oomycota;Saprolegniales__c;Saprolegniales;NA;NA;NA
4da2c9a3366ad23f4cf11e9fbf8e4564,Eukaryota;Cnidaria;Hydrozoa;Leptothecata;NA;NA;NA
9f62ab898f2a2737fa0efbfd0c25b475,Eukaryota;Oomycota;Pythiales__c;Pythiales;NA;NA;NA
3164c0377b18f8a1c9908736ddb506e5,Eukaryota;Cnidaria;Hydrozoa;NA;NA;NA;NA
720d78ce6c1bebb04e8ad98bde400d3e,Unknown;NA;NA;NA;NA;NA;NA
a5c46e1a58735bfedd14961568ef3a6e,Eukaryota;Bacillariophyta;Bacillariophyceae;Naviculales;NA;NA;NA
0b0d9ea6bf0e72d727c51bfb08b86852,Eukaryota;Arthropoda;Hexanauplia;Calanoida;Clausocalanidae;Pseudocalanus;Pseudocalanus moultoni
c31dffda0ef063c47d0180562c18a2e0,Eukaryota;Arthropoda;Insecta;Coleoptera;NA;NA;NA
b7ca0e958e3d8533fa06bea9a28ed252,Eukaryota;Arthropoda;Insecta;Diptera;NA;NA;NA
2a9a820760a9dc32a26f415c9d5db107,Eukaryota;Bacillariophyta;Coscinodiscophyceae;Thalassiosirales;Skeletonemataceae;Skeletonema;Skeletonema potamos
5b3f615aab70d60ea5dc8d8f96994385,Eukaryota;Haptophyta;Prymnesiales__c;Prymnesiales;NA;NA;NA
909c23e17dd9504f31dd3b98c1775cc5,Eukaryota;Bacillariophyta;Fragilariophyceae;Fragilariales;NA;NA;NA
b58ece753d2508052e87bd629e081dc1,Eukaryota;Arthropoda;Hexanauplia;Calanoida;Clausocalanidae;Pseudocalanus;Pseudocalanus mimus
fc201025dc19264a12db0318799918b6,Unknown;NA;NA;NA;NA;NA;NA
453ca48f3d9b4332c0c3a26100e9cc2c,Eukaryota;Cnidaria;Hydrozoa;Leptothecata;Clytiidae;Clytia;NA
567135189fac1d72045014ac71587a9f,Eukaryota;Arthropoda;Insecta;NA;NA;NA;NA
022aefe5f5d8e650c57aed099534ca77,Eukaryota;Arthropoda;Hexanauplia;Calanoida;Clausocalanidae;Pseudocalanus;Pseudocalanus mimus
5bb0b0f29b2475446902e30f2a4b11b1,Eukaryota;Cnidaria;Hydrozoa;Leptothecata;NA;NA;NA
ba027cea64824462d7802dcec41395f7,Eukaryota;Cnidaria;Hydrozoa;Siphonophorae;NA;NA;NA
861c6688c9c3c180f647fba9feabd968,Eukaryota;Cnidaria;Hydrozoa;Leptothecata;Eirenidae;Eutonina;Eutonina indicans
8c7d4a7d6faf79d0af2a0e48e58c7f94,Eukaryota;Bigyra__p;Bigyra;Thraustochytrida;NA;NA;NA
f6b8a612f9d9e127aa3bdebc3fbdbed2,Eukaryota;Arthropoda;Hexanauplia;Calanoida;Acartiidae;Acartia;Acartia longiremis
db67c3648aa6649c399dfb16cf748f02,Eukaryota;Arthropoda;Hexanauplia;Calanoida;Clausocalanidae;Pseudocalanus;Pseudocalanus mimus
48f815b3a5b0fbf2d29043623dc87197,Unknown;NA;NA;NA;NA;NA;NA
524dab0bb314f4742db430d4d9d6eadb,Eukaryota;Arthropoda;Arachnida;Araneae;NA;NA;NA
f452869d57892b84895064f962358a38,Eukaryota;Arthropoda;Hexanauplia;Calanoida;Clausocalanidae;Pseudocalanus;Pseudocalanus mimus
7282b33bcd619c6d4ea87affc8102084,Eukaryota;Arthropoda;Hexanauplia;Calanoida;Clausocalanidae;Pseudocalanus;Pseudocalanus mimus
49762bc33ffd5c8c29c8dd9c88c5953b,Eukaryota;Arthropoda;Insecta;Diptera;NA;NA;NA
34e18a3987ee93baa282395b33d3df40,Eukaryota;Cnidaria;Anthozoa;Scleractinia;NA;NA;NA
39da5687a3790200a00a285539ce541f,Eukaryota;Arthropoda;Insecta;Diptera;NA;NA;NA
328c6c56f14d61e2a2a642b4668b762d,Eukaryota;Haptophyta;Isochrysidales__c;Isochrysidales;Noelaerhabdaceae;NA;NA
e57f5dd8dc3cc25ada75e779bc7e71d7,Eukaryota;Cnidaria;Hydrozoa;Leptothecata;NA;NA;NA
9df6cb161d818625565e95bcf0cd909d,Eukaryota;Arthropoda;Hexanauplia;Calanoida;Clausocalanidae;Pseudocalanus;Pseudocalanus mimus
78ee5e9b7f46a9301087aa57ae6341f9,Eukaryota;Phaeophyceae__p;Phaeophyceae;Ectocarpales;NA;NA;NA
889fae7b348df3a42d4110db89e1dc44,Environmental Unknown;NA;NA;NA;NA;NA;NA
548261a5c21f9b87befb8d50c9c5536f,Eukaryota;Haptophyta;Isochrysidales__c;Isochrysidales;Noelaerhabdaceae;NA;NA
17aaebd9f7b5347932778c106164ea1c,Eukaryota;Discosea;Flabellinia;Dactylopodida;NA;NA;NA
06cdf0fce55e7d844717a777d5d0a48a,Unknown;NA;NA;NA;NA;NA;NA
70377f034f07e038abb5d505984213a6,Eukaryota;Arthropoda;Insecta;NA;NA;NA;NA
b841cdd72c89e936082ab012ace5f222,Unknown;NA;NA;NA;NA;NA;NA
b4ddcfe6a079f88c075a4903572f209f,Unknown;NA;NA;NA;NA;NA;NA
05860fecc98058627eb38dd81d0ac5f1,Eukaryota;Cnidaria;Hydrozoa;NA;NA;NA;NA
ea976c3347ea4ca54e796f5fb1c3d72e,Eukaryota;Arthropoda;Arachnida;Araneae;NA;NA;NA
79e62b1248b7c72054656d9bdece685a,Eukaryota;Arthropoda;Hexanauplia;Calanoida;Clausocalanidae;Pseudocalanus;Pseudocalanus mimus
5d3c511d728311b100cba90c97d09214,Eukaryota;Discosea;Flabellinia;Dactylopodida;NA;NA;NA
ecd577f72cc44d9b9dd2709be35f8342,Eukaryota;Mollusca;Gastropoda;Littorinimorpha;NA;NA;NA
4ff14c28452538cace9753a5f60661e2,Eukaryota;Arthropoda;Arachnida;Araneae;NA;NA;NA
6c78244954c6bfe056a3a7f5f36504be,Eukaryota;Arthropoda;Insecta;Lepidoptera;NA;NA;NA
c5d5e698021f90c19bf7edfb1d9b2dcd,Eukaryota;Arthropoda;Insecta;Diptera;NA;NA;NA
46588416da02d0e2576ab8b86ef637ad,Eukaryota;Bacillariophyta;Bacillariophyceae;Naviculales;NA;NA;NA
c61708e82f9b26e0073d7929fd9c88c0,Eukaryota;Arthropoda;Hexanauplia;Calanoida;Clausocalanidae;Pseudocalanus;Pseudocalanus mimus
400fd2b6b6082554a7ab8c3282828a0a,Eukaryota;Ascomycota;Eurotiomycetes;Eurotiales;Aspergillaceae;Aspergillus;Aspergillus puulaauensis
28392b38453cce7680b715be439ec703,Unknown;NA;NA;NA;NA;NA;NA
9a8fe098ee9b80c75ff7c9ee789c0c70,Eukaryota;Arthropoda;Insecta;Diptera;NA;NA;NA
73c368b4cfbca8c0004dd8834fa0c4ab,Eukaryota;Arthropoda;Insecta;Diptera;NA;NA;NA
813834037f3d8ea7550808c439a53850,Eukaryota;Cnidaria;Hydrozoa;Leptothecata;Eirenidae;Eutonina;Eutonina indicans
d748c1df3c05d02e5b891049fc8acee8,Eukaryota;Phaeophyceae__p;Phaeophyceae;Laminariales;NA;NA;NA
51d363c14da89e37102085100f5f036f,Eukaryota;Chrysophyceae__p;Chrysophyceae;Segregatospumella__f__o;NA;NA;NA
32ead6fb01428b3e55928aeaae4accb3,Eukaryota;Mollusca;Gastropoda;Limapontiidae__o;NA;NA;NA
be7210bfacad22f1861cc309a5261c11,Eukaryota;Cnidaria;Hydrozoa;Leptothecata;NA;NA;NA
344a02732ce9c6cd2db94d572ebebdf7,Eukaryota;Rhodophyta;Florideophyceae;Ceramiales;NA;NA;NA
655d3ce4a1b2e9013b14a8657bad5493,Unknown;NA;NA;NA;NA;NA;NA
43d8cfb000c7ddf2bd91e50bd89edc66,Eukaryota;Chrysoparadoxa__f__o__c__p;Chrysoparadoxa__f__o__c;Chrysoparadoxa__f__o;NA;NA;NA
eef628dd206a3b70d122c89081d43e27,Eukaryota;Arthropoda;Insecta;Diptera;NA;NA;NA
4b8931777ee92f54bc3484284ae11cb1,Eukaryota;Bacillariophyta;Mediophyceae;Hemiaulales;Hemiaulaceae;NA;NA
065809f7ab0c366025a78c90ca3ae7fa,Unknown;NA;NA;NA;NA;NA;NA
f2f0578059b95a5816bdbdc3bd1723d7,Eukaryota;Haptophyta;Phaeocystales__c;Phaeocystales;NA;NA;NA
895748492a878809c642a51f44892b1a,Eukaryota;Chrysophyceae__p;Chrysophyceae;Chromulinales;Chromulinaceae;NA;NA
288a1449245c413dac6f755a82731f98,Unknown;NA;NA;NA;NA;NA;NA
f87c6a58a744a94489ee9912141e7b94,Eukaryota;Arthropoda;Insecta;Diptera;NA;NA;NA
7cacb99074258a7920523005e8e75137,Eukaryota;Oomycota;Myzocytiopsidales__c;Myzocytiopsidales;NA;NA;NA
fe7a0d5fce11aa88e3ae6b118623fcfa,Unknown;NA;NA;NA;NA;NA;NA
bb8b25031ce36620cacc66153c3c9afe,Environmental Unknown;NA;NA;NA;NA;NA;NA
f3b29e21a90644e6ab465f7e677a6f0b,Eukaryota;Bacillariophyta;Coscinodiscophyceae;Chaetocerotales;Chaetocerotaceae;NA;NA
cbdac139aef62ad3e02c3320cc8c6324,Eukaryota;Bacillariophyta;Mediophyceae;Triceratiales;NA;NA;NA
313a6df1faa910511ae16516a9b7efff,Eukaryota;Chrysophyceae__p;Chrysophyceae;Segregatospumella__f__o;NA;NA;NA
b7b49bee6c810bd5fbfd33c51cffb540,Eukaryota;Cnidaria;Hydrozoa;Limnomedusae;NA;NA;NA
12e6683459ba570f5bfaca30d01d75d4,Unknown;NA;NA;NA;NA;NA;NA
0eff42317a1d4c8dc2be90c6751916ff,Eukaryota;Annelida;Polychaeta;Terebellida;NA;NA;NA
9646e31fe5225ec0a8ffd5d9cc1972bb,Eukaryota;Arthropoda;Hexanauplia;Calanoida;Clausocalanidae;Pseudocalanus;Pseudocalanus newmani
a9e3af6f16ac10cac1499cb9761f0a34,Eukaryota;Bacillariophyta;Coscinodiscophyceae;Rhizosoleniales;Rhizosoleniaceae;Guinardia;Guinardia delicatula
6ef1ef2f2aae4a7df2634dd5fe863cf8,Unknown;NA;NA;NA;NA;NA;NA
19feeb7b11dc508dcf48a271335fbc6c,Unknown;NA;NA;NA;NA;NA;NA
989ff51c3b8e399b1c741504723b6992,Environmental Unknown;NA;NA;NA;NA;NA;NA
1cfa0eab81906b6184fce35c3f23c543,Eukaryota;Arthropoda;Hexanauplia;Calanoida;Clausocalanidae;Pseudocalanus;Pseudocalanus mimus
758708eccbc9293d46f99694400a1edd,Eukaryota;Arthropoda;Insecta;Hymenoptera;NA;NA;NA
58005d0d7a050224628faae4233291f4,Eukaryota;Haptophyta;Phaeocystales__c;Phaeocystales;NA;NA;NA
6dfe885019f7356ecca6f4005f73e7e6,Eukaryota;Cnidaria;Hydrozoa;Anthoathecata;NA;NA;NA
2cbfee8271d2b514f1ae35d00bc9258f,Eukaryota;Cnidaria;Hydrozoa;Leptothecata;NA;NA;NA
a01a53d4caa5b58bd5657ce78ca48f13,Eukaryota;Haptophyta;Prymnesiales__c;Prymnesiales;NA;NA;NA
53e3330270f610783f31629085c68fd9,Eukaryota;Bacillariophyta;Mediophyceae;Lithodesmiales;NA;NA;NA
259728ee3e3f8b49b4a7e0729a01afd2,Eukaryota;Cnidaria;Hydrozoa;Leptothecata;Eirenidae;Eutonina;Eutonina indicans
a695551fe16d4de7221df278e46b1525,Unknown;NA;NA;NA;NA;NA;NA
c161320b2f57e20577a00cc0d52e65ea,Eukaryota;Arthropoda;Hexanauplia;Calanoida;Clausocalanidae;Pseudocalanus;Pseudocalanus mimus
d3145356952610dc37fe4d5fe21a8320,Eukaryota;Rhodophyta;Florideophyceae;Ceramiales;NA;NA;NA
42872976699dcf200df3e0f0d0dbb7f3,Eukaryota;Porifera;Demospongiae;Haplosclerida;NA;NA;NA
00e724bc25a0714754ac05ceac6b22b7,Unknown;NA;NA;NA;NA;NA;NA
54ce3b427118a7d9f4c430bfd1464925,Unknown;NA;NA;NA;NA;NA;NA
83e371aa396d4fd49ba87a480b36f840,Eukaryota;Cnidaria;Hydrozoa;Leptothecata;NA;NA;NA
8f8579e10c0db261533a19371e6998a9,Eukaryota;Cnidaria;Hydrozoa;NA;NA;NA;NA
d33147abadcbdcab103732dda34992c0,Unknown;NA;NA;NA;NA;NA;NA
4950b91fcfd0c577d95b3e0de98e7a53,Eukaryota;Arthropoda;Hexanauplia;Calanoida;Paracalanidae;Paracalanus;Paracalanus sp_ C AC_2013
92bc95a85dd5c777f5d188ca9e8899b3,Eukaryota;Arthropoda;Insecta;Diptera;NA;NA;NA
93818425c94f07388870bd9f9434baac,Eukaryota;Arthropoda;Hexanauplia;Calanoida;Clausocalanidae;Pseudocalanus;Pseudocalanus mimus
8779fc0507e002554c7f5524c68eca3d,Eukaryota;Discosea;Longamoebia__c;Longamoebia;NA;NA;NA
ffb502406d4caa21c3b966c2dd545546,Eukaryota;Bacillariophyta;Fragilariophyceae;Fragilariales;NA;NA;NA
9222082d5db458fd3cc5276e03ea53af,Eukaryota;Haptophyta;Phaeocystales__c;Phaeocystales;NA;NA;NA
2c8b061ad8dc9c0ea8e5ac669fa66be2,Eukaryota;Arthropoda;Insecta;NA;NA;NA;NA
533d20f20b63b30bf0adae49334a4c62,Eukaryota;Phaeophyceae__p;Phaeophyceae;Ectocarpales;NA;NA;NA
9d51728abe0ff0a0473e61c51303c418,Eukaryota;Arthropoda;Hexanauplia;Calanoida;Acartiidae;Acartia;Acartia longiremis
ed790434b3f127aedca22b5ed7aaa924,Eukaryota;Oomycota;Peronosporales__c;Peronosporales;NA;NA;NA
57ed2ecbf6777a9033d525b9ccd26415,Eukaryota;Cnidaria;Scyphozoa;Semaeostomeae;Ulmaridae;Phacellophora;Phacellophora camtschatica
4ba38b35dbdd474593479884e6b20387,Eukaryota;Arthropoda;Insecta;Lepidoptera;NA;NA;NA
8c6962bf96655c2ebb5146099a15c38e,Unknown;NA;NA;NA;NA;NA;NA
caffb0c9d19eb6d31ea609e1c540b4c3,Eukaryota;Phaeophyceae__p;Phaeophyceae;Dictyotales;NA;NA;NA
7fc3e5c3b41d2c914fde53313ad5d67f,Eukaryota;Arthropoda;Arachnida;Araneae;NA;NA;NA
67713c982bc690aa09a4f09f1560851a,Eukaryota;Synurophyceae__p;Synurophyceae;Synurales;NA;NA;NA
f7918da8264990aa9fac67224c817403,Eukaryota;Rhodophyta;Florideophyceae;Gelidiales;NA;NA;NA
f615f0fbfa482a34465cb008f5389aad,Eukaryota;Arthropoda;Malacostraca;Amphipoda;Caprellidae;NA;NA
fe6866cec5f8bc23d902dd12f13525b3,Eukaryota;Phaeophyceae__p;Phaeophyceae;Ectocarpales;NA;NA;NA
4064e1f4cf846d60fafe14505bbd7f4b,Eukaryota;Arthropoda;Malacostraca;Amphipoda;NA;NA;NA
3ae15a679e3ed01f645608768e738fbc,Eukaryota;Rhodophyta;Bangiophyceae;Bangiales;Bangiaceae;NA;NA
7f0008ec625658da0bd6e547c9cce860,Eukaryota;Cnidaria;Hydrozoa;Leptothecata;NA;NA;NA
f9de7d900ed313a2bcbbfc009994c0f2,Eukaryota;Phaeophyceae__p;Phaeophyceae;Ectocarpales;NA;NA;NA
9e8eea975e0707ffc0bd702d0be06f70,Eukaryota;Echinodermata;Crinoidea;NA;NA;NA;NA
054717b30473ee659a64ef6caba6d6b4,Eukaryota;Arthropoda;Hexanauplia;Calanoida;Clausocalanidae;Pseudocalanus;Pseudocalanus mimus
4d0f58a3520e0923d758183bffd2ce37,Eukaryota;Haptophyta;Phaeocystales__c;Phaeocystales;NA;NA;NA
f7a58f1e8391b63e89c081b992f332cd,Eukaryota;Mollusca;Gastropoda;Neogastropoda;NA;NA;NA
75ff485444d8b2cf8f5ac2de9469f766,Eukaryota;Haptophyta;Isochrysidales__c;Isochrysidales;NA;NA;NA
0e050b02b6c7817645bac3d475d89bf1,Eukaryota;Haptophyta;Phaeocystales__c;Phaeocystales;NA;NA;NA
8d66d9107bc81a2e09301b8251863c0e,Eukaryota;Cnidaria;Hydrozoa;Anthoathecata;Rathkeidae;Rathkea;Rathkea octopunctata
41b5d931dddfa9328c4fa4e206084abf,Eukaryota;Cnidaria;Hydrozoa;Leptothecata;NA;NA;NA
5c70e9cb0a27ffa724c0b48d83545216,Unknown;NA;NA;NA;NA;NA;NA
d8d3410080f7a5553491712dbe9de0b3,Eukaryota;Chlorophyta;Trebouxiophyceae;Chlorellales;NA;NA;NA
ce90a1095493171f09e04090056a4b5c,Eukaryota;Arthropoda;Insecta;Diptera;NA;NA;NA
b8505111bffd4ff25604144926c38c56,Eukaryota;Haptophyta;Isochrysidales__c;Isochrysidales;Noelaerhabdaceae;NA;NA
32c2ee75f2645b136dfdf0d5178ebf9e,Eukaryota;Oomycota;Haptoglossa__f__o__c;Haptoglossa__f__o;NA;NA;NA
43c9b10ee22ba7b8722f3adb311c04b1,Eukaryota;Rhodophyta;Florideophyceae;Sporolithales;NA;NA;NA
09cf59cce43adfb8a48ae76c577e4fa9,Eukaryota;Oomycota;Pythiales__c;Pythiales;NA;NA;NA
66e9bd206af5233aa3b93f4ca538e457,Eukaryota;Discosea;Flabellinia;Dactylopodida;NA;NA;NA
a95e2fb68ea314383510170ac35f1716,Eukaryota;Phaeophyceae__p;Phaeophyceae;Dictyotales;NA;NA;NA
ce61df80960529d1ee08f2c59e15cd54,Eukaryota;Arthropoda;Insecta;NA;NA;NA;NA
768158fa110bea60233a4cd0b14883fb,Eukaryota;Discosea;Flabellinia;Dactylopodida;NA;NA;NA
771b0f5b97f8495982b51ff8c2d99677,Unknown;NA;NA;NA;NA;NA;NA
80f7a04abc3b9985e98aafdd79e9e5ee,Eukaryota;Arthropoda;Arachnida;Araneae;NA;NA;NA
16a607413a9f603e45590dc14032bea2,Eukaryota;Oomycota;Peronosporales__c;Peronosporales;NA;NA;NA
afc2ec3d4c856d49da2ee82a576b8810,Eukaryota;Arthropoda;Insecta;Lepidoptera;NA;NA;NA
702106cafe0f7e64671b2ae4319502ee,Eukaryota;Annelida;Polychaeta;Spionida;Magelonidae;Magelona;NA
f59af88bd5ec38ed25e4631ef5bf3aa6,Eukaryota;Arthropoda;Insecta;Hymenoptera;NA;NA;NA
14fd7321b62c6c5f07cf3f6fd19cde56,Eukaryota;Arthropoda;Insecta;Diptera;NA;NA;NA
0e0526c26efc3a4dfcbf80c62afe51d7,Eukaryota;Arthropoda;Insecta;Hymenoptera;NA;NA;NA
55a82f12fae44c1dd1701cdd781e92cf,Eukaryota;Nemertea;Palaeonemertea;Carinomiformes;Carinomidae;Carinoma;Carinoma mutabilis
852e95702531571563c8a09169b28010,Eukaryota;Phaeophyceae__p;Phaeophyceae;Ectocarpales;NA;NA;NA
8a6fb520fed57e3786cfbe84739c98c9,Eukaryota;Rhodophyta;Florideophyceae;NA;NA;NA;NA
799e5a49758fcb87fc46facb7d1d94eb,Eukaryota;Ascomycota;Eurotiomycetes;Eurotiales;Aspergillaceae;Aspergillus;Aspergillus puulaauensis
a3ab409bcff5f5c4be17403db3fa90ce,Eukaryota;Rhodophyta;Florideophyceae;Halymeniales;NA;NA;NA
4a5010a0b7b9ecb0271fc8fb620922ba,Eukaryota;Oomycota;Peronosporales__c;Peronosporales;NA;NA;NA
ba5a4e31099bf2f3c59101e923a00def,Environmental Unknown;NA;NA;NA;NA;NA;NA
0bfae25477f3f329333f447d7a934299,Eukaryota;Oomycota;Peronosporales__c;Peronosporales;NA;NA;NA
ff0ed25505ab43b6d20e1ec48ee6a489,Eukaryota;Arthropoda;Arachnida;Araneae;NA;NA;NA
8a3be0f53837d5d675f5f39d8e0db884,Eukaryota;Cnidaria;Hydrozoa;Anthoathecata;NA;NA;NA
57a1f9cbfd36f708660bd9deda7e2426,Eukaryota;Phaeophyceae__p;Phaeophyceae;Dictyotales;NA;NA;NA
c4ba04d0c28c04a3dc4f3f60a64eb903,Eukaryota;Bacillariophyta;Mediophyceae;Lithodesmiales;NA;NA;NA
632f7ff5ba2524ac37af089a252b4f6d,Eukaryota;Arthropoda;Malacostraca;Decapoda;NA;NA;NA
354d8ca7b94a7a5b20d10c1cba1fa00b,Unknown;NA;NA;NA;NA;NA;NA
da8c68b32b6117e707e4e61454c471f2,Eukaryota;Nemertea;NA;NA;NA;NA;NA
832df79b28fc5a55fc482c40450681f1,Eukaryota;Cnidaria;Hydrozoa;Anthoathecata;NA;NA;NA
3a4b72a8e002357895634ee6a0c8b69b,Eukaryota;Arthropoda;Hexanauplia;Calanoida;Clausocalanidae;Pseudocalanus;Pseudocalanus mimus
63715a04e647ca286cd2073a80afef9a,Eukaryota;Annelida;Polychaeta;Phyllodocida;Phyllodocidae;NA;NA
1a7185423f484e34292c815c227a459a,Unknown;NA;NA;NA;NA;NA;NA
0c73273be002711f717f446f8e116830,Eukaryota;Rhodophyta;Florideophyceae;Ceramiales;NA;NA;NA
5c700acddfcf2e5e7159582a986d8207,Eukaryota;Discosea;Longamoebia__c;Longamoebia;NA;NA;NA
60a4680093f72eceec5d378f3edd1d7b,Eukaryota;Cnidaria;Hydrozoa;Leptothecata;Eirenidae;Eutonina;Eutonina indicans
e2160d593eab45f8167a59073a1753cc,Eukaryota;Arthropoda;Hexanauplia;Calanoida;Clausocalanidae;Pseudocalanus;Pseudocalanus mimus
7ab3edb28268978ae574dd3aa54404d8,Eukaryota;Cnidaria;Hydrozoa;Limnomedusae;NA;NA;NA
0259b84c221c2ae21e0aa9140d6ba39a,Eukaryota;Arthropoda;Hexanauplia;Calanoida;Clausocalanidae;Pseudocalanus;Pseudocalanus mimus
490708dfa8cd51cc7a54b18358665dc6,Eukaryota;Rhodophyta;Florideophyceae;Gelidiales;NA;NA;NA
619469bc9a9ce7e5ee177e7f1ca71b50,Eukaryota;Phaeophyceae__p;Phaeophyceae;Ectocarpales;NA;NA;NA
80ae30d74fcf83e900d56ee92c96f0c5,Eukaryota;Mollusca;Gastropoda;Stylommatophora;NA;NA;NA
010cce46abe0dbddb748429193d853b3,Eukaryota;Oomycota;Peronosporales__c;Peronosporales;NA;NA;NA
523d2350fdb3dbc904c9a1be6bb6c5fb,Eukaryota;Arthropoda;Arachnida;NA;NA;NA;NA
e402d95b208d77b28ba73aa9b2eecb75,Eukaryota;Phaeophyceae__p;Phaeophyceae;Laminariales;NA;NA;NA
8bb49c8ebe1429058a7f426ea0edd18d,Eukaryota;Phaeophyceae__p;Phaeophyceae;Ectocarpales;NA;NA;NA
2bce70f8837eacff60f5642e75a7cc4f,Eukaryota;Haptophyta;Prymnesiales__c;Prymnesiales;NA;NA;NA
12bd2bae16d56ebc7e046b136e1f3740,Eukaryota;Phaeophyceae__p;Phaeophyceae;Ectocarpales;Chordariaceae;NA;NA
7ab07ee47c7e11a23427440b3c60ad28,Eukaryota;Discosea;Flabellinia;Dactylopodida;Paramoebidae;Paramoeba;NA
e17dfacde0e1a0393f76d43545e4d574,Eukaryota;Cnidaria;Hydrozoa;Leptothecata;Eirenidae;Eutonina;Eutonina indicans
f4ada230535959269bf22ed80fd5d26e,Eukaryota;Annelida;Polychaeta;Phyllodocida;Phyllodocidae;NA;NA
e4d42941fdd9bc35706ea97c1b3506b7,Eukaryota;Cnidaria;Hydrozoa;Leptothecata;Eirenidae;Eutonina;Eutonina indicans
3f8328429f00da727dd6c2a1bda9db88,Eukaryota;Oomycota;Peronosporales__c;Peronosporales;NA;NA;NA
1b790392b33f5c3ab484355264fa4ecd,Eukaryota;Bacillariophyta;Coscinodiscophyceae;Thalassiosirales;NA;NA;NA
4133d0f748dc8ecda26d76a35f4221a3,Eukaryota;Cnidaria;Hydrozoa;Siphonophorae;Prayidae;NA;NA
103092005a30b2174aa55b57e9e0bc87,Eukaryota;Cnidaria;Hydrozoa;Leptothecata;NA;NA;NA
d0238bb8dd8d68bddf26ddf8192c0e3c,Eukaryota;Cnidaria;Hydrozoa;Leptothecata;NA;NA;NA
3ce04a3c8929535537297614e6c60c18,Unknown;NA;NA;NA;NA;NA;NA
a9fd50eba1fd5a76ed07335ccb1905c0,Eukaryota;Discosea;Himatismenida__c;Himatismenida;Parvamoeba__f;NA;NA
a00f167c91ad0920b6fa9e5f54f00aee,Eukaryota;Arthropoda;Malacostraca;Amphipoda;NA;NA;NA
30a4f1b2593e8b4996a3d3d69dd6c845,Eukaryota;Arthropoda;Hexanauplia;Calanoida;Clausocalanidae;Pseudocalanus;Pseudocalanus mimus
a19b7a2a97dfb8e5bf068959dfea0a6c,Eukaryota;Mollusca;Gastropoda;Planorbidae__o;NA;NA;NA
8ce501e2e830beeb7995d781f4feafa2,Eukaryota;Haptophyta;Prymnesiales__c;Prymnesiales;NA;NA;NA
df381885bb79e8c4113e93110b50c180,Eukaryota;Arthropoda;Insecta;Lepidoptera;NA;NA;NA
2e994388fe2ea15ae988d6b738da9fd1,Eukaryota;Arthropoda;Insecta;Hymenoptera;NA;NA;NA
b9157978ed0031f4cc54c7467122079a,Unknown;NA;NA;NA;NA;NA;NA
e9f3597c526449274f9f1681c448c622,Eukaryota;Cnidaria;Hydrozoa;Leptothecata;Eirenidae;Eutonina;Eutonina indicans
91b7c356ac183fae3ed075270129996a,Eukaryota;Bacillariophyta;Mediophyceae;Cymatosirales;Cymatosiraceae;NA;NA
6585ef071d3448aa3ca45f0854cc5138,Unknown;NA;NA;NA;NA;NA;NA
255afa4a767de525a3f2f1939277fc2e,Eukaryota;Cnidaria;Hydrozoa;Siphonophorae;NA;NA;NA
237393e976b6a380f2133c3855848bfb,Eukaryota;Bacillariophyta;Fragilariophyceae;Fragilariales;Fragilariaceae;Asterionellopsis;Asterionellopsis lenisilicea
49eb8d536ac0dba7ec62d101c4fe14e4,Unknown;NA;NA;NA;NA;NA;NA
aacceca8d42de6b0703ab5f5975d4f41,Eukaryota;Arthropoda;Insecta;NA;NA;NA;NA
bb25187ca9f2cf7b4307d6fc7acdb191,Unknown;NA;NA;NA;NA;NA;NA
d0ababad9815524a561c657738751a99,Eukaryota;Synurophyceae__p;Synurophyceae;Synurales;NA;NA;NA
386ee36e33a33ef34551a11be6e831e1,Eukaryota;Cnidaria;Hydrozoa;Leptothecata;Eirenidae;Eutonina;Eutonina indicans
292700486c67c140323350c294c1a569,Unknown;NA;NA;NA;NA;NA;NA
4b4324ae7f014fe12ef3d18fa1c0ef8e,Eukaryota;Phaeophyceae__p;Phaeophyceae;Fucales;NA;NA;NA
00486720600ffd132b0bc59f0e45a744,Eukaryota;Rotifera;Eurotatoria;Ploima;Synchaetidae;NA;NA
47fdc2f1f2013801d6747c7bbd55b5b3,Eukaryota;Arthropoda;Insecta;NA;NA;NA;NA
c9efa1a30aa62447fd5f48af53b4cbaa,Unknown;NA;NA;NA;NA;NA;NA
31fbcf84c209eb656a0e7b4e44307c64,Eukaryota;Discosea;Longamoebia__c;Longamoebia;NA;NA;NA
b973877c729fd00caf37a1d33d7314dc,Eukaryota;Oomycota;Pythiales__c;Pythiales;NA;NA;NA
8eff270cc1cd5b8554c31dc63924d3c0,Unknown;NA;NA;NA;NA;NA;NA
450f8ed5a74256f0a2665197364ad4a3,Eukaryota;Cnidaria;Hydrozoa;Leptothecata;Eirenidae;Eutonina;Eutonina indicans
7a72120f09328a4b582e94459ded2d45,Eukaryota;Cnidaria;Hydrozoa;Siphonophorae;NA;NA;NA
fdee1b6370328c4a2b152b5479dc70ab,Eukaryota;Porifera;Demospongiae;NA;NA;NA;NA
8d7a2ac2dcb66c4778fe57d63248f4ce,Eukaryota;Oomycota;Peronosporales__c;NA;NA;NA;NA
87a455eeaa43fe6a2fae7658ee5e2500,Eukaryota;Arthropoda;Arachnida;NA;NA;NA;NA
20187fa9118b00311f94e07896e0f796,Eukaryota;Phaeophyceae__p;Phaeophyceae;Ectocarpales;NA;NA;NA
39c27ee28cf58ac2a7ab1c2e6a5e99d5,Eukaryota;Oomycota;Haptoglossa__f__o__c;Haptoglossa__f__o;NA;NA;NA
62484010b54cd874210e62811e3098c6,Eukaryota;Cryptophyceae__p;Cryptophyceae;Cyathomonadacea;NA;NA;NA
6a5db42aa3837baf57e7194fc06a5e14,Eukaryota;Phaeophyceae__p;Phaeophyceae;Laminariales;NA;NA;NA
1df1ce8c2bd66cc2fa2edbeecdc82b3d,Eukaryota;Oomycota;Peronosporales__c;Peronosporales;NA;NA;NA
ff8704a61c7c60105302d11e9e5df32e,Eukaryota;Cnidaria;Hydrozoa;Leptothecata;Clytiidae;Clytia;Clytia gregaria
6320471f6025d39c598dcc12fd4368de,Unknown;NA;NA;NA;NA;NA;NA
190a9237f44b644fafd20c3d6947c23a,Eukaryota;Haptophyta;Isochrysidales__c;Isochrysidales;Noelaerhabdaceae;NA;NA
206fd2bf858f0888f8b1c7393b456f02,Eukaryota;Bacillariophyta;Bacillariophyceae;Bacillariales;NA;NA;NA
49ca67c4d8d09aad0ff3d16a7fb89bff,Eukaryota;Haptophyta;Prymnesiales__c;Prymnesiales;NA;NA;NA
51e82ba54e2d88a8164c5a7c53594720,Eukaryota;Arthropoda;Hexanauplia;Calanoida;Clausocalanidae;Pseudocalanus;Pseudocalanus mimus
0e13158e64b2f4bc0ea8660ce1c7979a,Unknown;NA;NA;NA;NA;NA;NA
76d554fab90235c5891c417587539245,Eukaryota;Mollusca;Gastropoda;Pteropoda;NA;NA;NA
0de1d7327129723c2e782afbfa678a20,Eukaryota;Bacillariophyta;Coscinodiscophyceae;Thalassiosirales;Skeletonemataceae;NA;NA
20c8fd2a8fcbbfb98930f96165b8c6c2,Eukaryota;Arthropoda;Insecta;Neuroptera;NA;NA;NA
9179c3cd183ddcd50cb3f3479f0120a6,Eukaryota;Arthropoda;Hexanauplia;Calanoida;Clausocalanidae;Pseudocalanus;Pseudocalanus mimus
e75a78d0e5e97379aded12cb2d3e9b77,Eukaryota;Ascomycota;Eurotiomycetes;Chaetothyriales;NA;NA;NA
607b2dd88aea2967a45d73f34a3ac23e,Eukaryota;Chlorophyta;Mamiellophyceae;Mamiellales;Bathycoccaceae;Bathycoccus;Bathycoccus prasinos
49b17b39e4f574ee2de3902c6e2f012c,Eukaryota;Porifera;Demospongiae;Haplosclerida;NA;NA;NA
720bab33ce7b85d25fee486be0ebca63,Eukaryota;Phaeophyceae__p;Phaeophyceae;Dictyotales;NA;NA;NA
1f919767ff93f062c31c2e4ab1da846b,Eukaryota;Oomycota;NA;NA;NA;NA;NA
413cbd53d119539264e2823466484c63,Eukaryota;Haptophyta;Prymnesiales__c;Prymnesiales;NA;NA;NA
8cf6e484915f44d66a314de3372ae52e,Eukaryota;Arthropoda;Insecta;Lepidoptera;NA;NA;NA
07e508ac7460309b2d9e0148de79859e,Eukaryota;Arthropoda;Hexanauplia;Calanoida;Clausocalanidae;Pseudocalanus;Pseudocalanus mimus
69dc68168f21ed4e5aa201b7d9970aee,Eukaryota;Cnidaria;Hydrozoa;Leptothecata;NA;NA;NA
9cf2ecad2758b5f45b1989525e6e7b38,Eukaryota;Arthropoda;Insecta;Hymenoptera;NA;NA;NA
b0ae58f354bb2c42533beaf408030cb4,Eukaryota;Chrysophyceae__p;Chrysophyceae;Chromulinales;NA;NA;NA
7b897439045ccd2395ff99c80a989091,Eukaryota;Phaeophyceae__p;Phaeophyceae;Laminariales;NA;NA;NA
794f7b1699dc8a0de2730485033b84ba,Unknown;NA;NA;NA;NA;NA;NA
da2a94bb0ed1dbcb9b4f6c530b2e2290,Eukaryota;Cnidaria;Hydrozoa;Leptothecata;Eirenidae;Eutonina;Eutonina indicans
d2707e595db91f71d72fc238277fbcb0,Eukaryota;Cnidaria;Hydrozoa;Leptothecata;NA;NA;NA
62e7de3158fc6e3a622432431e9ee550,Eukaryota;Arthropoda;Arachnida;Araneae;NA;NA;NA
90686476feb6b31428d6fc979bf09076,Eukaryota;Phaeophyceae__p;Phaeophyceae;Ectocarpales;NA;NA;NA
6cbdcb4a7f52106c82d25522e759429a,Eukaryota;Arthropoda;Insecta;Hymenoptera;NA;NA;NA
3c2cb3d9766f48bbd5ede2c4ce8627da,Eukaryota;Arthropoda;Arachnida;Araneae;NA;NA;NA
34b4132c5739d41ef26c4ab3f6fe4004,Eukaryota;Phaeophyceae__p;Phaeophyceae;Ectocarpales;NA;NA;NA
1cda78944c6ef76f05f05337e31a8736,Unknown;NA;NA;NA;NA;NA;NA
308a60214ee2579ef524649f7065df6c,Eukaryota;Arthropoda;Hexanauplia;Calanoida;Clausocalanidae;Pseudocalanus;Pseudocalanus mimus
cba9f9d8c66d83c7f9615afbd2e794b5,Eukaryota;Cnidaria;Hydrozoa;Leptothecata;Clytiidae;Clytia;Clytia gregaria
d656452b89aa8f8dc3b828d53ac4709d,Eukaryota;Cnidaria;Hydrozoa;Leptothecata;NA;NA;NA
1deedceb7099736ec833362ef44a7a9a,Eukaryota;Arthropoda;Insecta;NA;NA;NA;NA
bc95ea087bd6e0e7d1dee8e1796997d5,Eukaryota;Chrysophyceae__p;Chrysophyceae;Chromulinales;Chromulinaceae;NA;NA
3217f439ade5d52f79189fc3f16c7966,Eukaryota;Eustigmatophyceae__p;Eustigmatophyceae;Eustigmatales;NA;NA;NA
754f969dd6fb3eaddc5676ee240d926b,Unknown;NA;NA;NA;NA;NA;NA
3361d605549367949bde8536158a7077,Eukaryota;Chlorophyta;Trebouxiophyceae;Chlorellales;NA;NA;NA
42b99b43461c6c2e21424662b7dbb1bb,Eukaryota;Arthropoda;Arachnida;Araneae;NA;NA;NA
3e0fc5aecc8445345e7982bd328bfc2a,Eukaryota;Discosea;Flabellinia;Dactylopodida;NA;NA;NA
dfcc50e824866f7d0668ed126d3a6b76,Eukaryota;Phaeophyceae__p;Phaeophyceae;Ectocarpales;NA;NA;NA
3ab76ecc4852a0f9f538d0707dc6f31a,Eukaryota;Cnidaria;Hydrozoa;Anthoathecata;NA;NA;NA
a4a6c36be3afc59fe4eb527ec9f10fab,Eukaryota;Nemertea;Palaeonemertea;Tubulaniformes;Tubulanidae;Tubulanus;Tubulanus sp_ 2 TCH_2015
f51d79d2c6e35f9dd196203fc59734d4,Eukaryota;Arthropoda;Malacostraca;Amphipoda;NA;NA;NA
9377d4bab72b6a9030fe912264002944,Eukaryota;Picozoa;NA;NA;NA;NA;NA
4cd542db058bdac3eda10aba8fed7ac8,Eukaryota;Arthropoda;Insecta;Diptera;NA;NA;NA
1b79dc7be18302101c3da426bbf9cc19,Eukaryota;Arthropoda;Insecta;Lepidoptera;NA;NA;NA
b696ef8465090dc2c8ac28ae50fccee1,Unknown;NA;NA;NA;NA;NA;NA
e0442f33d4864a55bb7c9ef6682d9421,Eukaryota;Bacillariophyta;Mediophyceae;Lithodesmiales;NA;NA;NA
1c58fd7f0158375d676b1c79fec025ed,Eukaryota;Phaeophyceae__p;Phaeophyceae;Ectocarpales;NA;NA;NA
a642235a6b0d2dfda5297d5485c61cf3,Eukaryota;Cnidaria;Hydrozoa;Leptothecata;Eirenidae;Eutonina;Eutonina indicans
23becdfa250f270552eab2edf57f8164,Eukaryota;Haptophyta;Isochrysidales__c;Isochrysidales;Noelaerhabdaceae;NA;NA
96b1636cfbc21b014003a2344acd4ef6,Eukaryota;Cnidaria;Hydrozoa;Leptothecata;Eirenidae;Eutonina;Eutonina indicans
0e46b16b82555976cc94b07f56bf6751,Eukaryota;Echinodermata;Ophiuroidea;Amphilepidida;NA;NA;NA
040286e36c6c7241be8d8a540bfd5190,Eukaryota;Arthropoda;Insecta;NA;NA;NA;NA
f91ec7bdd3bf13cfbda324c6c7b7a3fe,Eukaryota;Bacillariophyta;Bacillariophyceae;Bacillariales;Bacillariaceae;Pseudo_nitzschia;Pseudo_nitzschia fryxelliana
9851792077a5b1c6cb2e760febaca5c0,Eukaryota;Oomycota;Pythiales__c;Pythiales;NA;NA;NA
c0e11934f4e1cf99ced10a279d2e9f28,Eukaryota;Arthropoda;Insecta;Diptera;NA;NA;NA
40b0760531bbd2bea14c6bec6b451034,Eukaryota;Arthropoda;Hexanauplia;Calanoida;Clausocalanidae;Pseudocalanus;Pseudocalanus newmani
95744c8822541ad4933db74f940dee78,Eukaryota;Chlorophyta;Trebouxiophyceae;Chlorellales;NA;NA;NA
098aba294c674a087875dfa84000f096,Eukaryota;Cnidaria;Hydrozoa;Anthoathecata;Zancleidae;NA;NA
2fe8081641f930bef7f3df7092ff7837,Eukaryota;Rhodophyta;Florideophyceae;Ceramiales;NA;NA;NA
83f95792e6e80bf29f4284161318df06,Eukaryota;Arthropoda;Insecta;Diptera;NA;NA;NA
7c68e06888eb1105e1eb6d2583037ad0,Eukaryota;Bacillariophyta;Coscinodiscophyceae;Thalassiosirales;Skeletonemataceae;NA;NA
198db0c8fe64e305a1cda4c545b22af6,Eukaryota;Annelida;Polychaeta;Spionida;Spionidae;Spiophanes;Spiophanes hakaiensis
7d33a14c6cbc47652b1e95d89e9d29d3,Eukaryota;Arthropoda;Insecta;Lepidoptera;NA;NA;NA
be1492ac9b2e20ac9d5109e3de3071ad,Eukaryota;Chordata;Aves;Passeriformes;NA;NA;NA
f3d785940d4d8959475082d847487dbd,Eukaryota;Rhodophyta;Florideophyceae;NA;NA;NA;NA
143ced32dfbbbad3f6b3951fcce12651,Eukaryota;Oomycota;Saprolegniales__c;Saprolegniales;NA;NA;NA
0cf0b3725522a3625847243aecbf45b2,Eukaryota;NA;NA;NA;NA;NA;NA
746ed157ec1e417acbe0034247e0e931,Eukaryota;Arthropoda;Hexanauplia;Calanoida;Clausocalanidae;Pseudocalanus;Pseudocalanus newmani
6acd6783f5f46e44fe1f8b3e00cf3985,Unknown;NA;NA;NA;NA;NA;NA
5ed870056d95e305f8729c543570c462,Eukaryota;Arthropoda;Arachnida;NA;NA;NA;NA
01c86013e186492e79ef2efe2c06e657,Eukaryota;Cnidaria;Hydrozoa;Siphonophorae;NA;NA;NA
d0f9b317c4ed3701ec7af75725e01b54,Eukaryota;Arthropoda;Hexanauplia;Calanoida;Clausocalanidae;Pseudocalanus;Pseudocalanus mimus
5ece3c6126bd1a23ee9933717684ec14,Eukaryota;Annelida;Polychaeta;Sabellida;Sabellidae;Myxicola;NA
168114dcb27ed48ef5352ca19b3941da,Eukaryota;Porifera;Demospongiae;Desmacellida;NA;NA;NA
bd7b5a11c30524ac7b1b991a9a8ecb29,Eukaryota;Cnidaria;Hydrozoa;Leptothecata;NA;NA;NA
0e90fbcb008b88a6c6b05fe56ad66980,Eukaryota;Eustigmatophyceae__p;Eustigmatophyceae;Eustigmatales;NA;NA;NA
7002ab83968ef9c8e634836ea04b7e53,Eukaryota;Oomycota;Saprolegniales__c;Saprolegniales;NA;NA;NA
8b134ce7bc9279371fe4c86b9ad4f9b8,Eukaryota;Annelida;Polychaeta;Spionida;Spionidae;Spiophanes;Spiophanes hakaiensis
37d46cb110bc3ac4e9d01bbf3cd426f7,Eukaryota;Cnidaria;Hydrozoa;Anthoathecata;Pandeidae;Halitholus;Halitholus sp_ PS_2018
fb3f4d9fa8c2b356685c58b01daef8f1,Eukaryota;Arthropoda;Insecta;Coleoptera;NA;NA;NA
b23341929e21b7ce050d072e85672c30,Unknown;NA;NA;NA;NA;NA;NA
2055773a8b33ac92d133f082bd971c53,Eukaryota;Bacillariophyta;Mediophyceae;Lithodesmiales;Lithodesmiaceae;NA;NA
7d6573596631688885213844e77ecb35,Eukaryota;Discosea;Flabellinia;Vannellidae__o;NA;NA;NA
30f0ab370e05cedcd1f623fc6bb46a78,Eukaryota;Placozoa;Uniplacotomia;Hoilungea;NA;NA;NA
f7d1dff5b9cd1be6f62f9721546c1ce6,Eukaryota;Bigyra__p;Bigyra;Thraustochytrida;NA;NA;NA
0ce3b0a53ccd95e0771372a87f1e6d4a,Eukaryota;Arthropoda;Hexanauplia;Calanoida;Clausocalanidae;Pseudocalanus;Pseudocalanus mimus
f7e96d1eb33254ae9ed5ecb566e84c18,Eukaryota;Arthropoda;Hexanauplia;Calanoida;Clausocalanidae;Pseudocalanus;Pseudocalanus mimus
eb26f6cbbca1d9c86992bc7fedd50774,Eukaryota;Haptophyta;Prymnesiales__c;Prymnesiales;NA;NA;NA
27994bf8c12574c1f67937e66b7b5880,Eukaryota;Arthropoda;Insecta;Hemiptera;NA;NA;NA
f2a36d8fbe784875d92e809e275a8809,Unknown;NA;NA;NA;NA;NA;NA
71286814b77efdeba791f053990ba285,Eukaryota;Arthropoda;Insecta;Diptera;NA;NA;NA
80f1a55dd70f3dc619b834ee3770acc8,Eukaryota;Arthropoda;Hexanauplia;Calanoida;NA;NA;NA
012dd6c13b0c6645f164c3ea34c24ca0,Eukaryota;Discosea;Flabellinia;Dactylopodida;Paramoebidae;NA;NA
b9c3c472043b5854c3da473f49683f1a,Unknown;NA;NA;NA;NA;NA;NA
c9385df1fd495958bde943c042dab499,Eukaryota;Discosea;Himatismenida__c;Himatismenida;NA;NA;NA
79dfc0f3b09e6bf63de946f0cd3417bf,Unknown;NA;NA;NA;NA;NA;NA
374cf441d3859cba639eef2a5473b556,Eukaryota;Arthropoda;Hexanauplia;Calanoida;Clausocalanidae;Pseudocalanus;NA
f52523dcb730f74fe3e3cd0ce2029313,Eukaryota;Mollusca;Gastropoda;Planorbidae__o;NA;NA;NA
b1d88210d7feeaa83034d9eedd526322,Eukaryota;Nematoda;Enoplea;Dorylaimida;Longidoridae;Xiphinema;Xiphinema brevicolle
28b8c6ed9f2566e0074b8883062f1988,Eukaryota;Annelida;Polychaeta;Capitellidae__o;Capitellidae;NA;NA
e4834e0557e58030dbf7ffe9edde2b55,Eukaryota;Oomycota;Saprolegniales__c;Saprolegniales;NA;NA;NA
223bbd0ee956fbdf4445f4593050eee1,Unknown;NA;NA;NA;NA;NA;NA
28f0c99dc58117f2cb64ec6c9f2c3c22,Eukaryota;Oomycota;Peronosporales__c;Peronosporales;NA;NA;NA
34c0eea2954958a669b5880a40f0178d,Eukaryota;Arthropoda;Insecta;Diptera;NA;NA;NA
cb520a519ff744d3bc70b5d1a4efc0d6,Unknown;NA;NA;NA;NA;NA;NA
ec740223ccf1bb363fb950dd9bf8a0c5,Eukaryota;Echinodermata;Ophiuroidea;Amphilepidida;Amphiuridae;Amphiodia;NA
94260f2ccd13db46a23f6d039a80d855,Eukaryota;Dinophyceae__p;Dinophyceae;Gymnodiniales;Gymnodiniaceae;Margalefidinium;Margalefidinium polykrikoides
0d200fc98ea414372b80fdaf45978f6e,Eukaryota;NA;NA;NA;NA;NA;NA
69496fb8bb2bb851e7ed2c875cc231c0,Eukaryota;Arthropoda;Arachnida;NA;NA;NA;NA
8541c7020f25898a0effddaf0f9f42bd,Eukaryota;Discosea;Flabellinia;Dactylopodida;NA;NA;NA
f3833d2ce7363755e8637a8322241b3c,Unknown;NA;NA;NA;NA;NA;NA
96aaa0bca4ca21212a1cfe797e68b5b5,Environmental Unknown;NA;NA;NA;NA;NA;NA
35a575d6a56b8f75d795f53b55d722de,Eukaryota;Arthropoda;Hexanauplia;Calanoida;Clausocalanidae;Pseudocalanus;Pseudocalanus mimus
6be3ceb12894b8767a60c87fe64982f6,Unknown;NA;NA;NA;NA;NA;NA
62a7f04cff35c9be4295b4d9fb24e207,Eukaryota;Arthropoda;Insecta;Diptera;NA;NA;NA
34b118d721fa35bf6839b2a5fecfe34b,Eukaryota;Telonemida__c__p;Telonemida__c;Telonemida;NA;NA;NA
ed093aa401cf67e29fa5db0df52db7d6,Eukaryota;Bacillariophyta;Mediophyceae;Lithodesmiales;NA;NA;NA
27d8bbcb90e777c0b96daf1f0003d482,Eukaryota;Cnidaria;Hydrozoa;Leptothecata;Obeliidae;Obelia;NA
bed38aa20b7114c075debb7ade67405d,Eukaryota;Arthropoda;Hexanauplia;Calanoida;Clausocalanidae;Pseudocalanus;NA
c775083ca2096a0ff767551920b33ae1,Unknown;NA;NA;NA;NA;NA;NA
798659bd4d820e25cdff55fd3c661a4d,Eukaryota;Bacillariophyta;Coscinodiscophyceae;Rhizosoleniales;NA;NA;NA
ff4f10ce5b8a2b31479be1fc4c9feb00,Eukaryota;Discosea;Longamoebia__c;NA;NA;NA;NA
8c82cbceb630ffa6385e48efabb7211a,Unknown;NA;NA;NA;NA;NA;NA
db253b115b76ee783abb9cd957eddac8,Eukaryota;Cnidaria;Hydrozoa;Anthoathecata;Corymorphidae;Euphysa;NA
a9f99ff61bf8bfb7d598d2e8ed5b81ea,Unknown;NA;NA;NA;NA;NA;NA
e6db29635ea15d1a1135245990dd7f73,Eukaryota;Discosea;Himatismenida__c;Himatismenida;NA;NA;NA
9b0637b907d1fd33f24bd7ece752be5b,Eukaryota;Arthropoda;Hexanauplia;Calanoida;Paracalanidae;Paracalanus;Paracalanus sp_ C AC_2013
ae4ddf8c55e2a1b721371b5f54d87d0b,Eukaryota;Arthropoda;Insecta;Lepidoptera;NA;NA;NA
b3737a6c98723db192fce1734beff8ef,Eukaryota;Streptophyta;Zygnemophyceae;Zygnematales;NA;NA;NA
b6377785f18fd6564b2a5f41437c8f3e,Eukaryota;Dinophyceae__p;Dinophyceae;Gonyaulacales;NA;NA;NA
c42d21527622e0d0ec67caa8f9f6c1d6,Eukaryota;Oomycota;Haptoglossa__f__o__c;Haptoglossa__f__o;NA;NA;NA
aec420dc58d117dc9081791a1f1730ca,Eukaryota;Mollusca;Gastropoda;NA;NA;NA;NA
54399cebfcbf984ff3f57fda4d7e2839,Eukaryota;Arthropoda;Hexanauplia;Calanoida;Clausocalanidae;Pseudocalanus;Pseudocalanus mimus
f08d2a3d33b8c3ecf84bf23567a00985,Eukaryota;Cnidaria;Scyphozoa;Semaeostomeae;Ulmaridae;Phacellophora;Phacellophora camtschatica
cf1073f5183dd4d5d9afb0aaf56f63fc,Eukaryota;NA;NA;NA;NA;NA;NA
bf01844e5136a48f173dda3079147f24,Eukaryota;Oomycota;Haptoglossa__f__o__c;Haptoglossa__f__o;NA;NA;NA
8ae4881bd320ad6cc3fb9a7f1214c6ca,Eukaryota;Arthropoda;Arachnida;Araneae;NA;NA;NA
63a550a40c37ba03ab942040d3fc3e2d,Eukaryota;Arthropoda;Hexanauplia;Calanoida;Clausocalanidae;Pseudocalanus;Pseudocalanus mimus
05cada74a62d06bb45d1128e52e3b53a,Eukaryota;Oomycota;Pythiales__c;Pythiales;NA;NA;NA
8f6ee3ea08e20676e04cdb779071b883,Eukaryota;Arthropoda;Insecta;Lepidoptera;NA;NA;NA
6325a0ae5471c78a779ac27fd5b81799,Eukaryota;Arthropoda;Insecta;Diptera;NA;NA;NA
f5b58966dbc5b44857739a8bfa73f90a,Eukaryota;Bacillariophyta;Coscinodiscophyceae;Thalassiosirales;Skeletonemataceae;NA;NA
ed3ec16461e7a07cb0b6147399e58599,Eukaryota;Arthropoda;Arachnida;Araneae;NA;NA;NA
152936807e3dbe93aa9ca1fee5fe8f76,Eukaryota;Phaeophyceae__p;Phaeophyceae;Ectocarpales;NA;NA;NA
5b1b43be1af38c6c657dd6aaf6ff73aa,Unknown;NA;NA;NA;NA;NA;NA
f2906c02f727fba326a9eecaa9929a40,Eukaryota;Synurophyceae__p;Synurophyceae;Ochromonadales;NA;NA;NA
6163861e241e76d3e7d44d17d982ba02,Unknown;NA;NA;NA;NA;NA;NA
c3897c557bdd88f221afec05c148f711,Eukaryota;Haptophyta;Phaeocystales__c;Phaeocystales;NA;NA;NA
546e2e9c696a6977840510cd60af9b0f,Eukaryota;Arthropoda;Hexanauplia;Calanoida;Clausocalanidae;Pseudocalanus;Pseudocalanus mimus
a803bcfba3ad7d4ffe3feb1b8fa98b8b,Eukaryota;Arthropoda;Arachnida;Araneae;NA;NA;NA
7dd4fb687570518f1d6ed477a08fdd5c,Eukaryota;Chlorophyta;Mamiellophyceae;Mamiellales;Mamiellaceae;Micromonas;Micromonas pusilla
4298c883db2a27d03ea007c5d502de4d,Environmental Unknown;NA;NA;NA;NA;NA;NA
c7fe9fda73a3c56928360b9722e15eaf,Eukaryota;Discosea;Longamoebia__c;Longamoebia;NA;NA;NA
48fe54fe5717e3ef4f7b657034ad991a,Eukaryota;Bacillariophyta;Coscinodiscophyceae;Rhizosoleniales;NA;NA;NA
c27ec05d0b9789dc6df5acee7fbbea14,Eukaryota;Arthropoda;Insecta;Lepidoptera;NA;NA;NA
8d0c71b41dfcf198c41cdf797cefb64b,Unknown;NA;NA;NA;NA;NA;NA
6e41e548c5bf263e1ce154dc9f68df4f,Eukaryota;Arthropoda;Hexanauplia;Calanoida;Temoridae;NA;NA
a0d187433960c19d405635fa8b48a3ea,Eukaryota;Oomycota;Saprolegniales__c;Saprolegniales;NA;NA;NA
7797b63139161a1f37f85d02f2c31726,Unknown;NA;NA;NA;NA;NA;NA
4a68f1a2e4088e182ab094f1c4aabd38,Eukaryota;Arthropoda;Hexanauplia;Calanoida;Clausocalanidae;Pseudocalanus;Pseudocalanus mimus
93beeafe3ab5767e12b0b4fd57926b01,Eukaryota;Eustigmatophyceae__p;Eustigmatophyceae;Eustigmatales;NA;NA;NA
0989e003d38b7fd657e1e6497ae97f9b,Eukaryota;NA;NA;NA;NA;NA;NA
5b7a5aab8863e516cc66e2646860941a,Eukaryota;Rhodophyta;Florideophyceae;Peyssonneliales;NA;NA;NA
48086070d5b0ca57457461c70bc85d6d,Eukaryota;Cnidaria;Hydrozoa;Leptothecata;Mitrocomidae;Mitrocoma;Mitrocoma cellularia
f6c820012c0e077bc3c5eab70876c86a,Eukaryota;Cnidaria;Hydrozoa;Leptothecata;Eirenidae;Eutonina;Eutonina indicans
cc90e31e572a136cc708f37bf3c86311,Eukaryota;Arthropoda;Hexanauplia;Calanoida;Clausocalanidae;Pseudocalanus;Pseudocalanus mimus
4e8a1c70aa2b61ca65c353e6245a9847,Eukaryota;Arthropoda;Malacostraca;Mysida;NA;NA;NA
7d795d00833fcd36e30ab539c96e75a8,Eukaryota;Mollusca;Gastropoda;Planorbidae__o;NA;NA;NA
7511ca0fce79bda790108aef4e2eb05d,Eukaryota;Rhodophyta;Florideophyceae;Ceramiales;NA;NA;NA
00ab6caea89cb004ceae001fb2fa65ca,Eukaryota;Bacillariophyta;Coscinodiscophyceae;Rhizosoleniales;Rhizosoleniaceae;NA;NA
cbf59eaf8e972da98e2a1dbc02868c70,Eukaryota;Arthropoda;Hexanauplia;Calanoida;Calanidae;Calanus;NA
f3312d23f73eb8c104443f1ce9889108,Eukaryota;Cnidaria;Hydrozoa;Leptothecata;Mitrocomidae;Mitrocoma;Mitrocoma cellularia
174a0530c386afa1fdac9f480a6bcb2d,Eukaryota;Cnidaria;Hydrozoa;Leptothecata;NA;NA;NA
9663ecde526aa4d839df05d61f83149d,Eukaryota;Cnidaria;Hydrozoa;Anthoathecata;NA;NA;NA
05c3d82463e9442275c527330cf13c19,Unknown;NA;NA;NA;NA;NA;NA
65976f1623d70bd4ca1772911edbe9c3,Eukaryota;Arthropoda;Insecta;Diptera;NA;NA;NA
e0a1c47bdbd1623bc4f19025733b7faf,Eukaryota;Mollusca;Gastropoda;Planorbidae__o;NA;NA;NA
6c39915e59c63e1f47bb4e9d3c5ab4e7,Eukaryota;Phaeophyceae__p;Phaeophyceae;Ectocarpales;NA;NA;NA
82c02c9ad5013d3222768dcae63319f9,Unknown;NA;NA;NA;NA;NA;NA
3fd4f9ca9b5784418381bd21341dba0b,Eukaryota;Arthropoda;Arachnida;NA;NA;NA;NA
77a24df3825e1115a99bfa86431cf610,Unknown;NA;NA;NA;NA;NA;NA
56aa8433f68651ab5aae40e9afb5cd32,Eukaryota;Arthropoda;Insecta;Lepidoptera;NA;NA;NA
6146ee10076a076f9a2c684f44625dc7,Eukaryota;Arthropoda;Hexanauplia;Calanoida;Acartiidae;Acartia;Acartia longiremis
ed4c7ee165a1560018625ebeb63fad2c,Eukaryota;Arthropoda;Insecta;Diptera;NA;NA;NA
13cc75e1232978980cead5ea5fe9c163,Eukaryota;Nematoda;Enoplea;Dorylaimida;Longidoridae;Xiphinema;Xiphinema brevicolle
49daa87737b983d1e590bb52898c176f,Unknown;NA;NA;NA;NA;NA;NA
893e2014ea1007c66c6d24b6fc477cb8,Eukaryota;Oomycota;Peronosporales__c;Peronosporales;NA;NA;NA
f47cbc7e755f185ad4bc0561309f059e,Eukaryota;Arthropoda;Malacostraca;Isopoda;NA;NA;NA
06e57e8ff10d8238b12577a5f8069a06,Eukaryota;Cnidaria;Hydrozoa;Leptothecata;Eirenidae;Eutonina;Eutonina indicans
704ec6aa0f2258d0a753c3ea3b9f2884,Eukaryota;Bacillariophyta;Coscinodiscophyceae;Melosirales;NA;NA;NA
6395d9909bdd5421a92dbf4f2113a239,Eukaryota;Cnidaria;Scyphozoa;Semaeostomeae;Ulmaridae;Phacellophora;Phacellophora camtschatica
d8a3235cc8d085b6ce3649540bfbeed2,Eukaryota;Bacillariophyta;Mediophyceae;Eupodiscales;NA;NA;NA
58219f4af19897a6ce38b02e20db23e4,Eukaryota;Oomycota;Peronosporales__c;Peronosporales;NA;NA;NA
2b1ddd653502d6ed29f7af380ff7a894,Eukaryota;Cnidaria;Hydrozoa;Leptothecata;Eirenidae;Eutonina;Eutonina indicans
05b1ea44952a64d198756899578aa079,Eukaryota;Discosea;Longamoebia__c;Longamoebia;Acanthamoebidae;Acanthamoeba;Acanthamoeba hatchetti
3d14faeec61613707ab606c7b70ad77e,Eukaryota;Oomycota;Saprolegniales__c;Saprolegniales;NA;NA;NA
81f0c942a244f25068b4d86fefed1f7f,Eukaryota;Oomycota;Pythiales__c;Pythiales;NA;NA;NA
506d2950b92479425f3219973cd78370,Eukaryota;Porifera;Demospongiae;Desmacellida;Desmacellidae;NA;NA
e369ca1638d235d68b4ba7eca93b0fed,Unknown;NA;NA;NA;NA;NA;NA
3e4fa1a2edba9e6a8cc3b21d787661a9,Eukaryota;Cnidaria;Hydrozoa;Siphonophorae;NA;NA;NA
02234335b2c562bf7bc28ae30dd549d1,Eukaryota;Arthropoda;Insecta;Lepidoptera;NA;NA;NA
e56c901253624426aabf09edabdd8009,Eukaryota;Bacillariophyta;Mediophyceae;Hemiaulales;Hemiaulaceae;NA;NA
179ca174f094689b26be257edc165dc5,Eukaryota;Oomycota;Saprolegniales__c;Saprolegniales;NA;NA;NA
5c6953e04b5b7149ecaa57f6c6f23726,Eukaryota;Arthropoda;Insecta;Diptera;NA;NA;NA
545332051a711aee225bbd64cc38d6c0,Eukaryota;Arthropoda;Arachnida;NA;NA;NA;NA
10ed73d42b580162a074dad71f2ff475,Eukaryota;Echinodermata;Ophiuroidea;Amphilepidida;NA;NA;NA
38993aff68b82eeb7a8ca16a34aba170,Eukaryota;Ctenophora;Tentaculata;Lobata;Bolinopsidae;Bolinopsis;Bolinopsis microptera
328eb8d871cd280f15208653c2169a15,Eukaryota;Haptophyta;Isochrysidales__c;Isochrysidales;Noelaerhabdaceae;NA;NA
224e029ce40db996bc8c2b9c92c7b26d,Eukaryota;Haptophyta;Isochrysidales__c;Isochrysidales;NA;NA;NA
9bab5b91f896e0a9a623d501e08d7314,Eukaryota;Haptophyta;Isochrysidales__c;Isochrysidales;NA;NA;NA
6ad55b6e75680b82709c2ce9d6b8e9ab,Unknown;NA;NA;NA;NA;NA;NA
27e45bbde1c10d6456e675ceb6bda651,Eukaryota;Oomycota;Pythiales__c;Pythiales;NA;NA;NA
9fdb294f6a0cc1fc52ef46858ba790d6,Unknown;NA;NA;NA;NA;NA;NA
2e0ecc836323af84356ee5f860d0f662,Eukaryota;Oomycota;Peronosporales__c;Peronosporales;NA;NA;NA
434b05d1d33f8c9f1258e59098295640,Eukaryota;Oomycota;Pythiales__c;Pythiales;NA;NA;NA
6328ff92b85cddcc8b91aa31c2dcf33b,Unknown;NA;NA;NA;NA;NA;NA
878528d81cf930f2e83ccb05538b6062,Environmental Unknown;NA;NA;NA;NA;NA;NA
a106ae8b972cbe35648ca6020487ef1c,Eukaryota;Arthropoda;Insecta;Coleoptera;NA;NA;NA
d59fa04f8c48324b3b3d6b2eeb3b7c90,Unknown;NA;NA;NA;NA;NA;NA
75bb3b53b8d6cd61a5617b2d7f223fdd,Eukaryota;Cnidaria;Scyphozoa;Semaeostomeae;Ulmaridae;Phacellophora;Phacellophora camtschatica
1bb8da0c9778c79d65f44603380626a3,Unknown;NA;NA;NA;NA;NA;NA
0b0cf7ecf5888698d8d6cbb192432a72,Unknown;NA;NA;NA;NA;NA;NA
c5db6d6ed13538ce02d072b89dd8acf2,Eukaryota;Arthropoda;Hexanauplia;Calanoida;Clausocalanidae;Pseudocalanus;Pseudocalanus mimus
b8f15fb372013602fcdf882e51c143ad,Eukaryota;Picozoa;NA;NA;NA;NA;NA
5b436974d995c5acbf4495b86e0ec8ce,Eukaryota;Discosea;Flabellinia;Dactylopodida;NA;NA;NA
97cec1bbeb29f74f9ae972a4d1f69417,Eukaryota;Rhodophyta;Florideophyceae;Rhodymeniales;NA;NA;NA
fa3e5f8bef7b704bbb9840558bf8dc90,Eukaryota;Oomycota;Peronosporales__c;Peronosporales;NA;NA;NA
3115a43bc3b90673bd977e1e0758876e,Eukaryota;Arthropoda;Arachnida;Araneae;NA;NA;NA
3507dd14799fb578ba757e26aba6d5ce,Eukaryota;Chrysophyceae__p;Chrysophyceae;Chromulinales;Chromulinaceae;NA;NA
e0f12bc275242b2ddc4ab0551767b880,Eukaryota;Phaeophyceae__p;Phaeophyceae;Laminariales;NA;NA;NA
aa394d4fc429ca6e4b38251221fe6879,Eukaryota;Cnidaria;Hydrozoa;Leptothecata;Eirenidae;Eutonina;Eutonina indicans
1405a68c6ef964c309d0ab6f56616059,Eukaryota;Nemertea;Pilidiophora;NA;NA;NA;NA
2dbf5a9dc0e1abd4d7cb1064be80b941,Eukaryota;Oomycota;Pythiales__c;Pythiales;NA;NA;NA
d77d88996b00d40a5dd7d9f86c924f92,Eukaryota;Phaeophyceae__p;Phaeophyceae;NA;NA;NA;NA
f2aa4db8243fd8b55e03d1a222dfe7ff,Eukaryota;Cnidaria;Hydrozoa;Siphonophorae;Prayidae;Praya;Praya dubia
83e246c9183cbc25cc6caae44848d5f3,Eukaryota;Arthropoda;Hexanauplia;Calanoida;Clausocalanidae;Pseudocalanus;Pseudocalanus moultoni
39f82f4f75af677683ed17def4387ae3,Eukaryota;Arthropoda;Insecta;Diptera;NA;NA;NA
226b1931f5a49690e817d84c4832c838,Eukaryota;Haptophyta;Isochrysidales__c;Isochrysidales;Noelaerhabdaceae;NA;NA
eb670583c61f1b0602e2383cb9e1ef2e,Eukaryota;Bacillariophyta;Coscinodiscophyceae;Chaetocerotales;NA;NA;NA
a76c4f29ba0a98ed0f460761ea963a2b,Eukaryota;Mollusca;Gastropoda;Planorbidae__o;NA;NA;NA
ed5605d31013bfb9756d0b18a5c43a9a,Eukaryota;Oomycota;Peronosporales__c;Peronosporales;NA;NA;NA
e6da642bfc448a18d874955bb5c4a6a4,Eukaryota;Arthropoda;Arachnida;Araneae;NA;NA;NA
78ab034f67707eece39162b849708c9b,Eukaryota;Arthropoda;Insecta;NA;NA;NA;NA
9f6ee8245434c8d8c52f6cda221f23af,Eukaryota;Mollusca;Gastropoda;Planorbidae__o;NA;NA;NA
8d1c6ed4137ede4648d974eb696d5768,Eukaryota;Arthropoda;Hexanauplia;Calanoida;Clausocalanidae;Pseudocalanus;Pseudocalanus mimus
7379cf2bf83f5481fc9ac9507d6e2312,Eukaryota;Haptophyta;Phaeocystales__c;Phaeocystales;NA;NA;NA
dc6b3715530b8c7fb9f5741b6626e606,Eukaryota;Chordata;Aves;NA;NA;NA;NA
a779ba4d8fa887655f8bea1d8c261752,Unknown;NA;NA;NA;NA;NA;NA
1987bbafed105c5c9ddfcb5097621fc0,Unknown;NA;NA;NA;NA;NA;NA
cf689a2d6a133789d80db7cfdf14a391,Eukaryota;Arthropoda;Insecta;Diptera;NA;NA;NA
cf5376e84a4a7d8da603a491b2f6ef8c,Unknown;NA;NA;NA;NA;NA;NA
1ec44fdf567c6bfcc858a388fbe706b1,Unknown;NA;NA;NA;NA;NA;NA
290d366d6af553bf2e5ccc9f4b21ed50,Eukaryota;Cnidaria;Hydrozoa;Leptothecata;Eirenidae;Eutonina;Eutonina indicans
21f5114f7e8c229efc0ed801cb67277b,Eukaryota;Cnidaria;Hydrozoa;Anthoathecata;Pandeidae;Halitholus;Halitholus sp_ PS_2018
746f56420c6eb564224db1c981f88206,Eukaryota;Arthropoda;Insecta;Coleoptera;NA;NA;NA
c405ba85aa4e3fe06cdb48128870282b,Unknown;NA;NA;NA;NA;NA;NA
d7757d5e1888ad580264bbca0ccec410,Unknown;NA;NA;NA;NA;NA;NA
a48be502766880196d6554d1c89066b7,Eukaryota;Oomycota;Pythiales__c;Pythiales;NA;NA;NA
bab05d778bf24a02b1105dd105a6eccb,Eukaryota;Arthropoda;Hexanauplia;Calanoida;Clausocalanidae;Pseudocalanus;Pseudocalanus mimus
80594207ec4aba3d75d02ca274b10bd8,Eukaryota;Synurophyceae__p;Synurophyceae;Ochromonadales;Ochromonadaceae;NA;NA
fcbaffa27937edfa2df873b9638f8913,Eukaryota;Mollusca;Gastropoda;NA;NA;NA;NA
668dcc798b171ac613c9506609d56fc6,Eukaryota;Bacillariophyta;Mediophyceae;Lithodesmiales;Lithodesmiaceae;NA;NA
a4e109e5c45c2402fd0d2f1e644d7fc7,Eukaryota;Annelida;Polychaeta;Phyllodocida;Phyllodocidae;NA;NA
c61b2a541e00a23b74b2e7f1b7f2ef5d,Eukaryota;Arthropoda;Insecta;Lepidoptera;NA;NA;NA
38b150bcaa3f6d4e66eb89b5a0934300,Eukaryota;Arthropoda;Insecta;Hymenoptera;NA;NA;NA
7a2c028dc57a6fccde5985bfed7f8627,Eukaryota;Mollusca;Gastropoda;Stylommatophora;NA;NA;NA
bd9882a3a77c4d2fd6ce3548b1bca62f,Eukaryota;Chrysophyceae__p;Chrysophyceae;Chromulinales;NA;NA;NA
25a56a6946d08d47c1219ed72c39622f,Unknown;NA;NA;NA;NA;NA;NA
7a6e556601c3961c73709a71d6f31823,Eukaryota;Porifera;Demospongiae;Desmacellida;NA;NA;NA
e5d41ffa9a6d439db224b77fb167d88c,Eukaryota;Chlorophyta;Trebouxiophyceae;Prasiolales;NA;NA;NA
26da17629f83a0d5652fe8f81ab9058b,Unknown;NA;NA;NA;NA;NA;NA
9b605113ed40bfa861aadc04b9178718,Eukaryota;Bacillariophyta;Mediophyceae;Lithodesmiales;Lithodesmiaceae;NA;NA
c58ffd86065b71daebe7d44575541fc2,Eukaryota;Mollusca;Gastropoda;Triphoridae__o;NA;NA;NA
5d95585e49933d669b39dcda33a9cd85,Eukaryota;Cnidaria;Hydrozoa;Leptothecata;NA;NA;NA
ee7d778650b45db895325b01e9730547,Eukaryota;Cnidaria;Hydrozoa;Leptothecata;Eirenidae;Eutonina;Eutonina indicans
b98a8cd76120cdc5d8afd44f0c957b24,Eukaryota;Mollusca;Gastropoda;Stylommatophora;NA;NA;NA
2166fc1508ea2321472858c79ed6e1ef,Eukaryota;Rhodophyta;Florideophyceae;Batrachospermales;NA;NA;NA
7ec6f0f52fa75c64f0ab4c2bdce0a403,Eukaryota;Oomycota;Pythiales__c;Pythiales;NA;NA;NA
be1a23b956aeaa4cfabd45a758e9ffae,Eukaryota;Rhodophyta;Bangiophyceae;Bangiales;NA;NA;NA
5a8f7d86abbaca1c875946881429410c,Eukaryota;Cnidaria;Hydrozoa;Siphonophorae;Prayidae;Praya;NA
f3d3eeeb856f7de667f2619d9b378557,Eukaryota;Haptophyta;Prymnesiales__c;Prymnesiales;NA;NA;NA
18e979f0edf8bc0322612f06be3db02f,Unknown;NA;NA;NA;NA;NA;NA
3cf8c3a034b08c7580f42a765c02ede2,Eukaryota;Phaeophyceae__p;Phaeophyceae;Dictyotales;NA;NA;NA
53f4cfaa571a34ea78185434c4ab66de,Eukaryota;Arthropoda;Insecta;Lepidoptera;NA;NA;NA
531ac547129ea37f4180c4c21666714c,Eukaryota;Bacillariophyta;Bacillariophyceae;Bacillariales;Bacillariaceae;Nitzschia;NA
729c65e6ce00fb299943a130cc49fcac,Eukaryota;Cnidaria;Hydrozoa;Leptothecata;NA;NA;NA
fe86a7ca833d1ae488ad63181cca43bb,Unknown;NA;NA;NA;NA;NA;NA
0d5fe598c8d3b55d1585595a657b0f77,Eukaryota;Arthropoda;Hexanauplia;Calanoida;Acartiidae;Acartia;Acartia longiremis
a51be7c1186be45d8cddb31ab4981d07,Eukaryota;Cryptophyceae__p;Cryptophyceae;Cyathomonadacea;NA;NA;NA
540f6fcb4057eadabe455fd4a15606ca,Unknown;NA;NA;NA;NA;NA;NA
c0abd29284acc3a614e47950fa488067,Eukaryota;Discosea;Flabellinia;Vannellidae__o;NA;NA;NA
6627e4148b8e04146ed5c45b5e10969e,Eukaryota;Haptophyta;Isochrysidales__c;Isochrysidales;Noelaerhabdaceae;NA;NA
18b1529be2a55036694d3f39f312940e,Eukaryota;Arthropoda;Arachnida;Araneae;NA;NA;NA
4852b095efbf7b308c743c71cdc28e66,Eukaryota;Arthropoda;Hexanauplia;Calanoida;Clausocalanidae;Pseudocalanus;Pseudocalanus mimus
123e31294b304215240060a3049b18cf,Eukaryota;Chlorophyta;Trebouxiophyceae;Chlorellales;Chlorellaceae;NA;NA
115880341d02366d0a8c684f665d925b,Eukaryota;Cnidaria;Hydrozoa;Leptothecata;Eirenidae;Eutonina;Eutonina indicans
2d951522d17ac47fc67def51e4cddc76,Unknown;NA;NA;NA;NA;NA;NA
49e539af54f74f7de0a8f5c3783ce55d,Eukaryota;Discosea;Flabellinia;Vannellidae__o;NA;NA;NA
5bbd1894ddeaa6875583b1fbab62bcb0,Eukaryota;Chlorophyta;Mamiellophyceae;Mamiellales;Mamiellaceae;Micromonas;Micromonas pusilla
f54332ce797761e4386ca80ee24607c2,Unknown;NA;NA;NA;NA;NA;NA
2b74945aa3449b5aab79766210dca073,Eukaryota;Arthropoda;Hexanauplia;Calanoida;Acartiidae;Acartia;Acartia longiremis
a65877b9bcfc747bdfa5791d0d7c8fe5,Eukaryota;Arthropoda;Insecta;NA;NA;NA;NA
e8a57d9999ca5d0a4e257c825c8c453d,Unknown;NA;NA;NA;NA;NA;NA
ca83ca23a51945db1ed5a88f005aa002,Eukaryota;Arthropoda;NA;NA;NA;NA;NA
1aba09056bd3f9a464c431e6db6c34d4,Unknown;NA;NA;NA;NA;NA;NA
045d8d4f9f6c779a429f83d0738fad91,Eukaryota;Cryptophyceae__p;Cryptophyceae;Cyathomonadacea;NA;NA;NA
8e96a8b4275758ec2058e076f5aa6746,Eukaryota;Arthropoda;Hexanauplia;Calanoida;Clausocalanidae;Pseudocalanus;Pseudocalanus mimus
1b8b128f019462e12f65a0b2ece41957,Eukaryota;Oomycota;Pythiales__c;Pythiales;NA;NA;NA
880fa6ea2be9399ded9dbcf68affe6cd,Environmental Unknown;NA;NA;NA;NA;NA;NA
ed42f7b36c8bd0dee96663178937adbc,Eukaryota;Arthropoda;Malacostraca;Amphipoda;NA;NA;NA
1887964184b1c52e8865362722407757,Eukaryota;Cnidaria;Hydrozoa;Leptothecata;NA;NA;NA
1d204f12c32713864fe93d9d0047a0ad,Eukaryota;Cnidaria;Hydrozoa;Leptothecata;Eirenidae;Eutonina;Eutonina indicans
223aee67e4468f120d8e5c20ce7660f8,Eukaryota;Arthropoda;Malacostraca;Decapoda;NA;NA;NA
d4e251e50bbee91b1c7f2d48dd0a5615,Eukaryota;Arthropoda;Hexanauplia;Calanoida;Clausocalanidae;Pseudocalanus;Pseudocalanus mimus
0eea43bef662ed6c121d91a7333654b4,Eukaryota;Arthropoda;Insecta;NA;NA;NA;NA
9bde1608aaec01f61e6f90750b0bd765,Eukaryota;Arthropoda;Arachnida;Araneae;NA;NA;NA
bf0cea62e623e09927460720a828a9fd,Eukaryota;Arthropoda;Arachnida;Mesostigmata;NA;NA;NA
0b6eb59b3ec4fa2c5fbffce01ffe0ce6,Eukaryota;Porifera;Demospongiae;NA;NA;NA;NA
61ad5ab07cc6be1e69d2cb4d11c0d29d,Unknown;NA;NA;NA;NA;NA;NA
0e5a3df73b2b48cb221bf3f7bd1cea94,Eukaryota;Rhodophyta;Florideophyceae;Ceramiales;NA;NA;NA
d931a575c0b687bba85dae7f39bb8ff5,Eukaryota;Phaeophyceae__p;Phaeophyceae;Ectocarpales;NA;NA;NA
dcd01846b560c0c4fe3eb4cfb2bd1b21,Unknown;NA;NA;NA;NA;NA;NA
3077f702b2fba76716c7089d816b0c8e,Eukaryota;Oomycota;Peronosporales__c;Peronosporales;NA;NA;NA
d2a9ff228c712f272bc210a1cb998dfa,Eukaryota;Arthropoda;Arachnida;NA;NA;NA;NA
011c06bea5c399688e40ac95f590ecd0,Eukaryota;Arthropoda;Hexanauplia;Calanoida;Clausocalanidae;Pseudocalanus;Pseudocalanus mimus
a6744127a2f9483d02ae18ccad216071,Eukaryota;Cnidaria;Hydrozoa;Leptothecata;Eirenidae;Eutonina;Eutonina indicans
9ea4df983573ff1e6bdd70a8043fd40a,Eukaryota;Arthropoda;Insecta;Diptera;NA;NA;NA
e8c26813f8824872c41c3f768d6212b0,Unknown;NA;NA;NA;NA;NA;NA
2844f989163c8f724048e6514c20f0f1,Eukaryota;Arthropoda;Hexanauplia;Calanoida;Clausocalanidae;Pseudocalanus;Pseudocalanus mimus
171d8377a5e72c7781da673ad7b4c28f,Eukaryota;Rhodophyta;Florideophyceae;Ceramiales;NA;NA;NA
7ef1f7cad0ed508ef2d735ba1d3d3e24,Eukaryota;Arthropoda;Hexanauplia;Calanoida;Clausocalanidae;Pseudocalanus;Pseudocalanus mimus
131db6ba45751186b4e112ba838707fc,Eukaryota;Chlorophyta;Mamiellophyceae;Mamiellales;Bathycoccaceae;Bathycoccus;Bathycoccus prasinos
29c27f17a25978d7fe35085273b053fb,Eukaryota;Cnidaria;Hydrozoa;Leptothecata;NA;NA;NA
b79af1ac8128ccd33f1d314ed9b197be,Eukaryota;Haptophyta;Phaeocystales__c;Phaeocystales;NA;NA;NA
b17b9ad631b7c83e71885e638bc4c957,Eukaryota;Arthropoda;Hexanauplia;Calanoida;Clausocalanidae;Pseudocalanus;Pseudocalanus mimus
97191def75d7b46543f55e29d42fbceb,Eukaryota;Mollusca;Gastropoda;Neogastropoda;NA;NA;NA
813896793945477bff0376dd0f36b78f,Eukaryota;Cnidaria;Hydrozoa;Leptothecata;NA;NA;NA
3da5ed91c2ab3325cae5c97cd377084a,Eukaryota;Cnidaria;Hydrozoa;NA;NA;NA;NA
c9e865fc392aac3c8c0ef77a52cc3476,Eukaryota;Discosea;Himatismenida__c;Himatismenida;NA;NA;NA
b1a6c40f66c06081ffd0ec93fd560964,Eukaryota;Arthropoda;Insecta;Lepidoptera;NA;NA;NA
ff6c0e9b90f26600de5fae8e7f80c283,Eukaryota;Cnidaria;Hydrozoa;Leptothecata;Eirenidae;Eutonina;Eutonina indicans
e4a4e58b755bf0c01aa1d43b52597fc1,Eukaryota;Arthropoda;Insecta;Diptera;NA;NA;NA
d527ebe275eec044264e134d0b24a272,Eukaryota;Haptophyta;Phaeocystales__c;Phaeocystales;NA;NA;NA
c8015e94a5fd291a20e6299ad81d83f5,Eukaryota;Arthropoda;Hexanauplia;Calanoida;Clausocalanidae;Pseudocalanus;Pseudocalanus mimus
68246aa08a0f22f13d41f5a6ac733fad,Eukaryota;Chlorophyta;Trebouxiophyceae;Chlorellales;NA;NA;NA
421580ff67621502ddf975f8ce575a74,Eukaryota;Arthropoda;Insecta;Diptera;NA;NA;NA
028c58c1ef28b88f235084d3c7c34645,Eukaryota;Bacillariophyta;Mediophyceae;Lithodesmiales;NA;NA;NA
3864806e4f44f671d7a89513547a9cad,Eukaryota;Dinophyceae__p;Dinophyceae;Gymnodiniales;Gymnodiniaceae;Margalefidinium;Margalefidinium polykrikoides
87288cf9bc5048a11056a842f6548946,Eukaryota;Mollusca;Gastropoda;Planorbidae__o;NA;NA;NA
21de454de4b3d87d0969aba52e2f1052,Eukaryota;Cnidaria;Scyphozoa;Semaeostomeae;Ulmaridae;Phacellophora;Phacellophora camtschatica
f0d7f2806659f2f9bcc90a1cf20b385e,Eukaryota;Arthropoda;Arachnida;NA;NA;NA;NA
3bb136fdee88eb7e9fe3b37eb0c30f85,Eukaryota;Cnidaria;Anthozoa;Scleractinia;NA;NA;NA
26ff7a5745c7e44c3b161005a775e218,Eukaryota;Cnidaria;Scyphozoa;Semaeostomeae;Ulmaridae;Phacellophora;Phacellophora camtschatica
25c396dabc0190d711f8107eb58bd0f1,Eukaryota;Echinodermata;Holothuroidea;Molpadida;Caudinidae;Paracaudina;Paracaudina chilensis
24fa05d21b647cc4be8d310f64f8bc1c,Eukaryota;Bacillariophyta;Coscinodiscophyceae;Thalassiosirales;Skeletonemataceae;NA;NA
63745a201ae9022a38f55fae05678c37,Unknown;NA;NA;NA;NA;NA;NA
bb61bcbb725d69bd00d153472f1e1a07,Eukaryota;Phaeophyceae__p;Phaeophyceae;Ectocarpales;NA;NA;NA
8d6c1dd3e848e18a14e66c4734b75719,Eukaryota;Arthropoda;Insecta;Lepidoptera;NA;NA;NA
4691f58a592129a77ff331e24594c0f3,Eukaryota;Cnidaria;Hydrozoa;Leptothecata;Eirenidae;Eutonina;Eutonina indicans
01b1f0dd01af3e7fab704eca57bc4ff7,Eukaryota;Arthropoda;Insecta;Diptera;NA;NA;NA
1551299d383c102b3a64f4c70b6f7db1,Eukaryota;Arthropoda;Hexanauplia;Calanoida;Clausocalanidae;Pseudocalanus;Pseudocalanus mimus
086b28769c6f14dd46c4b5e48e924c6d,Eukaryota;Cryptophyceae__p;Cryptophyceae;Cyathomonadacea;NA;NA;NA
2865c3e810aeb71d22009eae36041520,Eukaryota;Phaeophyceae__p;Phaeophyceae;NA;NA;NA;NA
3e4c55f92097f37c7319491e2bc6c4a0,Eukaryota;Cnidaria;Hydrozoa;Anthoathecata;NA;NA;NA
a0719e4e6261b5bb6f7e7ec40f7e6210,Eukaryota;Arthropoda;Arachnida;Araneae;NA;NA;NA
cc9e4b24e9b03162c977595dd32d5ecc,Eukaryota;Arthropoda;Hexanauplia;Calanoida;Clausocalanidae;Pseudocalanus;Pseudocalanus mimus
abf3b1e8af60973b8de15fcc9104cef0,Eukaryota;Ascomycota;Leotiomycetes;Helotiales;Tetracladium__f;NA;NA
7759574c94251e7720d6b977bb96adc7,Unknown;NA;NA;NA;NA;NA;NA
b00784cfe86966d0a4a29ff53218b252,Eukaryota;Arthropoda;Arachnida;Scorpiones;NA;NA;NA
f51f1dd22c2c5d1f92e03bfa23bcb7b0,Unknown;NA;NA;NA;NA;NA;NA
22b83a4c23a5db2cee96eb9e256d09e1,Unknown;NA;NA;NA;NA;NA;NA
4941d017e2cb68d0172b8d404ed51472,Unknown;NA;NA;NA;NA;NA;NA
12531e69d2371c2ce77e9c4e300429ae,Eukaryota;Cnidaria;Scyphozoa;Semaeostomeae;Ulmaridae;Phacellophora;Phacellophora camtschatica
e5e27ab0f5c52ab9262492d933542795,Eukaryota;Arthropoda;Hexanauplia;Calanoida;Clausocalanidae;Pseudocalanus;Pseudocalanus mimus
ab7b1767bbd8a55b4a5be6ad4de857bf,Eukaryota;Cnidaria;Hydrozoa;Leptothecata;Eirenidae;Eutonina;Eutonina indicans
cbaefdfcea363409e6de2725c176f8a6,Eukaryota;Oomycota;Pythiales__c;Pythiales;NA;NA;NA
b0a5a8679e0709e3ea4c1f5f6dac732a,Eukaryota;Arthropoda;Insecta;Diptera;NA;NA;NA
262dbc275c3c263524c014d8609b3832,Unknown;NA;NA;NA;NA;NA;NA
fb11681e45f2ea9e5971bc5b6b7290d3,Eukaryota;Oomycota;Peronosporales__c;Peronosporales;NA;NA;NA
140359db1a5d1459c602a201c6042578,Unknown;NA;NA;NA;NA;NA;NA
bfe2ba657d51bfbe3fbd7adf5fc97273,Unknown;NA;NA;NA;NA;NA;NA
d774d361c81432386171499acfa0486d,Eukaryota;Cnidaria;Hydrozoa;Leptothecata;NA;NA;NA
a810115214fb123fe870e62cd8af1a96,Eukaryota;Haptophyta;Prymnesiales__c;Prymnesiales;NA;NA;NA
7ccc64449795206b05cc40699402ee0a,Eukaryota;Arthropoda;Hexanauplia;Calanoida;Clausocalanidae;Pseudocalanus;Pseudocalanus mimus
5756d3dc2ceb5d8d2c805d26b731373d,Unknown;NA;NA;NA;NA;NA;NA
b5e297699e381dc584b59e671ded0ad0,Eukaryota;Discosea;Flabellinia;Dactylopodida;Paramoebidae;NA;NA
cd0d6cc21decdf2f41a57fc8e8bbe05e,Unknown;NA;NA;NA;NA;NA;NA
d51fa4bb38c8af69be84604f323c3d9e,Eukaryota;Cercozoa;Imbricatea;Euglyphida;NA;NA;NA
64a9168b328fa1af52274fd34564ca6f,Environmental Unknown;NA;NA;NA;NA;NA;NA
3fb0198a44eab2b28eeff78f081e07b9,Eukaryota;Arthropoda;Hexanauplia;Calanoida;Clausocalanidae;Pseudocalanus;Pseudocalanus mimus
008071442c0959394ae312ee29bf4772,Unknown;NA;NA;NA;NA;NA;NA
20b168829e7ec8b90b1d1e5ce1f3883c,Eukaryota;Arthropoda;Insecta;Hemiptera;NA;NA;NA
766db15cae092df20ce548d2c4f17e8b,Eukaryota;Oomycota;Saprolegniales__c;Saprolegniales;NA;NA;NA
157c32e7b698711ff717a449a89415a0,Eukaryota;Cnidaria;Anthozoa;Scleractinia;NA;NA;NA
eca84d03c9f04ba91183efb6180388f7,Eukaryota;Arthropoda;Arachnida;Araneae;NA;NA;NA
653179aa946694c846108e516d852b44,Eukaryota;Picozoa;NA;NA;NA;NA;NA
a7ff79c8409dfaff7b1325915e07b337,Eukaryota;Oomycota;Haptoglossa__f__o__c;Haptoglossa__f__o;NA;NA;NA
042454964e6008f3f797111d0e0685a7,Eukaryota;Annelida;Polychaeta;Sabellida;Oweniidae;NA;NA
e0ba6103ce0ca551a213e071ef214a79,Eukaryota;Arthropoda;Insecta;Lepidoptera;NA;NA;NA
06ea60061c3ab8a2cb40b2891f9ab0a8,Eukaryota;Mollusca;Gastropoda;Planorbidae__o;NA;NA;NA
3fc15c7ca417707af666082cb8b1182c,Unknown;NA;NA;NA;NA;NA;NA
8485550f9b94c76d29e32ddf5103821e,Eukaryota;Dinophyceae__p;Dinophyceae;Gymnodiniales;Gymnodiniaceae;Margalefidinium;Margalefidinium polykrikoides
c9488350038efbf5c0aeb17a7a558d1d,Eukaryota;Discosea;Flabellinia;Vannellidae__o;NA;NA;NA
f20737f13dbc5516abe4a4aad8384d5c,Unknown;NA;NA;NA;NA;NA;NA
b09459b99d08fa3c7d6521bc6e117088,Eukaryota;Haptophyta;Isochrysidales__c;Isochrysidales;Noelaerhabdaceae;NA;NA
5a8c8930fcdfdeed7de752f3dd47e381,Eukaryota;Mollusca;Gastropoda;Valvatidae__o;NA;NA;NA
ef8a890c5b30eceda79446da479023a8,Eukaryota;Arthropoda;Hexanauplia;Calanoida;Clausocalanidae;Pseudocalanus;Pseudocalanus mimus
67fe9dbbfe915766240dfac7a2a87a95,Eukaryota;Discosea;Longamoebia__c;Longamoebia;NA;NA;NA
72b883001e6fb4cd2d54164b75a589cb,Eukaryota;Tubulinea;Elardia;Arcellinida;NA;NA;NA
24140783259c752d4d945f552e7d2b9f,Eukaryota;Arthropoda;Malacostraca;Decapoda;NA;NA;NA
4693ee0ec6434ede769b4871a0a9b414,Unknown;NA;NA;NA;NA;NA;NA
3a9b91bc7e077ed143d2ef40a3aedece,Unknown;NA;NA;NA;NA;NA;NA
af991e1a31b4dd7f241d0776adfb5975,Eukaryota;Rotifera;Eurotatoria;Ploima;Synchaetidae;NA;NA
362c96ffa61e96dfe22774e14abfd4b1,Eukaryota;Mollusca;Gastropoda;Stylommatophora;NA;NA;NA
c39c4435a39e81360bd4ce9193ade361,Eukaryota;Echinodermata;Ophiuroidea;Amphilepidida;NA;NA;NA
75ec6b666362e05cf33d7670b5aa5169,Eukaryota;Arthropoda;Hexanauplia;Calanoida;Clausocalanidae;Pseudocalanus;NA
69832dbce04f5d3f5f21edbc1734be7f,Eukaryota;Mollusca;Gastropoda;Architaenioglossa;NA;NA;NA
1b96ad791167d7c642dc6a8cdd92848b,Unknown;NA;NA;NA;NA;NA;NA
0e2398be98c3102847c192622142c448,Eukaryota;Rhodophyta;Florideophyceae;Ceramiales;NA;NA;NA
d94cc89485b4ff13cb99e36151ea9598,Eukaryota;Discosea;Longamoebia__c;Longamoebia;NA;NA;NA
7014c6aa7d4d9271ec961d1d13b54c69,Eukaryota;Mollusca;Gastropoda;Planorbidae__o;NA;NA;NA
44b8e59894c8282982297805b5fc70ab,Eukaryota;Arthropoda;Arachnida;Araneae;NA;NA;NA
eb5ab2918f237f9f79f33c64c2b0f34e,Unknown;NA;NA;NA;NA;NA;NA
52dc588c4794be3bc265699e07bf23d9,Eukaryota;Echinodermata;Ophiuroidea;Amphilepidida;NA;NA;NA
39c7a26a5059e3d79cc55c409ec3c8f1,Eukaryota;Cnidaria;Hydrozoa;Leptothecata;Eirenidae;Eutonina;Eutonina indicans
16745e31541b681c440aa9f9c23687ce,Eukaryota;Cnidaria;Hydrozoa;Leptothecata;Eirenidae;Eutonina;Eutonina indicans
0fda557958a118935a22d7d958151d65,Eukaryota;Mollusca;Gastropoda;Planorbidae__o;NA;NA;NA
336e094f3a0582fb846889f60403c683,Eukaryota;Arthropoda;Hexanauplia;Calanoida;Clausocalanidae;Pseudocalanus;Pseudocalanus mimus
11c07565ba13f89dcc22483aee5a1b2a,Eukaryota;Arthropoda;Hexanauplia;Calanoida;Clausocalanidae;Pseudocalanus;Pseudocalanus mimus
6a2b9f0f759b12508feec8c3b34c2c82,Unknown;NA;NA;NA;NA;NA;NA
7046fbb484c40f11320f42bca649a95c,Eukaryota;Bacillariophyta;Bacillariophyceae;Bacillariales;Bacillariaceae;Cylindrotheca;Cylindrotheca closterium
890712a6ad1354ed7596a3a4e0acb851,Unknown;NA;NA;NA;NA;NA;NA
beba1866d5039d2c2e75c4ff64405547,Eukaryota;Discosea;Flabellinia;Dactylopodida;NA;NA;NA
eb76e0f03d30836b15a78de09857c281,Eukaryota;Arthropoda;Insecta;Lepidoptera;NA;NA;NA
dc04bcfef28b14a42027046ecdad524d,Eukaryota;Arthropoda;Hexanauplia;Calanoida;Clausocalanidae;Pseudocalanus;Pseudocalanus mimus
f78d740b0b995a21c2d7b5a06da438a5,Eukaryota;Mollusca;Gastropoda;Stylommatophora;NA;NA;NA
7db5f34249eee4c12f5a7d35a0bf504c,Eukaryota;Phaeophyceae__p;Phaeophyceae;Ectocarpales;NA;NA;NA
de519b01aa9ebf3a2fa5f1d33c3f2eec,Eukaryota;Palpitomonas__f__o__c__p;Palpitomonas__f__o__c;Palpitomonas__f__o;NA;NA;NA
5e4821111d2f9f2cc8c1b69d84cf908e,Eukaryota;Phaeophyceae__p;Phaeophyceae;Ectocarpales;NA;NA;NA
322fb724963610681158ab30a787d746,Eukaryota;Cnidaria;Hydrozoa;Anthoathecata;NA;NA;NA
3f8fef2352e9429040956e9a566417ef,Eukaryota;Arthropoda;Insecta;NA;NA;NA;NA
c75f16417efbf786ff27380ad9836fc5,Eukaryota;Cnidaria;Hydrozoa;Leptothecata;Eirenidae;Eutonina;Eutonina indicans
d45a58c99f4a9832e93010fb5022eb91,Eukaryota;Dinophyceae__p;Dinophyceae;Gymnodiniales;Gymnodiniaceae;Margalefidinium;Margalefidinium polykrikoides
ff11142bf1fc770c29065cbdfc8c5bae,Eukaryota;Phaeophyceae__p;Phaeophyceae;Dictyotales;NA;NA;NA
05cc236d3106a2b5fbfcc5f37763d24b,Eukaryota;Bacillariophyta;Coscinodiscophyceae;Thalassiosirales;Thalassiosiraceae;NA;NA
ba8233e2a0ce1aac8dc7c6cdf9a88112,Eukaryota;Arthropoda;Insecta;Lepidoptera;NA;NA;NA
8090c16d8fe705879db0e3ebc354e078,Eukaryota;Cnidaria;Hydrozoa;Leptothecata;NA;NA;NA
565285e67c32b205247da68cc50c0f2f,Eukaryota;Arthropoda;Hexanauplia;Calanoida;Acartiidae;Acartia;Acartia longiremis
778854605fb8b097bc641d4aaa68a0dc,Eukaryota;Arthropoda;Insecta;Lepidoptera;NA;NA;NA
cdef963ec138f7c227764c18083f0a1e,Environmental Unknown;NA;NA;NA;NA;NA;NA
6008e75d4df8e17a67f36458faf472bb,Eukaryota;Bacillariophyta;Fragilariophyceae;Fragilariales;Fragilariaceae;NA;NA
65f6283216c12dc1d23d24628f4aedf8,Eukaryota;Mollusca;Gastropoda;Neogastropoda;NA;NA;NA
fde63b78250c4fbcf12c7cd57bee4f9a,Eukaryota;Arthropoda;Arachnida;Araneae;NA;NA;NA
63d7d5cb525794a8a085ead4ef18d08b,Eukaryota;Arthropoda;Hexanauplia;Calanoida;Paracalanidae;Paracalanus;Paracalanus sp_ C AC_2013
50fb660e9d212b40fff39555480bec7d,Eukaryota;Haptophyta;Phaeocystales__c;Phaeocystales;Phaeocystaceae;Phaeocystis;Phaeocystis globosa
14033c3edec24046c9f2b87a88f17072,Unknown;NA;NA;NA;NA;NA;NA
5df5daa3029b2361f9dad42d13a8c0f0,Eukaryota;Cnidaria;Hydrozoa;Leptothecata;Eirenidae;Eutonina;Eutonina indicans
6432c094669b579cfc198a949271d2eb,Environmental Unknown;NA;NA;NA;NA;NA;NA
92072900c141ddbf367498988a7b6bbc,Eukaryota;Arthropoda;Hexanauplia;Calanoida;Clausocalanidae;Pseudocalanus;Pseudocalanus mimus
b896001192cbf266ec0e34c7dfb4c178,Eukaryota;Arthropoda;Hexanauplia;Calanoida;Clausocalanidae;Pseudocalanus;Pseudocalanus acuspes
c8dce0b78f556e0d0d3584b7bb9dea47,Eukaryota;Bacillariophyta;Bacillariophyceae;Naviculales;NA;NA;NA
77586b932fdac2cfc237fb5ca029b1fb,Eukaryota;Phaeophyceae__p;Phaeophyceae;Ectocarpales;NA;NA;NA
d012a1c7c0f2ddf7a79a395ab156956c,Eukaryota;Bacillariophyta;Coscinodiscophyceae;Stephanodiscales;NA;NA;NA
337e9aeb6da76c41ec79fee287c2d421,Unknown;NA;NA;NA;NA;NA;NA
8ce9bcdcbfc03f45846dfb3a768d75c9,Eukaryota;Arthropoda;Insecta;Diptera;NA;NA;NA
3e027c470ba8656faefc0cf8cbf895a7,Eukaryota;Arthropoda;Insecta;NA;NA;NA;NA
640da8645b2ebfab93d8d4afcc814288,Eukaryota;Rhodophyta;Florideophyceae;NA;NA;NA;NA
f7960f4a4a9b22d0c981c2b1b329833a,Unknown;NA;NA;NA;NA;NA;NA
a4076af6b8c66eae608756600bede307,Eukaryota;Phaeophyceae__p;Phaeophyceae;Ectocarpales;NA;NA;NA
cd081ebfc8ffdaa766e1a118604588ea,Eukaryota;Phaeophyceae__p;Phaeophyceae;Ectocarpales;NA;NA;NA
a8e257647aa73467a188dce70866cac2,Eukaryota;Rhodophyta;Florideophyceae;Ceramiales;NA;NA;NA
eb0256077777766348d26f46e2b1b294,Eukaryota;Oomycota;Saprolegniales__c;Saprolegniales;NA;NA;NA
e791a204d5c3416895db1cf12247dd8d,Eukaryota;Haptophyta;Isochrysidales__c;Isochrysidales;Noelaerhabdaceae;NA;NA
bc33577285623008f225c815bfab9677,Eukaryota;Cnidaria;Hydrozoa;Leptothecata;NA;NA;NA
4ea4dd61628b5e97aa1c27d28e1f11e6,Eukaryota;Rhodophyta;Florideophyceae;Ceramiales;NA;NA;NA
bc7374cec4603547d0ba7855305c2e5f,Eukaryota;Oomycota;Saprolegniales__c;Saprolegniales;NA;NA;NA
88fba42d07e7699941ba4bd8ae8cd3e3,Eukaryota;Arthropoda;Thecostraca;Balanomorpha;Balanidae;Balanus;Balanus sp_ HLC_24243
a7ef5dab327a0c0eefeae255a2d941f8,Eukaryota;Arthropoda;Insecta;Hymenoptera;NA;NA;NA
6fccafe3ee05738947762c5b6059a692,Eukaryota;Mollusca;Gastropoda;Stylommatophora;NA;NA;NA
26fbe20566ba76ab41888ed0d144f1b9,Eukaryota;Arthropoda;Insecta;Ephemeroptera;NA;NA;NA
eea8100ce48920bc068e37e21317ea9f,Eukaryota;Cnidaria;Hydrozoa;Anthoathecata;NA;NA;NA
26a90c339910a7b9942bdfad70124c1c,Eukaryota;Mollusca;Bivalvia;Mytilida;Mytilidae;Adula;Adula californiensis
1a2367c8fc34ffd51c3451e47d8ad963,Eukaryota;Porifera;Demospongiae;Tethyida;NA;NA;NA
f174a88dc01c968b9bdbd91728a9b4c8,Eukaryota;Raphidophyceae__p;Raphidophyceae;Chattonellales;NA;NA;NA
cb0c7da4f859c664f7ac224169d01240,Eukaryota;Arthropoda;Insecta;Diptera;NA;NA;NA
b4c3207c130a10c2b705fe7786f88cf3,Eukaryota;NA;NA;NA;NA;NA;NA
f963a73da7ff208aca329bdceafd2a14,Eukaryota;Arthropoda;Arachnida;NA;NA;NA;NA
50099277333805c869d09d1cb207b8f3,Eukaryota;Haptophyta;Prymnesiales__c;Prymnesiales;NA;NA;NA
85d8ee6f32fa75dccca7c29b6870275b,Unknown;NA;NA;NA;NA;NA;NA
41abc799b6a2d73411806e2d7a4d8cbd,Eukaryota;Oomycota;Saprolegniales__c;Saprolegniales;NA;NA;NA
015137e3c4e56f889e710dbbab7cc6a8,Eukaryota;Bacillariophyta;Coscinodiscophyceae;Chaetocerotales;NA;NA;NA
b7aa646b52af59fd2b3ac44c4275663e,Eukaryota;Tubulinea;Elardia;Arcellinida;NA;NA;NA
e744b208519638f52fdb623492f4262a,Eukaryota;Haptophyta;Phaeocystales__c;Phaeocystales;NA;NA;NA
ff09b2218513d1f34bdad5b64b589c4d,Eukaryota;Haptophyta;Isochrysidales__c;Isochrysidales;Noelaerhabdaceae;NA;NA
892f8e81a03c25cc3c2f5fc3b3d269dc,Eukaryota;Porifera;Demospongiae;Poecilosclerida;NA;NA;NA
158024d9c793cb1367d81a46a2ed4986,Eukaryota;Arthropoda;Arachnida;Araneae;NA;NA;NA
65e7e315c92d1c39862dccb5831d8aa3,Eukaryota;Porifera;Demospongiae;Bubarida;Dictyonellidae;NA;NA
9d2bff095f867125d147fd47c0764fc1,Eukaryota;Haptophyta;Isochrysidales__c;Isochrysidales;Noelaerhabdaceae;NA;NA
40150c1354720024a9c7a45ccfc2722a,Eukaryota;Discosea;Flabellinia;Dactylopodida;NA;NA;NA
919b5f2a927e9dbaa022a0243d0bd325,Eukaryota;Mollusca;Gastropoda;NA;NA;NA;NA
82f50329d31766369a6392ab64de55c0,Eukaryota;Mollusca;Bivalvia;Laternulidae__o;NA;NA;NA
8275a5b1e54739fa3ccbf40cca565e68,Unknown;NA;NA;NA;NA;NA;NA
64dbae4baea2ab6978d0cffb8fd2752a,Unknown;NA;NA;NA;NA;NA;NA
76ef18fede7fc1f156c0d3f30b7a0c38,Eukaryota;Discosea;Longamoebia__c;Longamoebia;NA;NA;NA
974a5fa86fb291fe22a70c31ca35ebe7,Eukaryota;Phaeophyceae__p;Phaeophyceae;NA;NA;NA;NA
c12e0beb4847c34eea5478eb74505be1,Eukaryota;Arthropoda;Insecta;Coleoptera;NA;NA;NA
b0df07d9e6e284da13e1eaca6193ed97,Eukaryota;Rhodophyta;Florideophyceae;NA;NA;NA;NA
f4ff3aaa71733d82689064d7507239ae,Eukaryota;Arthropoda;Insecta;Diptera;NA;NA;NA
0265c144155c1971fc0ab22f5b73c40e,Eukaryota;Bacillariophyta;Mediophyceae;Lithodesmiales;NA;NA;NA
271e7e71110784c13c0811401cc1450d,Eukaryota;Arthropoda;Hexanauplia;Calanoida;Clausocalanidae;Pseudocalanus;NA
b42ffc6412bfe8c2c1f209f991965a6d,Eukaryota;Phaeophyceae__p;Phaeophyceae;Ectocarpales;NA;NA;NA
93b7d4a4603be1f4e929f42d496b2f99,Eukaryota;Arthropoda;Insecta;Diptera;NA;NA;NA
c14f59b54355bb39818771caa70decff,Eukaryota;Chordata;Actinopteri;Siluriformes;NA;NA;NA
1ea2684f19e5896c88bb5d05b1b12e98,Unknown;NA;NA;NA;NA;NA;NA
ad6fe6df728ed1911b009d8e7a00e4c0,Eukaryota;Cryptophyceae__p;Cryptophyceae;Cyathomonadacea;NA;NA;NA
b03e8b1c4c0db8cda91266f8790467ac,Eukaryota;Arthropoda;Insecta;Coleoptera;NA;NA;NA
09f4aa7325c00aba897122a74f2a9a9c,Unknown;NA;NA;NA;NA;NA;NA
452c38999c2569e4ac8f151835c4ae6d,Eukaryota;Cnidaria;Hydrozoa;NA;NA;NA;NA
c50f5671e27d1f26eea35e9956411082,Eukaryota;Oomycota;Haptoglossa__f__o__c;Haptoglossa__f__o;Haptoglossa__f;NA;NA
3770d231663d14ed29e30bd587b5370c,Unknown;NA;NA;NA;NA;NA;NA
1ae87225246e1b3490edb973f8c2cef1,Eukaryota;Chrysophyceae__p;Chrysophyceae;Chromulinales;Chromulinaceae;NA;NA
658b28321c6f357453597acfc4e71cd4,Eukaryota;Porifera;Demospongiae;Bubarida;NA;NA;NA
3985e1eab028a6464f7729d9b2530f14,Eukaryota;Arthropoda;Insecta;Coleoptera;NA;NA;NA
9860a99a6c72ee43b4d03d667d4a853c,Eukaryota;Mollusca;Gastropoda;Neogastropoda;NA;NA;NA
f1fcdcba031269854ce2dd8efb8a05b1,Unknown;NA;NA;NA;NA;NA;NA
211461200c4ea5dc0afb9572aafb544b,Eukaryota;Phaeophyceae__p;Phaeophyceae;NA;NA;NA;NA
9194f003e8afb778e7281de63aa300d5,Eukaryota;Arthropoda;Hexanauplia;Calanoida;Clausocalanidae;Pseudocalanus;Pseudocalanus mimus
4e2ab400476d4716d6a923a32396ad42,Eukaryota;Mollusca;Gastropoda;Planorbidae__o;NA;NA;NA
94734b5d199cefd60fbd631fa8adea13,Eukaryota;Arthropoda;Insecta;Diptera;NA;NA;NA
e772d08de20ca9d107d9730996493901,Eukaryota;Porifera;Demospongiae;Desmacellida;NA;NA;NA
55a962609ba828aa0cdea67f1701aafe,Eukaryota;Arthropoda;Insecta;Diptera;NA;NA;NA
5c8b68627061e97c154421380e36dd7f,Unknown;NA;NA;NA;NA;NA;NA
dfadde738e00b9049a00c17c1d5f4be2,Eukaryota;Cnidaria;Hydrozoa;Leptothecata;NA;NA;NA
5f505a141fc4dd0d251805ac7838ed61,Eukaryota;Rhodophyta;Florideophyceae;Ceramiales;NA;NA;NA
b5943a323612589db2bc9e9fb56969af,Eukaryota;Cnidaria;Hydrozoa;Leptothecata;Clytiidae;Clytia;NA
ff8162c54c2e3723e262cf6d3c2aad43,Eukaryota;Discosea;Flabellinia;Dactylopodida;NA;NA;NA
8ad6dec45eb62ef5255e08e248d0efee,Eukaryota;Arthropoda;Hexanauplia;Calanoida;Clausocalanidae;Pseudocalanus;Pseudocalanus mimus
bbc59313b06de9909d85999af91e8e4c,Eukaryota;Haptophyta;Phaeocystales__c;Phaeocystales;NA;NA;NA
4dd47565db74ce9d823b5b9e48db6d80,Eukaryota;Arthropoda;Arachnida;Araneae;NA;NA;NA
4f628d4ee724982cd5711bed65b2e8c2,Unknown;NA;NA;NA;NA;NA;NA
d9866009067c360042f2fcebfa872d2e,Eukaryota;Rhodophyta;Florideophyceae;NA;NA;NA;NA
00bfa47646b5c03dd0d28cc77e638bf4,Eukaryota;Mollusca;Gastropoda;NA;NA;NA;NA
15aabbaf6e976778a89a6bcd9f70704a,Unknown;NA;NA;NA;NA;NA;NA
3b9658afe42f92d2358b0f5076001c58,Eukaryota;Oomycota;Peronosporales__c;Peronosporales;NA;NA;NA
80726d92be98a5432c10cca901113c55,Eukaryota;Phaeophyceae__p;Phaeophyceae;Ectocarpales;NA;NA;NA
9c2c48717a96b8e3d7e243204fd13ff9,Eukaryota;Ascomycota;Dothideomycetes;Cladosporiales;Cladosporiaceae;NA;NA
ca591250465c036182f39f4af9a3f53f,Eukaryota;Arthropoda;Insecta;Diptera;NA;NA;NA
e2631dfb83949c8f2945bb418c4bb489,Eukaryota;Cnidaria;Hydrozoa;NA;NA;NA;NA
4683cefe1a24025bbdddbe5acb278598,Eukaryota;Oomycota;Pythiales__c;Pythiales;NA;NA;NA
5dc5f64e111adba86209fcea6aa8fd0b,Eukaryota;Chlorophyta;Trebouxiophyceae;Chlorellales;Chlorellaceae;NA;NA
ac5e2c545da64a7079f847bbd39a6f83,Eukaryota;Cnidaria;Hydrozoa;Leptothecata;Eirenidae;Eutonina;Eutonina indicans
afe6e7eb68191a70dac948a01b951a46,Eukaryota;Arthropoda;Insecta;Diptera;NA;NA;NA
e9308546a8251cc21b82944410ae17b3,Eukaryota;Phaeophyceae__p;Phaeophyceae;Ectocarpales;NA;NA;NA
4a5025e73875701bc3bec73585e32234,Eukaryota;Arthropoda;Insecta;Diptera;NA;NA;NA
942e54880e1a4ed94883f970c9095da0,Eukaryota;Arthropoda;Hexanauplia;Calanoida;Clausocalanidae;Pseudocalanus;Pseudocalanus mimus
8ee054d4207280dfbcb8a14eef90e2f0,Eukaryota;Dinophyceae__p;Dinophyceae;Gymnodiniales;NA;NA;NA
a8b0f01984e714fda7455ee1898e9fdf,Unknown;NA;NA;NA;NA;NA;NA
f6ee756d9645df3d2a6f71e759074073,Eukaryota;Cnidaria;Hydrozoa;Leptothecata;Eirenidae;Eutonina;Eutonina indicans
9ec921259ecefaefe9616963ab7d8f9c,Unknown;NA;NA;NA;NA;NA;NA
dedf525be28ab67cb1129ce534211f53,Eukaryota;Oomycota;Pythiales__c;NA;NA;NA;NA
a9d457fc4578ecba40822152c71e92ab,Eukaryota;Cnidaria;Hydrozoa;Leptothecata;Eirenidae;Eutonina;Eutonina indicans
538a939d995cc7e1571b83fb8c125d58,Eukaryota;Arthropoda;Arachnida;Araneae;NA;NA;NA
4525fc5a00177714a16cb479dee71931,Eukaryota;Haptophyta;Isochrysidales__c;Isochrysidales;Noelaerhabdaceae;NA;NA
e807a5b0d47f901da09fdf13c5786f50,Unknown;NA;NA;NA;NA;NA;NA
b158aa99620d4e32881b5d5476158ef4,Eukaryota;Haptophyta;Prymnesiales__c;Prymnesiales;NA;NA;NA
8f83fb526bc95f453d4d0f5b08749b75,Eukaryota;Cnidaria;Hydrozoa;Leptothecata;Eirenidae;Eutonina;Eutonina indicans
dba35f2a6a04f813d1539f9522f89253,Eukaryota;Arthropoda;Insecta;Lepidoptera;NA;NA;NA
31697c298f556afd4dbf348073f4936b,Eukaryota;Annelida;Polychaeta;Maldanidae__o;NA;NA;NA
cc03a7080c51d626350b908c868fa925,Eukaryota;Arthropoda;Hexanauplia;Calanoida;Clausocalanidae;Pseudocalanus;Pseudocalanus mimus
d53602dab8b3a2ba5cce551a068213ee,Eukaryota;Rhodophyta;Florideophyceae;NA;NA;NA;NA
22b1a42cecd27001393bc289959b3fc4,Unknown;NA;NA;NA;NA;NA;NA
61257aae560d78ffa944c6f18a3120f3,Eukaryota;Cnidaria;Hydrozoa;Leptothecata;Eirenidae;Eutonina;Eutonina indicans
e2e491754bfc16c22997271c5a0cc3e5,Eukaryota;Arthropoda;Insecta;Diptera;NA;NA;NA
cd66dfcd34f589c587af690c57c47f4b,Eukaryota;Discosea;Flabellinia;Vannellidae__o;Vannellidae;NA;NA
aaef600ddb90e795503b077c3ab1a65a,Eukaryota;Cnidaria;Hydrozoa;Leptothecata;NA;NA;NA
6e9342cac39f2d011ee3f3ef8b37a5a2,Eukaryota;Arthropoda;Arachnida;Araneae;NA;NA;NA
3260e2ee97d8b559bf47a52a697b6f31,Unknown;NA;NA;NA;NA;NA;NA
17917e24f5a02650dc02cf2138dba319,Unknown;NA;NA;NA;NA;NA;NA
5d608f6472c12f3480041cb26d91558e,Unknown;NA;NA;NA;NA;NA;NA
3eee83f814b1f0c43e3c57489f32a6a0,Eukaryota;Arthropoda;Insecta;Diptera;NA;NA;NA
0ce4b07d03ccfdeb392d48e09234f642,Eukaryota;Arthropoda;Insecta;Diptera;NA;NA;NA
2482c27dbd32c92b5161b54c5e250c2e,Eukaryota;Cnidaria;Hydrozoa;Siphonophorae;NA;NA;NA
b1734bf4ca2dcbdbaab0df0f0cdcb2a8,Eukaryota;Rhodophyta;Bangiophyceae;Bangiales;NA;NA;NA
70d0ba85e47cb17e477aa98f8a12e895,Eukaryota;Cnidaria;Hydrozoa;Anthoathecata;NA;NA;NA
f6eb51674d4cf2d23a30848db03aa496,Unknown;NA;NA;NA;NA;NA;NA
b4b924e6818ef6235d260101f3b506c4,Eukaryota;Chrysophyceae__p;Chrysophyceae;Chromulinales;NA;NA;NA
0d5e6be756d0e1938eacdaa3cac6e667,Eukaryota;Rhodophyta;Florideophyceae;Gigartinales;NA;NA;NA
7af1919b4a2fa4dbbbf1d825a8da7afd,Eukaryota;Cnidaria;Hydrozoa;Leptothecata;Eirenidae;Eutonina;Eutonina indicans
9dd046257b26c2a324fd61dcfaf06c92,Unknown;NA;NA;NA;NA;NA;NA
cfcc024a7830963ac8f9693acc499d8d,Eukaryota;Arthropoda;Insecta;NA;NA;NA;NA
a7416a031c0eafc546a2df9dd1413f0e,Eukaryota;Rhodophyta;Florideophyceae;Halymeniales;Halymeniaceae;Grateloupia;Grateloupia sp_ GWS_2014
9df19f6d94509f38ceeb1a7c12451896,Eukaryota;Oomycota;Saprolegniales__c;Saprolegniales;NA;NA;NA
5f3c156df322c70578eb3e2c47cfe6dd,Eukaryota;Arthropoda;Arachnida;NA;NA;NA;NA
acc69a0046db4af9a57b86179509c5e8,Eukaryota;Cnidaria;Hydrozoa;Siphonophorae;Prayidae;NA;NA
20f49ed20625ecc3071c4793dbff6ce0,Eukaryota;Nematoda;Enoplea;Dorylaimida;Longidoridae;Xiphinema;Xiphinema brevicolle
f7a394af2f0759e44d8f9b91bf769e12,Eukaryota;Arthropoda;Insecta;NA;NA;NA;NA
e065bcdd8892676093720eed99717f9e,Eukaryota;Phaeophyceae__p;Phaeophyceae;Ectocarpales;NA;NA;NA
6df6f1ba99d4b3c754f6a16895bd7b22,Eukaryota;Discosea;Flabellinia;Dactylopodida;NA;NA;NA
7f92959734f9ee249158f6a29888a954,Eukaryota;Arthropoda;Insecta;Diptera;NA;NA;NA
10891da04160b61e4471ad49d3280ca3,Eukaryota;Haptophyta;Prymnesiales__c;Prymnesiales;NA;NA;NA
1cbbce2f30cad351f12edd036c378026,Unknown;NA;NA;NA;NA;NA;NA
79f594816da23905a0b0b0fe27c3c3e5,Eukaryota;Echinodermata;Ophiuroidea;Amphilepidida;Ophiuridae;Ophiura;Ophiura luetkenii
93465499f1ed6fcf98d16775bdacf0ff,Eukaryota;Nematoda;Enoplea;Dorylaimida;Longidoridae;Xiphinema;Xiphinema brevicolle
cb02257aad1c8fbf80e7fb0866d932a6,Eukaryota;Arthropoda;Hexanauplia;Calanoida;Acartiidae;Acartia;Acartia californiensis
7e8f1be19d1965e97192ef97eda68a1b,Eukaryota;Mollusca;Gastropoda;Neogastropoda;NA;NA;NA
9156a16819229831e64fe24e1730a942,Eukaryota;Arthropoda;Hexanauplia;Calanoida;Clausocalanidae;Pseudocalanus;Pseudocalanus mimus
67b50996b23b4da67a7e11d58aa884c2,Eukaryota;Tsukubamonadida__c__p;Tsukubamonadida__c;NA;NA;NA;NA
d3774ca1de30fe6aeea76f88efc28dee,Eukaryota;Cryptophyceae__p;Cryptophyceae;Cyathomonadacea;NA;NA;NA
eb56d20fc23cacb1f319f0d6b207e3b2,Environmental Unknown;NA;NA;NA;NA;NA;NA
a1b1080d47978984b5837ce90bdb03bb,Eukaryota;Arthropoda;Insecta;Diptera;NA;NA;NA
4c9dfd49b0dd32bb3751fe982400ac03,Eukaryota;Arthropoda;Insecta;Diptera;NA;NA;NA
8ac7d2973fc5e5099173ba0e510d409c,Eukaryota;Phaeophyceae__p;Phaeophyceae;NA;NA;NA;NA
fd82add83dd251373a198882844642cc,Eukaryota;Arthropoda;Hexanauplia;Calanoida;Clausocalanidae;Pseudocalanus;Pseudocalanus mimus
9791c06720510e9a2786c7306c599ea3,Eukaryota;Cnidaria;Hydrozoa;Anthoathecata;Tubulariidae;NA;NA
d345ca06829db96df86d5695d5a2cd53,Eukaryota;Arthropoda;Hexanauplia;Calanoida;Clausocalanidae;Pseudocalanus;Pseudocalanus mimus
d6422dcda7bcbec31ee7d0bb0d74922d,Eukaryota;Haptophyta;Prymnesiales__c;Prymnesiales;NA;NA;NA
26af8ba080279d7fa8a658e5e9068d74,Eukaryota;Ctenophora;Tentaculata;Lobata;Bolinopsidae;Bolinopsis;Bolinopsis microptera
2421a342c8e6c9619920aeedef0e3628,Eukaryota;Nemertea;Pilidiophora;Heteronemertea;Lineidae;Cerebratulus;Cerebratulus sp_ spade head
571faa1345a736b577f4d907ead3d53c,Eukaryota;Nematoda;Enoplea;Dorylaimida;Longidoridae;Xiphinema;Xiphinema brevicolle
06e1702b8ad152b284790000d483b071,Eukaryota;Cnidaria;Hydrozoa;Anthoathecata;NA;NA;NA
7ca4b44dfc14967aa61cdeb689b0ee52,Eukaryota;Cnidaria;Hydrozoa;Leptothecata;Clytiidae;Clytia;Clytia gregaria
1b80282a67ec81d2d612217b6771e3d3,Eukaryota;Bigyra__p;Bigyra;Thraustochytrida;NA;NA;NA
86dbd92641caded7a2cbcc2cf7b559e6,Unknown;NA;NA;NA;NA;NA;NA
0ad1e904c9c66b4311b8de4c5a2237cb,Eukaryota;Porifera;Demospongiae;Bubarida;NA;NA;NA
2e3e6d9a3446e2b22dd1bc733e334d1a,Eukaryota;Oomycota;Pythiales__c;Pythiales;NA;NA;NA
991a4047883afc38b75dc55a0887faf2,Eukaryota;NA;NA;NA;NA;NA;NA
f6d25f757e6304fe14f104061e464221,Eukaryota;Arthropoda;Hexanauplia;Calanoida;Clausocalanidae;Pseudocalanus;Pseudocalanus acuspes
27fca9a3e3b847ad2f9aa0f28a590d50,Eukaryota;Haptophyta;Isochrysidales__c;Isochrysidales;Noelaerhabdaceae;NA;NA
8d363778b45d3a8481f7ac38b4f050a2,Eukaryota;Cnidaria;Anthozoa;Scleractinia;NA;NA;NA
474fcecce037908b3b7c7e20294a0300,Eukaryota;Cnidaria;Hydrozoa;Anthoathecata;Pandeidae;Halitholus;Halitholus sp_ PS_2018
ef81683326a0e6ad2c11c05e52930799,Eukaryota;Cnidaria;Hydrozoa;Leptothecata;Eirenidae;Eutonina;Eutonina indicans
83eb761d9ab2ab17925a75d9ebdb915f,Eukaryota;Nemertea;Enopla;Monostilifera;NA;NA;NA
d0bab7598fdef7859a7889c5e4516038,Eukaryota;Cnidaria;Hydrozoa;Leptothecata;NA;NA;NA
36260916f141c3e383ab23aa87225cc4,Eukaryota;Discosea;Longamoebia__c;Longamoebia;NA;NA;NA
6dc373c82976dce4f38dab95221a6c68,Eukaryota;Arthropoda;Insecta;NA;NA;NA;NA
c468c8f723a07a33f44e33dd60e29c03,Eukaryota;Arthropoda;Arachnida;Araneae;NA;NA;NA
4e09d9c576f191a3a20d6c4201024a68,Unknown;NA;NA;NA;NA;NA;NA
8018f31f99aa72a6a7cf31a1abac20f2,Eukaryota;Arthropoda;Insecta;Diptera;NA;NA;NA
5ab723b542266a17e0e53324dc7f3c12,Environmental Unknown;NA;NA;NA;NA;NA;NA
d0dec16f2a52d7f208df3c56d7312d5e,Eukaryota;Rhodophyta;Florideophyceae;Ceramiales;NA;NA;NA
1725c520e077a46386aef445563808a8,Unknown;NA;NA;NA;NA;NA;NA
a535b1f369cbbab7d0e92b280970c3ec,Eukaryota;Cnidaria;Hydrozoa;Leptothecata;NA;NA;NA
e4c0b9548ab0a5efef27885286b58eba,Eukaryota;Arthropoda;Insecta;Diptera;NA;NA;NA
4f7111b4b2ce115c1c51d5f240360508,Eukaryota;Cnidaria;Hydrozoa;Leptothecata;Eirenidae;Eutonina;Eutonina indicans
197c17e971bbf8923078f4c3148d7fd5,Eukaryota;Picozoa;NA;NA;NA;NA;NA
32e97b5e7d0a4f748037085f72864eeb,Unknown;NA;NA;NA;NA;NA;NA
3e2defaec1ef4c9b0f9bbb245eb70ca6,Unknown;NA;NA;NA;NA;NA;NA
6ec775e4bb184a2d6c76b4e02f17980f,Eukaryota;Arthropoda;Hexanauplia;Calanoida;Acartiidae;Acartia;Acartia longiremis
77a818cce135639b55a3122fba351fe7,Eukaryota;Nemertea;Pilidiophora;Heteronemertea;Lineidae;Maculaura;Maculaura alaskensis
16cd611e0b547fd05e282eee5056652b,Eukaryota;Cnidaria;Hydrozoa;Leptothecata;Eirenidae;Eutonina;Eutonina indicans
5e2ea87624d656a643369ff0bd8b6b68,Eukaryota;Mollusca;Gastropoda;Stylommatophora;NA;NA;NA
518519884f0ba8fbeaec37b9f76ad609,Unknown;NA;NA;NA;NA;NA;NA
2fcdba39e7f5329814296e959f5486d2,Unknown;NA;NA;NA;NA;NA;NA
9d56ddf05187e3ad459196c9c24385dc,Unknown;NA;NA;NA;NA;NA;NA
72bfb94cdbe9d25cf61cc04e79231228,Eukaryota;Bacillariophyta;Fragilariophyceae;Thalassionemales;Thalassionemataceae;Thalassionema;Thalassionema nitzschioides
15a4d2e7c6cc3f8d3d1dcd8f238e7177,Unknown;NA;NA;NA;NA;NA;NA
a161da7dfdf072694b175844e17ee82a,Eukaryota;Discosea;Flabellinia;Dactylopodida;Vexilliferidae;NA;NA
716855b8f9e04da7faf53b96c429a1ef,Eukaryota;Discosea;Flabellinia;Dactylopodida;NA;NA;NA
330046d5da0fd45de5545321d6b1d182,Eukaryota;Cnidaria;Hydrozoa;Leptothecata;Clytiidae;Clytia;Clytia gregaria
31200a1ca3b9a579b9cb5752b8f975a6,Eukaryota;Cnidaria;Hydrozoa;Leptothecata;Mitrocomidae;Mitrocoma;Mitrocoma cellularia
61903fef8305658dc512fed673b9d3b5,Eukaryota;Arthropoda;Insecta;Coleoptera;NA;NA;NA
c4ed6971cbddd9feefd9c29bef412dcd,Unknown;NA;NA;NA;NA;NA;NA
baa7bb6bba429b547534cb97a169a6af,Eukaryota;Arthropoda;Hexanauplia;Calanoida;Clausocalanidae;Pseudocalanus;Pseudocalanus newmani
32d43b8f2a65ef96cd2cd475ec6583b5,Eukaryota;Haptophyta;Phaeocystales__c;Phaeocystales;Phaeocystaceae;Phaeocystis;Phaeocystis globosa
0e9023e0b8cbb1f8a677382c29c4be1d,Eukaryota;Oomycota;Saprolegniales__c;Saprolegniales;NA;NA;NA
e66be031e137576a2f59a66d1938c18e,Unknown;NA;NA;NA;NA;NA;NA
1035f9a41630ba9cb4a299867ffc57d6,Unknown;NA;NA;NA;NA;NA;NA
9c561ed857399ddfc722a93b80154d52,Eukaryota;Arthropoda;Insecta;Diptera;NA;NA;NA
9e2a2771cbae097ad3629f75aa7876e2,Unknown;NA;NA;NA;NA;NA;NA
f0a9ff48885cdde1dd74043adc8662a2,Eukaryota;Cnidaria;Hydrozoa;NA;NA;NA;NA
2d13321c35543ae9f2510ff87c1c68bb,Eukaryota;Mollusca;Gastropoda;Stylommatophora;NA;NA;NA
bf0d9a5dcd56569b45b9e6bd55c4cfdf,Eukaryota;Arthropoda;Arachnida;NA;NA;NA;NA
61330750cd3e885fbca1bc85d706e673,Eukaryota;Tubulinea;Elardia;Arcellinida;NA;NA;NA
3ae5d42089d91b7458f31e1e19a3815c,Eukaryota;Mollusca;Cephalopoda;Octopoda;Octopodidae;Enteroctopus;Enteroctopus dofleini
4c432a06865ec079decde8a9a414b1cb,Eukaryota;Rhodophyta;Florideophyceae;Plocamiales;NA;NA;NA
6d0f01f7bad0b4812929da1fa8f62850,Unknown;NA;NA;NA;NA;NA;NA
b1766d95e459b72f18ed9c077c69fd31,Eukaryota;Arthropoda;Insecta;Lepidoptera;NA;NA;NA
0729704ae31558e10887c001a7d6bc43,Eukaryota;Mollusca;Bivalvia;Mytilida;Mytilidae;Mytilus;NA
eff890cdb9b65f59813628bd14364b24,Eukaryota;Arthropoda;Arachnida;Sarcoptiformes;NA;NA;NA
36c32f3e7e49e25554a9c1ffa620573d,Eukaryota;Cnidaria;Anthozoa;Scleractinia;NA;NA;NA
e71856e7677da4df1780f798e820dab2,Eukaryota;Oomycota;Pythiales__c;Pythiales;NA;NA;NA
64a48de2ca50cd7b9e9f47fec2792d49,Eukaryota;Arthropoda;Hexanauplia;Calanoida;Clausocalanidae;Pseudocalanus;Pseudocalanus mimus
cf02e6135fc95aad8ece3eea9f3c98ef,Eukaryota;Arthropoda;Insecta;Lepidoptera;NA;NA;NA
47b540acf47bdc3f41b9aa2172fccdfb,Unknown;NA;NA;NA;NA;NA;NA
8579275084b92681cb2b85b900154df1,Eukaryota;Mollusca;Gastropoda;Nudibranchia;NA;NA;NA
9de609573ef88d162bf7735156c5c96d,Eukaryota;Mollusca;Gastropoda;Littorinimorpha;NA;NA;NA
b8455479d5e105f171202bc66294b63a,Eukaryota;Mollusca;Gastropoda;Stylommatophora;NA;NA;NA
42f64223c3fb1a692a630966dfcb9bf7,Unknown;NA;NA;NA;NA;NA;NA
178aea891896cdbdacb2ecf34d7792fd,Eukaryota;Oomycota;Haptoglossa__f__o__c;Haptoglossa__f__o;NA;NA;NA
8c801eec2dab90c1876c588d3a857e42,Eukaryota;Phaeophyceae__p;Phaeophyceae;Ectocarpales;NA;NA;NA
de7612466dde14a2f3af099b2cb2a07b,Unknown;NA;NA;NA;NA;NA;NA
ebb0f7930f1625cb53ff4dd1b46ac329,Eukaryota;Annelida;Polychaeta;Phyllodocida;Glyceridae;Glycera;Glycera capitata
932bf01c5caf1d0752b3366f32dde9e1,Eukaryota;Oomycota;Pythiales__c;Pythiales;NA;NA;NA
97b47adbffc102f4234ac50f054d8f3b,Eukaryota;Haptophyta;Phaeocystales__c;Phaeocystales;NA;NA;NA
b5872036796fd7639de8f1b5f1d5c871,Eukaryota;Mollusca;Gastropoda;Planorbidae__o;NA;NA;NA
97a0bf858839fc669ca5c8e12ecae601,Eukaryota;Arthropoda;Insecta;Hemiptera;NA;NA;NA
b900bcbb64bd0d1bd265a5c3676ee48a,Eukaryota;Cnidaria;Hydrozoa;Leptothecata;Eirenidae;Eutonina;Eutonina indicans
3044b6b1c4ffbb413656c4fe123910d4,Eukaryota;Phaeophyceae__p;Phaeophyceae;Ectocarpales;NA;NA;NA
421050f48f6912ed74be3fc5c33fad42,Eukaryota;Haptophyta;Isochrysidales__c;Isochrysidales;Noelaerhabdaceae;NA;NA
773596437bd684465ed2b1e457c0b9c5,Eukaryota;Oomycota;Peronosporales__c;Peronosporales;NA;NA;NA
97bdba337a911a5dfad62c36e8d73aa2,Eukaryota;Porifera;Demospongiae;Haplosclerida;NA;NA;NA
b57dae6c28635e92a26e1f4df7057a58,Eukaryota;Phaeophyceae__p;Phaeophyceae;Laminariales;NA;NA;NA
4f731565c44c1dfe8a4d73b965bd52e9,Eukaryota;Arthropoda;Insecta;Diptera;NA;NA;NA
e9ffec7fe2c13aebb01a1667677b84b7,Unknown;NA;NA;NA;NA;NA;NA
d256137f4c7f445f17219e8b779b74b2,Eukaryota;Discosea;Longamoebia__c;Longamoebia;NA;NA;NA
89733797986d68baa3756e288d5aa33a,Eukaryota;Arthropoda;Arachnida;Scorpiones;NA;NA;NA
f740093844c799134ae36527c92ce9ec,Eukaryota;Oomycota;Peronosporales__c;Peronosporales;NA;NA;NA
ed02ec4fcd958823be3782ada8820cc7,Unknown;NA;NA;NA;NA;NA;NA
73b405f7a982be054d72a94a93943544,Eukaryota;Arthropoda;Insecta;Coleoptera;NA;NA;NA
b0ac08d49345cc8c08a0236b267d0e05,Eukaryota;Porifera;Homoscleromorpha;Homosclerophorida;NA;NA;NA
e8f8ac9936cb68e7604b5f3c6c9bd347,Eukaryota;Discosea;Flabellinia;Vannellidae__o;NA;NA;NA
31e7fe0beec840527959ad78b7817e90,Eukaryota;Haptophyta;Prymnesiales__c;Prymnesiales;NA;NA;NA
6d056fe0e542b5cafcae80ff60711465,Eukaryota;Haptophyta;Phaeocystales__c;Phaeocystales;Phaeocystaceae;NA;NA
2829832404fd66207d27b9730e89b66f,Eukaryota;NA;NA;NA;NA;NA;NA
b1be9147f3ccc4fa31027ec4ec8dc52b,Eukaryota;Arthropoda;Hexanauplia;Calanoida;Clausocalanidae;Pseudocalanus;Pseudocalanus acuspes
0e3cbd04b9f2cd0e3651209bd239b265,Unknown;NA;NA;NA;NA;NA;NA
108ef34112f29680bc965ca8ab9435fa,Environmental Unknown;NA;NA;NA;NA;NA;NA
ff0565f224ed6511ed2b5a53a6826970,Eukaryota;Oomycota;NA;NA;NA;NA;NA
b1d805722d241fd00896a8b7c19ec014,Eukaryota;Arthropoda;Insecta;Hemiptera;NA;NA;NA
0be2d27ae22bb14245a27a5b717d09a1,Eukaryota;Mollusca;Gastropoda;Neogastropoda;NA;NA;NA
99b10eb4b47c741aaabcf40c0c8c926f,Unknown;NA;NA;NA;NA;NA;NA
ab3ab667a1da70b42d5e477d9e4f0f3c,Eukaryota;Arthropoda;Insecta;Coleoptera;NA;NA;NA
0bfa10cc6a0138db2af4826eefed6988,Eukaryota;Chlorophyta;Mamiellophyceae;Mamiellales;Mamiellaceae;Micromonas;Micromonas pusilla
5d44a8e6067a1d775061afeac215a8ad,Unknown;NA;NA;NA;NA;NA;NA
3f240f16ba8ea3072483ff586ee3f513,Eukaryota;Arthropoda;Arachnida;Araneae;NA;NA;NA
c46a2f8e1fb1cf2f23b851b8866b9000,Unknown;NA;NA;NA;NA;NA;NA
7c4099af8c7f8e4f83bda30b7ad99780,Eukaryota;Haptophyta;Isochrysidales__c;Isochrysidales;Noelaerhabdaceae;NA;NA
0f0db685f0c9479f5fe2467394e4efdc,Eukaryota;Arthropoda;Insecta;Diptera;NA;NA;NA
389325f7b6f1cefa81ccb2441e7941e3,Eukaryota;Bacillariophyta;Coscinodiscophyceae;Thalassiosirales;NA;NA;NA
894319d2b478154e199081bfee3d4117,Eukaryota;Oomycota;Saprolegniales__c;Saprolegniales;NA;NA;NA
a65504716c6bca30b79e7605193bd9b1,Eukaryota;Arthropoda;Hexanauplia;Calanoida;Clausocalanidae;Pseudocalanus;NA
f602efe92553df692374b3fcfab08eca,Eukaryota;Mollusca;Gastropoda;Stylommatophora;NA;NA;NA
6ecae02e5f664583d2d4f6051e5ad2dc,Eukaryota;Cnidaria;Hydrozoa;Leptothecata;NA;NA;NA
378c16ba835be789e1e6e351b3604d60,Eukaryota;Arthropoda;Insecta;Diptera;NA;NA;NA
3b13da29b4ed8c21eecebe023ef089ff,Eukaryota;Cnidaria;Hydrozoa;Leptothecata;Obeliidae;Laomedea;NA
ff637d4bb877fac8dc834bdab72a56c9,Unknown;NA;NA;NA;NA;NA;NA
c2a4198ebec6030e0ef7230e85e511cb,Eukaryota;Oomycota;Lagenidiales__c;Lagenidiales;NA;NA;NA
3dfd92b1dfa3dd41c6ee7e1a9f635845,Eukaryota;Discosea;Flabellinia;Dactylopodida;NA;NA;NA
455ea17e065b5cf89e5fc92219f7120f,Eukaryota;Oomycota;Haptoglossa__f__o__c;Haptoglossa__f__o;NA;NA;NA
76882473d19e8bca5281cfcb068a13bd,Eukaryota;Arthropoda;Arachnida;Araneae;NA;NA;NA
33e39ee88711c35280082225d16fcbc2,Eukaryota;Rhodophyta;Bangiophyceae;Bangiales;NA;NA;NA
58d1d89f5ea3f0a4db0669b0f755c236,Eukaryota;Mollusca;Gastropoda;Planorbidae__o;NA;NA;NA
63627900e4f47c33e891b8fd776439a3,Unknown;NA;NA;NA;NA;NA;NA
d062d6a1369cf50bc505e3baeba3d9bb,Eukaryota;Oomycota;Pythiales__c;Pythiales;NA;NA;NA
59db42054844d7ecc0b3e040168c6b54,Eukaryota;Oomycota;Saprolegniales__c;NA;NA;NA;NA
87bffdbabee1333b98c655e9b235493a,Eukaryota;Arthropoda;Insecta;Neuroptera;NA;NA;NA
e4a7b1241b37814878d5290b11e3d309,Eukaryota;Rhodophyta;Florideophyceae;Corallinales;NA;NA;NA
78dcbafa02b59dbcdccb261ecd260ee1,Eukaryota;Cnidaria;Hydrozoa;Leptothecata;Eirenidae;Eutonina;Eutonina indicans
907e668dfdb2af26b6ae5e32de18c2fa,Eukaryota;Arthropoda;Hexanauplia;Calanoida;Clausocalanidae;Pseudocalanus;Pseudocalanus mimus
69721e66c48dc374861bb87eaabd7fda,Unknown;NA;NA;NA;NA;NA;NA
3c1aaa32949bb8a31abad5f8abcbd682,Eukaryota;Arthropoda;Hexanauplia;Calanoida;Clausocalanidae;Pseudocalanus;Pseudocalanus mimus
cc5696ccbf8e8d30d8715587322fe709,Unknown;NA;NA;NA;NA;NA;NA
b98855a35fec18edc7c70ef53e7c90c6,Eukaryota;Haptophyta;Isochrysidales__c;Isochrysidales;Noelaerhabdaceae;NA;NA
c4afad1e825faed073f2d17313bc93b0,Eukaryota;Arthropoda;Arachnida;Sarcoptiformes;NA;NA;NA
5160365ad443223408054fe7660738df,Eukaryota;Arthropoda;Hexanauplia;Calanoida;Clausocalanidae;Pseudocalanus;Pseudocalanus mimus
d882358230aaad67989a60fc00dfaa91,Eukaryota;Arthropoda;Hexanauplia;Calanoida;Clausocalanidae;Pseudocalanus;Pseudocalanus mimus
b1738eb5ff9f991f8de07eb1c6c5c0ea,Eukaryota;Oomycota;Peronosporales__c;Peronosporales;NA;NA;NA
a98f1b142c11553558472a9b9771135e,Eukaryota;Chlorophyta;Mamiellophyceae;Mamiellales;Bathycoccaceae;Bathycoccus;Bathycoccus prasinos
73450faa8bbaf0c8f102dbc23b7de024,Eukaryota;Mollusca;Gastropoda;Triphoridae__o;NA;NA;NA
468267a8bb94f5acb1d96327c20f963e,Eukaryota;Oomycota;Saprolegniales__c;Saprolegniales;NA;NA;NA
f1a1234473d4d319028568e62e7af464,Eukaryota;Arthropoda;Arachnida;Araneae;NA;NA;NA
7f1ccf0f5ff165ea518b71ec95efe277,Eukaryota;Cnidaria;Hydrozoa;Anthoathecata;Corynidae;NA;NA
15d8575db5bea227ac6804204a78c967,Eukaryota;Rhodophyta;Florideophyceae;Gigartinales;NA;NA;NA
3cfbff04a1913b4a84a53caf11eea0ca,Unknown;NA;NA;NA;NA;NA;NA
0bf2fb894803fd17ee18cc543cb947af,Eukaryota;Rhodophyta;Florideophyceae;Gigartinales;NA;NA;NA
cfffa7796a1b25b557a7ce6ca49dbe18,Eukaryota;Bacillariophyta;Fragilariophyceae;Fragilariales;NA;NA;NA
be1b79899f99bd80eca52038eb8f9ba4,Eukaryota;Arthropoda;Insecta;Hymenoptera;NA;NA;NA
87a092ba92454c2df7ecf045e3fcce5b,Eukaryota;Discosea;Flabellinia;Dactylopodida;NA;NA;NA
084ac22001e7c05079f6121e0d3f4925,Eukaryota;Arthropoda;Hexanauplia;NA;NA;NA;NA
e3c06f84e408e28bd1079037587ded19,Eukaryota;Ascomycota;Dothideomycetes;Cladosporiales;Cladosporiaceae;NA;NA
e077053a00834e64646093d4e8df7964,Eukaryota;Bacillariophyta;Mediophyceae;Lithodesmiales;NA;NA;NA
b7f19efb7684a3e795670d1a75385dbc,Eukaryota;Porifera;Demospongiae;Bubarida;NA;NA;NA
53077c307279012f67d570b18e30e3a1,Eukaryota;Phaeophyceae__p;Phaeophyceae;Dictyotales;NA;NA;NA
722d93507a76623019e02c489ecca622,Eukaryota;Arthropoda;Hexanauplia;Calanoida;Clausocalanidae;Pseudocalanus;NA
64ae0edd2623fefa209c2ff1c649ffdd,Eukaryota;Mollusca;Gastropoda;Planorbidae__o;NA;NA;NA
ef87cd6e186e38ae52f278460c2efb14,Eukaryota;Oomycota;Pythiales__c;Pythiales;NA;NA;NA
328db6ec25560742215cae106d1bf154,Eukaryota;Mollusca;Gastropoda;NA;NA;NA;NA
5aa62c511c3be520c5a4390558e6df08,Eukaryota;Discosea;Himatismenida__c;Himatismenida;Parvamoeba__f;NA;NA
0a4b9ef7f8a288762714eb6d5f4c3860,Eukaryota;Oomycota;Lagenidiales__c;Lagenidiales;NA;NA;NA
d6910df1b64ac9650eb2f2b71964aa6c,Eukaryota;Ctenophora;Tentaculata;Cydippida;Pleurobrachiidae;Pleurobrachia;Pleurobrachia bachei
f90da1419d424c89176bcee255e108bb,Eukaryota;Discosea;Flabellinia;Dactylopodida;NA;NA;NA
d2b8c060b5e9cef7dc7bd97b85defff4,Eukaryota;Arthropoda;Arachnida;Pseudoscorpiones;NA;NA;NA
798dd6bab5931026cc6c21eed91727dd,Eukaryota;Mollusca;Gastropoda;Littorinimorpha;NA;NA;NA
79346f98649b648a143a481c2136738c,Eukaryota;Oomycota;Peronosporales__c;Peronosporales;NA;NA;NA
7e7942fd6e803fea562bdfee14e4b39e,Eukaryota;Arthropoda;Hexanauplia;Calanoida;Clausocalanidae;Pseudocalanus;Pseudocalanus mimus
2017bce61e98f2329f8a0ab33fd1e4d2,Eukaryota;Oomycota;Saprolegniales__c;Saprolegniales;NA;NA;NA
037b65b14726e9ed5998f8466e6c8e09,Eukaryota;Mollusca;Gastropoda;Nudibranchia;NA;NA;NA
e70870e112c7a51b5b5da4e64382610f,Unknown;NA;NA;NA;NA;NA;NA
630e16965c24931add0dcad327fbac03,Eukaryota;Rhodophyta;Florideophyceae;Ceramiales;NA;NA;NA
d89af177ab2152bc3dc282220c917c9f,Eukaryota;Mollusca;Gastropoda;Littorinimorpha;NA;NA;NA
9dc7353ae281d984aa55f4713f774518,Eukaryota;Oomycota;Pythiales__c;Pythiales;NA;NA;NA
97c05ceef12d6203b5111c0fc5570b77,Eukaryota;Cnidaria;Hydrozoa;Leptothecata;Clytiidae;Clytia;Clytia gregaria
f2454fbe29468aad11ae5432e0792552,Eukaryota;Arthropoda;Hexanauplia;Calanoida;Clausocalanidae;Pseudocalanus;NA
57e078baf52d0ca64050fd6541e7fdfe,Eukaryota;Cnidaria;Hydrozoa;NA;NA;NA;NA
904d7cb0670fe1af960855529d5ff6d8,Eukaryota;Phaeophyceae__p;Phaeophyceae;Laminariales;NA;NA;NA
1c0790f806dee20b26f76c71d6ef2c68,Eukaryota;Bacillariophyta;Fragilariophyceae;Fragilariales;Fragilariaceae;Asterionellopsis;Asterionellopsis glacialis
e8ac9cf0f22c03cfad84528d4dc8cb73,Eukaryota;Haptophyta;Isochrysidales__c;Isochrysidales;Noelaerhabdaceae;NA;NA
89764f0da0ba3895f18f9609a6f37c9f,Eukaryota;Arthropoda;Insecta;NA;NA;NA;NA
91e8c06d07b23283e183680aa0f58321,Eukaryota;Arthropoda;Insecta;Diptera;NA;NA;NA
86326c6a3da964ce99511d580c2a87a9,Eukaryota;Mollusca;Gastropoda;Planorbidae__o;NA;NA;NA
ba0a5039e084c28459369e948f32b92c,Eukaryota;Oomycota;Pythiales__c;Pythiales;NA;NA;NA
2aac342b3020f30287b36ff59839ebaa,Eukaryota;Chordata;Mammalia;NA;NA;NA;NA
e3017fba9465e2f1435dcdca419273c8,Eukaryota;Arthropoda;Insecta;Diptera;NA;NA;NA
e9cf9db771c29cd5f4056f7fd83a7d27,Eukaryota;Cnidaria;Hydrozoa;Leptothecata;NA;NA;NA
37ab2c7bf9e5496c0844bc5925094bc1,Eukaryota;Arthropoda;Arachnida;Araneae;NA;NA;NA
5bf0b9b5fd0c984d274af5a6677c2ab0,Eukaryota;Mollusca;Gastropoda;Architaenioglossa;NA;NA;NA
3528df4fdaf5376f2ae099d4c41fd289,Eukaryota;Chrysophyceae__p;Chrysophyceae;Chromulinales;NA;NA;NA
c205661ed9957096e3c6636a725255b8,Eukaryota;Cnidaria;Hydrozoa;Leptothecata;Eirenidae;Eutonina;Eutonina indicans
a35358b2b75552bd2aece0ae2295229d,Eukaryota;Rhodophyta;Bangiophyceae;Bangiales;NA;NA;NA
e1bc6c1bdf43698a0f5224de600f7fbe,Eukaryota;Arthropoda;Hexanauplia;Calanoida;Clausocalanidae;Pseudocalanus;Pseudocalanus mimus
f80978fa6d62432ac1a6a550b2b9cffb,Eukaryota;Mollusca;Gastropoda;Littorinimorpha;NA;NA;NA
e1b24288ab73da51e400287597028772,Eukaryota;Oomycota;Saprolegniales__c;Saprolegniales;NA;NA;NA
a9bbfca68cd3e4580bc75f4c80f276bd,Environmental Unknown;NA;NA;NA;NA;NA;NA
58a4595500b07652dfc9de2e8d928365,Unknown;NA;NA;NA;NA;NA;NA
b4908aaa9914aa318fed3126a68f1f28,Unknown;NA;NA;NA;NA;NA;NA
bf8b13bb21fd855042ff5f3cbf3e308c,Eukaryota;Ascomycota;Dothideomycetes;Mycosphaerellales;Mycosphaerellaceae;NA;NA
0f41b41c56589df4504b14eb58a539ea,Eukaryota;Discosea;Flabellinia;Dactylopodida;NA;NA;NA
b7be68117f64808fb4e3ffc14d17924c,Eukaryota;Arthropoda;Insecta;Coleoptera;NA;NA;NA
eae893671b1fbb9dc4c4a3ce109322ed,Eukaryota;Arthropoda;Arachnida;Araneae;NA;NA;NA
4b37013b43c17751c8c99f1e3006529f,Eukaryota;Arthropoda;Insecta;Lepidoptera;NA;NA;NA
d5aeb4eab4d2f0c788ae88d72fd2c4da,Eukaryota;Rhodophyta;Florideophyceae;Hapalidiales;NA;NA;NA
facb19eca4dfef85067dfe08173a6b9c,Eukaryota;Cnidaria;Hydrozoa;Siphonophorae;NA;NA;NA
3082ed8c9fdfd3c08a93c17b8fe04ed2,Eukaryota;Arthropoda;Insecta;NA;NA;NA;NA
840fbead8dc50f5b788ed43c6ed28d38,Eukaryota;Echinodermata;Holothuroidea;Molpadida;Caudinidae;Paracaudina;Paracaudina chilensis
072d82075b5914b4fa557e20def2b8f3,Unknown;NA;NA;NA;NA;NA;NA
876e1fd9eb304411b494427f20220470,Eukaryota;Dinophyceae__p;Dinophyceae;Gymnodiniales;Gymnodiniaceae;Margalefidinium;Margalefidinium polykrikoides
7c9d33c0ec1923406fd9bd004bdbccc3,Eukaryota;Cnidaria;Hydrozoa;Anthoathecata;NA;NA;NA
1f96c7392be2465b1a994e97d6e187d9,Eukaryota;Mollusca;Gastropoda;Planorbidae__o;NA;NA;NA
e6a29239cbfefe1305bade33c0c1013f,Eukaryota;Cnidaria;Hydrozoa;Leptothecata;NA;NA;NA
bcb098040ff44f9f4d04ec1c3593ff5e,Eukaryota;Arthropoda;Hexanauplia;Calanoida;Clausocalanidae;Pseudocalanus;Pseudocalanus mimus
86f34b5474b95dbc63ef2bea4288ab5e,Eukaryota;Haptophyta;Prymnesiales__c;Prymnesiales;NA;NA;NA
d469a03aca5d39607e0a771026da303b,Eukaryota;Arthropoda;Insecta;Diptera;NA;NA;NA
876158761d0b15c319ec8be6531fb6ca,Eukaryota;Cnidaria;Hydrozoa;Leptothecata;Eirenidae;Eutonina;Eutonina indicans
3482f36b2c6d44ab187e027a8b9dbb50,Eukaryota;Cnidaria;Hydrozoa;Anthoathecata;NA;NA;NA
6f6a3e63da00f5ed34c6939680a7028f,Eukaryota;Phaeophyceae__p;Phaeophyceae;Desmarestiales;NA;NA;NA
d24c30a54b0f03e5b9d508c8b4054cc3,Unknown;NA;NA;NA;NA;NA;NA
8e247260e7c1d09ba27ecda2288075d6,Eukaryota;Haptophyta;Phaeocystales__c;Phaeocystales;NA;NA;NA
4e944ee496c464ab6edbae99f29ba226,Eukaryota;Porifera;Demospongiae;Bubarida;NA;NA;NA
dc388c808d7a475e47d7dda7110f1928,Eukaryota;Phaeophyceae__p;Phaeophyceae;Ectocarpales;NA;NA;NA
1e52c9fcceb854807ecec3470c29fe86,Eukaryota;Cnidaria;Scyphozoa;Semaeostomeae;Cyaneidae;Cyanea;Cyanea sp_ USWADBB
c30aee8b1dd2eda1bb466aae7ec3b932,Eukaryota;Arthropoda;Insecta;Diptera;NA;NA;NA
c01ae4b37cc2cfbe27a6496cb5439ddf,Unknown;NA;NA;NA;NA;NA;NA
8467af536b8c68b8c4d11b4d4dfb13eb,Eukaryota;Cnidaria;Anthozoa;Scleractinia;NA;NA;NA
4c1eeb4fc1ef2cf7e83618efba624be2,Eukaryota;Arthropoda;Insecta;Lepidoptera;NA;NA;NA
f8962ba7dd7d61ca55620e42e3180cef,Eukaryota;Oomycota;Peronosporales__c;Peronosporales;NA;NA;NA
9f1b63d044a0662d5ce4213688793bda,Eukaryota;Bacillariophyta;Coscinodiscophyceae;Stephanodiscales;NA;NA;NA
9c0bfcaa920cd64e1bea2941062d0bd8,Unknown;NA;NA;NA;NA;NA;NA
7c4e4ac457e20ec2b86445929a41b88c,Eukaryota;Phaeophyceae__p;Phaeophyceae;Ectocarpales;NA;NA;NA
7f491f5fae37cc7e3366b4d866298d9d,Unknown;NA;NA;NA;NA;NA;NA
270805f965398bd072b2e7efd9acad2d,Unknown;NA;NA;NA;NA;NA;NA
3fcb813cc835d0385be665e64fa94318,Eukaryota;Rhodophyta;Florideophyceae;NA;NA;NA;NA
ca8329165fe0bc54a25e92bbe947ab03,Eukaryota;Oomycota;Peronosporales__c;Peronosporales;NA;NA;NA
0f488ea1fcc415d615e1b56e217c4891,Unknown;NA;NA;NA;NA;NA;NA
aca5e8c15e53893d151b18f155ad6487,Unknown;NA;NA;NA;NA;NA;NA
1ad7dc0c3d7baabdeddc28038eceb503,Eukaryota;Cnidaria;Hydrozoa;NA;NA;NA;NA
dbd20bc4cc11a63993ab2e3ff2b678c8,Unknown;NA;NA;NA;NA;NA;NA
27e4da2e53f00b912b4b2722039e71c5,Eukaryota;Oomycota;Saprolegniales__c;Saprolegniales;NA;NA;NA
58f3494ddefa405c8608124adc064191,Eukaryota;Chlorophyta;Trebouxiophyceae;Chlorellales;NA;NA;NA
4bc702b2aa866cf4dd5101e087b8fbaf,Eukaryota;Arthropoda;Hexanauplia;Calanoida;Clausocalanidae;Pseudocalanus;Pseudocalanus mimus
c74096ed931ab41567727a7d568cc27e,Eukaryota;Arthropoda;Arachnida;NA;NA;NA;NA
b9a7000ae203b507943b28fdb619a561,Eukaryota;Oomycota;Pythiales__c;Pythiales;NA;NA;NA
b73f4672f771a08db6be09cc0d48edc0,Environmental Unknown;NA;NA;NA;NA;NA;NA
caea5f2e1dcc34ca3ffaa9d8f030e4ab,Unknown;NA;NA;NA;NA;NA;NA
73aa4add3ca31dafef1101e88e4f5681,Unknown;NA;NA;NA;NA;NA;NA
c2bbd4b37c56efef135aa629ff501428,Eukaryota;Annelida;Polychaeta;Terebellida;Pectinariidae;Pectinaria;Pectinaria californiensis
1980b82919fef0b8a3a5b7840f7f9552,Eukaryota;Arthropoda;Insecta;Lepidoptera;NA;NA;NA
0419b49dfd8b8b34de446775551ec2ff,Eukaryota;Tubulinea;Elardia;Arcellinida;NA;NA;NA
3f4178dc25fb92872e5e7d8408458044,Eukaryota;Haptophyta;Phaeocystales__c;Phaeocystales;NA;NA;NA
b94e8f2e3b6b50cf517075425f465ce5,Eukaryota;Cnidaria;Hydrozoa;Leptothecata;NA;NA;NA
1afa62b44c5e7623a5d8ffc8c119d2eb,Eukaryota;Arthropoda;Insecta;Diptera;NA;NA;NA
338139dec9bd121d93881234be3cd50b,Eukaryota;Arthropoda;Hexanauplia;Calanoida;Clausocalanidae;Pseudocalanus;Pseudocalanus mimus
5c1799c9dbe5efcc759eec5820fb1c05,Eukaryota;Oomycota;Peronosporales__c;NA;NA;NA;NA
c1d92eebd9dee35b3a7ebfdb83ece432,Eukaryota;Cnidaria;Hydrozoa;Leptothecata;Eirenidae;Eutonina;Eutonina indicans
28ecbb0b666cbf109800bd73f326d4f1,Eukaryota;Annelida;Polychaeta;Sabellida;Sabellariidae;NA;NA
b4bf0e6024e452f7eb2107dc48f580b3,Eukaryota;Nematoda;Enoplea;Dorylaimida;Longidoridae;Xiphinema;Xiphinema brevicolle
efc06000e048588bee42a4304bd9b82b,Eukaryota;Arthropoda;Insecta;Diptera;NA;NA;NA
38dbe7ae9f00c4ac0bf7b69e25af099e,Eukaryota;Haptophyta;Phaeocystales__c;Phaeocystales;NA;NA;NA
1ccb0b84d7c81533e7ebdba30dd1c762,Eukaryota;Rhodophyta;Florideophyceae;Gigartinales;NA;NA;NA
9d12e2d1a956121a994cb47806ce8631,Eukaryota;Rhodophyta;Florideophyceae;NA;NA;NA;NA
3785640d75bed28a0a4ed273c61cd3de,Unknown;NA;NA;NA;NA;NA;NA
87ac6e1e73479dc4b38814a3029eea6e,Eukaryota;Oomycota;Pythiales__c;Pythiales;NA;NA;NA
ec09fe754a01ca871f8e9387d88590c0,Eukaryota;Arthropoda;Arachnida;Mesostigmata;NA;NA;NA
abfa954d3f4ed6bedd2d5cd08f1c6f8c,Eukaryota;Porifera;Demospongiae;Axinellida;NA;NA;NA
7dcd43453037402d66b4f3edcbea9ab7,Eukaryota;Phaeophyceae__p;Phaeophyceae;Ectocarpales;NA;NA;NA
a3891a50be8f2cc783ac5e2e0b74dc65,Eukaryota;Arthropoda;Arachnida;Trombidiformes;NA;NA;NA
f831fd4649f679440f8d4caca9d32254,Eukaryota;Arthropoda;Insecta;Hymenoptera;NA;NA;NA
49c050026ae751e860ec5c6a9cae738b,Eukaryota;Cnidaria;Hydrozoa;Leptothecata;Aequoreidae;NA;NA
444bab75af3854b4f78615f21620574b,Eukaryota;Oomycota;NA;NA;NA;NA;NA
de08004d5e29338c145396b80507e1e7,Eukaryota;Arthropoda;Hexanauplia;Calanoida;Calanidae;Calanus;NA
0a0a6dcbfc86a2a48530a8fe664e9f5c,Eukaryota;Arthropoda;Arachnida;NA;NA;NA;NA
1ba66fec5d32289594ed7fea4791cebb,Eukaryota;Rhodophyta;Florideophyceae;Rhodymeniales;NA;NA;NA
a8bf7729696e89b5fe65d951bbc4377e,Eukaryota;Arthropoda;Insecta;Hemiptera;NA;NA;NA
5c882cf31c586748881c61732dea0f5d,Eukaryota;Bacillariophyta;Bacillariophyceae;Naviculales;NA;NA;NA
165a24f8b0815b2a0a39bd3c962c7804,Eukaryota;Arthropoda;Hexanauplia;Calanoida;Clausocalanidae;Pseudocalanus;Pseudocalanus mimus
85dfaffabd15f32d258b4d82e535d532,Eukaryota;Arthropoda;Arachnida;NA;NA;NA;NA
ba3c903b941f50d3fb4db06ac5108707,Eukaryota;Phaeophyceae__p;Phaeophyceae;Ectocarpales;NA;NA;NA
d4d6fe78306525f1ee34bb1818d93660,Eukaryota;Arthropoda;Hexanauplia;Calanoida;Clausocalanidae;Pseudocalanus;Pseudocalanus mimus
4e30715156560280ba4ce23119849ba8,Eukaryota;Rhodophyta;Bangiophyceae;Bangiales;NA;NA;NA
dcbc02315c59292b8cc93d5b6d7f3332,Eukaryota;Annelida;Polychaeta;Terebellida;Melinnidae;Melinna;NA
ccaa839975da2bff12158b0c3edfba28,Eukaryota;Arthropoda;Hexanauplia;Calanoida;Clausocalanidae;Pseudocalanus;Pseudocalanus mimus
be8c6885494f179a18d1793d508ce509,Eukaryota;Mollusca;Gastropoda;Limapontiidae__o;NA;NA;NA
66d7697b9e0fba2dbec3ca32cae00cb9,Unknown;NA;NA;NA;NA;NA;NA
86e1ceab52a523dad605ec90e43ab49c,Eukaryota;Oomycota;Peronosporales__c;Peronosporales;NA;NA;NA
145ddccc89ce0398d88a970c1f025e45,Eukaryota;Discosea;Longamoebia__c;NA;NA;NA;NA
4ffe7b5035b4af625e738c26a76ba48c,Eukaryota;Oomycota;Peronosporales__c;Peronosporales;NA;NA;NA
8efb007a299368580a24b2bf7ac15b01,Unknown;NA;NA;NA;NA;NA;NA
25781be41f43e1f1dc7edd7d1eebdb57,Eukaryota;Arthropoda;Hexanauplia;Calanoida;Clausocalanidae;Pseudocalanus;Pseudocalanus mimus
994a2ce6da11ebcdd313e221f4d33f37,Eukaryota;Arthropoda;Arachnida;Araneae;NA;NA;NA
1f297a8bae446668c1296440c2a3fcdb,Eukaryota;Chrysophyceae__p;Chrysophyceae;Chromulinales;NA;NA;NA
1622182e36bf63484cfb384e0087ede7,Eukaryota;Rhodophyta;Florideophyceae;Gigartinales;NA;NA;NA
14d101e08f35ecbbeebea70b0aa5b37b,Eukaryota;Arthropoda;Malacostraca;Decapoda;NA;NA;NA
80bbb7795285790c15035c3c5781b9aa,Eukaryota;Bacillariophyta;Coscinodiscophyceae;Thalassiosirales;NA;NA;NA
de3bbd11f332d18a654e5d3bd4f4d1a0,Eukaryota;Chlorophyta;Trebouxiophyceae;Chlorellales;NA;NA;NA
67fb96e5a4fb74cee2b4b9179294fba5,Unknown;NA;NA;NA;NA;NA;NA
844249d099827d1a5f6c9abdc8b1afb6,Eukaryota;Mollusca;Gastropoda;Littorinimorpha;NA;NA;NA
54ad560485723b431c7f29f406b6ac74,Eukaryota;Rhodophyta;Florideophyceae;Hapalidiales;NA;NA;NA
e51dea297d79628bb3be63e815e868b6,Eukaryota;Rotifera;Eurotatoria;Ploima;Synchaetidae;NA;NA
503857fdd545bada88797437900eded0,Unknown;NA;NA;NA;NA;NA;NA
eabcc1b97f22748f42dec4e1710f91e6,Eukaryota;Bacillariophyta;Mediophyceae;Hemiaulales;NA;NA;NA
aa87c5b9cc2f2fe7331575baa3831b7a,Eukaryota;Arthropoda;Insecta;Lepidoptera;NA;NA;NA
0db05a2d44e7646ca1e7da945a27344e,Unknown;NA;NA;NA;NA;NA;NA
b6c2e9818c330a3bf47680a7f437204a,Eukaryota;Arthropoda;Hexanauplia;Calanoida;Metridinidae;Metridia;Metridia lucens
bf542426c64dbfc1d45ef7d2152e3ba0,Eukaryota;Discosea;Flabellinia;Dactylopodida;Paramoebidae;NA;NA
375bf8b81c65a7021440ff1cdccca3b8,Eukaryota;Cnidaria;Anthozoa;Scleractinia;NA;NA;NA
8179c014798a76a054f8ca1d9e4ea319,Eukaryota;Arthropoda;Hexanauplia;Calanoida;Clausocalanidae;Pseudocalanus;Pseudocalanus mimus
904b0d536ed317b7ae7d4ad592e49b82,Eukaryota;Arthropoda;Hexanauplia;Calanoida;Acartiidae;Acartia;Acartia longiremis
dd0b22d0a70a01dd71917f0d1a5a4b59,Eukaryota;Cnidaria;Hydrozoa;Leptothecata;Eirenidae;Eutonina;Eutonina indicans
89443d5e8b4f528109ea82b47258bf05,Unknown;NA;NA;NA;NA;NA;NA
9cb5839adb6a6043567a888f4ab91f19,Eukaryota;Cnidaria;Anthozoa;Malacalcyonacea;NA;NA;NA
a0c136491e4db7425bfb570ad784e08d,Eukaryota;Oomycota;Pythiales__c;Pythiales;NA;NA;NA
dd5cd8546aed51bcdbe89d2ae528145a,Eukaryota;Annelida;Polychaeta;Phyllodocida;Aphroditidae;Aphrodita;Aphrodita sp_ THS_2005
9955b953e4b11a083324527e47d6d8fc,Eukaryota;Cnidaria;Hydrozoa;NA;NA;NA;NA
21a031e950012a30329655510d6e5822,Eukaryota;Arthropoda;Insecta;Lepidoptera;NA;NA;NA
a4cc840e3b1a80db659085820f914c1c,Eukaryota;Haptophyta;Prymnesiales__c;Prymnesiales;NA;NA;NA
6bbabad14b387545f048302c0616e83b,Eukaryota;Arthropoda;Insecta;Coleoptera;NA;NA;NA
1cb53d6484f346bad3a9d6623d0fddbe,Eukaryota;Cnidaria;Hydrozoa;Leptothecata;Mitrocomidae;Mitrocoma;Mitrocoma cellularia
75c22ea06e2abdf411382bc67dc18621,Eukaryota;Oomycota;Saprolegniales__c;Saprolegniales;NA;NA;NA
bcdee55bac4b099a68f86a497866caf1,Eukaryota;Arthropoda;Insecta;Diptera;NA;NA;NA
08095470ff63bd345bd54971fa5505d9,Eukaryota;Rhodophyta;Bangiophyceae;Bangiales;NA;NA;NA
8e452db0de6382e3c734ae11b02e3e15,Unknown;NA;NA;NA;NA;NA;NA
7a085a79ea688cb1612571c15f87e8dc,Eukaryota;Oomycota;Saprolegniales__c;Saprolegniales;NA;NA;NA
4e90175cd83a78b31f6324609d015f3c,Eukaryota;Arthropoda;Hexanauplia;Calanoida;Clausocalanidae;Pseudocalanus;Pseudocalanus mimus
54233e649b4567b3757fd6474a34e85b,Eukaryota;Arthropoda;Hexanauplia;Calanoida;Clausocalanidae;Pseudocalanus;Pseudocalanus mimus
59c474dbbf45f3f9a749542a1459ebcc,Eukaryota;Oomycota;Saprolegniales__c;Saprolegniales;NA;NA;NA
efa845541b3d4561541a8f237aefff73,Eukaryota;Arthropoda;Insecta;Lepidoptera;NA;NA;NA
a92826a3908e8e482a336088ce87de52,Eukaryota;Mollusca;Gastropoda;NA;NA;NA;NA
6ef6a6e22cde242a232d6c144bdd4c77,Eukaryota;Arthropoda;Arachnida;Araneae;NA;NA;NA
e6583e99474bc5b036a6150c6fc3ff67,Eukaryota;Arthropoda;Insecta;Coleoptera;NA;NA;NA
ef96244b53fce2af6560bea591993686,Eukaryota;Oomycota;Leptomitales__c;Leptomitales;NA;NA;NA
3f2a13b0d298dad030e84e67d48b0c97,Eukaryota;Arthropoda;Hexanauplia;Calanoida;Clausocalanidae;Pseudocalanus;NA
844d6d0dda65f68eb768813a7be9a941,Unknown;NA;NA;NA;NA;NA;NA
598aac5b655b5c9868c779c8ba900039,Eukaryota;Cnidaria;Scyphozoa;Semaeostomeae;NA;NA;NA
a80e28588bd977032c3502e69e3f3a78,Eukaryota;Haptophyta;Isochrysidales__c;Isochrysidales;Noelaerhabdaceae;NA;NA
a0d90dbc27e16a59384551e424f9c8b3,Eukaryota;Arthropoda;Insecta;Diptera;NA;NA;NA
ad1d4db55cfbef7ed1604b4a1fc0e4e0,Eukaryota;Dinophyceae__p;Dinophyceae;Gymnodiniales;Gymnodiniaceae;Margalefidinium;Margalefidinium polykrikoides
d946c689e12cdb481271a2456073656b,Unknown;NA;NA;NA;NA;NA;NA
aa7b9c0bfa306d960626c14b017f3c77,Unknown;NA;NA;NA;NA;NA;NA
705365884aaa7aa5d793de1988a7e829,Eukaryota;Cnidaria;Hydrozoa;NA;NA;NA;NA
bc0422940e775b8848c7084513371880,Eukaryota;Eustigmatophyceae__p;Eustigmatophyceae;Eustigmatales;NA;NA;NA
bea789656b0a23648cfa36aaa42367a3,Unknown;NA;NA;NA;NA;NA;NA
799cda97485facfc3f6f0a9b3c87e4e8,Eukaryota;Oomycota;Saprolegniales__c;Saprolegniales;NA;NA;NA
0abe7f32950f2c0827cb1ed1f1787ebb,Eukaryota;Annelida;Polychaeta;Phyllodocida;Goniadidae;Glycinde;NA
c9912ebed06d0de387bf5b5adfdc8681,Eukaryota;Bacillariophyta;Bacillariophyceae;Bacillariales;Bacillariaceae;Nitzschia;NA
ba026fcc6e2ae140669275a165c386bc,Unknown;NA;NA;NA;NA;NA;NA
eadf8e0314b13548cf38dd426e52f914,Unknown;NA;NA;NA;NA;NA;NA
2d96c51755b3f90aab41132a9dac0402,Eukaryota;Arthropoda;Hexanauplia;Calanoida;Clausocalanidae;Pseudocalanus;Pseudocalanus acuspes
b89ef1daed510cf1a260283ec41a9f33,Eukaryota;Oomycota;Peronosporales__c;NA;NA;NA;NA
cabe6ee4bee5b73923559e69659c0c72,Eukaryota;Discosea;Flabellinia;Dactylopodida;Paramoebidae;Paramoeba;NA
7c293a1052ee048a248dfc0ca462ce9a,Eukaryota;Bacillariophyta;Bacillariophyceae;Naviculales;NA;NA;NA
9177af51c528b691bcb2d18d79d383f6,Eukaryota;Arthropoda;Hexanauplia;Calanoida;Temoridae;NA;NA
45d6a825b71e9335fcbe13cf72122340,Eukaryota;Oomycota;Saprolegniales__c;Saprolegniales;NA;NA;NA
94eb99b22b316218d4b7fd6038b07c52,Eukaryota;Bacillariophyta;Coscinodiscophyceae;Rhizosoleniales;NA;NA;NA
8b2724deabd7e1d0b83e5dc80e758c78,Eukaryota;Bacillariophyta;Fragilariophyceae;Fragilariales;NA;NA;NA
f4649aadb163b471f9691f1e20aede35,Eukaryota;Arthropoda;Malacostraca;Amphipoda;NA;NA;NA
00a645f8bcb35d56e91fb562885045b3,Eukaryota;Arthropoda;Ostracoda;Myodocopida;Philomedidae;Euphilomedes;Euphilomedes carcharodonta
76b19b4dd5b13cb3279071aa0fb487e6,Eukaryota;Arthropoda;Insecta;Diptera;NA;NA;NA
8d72660e589b09ecb1bcbfdb4ae7a6be,Eukaryota;Rhodophyta;Florideophyceae;Gelidiales;NA;NA;NA
d6ee3af5eac8fa0dbcd9a39fcab7f331,Eukaryota;Cnidaria;Hydrozoa;Leptothecata;Eirenidae;Eutonina;Eutonina indicans
22bec7f394c7c1ef26c6c688912b8643,Eukaryota;Arthropoda;Insecta;Coleoptera;NA;NA;NA
9315f18dc0d4b9533f3785995456d6d4,Eukaryota;Oomycota;Haptoglossa__f__o__c;Haptoglossa__f__o;NA;NA;NA
5f229faa4c095e6c2710a24df9d48db3,Eukaryota;Porifera;Demospongiae;Desmacellida;NA;NA;NA
d5d6d68c088bac5801ddc7e1d5176901,Unknown;NA;NA;NA;NA;NA;NA
764cb065fc1fd12548e210a5cfd161fc,Eukaryota;Oomycota;Peronosporales__c;Peronosporales;NA;NA;NA
d2dfbf79ff5aece4f9a95190f231d308,Unknown;NA;NA;NA;NA;NA;NA
4d39e2e6514f1e2f17aae90a104d7d8d,Eukaryota;Oomycota;Pythiales__c;Pythiales;NA;NA;NA
729c53a1b777aac98c1805c1eca9830a,Eukaryota;Mollusca;Gastropoda;Limapontiidae__o;NA;NA;NA
63e059c513388413256a00c702f0de95,Eukaryota;Annelida;Polychaeta;Spionida;Spionidae;Spiophanes;Spiophanes hakaiensis
37d81708272cb09680d5cb49c26a396e,Eukaryota;Mollusca;Gastropoda;Planorbidae__o;NA;NA;NA
ff5c78a76c8fdf2a5d6c2c9b5f06bebe,Unknown;NA;NA;NA;NA;NA;NA
d91c25b323fd1cde46e44c0d8ef59db0,Eukaryota;Phaeophyceae__p;Phaeophyceae;Dictyotales;NA;NA;NA
2c0638fe2b0ce58c70a2129a82df8370,Eukaryota;Ascomycota;Eurotiomycetes;Chaetothyriales;NA;NA;NA
7abb96221dc7076909afe98b066a89de,Eukaryota;Oomycota;Saprolegniales__c;Saprolegniales;NA;NA;NA
5d8bec0a2f59aa6ce89c9b4dc3966f5d,Eukaryota;Dinophyceae__p;Dinophyceae;Gymnodiniales;NA;NA;NA
b7773628f17638856f695fbf6c9030f1,Eukaryota;Ascomycota;Leotiomycetes;Thelebolales;NA;NA;NA
8f56c09fb9340df9d45ada09399b7db0,Eukaryota;Cryptophyceae__p;Cryptophyceae;Cyathomonadacea;NA;NA;NA
b397a16774c1723309045a5606966b5b,Eukaryota;Arthropoda;Arachnida;Araneae;NA;NA;NA
bf4c95473b640a0be8e097b77398c78e,Eukaryota;Cnidaria;Hydrozoa;Anthoathecata;NA;NA;NA
9c3be94b92ebb0630e55222911a3d856,Eukaryota;Chrysophyceae__p;Chrysophyceae;Segregatospumella__f__o;NA;NA;NA
7179371f29a8523c7a39708fdd927c2e,Eukaryota;Phaeophyceae__p;Phaeophyceae;Ectocarpales;NA;NA;NA
e97c80503b687e04b367614124e01446,Eukaryota;Oomycota;Pythiales__c;Pythiales;NA;NA;NA
d56656a8945b239edfe30f5f27532ada,Unknown;NA;NA;NA;NA;NA;NA
b5a8e5410a293d64466e81f19cc12eb4,Eukaryota;Oomycota;Haptoglossa__f__o__c;Haptoglossa__f__o;NA;NA;NA
5e69868405bfd19c589b93ee43258ce3,Eukaryota;Arthropoda;Arachnida;NA;NA;NA;NA
241322123473cae6b682ecffbc8bb60a,Eukaryota;Arthropoda;Insecta;Diptera;NA;NA;NA
7627f28c22d1f7a0d0cc7c1cefd85d85,Eukaryota;Raphidophyceae__p;Raphidophyceae;Chattonellales;NA;NA;NA
a51c098cf35ed660b5c9fed230e7def6,Eukaryota;Arthropoda;Insecta;Diptera;NA;NA;NA
96d1be2ef9a98bb0b3b20f4fa5702c1f,Eukaryota;Arthropoda;Insecta;Diptera;NA;NA;NA
afced36cfc8e8f2c0f81ce1b49c7e562,Eukaryota;Arthropoda;Insecta;Hymenoptera;NA;NA;NA
c5ebca1f2bba3737ff12b2eb06d264ce,Eukaryota;Cnidaria;Hydrozoa;NA;NA;NA;NA
d74f1bf27f5b1e3952e00db24874892d,Eukaryota;Arthropoda;Arachnida;Araneae;NA;NA;NA
257c47d372ebf595c8cbbb1840df608c,Unknown;NA;NA;NA;NA;NA;NA
d1983ddb0f623916c9434a2afb5bf4ef,Unknown;NA;NA;NA;NA;NA;NA
223113b83422265bd582c51a79eb814a,Eukaryota;Ascomycota;Dothideomycetes;Cladosporiales;Cladosporiaceae;NA;NA
a221a988e530b1914117ed29b005cea0,Eukaryota;Oomycota;Peronosporales__c;Peronosporales;NA;NA;NA
c0c10e0b6301fff64180f5f6c43625a1,Eukaryota;Arthropoda;Hexanauplia;Calanoida;Clausocalanidae;Pseudocalanus;Pseudocalanus mimus
8e0aea64ef6123fb48fc2bd33ff3eb7c,Eukaryota;Bacillariophyta;Coscinodiscophyceae;NA;NA;NA;NA
80a4ee2191e5e384a722a168cb9c68f0,Eukaryota;Discosea;Longamoebia__c;Longamoebia;NA;NA;NA
7d72da93cd946607946fe992e068051b,Eukaryota;Bacillariophyta;Coscinodiscophyceae;Chaetocerotales;Chaetocerotaceae;Chaetoceros;Chaetoceros tenuissimus
9f7dea314bfdcf7350f543151d5e998c,Eukaryota;Arthropoda;Arachnida;NA;NA;NA;NA
847b81e7f69f9731ebd9f2b70f22e297,Eukaryota;Arthropoda;Insecta;Hymenoptera;NA;NA;NA
28393cbb85ad270b34f655baa6884d8c,Eukaryota;Cnidaria;Hydrozoa;Leptothecata;NA;NA;NA
f140e6adf347d8c5ddf9dadcd383bafc,Unknown;NA;NA;NA;NA;NA;NA
afbf8583ca8ff095d3a27191342479ac,Eukaryota;Cnidaria;Hydrozoa;Anthoathecata;NA;NA;NA
6df3b84ca499cea929ebcbdc0e9d6f02,Unknown;NA;NA;NA;NA;NA;NA
4936a3881e82d32701261317599e6eaa,Eukaryota;Cnidaria;Hydrozoa;Leptothecata;Eirenidae;Eutonina;Eutonina indicans
e6ecc48899437ae9026dbd274458c348,Eukaryota;Arthropoda;Hexanauplia;Calanoida;Clausocalanidae;Pseudocalanus;Pseudocalanus mimus
ed94742a98ff052840633e978be04da7,Eukaryota;Echinodermata;Ophiuroidea;Amphilepidida;NA;NA;NA
c7be2556fee3d3552a5136924bfc2393,Eukaryota;Bacillariophyta;Coscinodiscophyceae;Rhizosoleniales;Rhizosoleniaceae;NA;NA
922fc1c901aeba13151c7e16a6104a18,Eukaryota;Arthropoda;Insecta;NA;NA;NA;NA
499b3de74a8a27c0c5b140e132720245,Eukaryota;Arthropoda;Insecta;Coleoptera;NA;NA;NA
00380a69240e9c1746a3b94ec645ae3d,Eukaryota;Oomycota;Pythiales__c;Pythiales;NA;NA;NA
511e75aa9b9b7987c59a57af10e2133e,Eukaryota;Bacillariophyta;Bacillariophyceae;Naviculales;NA;NA;NA
eff4572642f225c253c5a89d3a10c3db,Eukaryota;Phaeophyceae__p;Phaeophyceae;Dictyotales;NA;NA;NA
61f0142b2c500824cfb22b8ecfcc62cc,Unknown;NA;NA;NA;NA;NA;NA
49afe54d44ab694c9dc8c58ed120b581,Eukaryota;Arthropoda;Arachnida;NA;NA;NA;NA
674f22d738dba5a892afdbbd7572929d,Eukaryota;Chrysophyceae__p;Chrysophyceae;Chromulinales;NA;NA;NA
0a998f0edf7537d94ca8795707b1a8a8,Eukaryota;Mollusca;Gastropoda;Planorbidae__o;NA;NA;NA
4d59521e908c86c66449cfb48c2bc4eb,Unknown;NA;NA;NA;NA;NA;NA
90af66b8e37a55e82ccf2ed58ecce625,Eukaryota;Arthropoda;Insecta;Diptera;NA;NA;NA
d6c550b31dfe4586758bbc1d60335a52,Eukaryota;Arthropoda;Insecta;Hymenoptera;NA;NA;NA
889ff84e066964c51a920e28dccb2329,Eukaryota;Mollusca;Gastropoda;NA;NA;NA;NA
4240591c12e901b143141e0fda6cedb2,Eukaryota;Phaeophyceae__p;Phaeophyceae;Laminariales;NA;NA;NA
a7603f319f6407742f3d1c6a5c082b3e,Eukaryota;Mollusca;Gastropoda;NA;NA;NA;NA
d498ef6a93c762172062d8654359e32d,Eukaryota;Chlorophyta;Trebouxiophyceae;Chlorellales;NA;NA;NA
8cf3ea976dbc86f63f6d0648caeeb0a9,Unknown;NA;NA;NA;NA;NA;NA
8539b968ff187195c5d1910d5d3fba45,Eukaryota;Arthropoda;Insecta;Coleoptera;NA;NA;NA
d75521f30d0c4a1d88701ad296a1fecf,Eukaryota;Oomycota;Pythiales__c;Pythiales;NA;NA;NA
528220392f62071038f7b4d9815c0350,Eukaryota;Arthropoda;Hexanauplia;Calanoida;Clausocalanidae;Pseudocalanus;Pseudocalanus mimus
ef919b527ac7c4ee885f42ba971262e8,Eukaryota;Bacillariophyta;Mediophyceae;Lithodesmiales;NA;NA;NA
588aa91aeab03f93a9ad4b32f3268cc1,Eukaryota;Cnidaria;Hydrozoa;Leptothecata;Eirenidae;Eutonina;Eutonina indicans
ba7243a358bf98280ec451a22ff6262d,Eukaryota;Arthropoda;Insecta;Hemiptera;NA;NA;NA
773a0c2af1f7fba30ca1761af1d04368,Eukaryota;Haptophyta;Prymnesiales__c;Prymnesiales;NA;NA;NA
214b5eca8d082659d5c3829628bdd5de,Eukaryota;Arthropoda;Insecta;Diptera;NA;NA;NA
b5629c8904731a4794ba6f88064d1c60,Eukaryota;Dinophyceae__p;Dinophyceae;Gymnodiniales;Gymnodiniaceae;Margalefidinium;NA
ff752caa51cd4747645c9db90626bf24,Eukaryota;Cnidaria;Hydrozoa;Leptothecata;NA;NA;NA
db357735e00b2cfc197a6a3e912aa174,Unknown;NA;NA;NA;NA;NA;NA
a4c3a0ea8f98d53aba855b3a490b3303,Eukaryota;Haptophyta;Prymnesiales__c;Prymnesiales;NA;NA;NA
511de925dee346c45821e30495ec26c5,Unknown;NA;NA;NA;NA;NA;NA
56ee879da8176817fca59f78a184c41b,Eukaryota;Oomycota;Peronosporales__c;Peronosporales;NA;NA;NA
796514d58592007f86176361d27a6f81,Eukaryota;Choanoflagellata__p;Choanoflagellata;Craspedida;NA;NA;NA
232f5efe5fbf4739e541c2edf5caf75c,Unknown;NA;NA;NA;NA;NA;NA
d78950eb233877315ba9718c6282db6f,Eukaryota;Phaeophyceae__p;Phaeophyceae;Laminariales;NA;NA;NA
676befa6d7945d98769288ff89b560bc,Eukaryota;Haptophyta;Phaeocystales__c;Phaeocystales;NA;NA;NA
a78cfef0d1161c8fbc3201f73e5b2c2b,Eukaryota;Discosea;Flabellinia;Vannellidae__o;NA;NA;NA
1482a5f827fcf3c40b033d820e8e8629,Eukaryota;Discosea;Himatismenida__c;Himatismenida;Parvamoeba__f;NA;NA
f594ae9244e21d7939e3768afa1ab64f,Eukaryota;Oomycota;Peronosporales__c;Peronosporales;NA;NA;NA
c385c195595d6b63978445ebae393493,Eukaryota;Nemertea;Palaeonemertea;Carinomiformes;Carinomidae;Carinoma;Carinoma mutabilis
63ce6c368013fc1e27841f8ad1a0ec43,Eukaryota;Oomycota;Peronosporales__c;Peronosporales;NA;NA;NA
10e44d99a277a4a7a57ff14d556f4659,Eukaryota;Arthropoda;Arachnida;Araneae;NA;NA;NA
1bb270256cb4cc19307898790c6c0250,Unknown;NA;NA;NA;NA;NA;NA
1b14eff00a91a0869cdba19a2e02ee97,Eukaryota;Arthropoda;Insecta;Coleoptera;NA;NA;NA
5813d4b01198d8174f41966b081e46f9,Eukaryota;Arthropoda;Insecta;Diptera;NA;NA;NA
51e7bab74449bc16306f7b1e306967b3,Unknown;NA;NA;NA;NA;NA;NA
bcad931c5d39d5c2df3d207cb03e8796,Eukaryota;Arthropoda;Hexanauplia;Calanoida;Clausocalanidae;Pseudocalanus;Pseudocalanus mimus
bb2f2cbb9a4804a64ebdacacf8b024b7,Eukaryota;Arthropoda;Insecta;Diptera;NA;NA;NA
881f11ecc138414b776394b9d15d758c,Eukaryota;Bacillariophyta;Coscinodiscophyceae;Rhizosoleniales;NA;NA;NA
874608347a5da889b1b651ad246863a8,Eukaryota;Arthropoda;Hexanauplia;Calanoida;Clausocalanidae;Pseudocalanus;Pseudocalanus mimus
8c1e698429debe7885c009a87f48f0bd,Unknown;NA;NA;NA;NA;NA;NA
676eddc824447caaeb0a5ca05051c67c,Eukaryota;Bacillariophyta;Bacillariophyceae;Bacillariales;Bacillariaceae;Pseudo_nitzschia;Pseudo_nitzschia delicatissima
d403767c2c664fe329029bce61406c88,Eukaryota;Arthropoda;Hexanauplia;Calanoida;Clausocalanidae;Pseudocalanus;Pseudocalanus newmani
4c8a94773426a181f0406e7d6e60ee2d,Eukaryota;Cnidaria;Hydrozoa;Siphonophorae;NA;NA;NA
e5f65ac3fcae1ea4d438b7cd87bb2365,Unknown;NA;NA;NA;NA;NA;NA
55f0cff9accdcd5569ee060ec2b3dd50,Eukaryota;Phaeophyceae__p;Phaeophyceae;Ectocarpales;NA;NA;NA
1d4224e7c98fbacaf5799c55e7f9687e,Eukaryota;Arthropoda;Insecta;Lepidoptera;NA;NA;NA
3bb7a3f184e63b0b0aa0e3114db9efa8,Eukaryota;Bigyra__p;Bigyra;Thraustochytrida;NA;NA;NA
ac5646dd92f1b44315246c1861a82a52,Eukaryota;Mollusca;Gastropoda;Planorbidae__o;NA;NA;NA
2962640cab90d515e33dc64770b269c0,Eukaryota;Porifera;Demospongiae;Suberitida;NA;NA;NA
89b0726ce051473a8345cac1837113b5,Eukaryota;Discosea;Flabellinia;Dactylopodida;NA;NA;NA
7a77c3f430c52611e4b71d7ca97122a5,Eukaryota;Oomycota;Peronosporales__c;Peronosporales;NA;NA;NA
8d4c2e82f734a386c7a04c790bc1a6fc,Eukaryota;Haptophyta;Isochrysidales__c;Isochrysidales;NA;NA;NA
0b45a1b2a83879f6c5e67692fd564e3f,Eukaryota;Arthropoda;Hexanauplia;Calanoida;Clausocalanidae;Pseudocalanus;Pseudocalanus mimus
8b800552705f9b405e5acbf2c0f9e16b,Eukaryota;Arthropoda;Hexanauplia;Calanoida;Clausocalanidae;Pseudocalanus;Pseudocalanus newmani
68a9adae9d8e93fb4c52e9ed3c46dc63,Eukaryota;Arthropoda;Insecta;Diptera;NA;NA;NA
51e7f616930f0bd2298cc83a6d1ae973,Eukaryota;Discosea;Flabellinia;Dactylopodida;Paramoebidae;NA;NA
fe89c37c5792fd216cf0f20f895e3a36,Eukaryota;Chordata;Chondrichthyes;Chimaeriformes;Chimaeridae;Hydrolagus;Hydrolagus colliei
d8ab98eac00f6b53c1600e14f5fc1ce9,Eukaryota;Arthropoda;Insecta;Diptera;NA;NA;NA
c6fc6c9729a8d8c36c8a25f2b91f253b,Eukaryota;Discosea;Flabellinia;Dactylopodida;Vexilliferidae;NA;NA
4740b5b0def3b111fd4a391577d06228,Unknown;NA;NA;NA;NA;NA;NA
ac8392eea6ec909b851643f768626694,Eukaryota;Mollusca;Gastropoda;NA;NA;NA;NA
fe965c621dea255bf062f41ff30c4d3e,Eukaryota;Arthropoda;Insecta;Diptera;NA;NA;NA
2782e9b780bc6517f2514092319894f5,Eukaryota;Phaeophyceae__p;Phaeophyceae;Ectocarpales;NA;NA;NA
2943c023b2daedb7581c0fa005aa1abf,Environmental Unknown;NA;NA;NA;NA;NA;NA
01cdf8dd41959c991b77f42f7d7a3fbe,Eukaryota;Arthropoda;Insecta;NA;NA;NA;NA
71ace14482b3692804bbcbbf51ba1778,Eukaryota;Mollusca;Gastropoda;Neogastropoda;NA;NA;NA
4a2cf4278a6e146bfd223099caea944a,Eukaryota;Rhodophyta;Florideophyceae;Gigartinales;NA;NA;NA
3ee010062ab973819478c72259e29752,Eukaryota;Discosea;Himatismenida__c;Himatismenida;NA;NA;NA
2611ffaef6cb87f077afdbafecdc9cfa,Eukaryota;Arthropoda;Hexanauplia;Calanoida;Clausocalanidae;Pseudocalanus;Pseudocalanus mimus
092aff72a3daa819788c5cc1dba8eb6b,Eukaryota;Haptophyta;Prymnesiales__c;Prymnesiales;NA;NA;NA
817d735e2ff2d9684e44a03dd4ebb436,Eukaryota;Arthropoda;Arachnida;NA;NA;NA;NA
78563dccc0eb0cf8ac7f136b96400ee6,Unknown;NA;NA;NA;NA;NA;NA
ed8c62edff6503f669be172fa46c6040,Eukaryota;Rhodophyta;Florideophyceae;NA;NA;NA;NA
a61c7807b277d5b50e14a9d58301664d,Unknown;NA;NA;NA;NA;NA;NA
4adb9ee84ac1ca845a2ea82f26f8949f,Eukaryota;Arthropoda;Insecta;Lepidoptera;NA;NA;NA
c600d5cf44a60d6d3339c22661bd24e4,Eukaryota;Chrysophyceae__p;Chrysophyceae;Chromulinales;NA;NA;NA
64da70edc59b58acd5fd302f0cafb435,Eukaryota;Cnidaria;Hydrozoa;Anthoathecata;Balellidae;NA;NA
e40ab1b3348fa28a9b5b004a52c5d30d,Eukaryota;Cnidaria;Anthozoa;Scleractinia;NA;NA;NA
4be493ff3c1bae009c6556e1df0f0ebf,Eukaryota;Cnidaria;Hydrozoa;Anthoathecata;Pandeidae;Halitholus;Halitholus sp_ PS_2018
2ad0d70ae56dccab60a93b14727e6f1b,Eukaryota;Nemertea;Pilidiophora;NA;NA;NA;NA
9984269bff28ed04e0c0334120eebe5f,Unknown;NA;NA;NA;NA;NA;NA
2e8ac67957a9fb877e07042983e5dae9,Eukaryota;Basidiomycota;Agaricomycetes;NA;NA;NA;NA
a2ccd0ed4785cafdc93e9e2ba5f7f3bb,Eukaryota;Tubulinea;Elardia;Arcellinida;NA;NA;NA
7f781c40fc5eea7cca79589d97c0a1ca,Eukaryota;Arthropoda;Hexanauplia;Calanoida;Temoridae;NA;NA
5035e0c8ca0a9e4111b85fe3ab117738,Eukaryota;Haptophyta;Isochrysidales__c;Isochrysidales;Noelaerhabdaceae;NA;NA
97dcceb069655f8d862611f8f0f457a2,Eukaryota;Oomycota;Pythiales__c;Pythiales;NA;NA;NA
dd80cde4c2844e469286c219c8f758dd,Eukaryota;Ascomycota;Dothideomycetes;Mycosphaerellales;Teratosphaeriaceae;NA;NA
6e8bf9a6f24ad505ee341066c78480b7,Eukaryota;Haptophyta;Prymnesiales__c;Prymnesiales;NA;NA;NA
80a7510dd08d56df20e306bc8cd6d319,Unknown;NA;NA;NA;NA;NA;NA
0eb78bfb6c8a4d32462d899ea8bbf1b0,Eukaryota;Oomycota;Peronosporales__c;NA;NA;NA;NA
c3a3b4c923a923eb70ac2f43efce40b3,Eukaryota;Rhodophyta;Florideophyceae;Ceramiales;NA;NA;NA
864c2078f9be9704fd13dab66ec91605,Unknown;NA;NA;NA;NA;NA;NA
a1f857176d2dea30156410e60d473fa8,Eukaryota;Mollusca;Gastropoda;Stylommatophora;NA;NA;NA
aee8e629bcfa0cb83aaf4412ca7f8936,Eukaryota;Arthropoda;Insecta;Diptera;NA;NA;NA
3b0b2c8b79cd6a62fc8f037c7bb2da2a,Eukaryota;Arthropoda;Arachnida;Araneae;NA;NA;NA
f9701e9c89af4b6dab004f1507b6c057,Eukaryota;Mollusca;Gastropoda;Stylommatophora;NA;NA;NA
d4e555456bad08aa74d1f13a03a86deb,Eukaryota;Arthropoda;Hexanauplia;Calanoida;Clausocalanidae;Pseudocalanus;Pseudocalanus mimus
f7bc3f597aad8d757cd6fd3f28d8c73a,Eukaryota;Arthropoda;Hexanauplia;Calanoida;Clausocalanidae;Pseudocalanus;Pseudocalanus mimus
60ab93937e62f595bb5b5fdc2ad60c3a,Eukaryota;Mollusca;Gastropoda;Planorbidae__o;NA;NA;NA
d11e327fea23e253361ebd3c854d0b11,Eukaryota;Arthropoda;Malacostraca;NA;NA;NA;NA
a53b673231acbda72c9fe2db5b845932,Eukaryota;Discosea;Himatismenida__c;Himatismenida;NA;NA;NA
c2b89e0c4e8c50c9e09c73c0aed3d515,Eukaryota;Arthropoda;Insecta;Hymenoptera;NA;NA;NA
8a197a5fb0a5083b5f64ea39bed3e768,Eukaryota;Haptophyta;Phaeocystales__c;Phaeocystales;NA;NA;NA
899d93ed004658dae8df8e262d929d6f,Unknown;NA;NA;NA;NA;NA;NA
9cccb52131215439fe136e02e2449854,Eukaryota;Oomycota;Pythiales__c;Pythiales;NA;NA;NA
ab04b209b8b28ba8a3b9d98da3b841f8,Eukaryota;Arthropoda;Hexanauplia;Calanoida;Temoridae;NA;NA
5f83a07c11d2546571f2839cc6678c71,Eukaryota;Cnidaria;Hydrozoa;Siphonophorae;Prayidae;Praya;NA
8b0fe58f2f2e84896e41ac2b7590ac46,Eukaryota;Arthropoda;Hexanauplia;Calanoida;Clausocalanidae;Pseudocalanus;NA
ad4ba720ac4ed2716ae17efbfd09b80d,Eukaryota;Arthropoda;Collembola;NA;NA;NA;NA
0bfc5a64fa4c049a6a3d50ac417b03dc,Eukaryota;Mollusca;Bivalvia;Adapedonta;Pharidae;Siliqua;Siliqua patula
c1984ff96c506ec23ea7ab19816e0514,Eukaryota;Arthropoda;Hexanauplia;Calanoida;Clausocalanidae;Pseudocalanus;Pseudocalanus mimus
8e7f67260d519e1a6081a2d0fe9e6bd7,Unknown;NA;NA;NA;NA;NA;NA
7e1c5ca85b3245d340dcab6dc7014262,Eukaryota;Discosea;Flabellinia;Dactylopodida;Paramoebidae;NA;NA
1ccbbe0712874a3e1d33315db3d1a5d6,Unknown;NA;NA;NA;NA;NA;NA
579d453648a00937fba5bc9b53073a95,Eukaryota;Arthropoda;Insecta;NA;NA;NA;NA
37dc6b2a7aa3ed760eec1c57d77c81bf,Unknown;NA;NA;NA;NA;NA;NA
690ac50fdb7bab420ca2e2ff8bacc12d,Eukaryota;Arthropoda;Arachnida;Araneae;NA;NA;NA
7cae2d00b2d682621660fb3d5a18f1cc,Eukaryota;Arthropoda;Hexanauplia;Calanoida;Clausocalanidae;Pseudocalanus;Pseudocalanus mimus
ed52ad4bef768989bf90c26a01ec486e,Eukaryota;Ascomycota;Eurotiomycetes;NA;NA;NA;NA
8590f62121d3a26f9a7bce83f7e8f201,Unknown;NA;NA;NA;NA;NA;NA
819466c96d656bd7765202f7369a0602,Unknown;NA;NA;NA;NA;NA;NA
32155eaaf3526565148dd586ae05bd59,Eukaryota;Bacillariophyta;Coscinodiscophyceae;Thalassiosirales;Thalassiosiraceae;Thalassiosira;Thalassiosira nordenskioeldii
5374bc68b2bc708cac4e9e5d67a031ad,Eukaryota;Oomycota;Saprolegniales__c;Saprolegniales;NA;NA;NA
fd955e2ebf7be9e6e7c25aea33deee68,Eukaryota;Arthropoda;Insecta;Lepidoptera;NA;NA;NA
106c882f6e11388c14c741bb4039a5e0,Eukaryota;Bacillariophyta;Coscinodiscophyceae;Stephanodiscales;NA;NA;NA
c71aa1409fa3266fc12486ddd9fc80f8,Eukaryota;Cercozoa;Imbricatea;Euglyphida;NA;NA;NA
46323c2dcbe163f82126671dd0f8b1f6,Unknown;NA;NA;NA;NA;NA;NA
9f3ba7f165a6b3c535caa10070eb9935,Unknown;NA;NA;NA;NA;NA;NA
97e84fd879d3a07044809a3235ce77c7,Unknown;NA;NA;NA;NA;NA;NA
9a452fbfdeccb677d19398a94f055407,Eukaryota;Arthropoda;Hexanauplia;Calanoida;Clausocalanidae;Pseudocalanus;Pseudocalanus mimus
c9b6dec56c8564386772b9b8cacdd935,Eukaryota;Phaeophyceae__p;Phaeophyceae;Ectocarpales;NA;NA;NA
9c6be72e09c70b05236ad7235f8e5579,Unknown;NA;NA;NA;NA;NA;NA
461e8f93cf8e70d8e5339a7184aee447,Eukaryota;Phaeophyceae__p;Phaeophyceae;Dictyotales;NA;NA;NA
6287c7c9544ed98e18a5a376669b6bb7,Eukaryota;Arthropoda;Insecta;NA;NA;NA;NA
a2de8635d23a12d67ce21f27fd0d9e71,Eukaryota;Arthropoda;Insecta;Hemiptera;NA;NA;NA
9944eaae4904924cf38ae47a250196b0,Eukaryota;Cnidaria;Hydrozoa;Leptothecata;NA;NA;NA
19fbce67895fd7bf84494ee85dbf05ec,Eukaryota;Cnidaria;Hydrozoa;Siphonophorae;Prayidae;NA;NA
df3fc05c112b426305b2a1e72cd7c667,Eukaryota;Rhodophyta;Florideophyceae;Ceramiales;NA;NA;NA
44d2a52c96d32d2335dac8caa9eb141b,Environmental Unknown;NA;NA;NA;NA;NA;NA
803c73b5afdb06b133585163b7ae22fb,Unknown;NA;NA;NA;NA;NA;NA
a72c215f98290a35dfc5a8972d7d19db,Unknown;NA;NA;NA;NA;NA;NA
90a99afa8862ed4077d8a8f4ab97e692,Eukaryota;Haptophyta;Isochrysidales__c;NA;NA;NA;NA
00d5aa6a0a599bd731fe21e45a42737b,Unknown;NA;NA;NA;NA;NA;NA
0f67e41a526675cac318016d4a123c47,Eukaryota;Mollusca;Gastropoda;Planorbidae__o;NA;NA;NA
aa03e084138f58a4a170fd93e53f58dc,Eukaryota;Discosea;Flabellinia;Dactylopodida;Paramoebidae;Paramoeba;NA
9497a3e95cfd18de8a6428d16f2aa10d,Eukaryota;Mollusca;Gastropoda;Ancylidae__o;NA;NA;NA
7beb096d0741ff3b618e24d9a39c8ce8,Eukaryota;Cnidaria;Hydrozoa;Leptothecata;NA;NA;NA
4c4a64fe1eabfe886226784959620f45,Eukaryota;Basidiomycota;Microbotryomycetes;Sporidiobolales;NA;NA;NA
622e5108c8a69035fb367df1843d1705,Eukaryota;Bigyra__p;Bigyra;Thraustochytrida;NA;NA;NA
0cf75c0ba845410af04452a0a31c6ff6,Eukaryota;Cnidaria;Hydrozoa;Leptothecata;Eirenidae;Eutonina;Eutonina indicans
047773bf6c2b6afb18afb18ab4e9bec0,Unknown;NA;NA;NA;NA;NA;NA
945f6c39fca9b8558248299236d762f7,Eukaryota;Bacillariophyta;Coscinodiscophyceae;Thalassiosirales;NA;NA;NA
9b5be2fb8b75c01ef18861450f679391,Eukaryota;Cnidaria;Hydrozoa;Leptothecata;Eirenidae;Eutonina;Eutonina indicans
e3d505959878a3d54098256e6854329d,Eukaryota;Mollusca;Gastropoda;Littorinimorpha;NA;NA;NA
8f88d7312d790ab0fb3271a68d96a5b5,Eukaryota;Arthropoda;Insecta;Hemiptera;NA;NA;NA
05337ae8b3407d9da5786f7517417ab5,Eukaryota;Cnidaria;Hydrozoa;Leptothecata;Eirenidae;Eutonina;Eutonina indicans
f0fb561911cd16403ddedcb8c0a110b8,Eukaryota;Arthropoda;Insecta;Neuroptera;NA;NA;NA
2e7741e13cf7aed6b5d33595abf2506a,Eukaryota;Arthropoda;Hexanauplia;Calanoida;Clausocalanidae;Pseudocalanus;Pseudocalanus mimus
2200a6ac455088c3e2a3dd6dca94050f,Unknown;NA;NA;NA;NA;NA;NA
991313ffb46712debfa52550007aa9af,Eukaryota;Cnidaria;Hydrozoa;Siphonophorae;NA;NA;NA
a647226944d32935328adecadf06f48c,Eukaryota;Rhodophyta;Florideophyceae;Ceramiales;NA;NA;NA
9fffa03029da1b8f6555269c8ffed218,Eukaryota;Arthropoda;Insecta;Diptera;NA;NA;NA
fa451a30e204f08c9b8c80271c27ffd4,Eukaryota;Arthropoda;Insecta;Hymenoptera;NA;NA;NA
fb2995d412c4c71a18d3141e754be56e,Eukaryota;Arthropoda;Insecta;Siphonaptera;NA;NA;NA
3d61e2af2829c3769560d38d627847c9,Eukaryota;Cnidaria;Scyphozoa;Semaeostomeae;Ulmaridae;Phacellophora;Phacellophora camtschatica
4b29629affe8480d8c01f2b1cceb823c,Environmental Unknown;NA;NA;NA;NA;NA;NA
b7e8f01bc6965074abed783255b24beb,Eukaryota;Haptophyta;Phaeocystales__c;Phaeocystales;NA;NA;NA
a86f462be661dbf11c382e2a09c45970,Eukaryota;Arthropoda;Insecta;Coleoptera;NA;NA;NA
131365286ce44d9245175dde9ab0373e,Eukaryota;Discosea;Flabellinia;Dactylopodida;NA;NA;NA
47dcbc3fa7a9f8fb26797f1198e85620,Eukaryota;Haptophyta;Prymnesiales__c;Prymnesiales;NA;NA;NA
4c5c5c78ce9d271c6494bfe9c1d8e020,Eukaryota;Porifera;Demospongiae;Chondrillida;Halisarcidae;Halisarca;Halisarca dujardinii
7680ecdd938324341db4106ffde8cb22,Unknown;NA;NA;NA;NA;NA;NA
9e6504e61e36039681b7feac7cd49129,Eukaryota;Rhodophyta;Florideophyceae;Plocamiales;NA;NA;NA
24a6600cbe06521560280d8eb4779b9f,Eukaryota;Phaeophyceae__p;Phaeophyceae;Ectocarpales;Chordariaceae;NA;NA
947ea00c5af06ffd745c42f13695a29b,Eukaryota;Rhodophyta;Florideophyceae;Ceramiales;NA;NA;NA
9bd5145450da445a99cabbc20397c66c,Unknown;NA;NA;NA;NA;NA;NA
2b7ff9b2e1bdb47968c0a7c3e0e15828,Eukaryota;Oomycota;Peronosporales__c;Peronosporales;NA;NA;NA
61ad8750cb90e8716bb0a02ec3fb2040,Eukaryota;Arthropoda;Insecta;Diptera;NA;NA;NA
ce95638b413eac0046a851aec906b957,Unknown;NA;NA;NA;NA;NA;NA
a9acde3d3ec8e37264a677ecc9fbf660,Eukaryota;Arthropoda;Insecta;Diptera;NA;NA;NA
d0eb64b0994a11ebd8923c8bc52c0a63,Eukaryota;Haptophyta;Phaeocystales__c;Phaeocystales;NA;NA;NA
e2a4a024ffee1f302e8cda0b0cc77241,Eukaryota;Discosea;Flabellinia;Dactylopodida;Paramoebidae;NA;NA
fcc2ef955eb4f459fdae1e88e5a8679b,Eukaryota;Arthropoda;Insecta;Diptera;NA;NA;NA
f66ee24e948d981f74bed67faa9af7b1,Eukaryota;Cnidaria;Hydrozoa;Trachymedusae;NA;NA;NA
579a6f1d682a5c1c8695a9f61eda3a1f,Eukaryota;Arthropoda;Arachnida;Araneae;NA;NA;NA
d2351ae33b369e0a0eee4202e2b29a53,Unknown;NA;NA;NA;NA;NA;NA
dcc914d30a4ada4ac4da0f4bc1b71b1b,Eukaryota;Arthropoda;Insecta;NA;NA;NA;NA
8313cefa207038099a0466bc8ed64b28,Eukaryota;Arthropoda;Insecta;NA;NA;NA;NA
1a0ccd0e28880acdbac70a96c933c0e2,Unknown;NA;NA;NA;NA;NA;NA
ec45016aa5f861ccbc36628aab254f65,Unknown;NA;NA;NA;NA;NA;NA
9e1c8b4d9843e0c2b2d58548b4f241c1,Unknown;NA;NA;NA;NA;NA;NA
c1aff3aa5a0a140056cbbdfeee1a398d,Eukaryota;Arthropoda;Insecta;Diptera;NA;NA;NA
c45979ecfcc0405253f0ad3386ceb1d8,Eukaryota;Cnidaria;Hydrozoa;Anthoathecata;NA;NA;NA
3c89678580e0bd35f132cf312e7ccf6e,Eukaryota;Dinophyceae__p;Dinophyceae;Peridiniales;Protoperidiniaceae;Protoperidinium;Protoperidinium cf_ depressum
58d59796bdde1d6e9f70668be8cad115,Eukaryota;Arthropoda;Hexanauplia;Calanoida;Clausocalanidae;Pseudocalanus;Pseudocalanus mimus
888ce65de5b6f54618118b28f038cd09,Eukaryota;Mollusca;Gastropoda;Nudibranchia;NA;NA;NA
e1aa97cd994ac7d202a9616b072fdc07,Eukaryota;Arthropoda;Insecta;Lepidoptera;NA;NA;NA
d1cee3255f5d54c2da91af733b7febec,Eukaryota;Cnidaria;Hydrozoa;NA;NA;NA;NA
a5ccf1ab813914671e7ee6375ac07cd7,Eukaryota;Cnidaria;Hydrozoa;Siphonophorae;NA;NA;NA
5c158c3bf301f7017047040c99d1951b,Eukaryota;Haptophyta;Phaeocystales__c;Phaeocystales;NA;NA;NA
3939592fbf8cb28b6e8fc394c92a2d5a,Eukaryota;Haptophyta;Prymnesiales__c;Prymnesiales;NA;NA;NA
a9725727118e0caaf3d84d5da41b38d1,Eukaryota;Discosea;Flabellinia;Dactylopodida;NA;NA;NA
8f5939a07b65a86878ea0bb5664ecacf,Eukaryota;Chrysoparadoxa__f__o__c__p;Chrysoparadoxa__f__o__c;Chrysoparadoxa__f__o;NA;NA;NA
aa9b2bc9281fe3b95016b6e34288bd50,Eukaryota;Rhodophyta;Florideophyceae;Ceramiales;NA;NA;NA
a47b31eb80b5aaab6dc4362899a36d59,Eukaryota;Mollusca;Gastropoda;Planorbidae__o;NA;NA;NA
f25bfafcb38f2cdcc06f58706dee1391,Eukaryota;Cnidaria;Hydrozoa;Siphonophorae;NA;NA;NA
36ffb06292407869a065d1ca508f053a,Unknown;NA;NA;NA;NA;NA;NA
f54e71e6473732890154897ef2ca594c,Eukaryota;Cnidaria;Hydrozoa;Trachymedusae;NA;NA;NA
60948e0c0276932436f06819dc4f888f,Eukaryota;Oomycota;Saprolegniales__c;Saprolegniales;NA;NA;NA
4a453bd6691ce7d8ff42382e770a52c7,Eukaryota;Arthropoda;Insecta;NA;NA;NA;NA
ffd385e3b89b5b65bb2852c9e15fd3e8,Eukaryota;Arthropoda;Insecta;Coleoptera;NA;NA;NA
6c6bee6b46b626c0468c2a9f529b777d,Eukaryota;Oomycota;Pythiales__c;Pythiales;NA;NA;NA
59bab166d97121876b84eab89464ba17,Eukaryota;Arthropoda;Insecta;Coleoptera;NA;NA;NA
21a330f1f49790da6cfbc163609db322,Unknown;NA;NA;NA;NA;NA;NA
57cb363994221da3599b7583b9b78d8e,Unknown;NA;NA;NA;NA;NA;NA
2a44d06d9c50ef5927942a5822442545,Eukaryota;Phaeophyceae__p;Phaeophyceae;Ectocarpales;NA;NA;NA
6017b67716a426fc1be79489c4a31025,Eukaryota;Mollusca;Gastropoda;Ancylidae__o;NA;NA;NA
831c69cc4ce706c4d62fb03fac47c8e5,Eukaryota;Oomycota;Peronosporales__c;Peronosporales;NA;NA;NA
aa06709c5857c412cecc41282660fb29,Eukaryota;Mollusca;Gastropoda;Littorinimorpha;NA;NA;NA
e392e389c6b9a67dc1f12a7095422873,Eukaryota;Rhodophyta;Florideophyceae;Ceramiales;NA;NA;NA
765a913ceaf67da40f693db71520d115,Eukaryota;Arthropoda;Insecta;Diptera;NA;NA;NA
8058647fd93f1a65550f16820ff620c9,Unknown;NA;NA;NA;NA;NA;NA
8ce4bc288f060da9c9ebbb669dcf0359,Unknown;NA;NA;NA;NA;NA;NA
d1cb5d34d8016afca48a125337d60b38,Eukaryota;Dictyochophyceae__p;Dictyochophyceae;Dictyochales;Dictyochaceae;Dictyocha;Dictyocha speculum
a9b94d96cb453fc60e55fb7dcc410590,Eukaryota;Arthropoda;Insecta;Diptera;NA;NA;NA
e59049dfd57e5fd5ba7257280d3554f4,Eukaryota;Cnidaria;Hydrozoa;Actinulida;NA;NA;NA
42f5fbb334350522420b76e335f5dda9,Eukaryota;Cnidaria;Scyphozoa;Semaeostomeae;NA;NA;NA
8a47846f36dc63393e62ea4a050b7d2c,Eukaryota;Arthropoda;Insecta;Diptera;NA;NA;NA
773d0e32216644739ecddd29ef9de01f,Unknown;NA;NA;NA;NA;NA;NA
14797d16103b495d4e06ece7145f82ea,Eukaryota;Arthropoda;Insecta;Lepidoptera;NA;NA;NA
04b7793383733b901ba68702d03477b9,Eukaryota;Rhodophyta;Florideophyceae;Peyssonneliales;NA;NA;NA
163f5513f63fbc8d65f1c498c33aba61,Eukaryota;Porifera;Demospongiae;Clionaida;Clionaidae;Cliona;Cliona chilensis
2dffb818a385a2f5c32427259789df59,Eukaryota;Porifera;Demospongiae;Verongiida;NA;NA;NA
5bd1369500131f116468ab562272761e,Eukaryota;Cnidaria;Hydrozoa;Leptothecata;NA;NA;NA
eca74dae315aba2637de8ee0abd030d5,Eukaryota;Mollusca;Gastropoda;Littorinimorpha;NA;NA;NA
87329ad4f5dcb8a914894906ca20aaae,Eukaryota;Arthropoda;Hexanauplia;Calanoida;Clausocalanidae;Pseudocalanus;NA
735162d64f54f39efbb69f66ee8b87f3,Eukaryota;Arthropoda;Insecta;Diptera;NA;NA;NA
d4f1db9d47560dedc0c10b9f0c7c141b,Eukaryota;Oomycota;Peronosporales__c;Peronosporales;Peronosporaceae;NA;NA
d9d1a31e1bcccfb1d69009ce7cee8b74,Eukaryota;Oomycota;Peronosporales__c;Peronosporales;NA;NA;NA
06223e91230a73500f10bdb9e86ac69c,Eukaryota;Nemertea;Enopla;Monostilifera;NA;NA;NA
878f8eca6751a3609fbf17d5132f5d64,Eukaryota;Rhodophyta;Florideophyceae;Gigartinales;NA;NA;NA
266b7fbaffc5fddb8305d7c0c2c5c91a,Unknown;NA;NA;NA;NA;NA;NA
ac626a4032a91d93c0a755aeb38e98d2,Unknown;NA;NA;NA;NA;NA;NA
e9b852abd61e5628779ae70e93ba13c4,Unknown;NA;NA;NA;NA;NA;NA
83bb528789fcb1191aefce07f136d2d4,Eukaryota;Dinophyceae__p;Dinophyceae;NA;NA;NA;NA
fa8ab4dfbd317c401992e615e0e40f2f,Eukaryota;Oomycota;Peronosporales__c;Peronosporales;NA;NA;NA
e3414a49baf0275920f87bbd07c62446,Eukaryota;Phaeophyceae__p;Phaeophyceae;Ectocarpales;NA;NA;NA
8f48c473fd01067a4b2106a2d9375792,Eukaryota;Arthropoda;Arachnida;Araneae;NA;NA;NA
a052aa9f6ea44c1f604cd011bae58142,Eukaryota;Bacillariophyta;Bacillariophyceae;Bacillariales;Bacillariaceae;Pseudo_nitzschia;NA
2ee1c633473d1f61edc1fcb0a33d8c23,Unknown;NA;NA;NA;NA;NA;NA
cd1a73fc95ddd291a602eea8c221a733,Eukaryota;Rhodophyta;Bangiophyceae;Bangiales;NA;NA;NA
528ab6732f311567cd539096f913d03c,Eukaryota;Porifera;Demospongiae;Bubarida;NA;NA;NA
cb118e3f7fd1562b968662c42bbd21fb,Eukaryota;Bacillariophyta;Bacillariophyceae;Cymbellales;NA;NA;NA
eb57b942aa6f060c3142092b48431f3b,Eukaryota;Haptophyta;Phaeocystales__c;Phaeocystales;NA;NA;NA
d25401697ffcb3cca054aa7cb24e308e,Eukaryota;Oomycota;Peronosporales__c;Peronosporales;NA;NA;NA
b4a3c1575d9a044cbfd7fc21fcf0eedb,Eukaryota;Cnidaria;Hydrozoa;Leptothecata;Eirenidae;Eutonina;Eutonina indicans
90e5cb54ee491f229d55a4414550b476,Eukaryota;Arthropoda;Insecta;NA;NA;NA;NA
f12e14db95f079616e117504c76d151f,Eukaryota;Arthropoda;Insecta;NA;NA;NA;NA
dc80d743351b526cfa78b4c60c8d0d0b,Eukaryota;Cnidaria;Scyphozoa;Semaeostomeae;Ulmaridae;Phacellophora;Phacellophora camtschatica
3efa2300b937aaf118380d8c8de64238,Unknown;NA;NA;NA;NA;NA;NA
b0bdd84e8182f1f860ea0b0dc6d516bc,Eukaryota;Oomycota;Saprolegniales__c;Saprolegniales;NA;NA;NA
e146099aa5113ed9b6427031992e5d3a,Unknown;NA;NA;NA;NA;NA;NA
c273610246200d43a3d73673548e93ec,Unknown;NA;NA;NA;NA;NA;NA
9f1e7519856a53341ec1673988fa5fcc,Eukaryota;Annelida;Polychaeta;Spionida;Magelonidae;Magelona;Magelona sp_ 11BIOAK_1425
ea9754a3764bf159252ef7e79429268b,Eukaryota;Phaeophyceae__p;Phaeophyceae;Ectocarpales;NA;NA;NA
675c1ce10f899766771ad6a0b375b27e,Eukaryota;Arthropoda;Hexanauplia;Calanoida;Clausocalanidae;Pseudocalanus;Pseudocalanus mimus
54364f2e72e0b23d50357b330ae2cfae,Eukaryota;Chrysophyceae__p;Chrysophyceae;Chromulinales;NA;NA;NA
09635b8bb37238d7181d37b7811a0d93,Eukaryota;Oomycota;Pythiales__c;Pythiales;NA;NA;NA
9cdca2f175354ab6e387a2418487018f,Eukaryota;Arthropoda;Hexanauplia;Calanoida;Clausocalanidae;Pseudocalanus;Pseudocalanus mimus
932b9052a4c97009f08ede27e6ab20ec,Eukaryota;Nemertea;Enopla;Monostilifera;NA;NA;NA
7f0e162ce2fe57229891d3803c48467b,Eukaryota;Oomycota;Pythiales__c;Pythiales;NA;NA;NA
e7f9bfb964e71b4a4b41c4f033502cb3,Eukaryota;Nemertea;Enopla;Monostilifera;NA;NA;NA
f2f91166bcd773102384139db9ed8d90,Eukaryota;Phaeophyceae__p;Phaeophyceae;Ectocarpales;NA;NA;NA
6d33e5256c3b1adcef4c4b583f58e5b6,Eukaryota;Rhodophyta;Florideophyceae;Ceramiales;NA;NA;NA
3819947dd58245a40b32ca37e0361138,Unknown;NA;NA;NA;NA;NA;NA
8e26dbd2dd9d8b6254f48e3dd6f39886,Eukaryota;Rhodophyta;Florideophyceae;Ceramiales;NA;NA;NA
f71223c3d70f23ff08435709bb73a917,Eukaryota;Oomycota;Pythiales__c;Pythiales;NA;NA;NA
d132d2bec55e56deb053648fa1d66509,Eukaryota;Arthropoda;Insecta;Lepidoptera;NA;NA;NA
d9d6a23d11aad62c7dfd07776660c1b0,Eukaryota;Mollusca;Gastropoda;Architaenioglossa;NA;NA;NA
0eb9f2112d660a5d5cc3e26548473d62,Eukaryota;Bacillariophyta;Mediophyceae;Lithodesmiales;NA;NA;NA
140622621e21fd49e6cbab6050bc8803,Eukaryota;Rotifera;Eurotatoria;Ploima;Synchaetidae;NA;NA
e1d37c30f71099ad260c0c5dd19525ba,Unknown;NA;NA;NA;NA;NA;NA
831ea5e7f40d03d3fda4be0e00dd2bb4,Eukaryota;Arthropoda;Insecta;Lepidoptera;NA;NA;NA
554b1ba417eeb8f1eb30a89a3131d217,Unknown;NA;NA;NA;NA;NA;NA
5a57740e4ac6c6ff2846632cdc7608fb,Eukaryota;Arthropoda;Insecta;Coleoptera;NA;NA;NA
07a91479482bb0cd9e93d33bb2235a96,Eukaryota;Chrysophyceae__p;Chrysophyceae;Chromulinales;NA;NA;NA
bcdb00285067aa47a77603be2a0fe179,Eukaryota;Oomycota;Saprolegniales__c;Saprolegniales;NA;NA;NA
47b3fc2b7554fc45a16b39066a6ce9af,Eukaryota;Cnidaria;Hydrozoa;Leptothecata;NA;NA;NA
97d96ef949339a01c982212d0208e217,Eukaryota;Arthropoda;Hexanauplia;Calanoida;Clausocalanidae;Pseudocalanus;Pseudocalanus mimus
f31d08386c6f6def592d42db04e6b3fb,Eukaryota;Mollusca;Gastropoda;Planorbidae__o;NA;NA;NA
0bb13b92d2e85e2dace742d2fd6a0111,Unknown;NA;NA;NA;NA;NA;NA
813f3fe3526f96ba2b6bb9e7d59fb77a,Eukaryota;Mollusca;Gastropoda;Planorbidae__o;NA;NA;NA
d88844b74e3656ef3cad3f320010b337,Eukaryota;Mollusca;Gastropoda;NA;NA;NA;NA
36d3df3a404ffc4603ad2655cf57ab9e,Eukaryota;Bacillariophyta;Bacillariophyceae;Bacillariales;Bacillariaceae;Nitzschia;NA
ca93f664b4821d725c8921452b104f8d,Eukaryota;Rhodophyta;Florideophyceae;Gigartinales;NA;NA;NA
d10c5376369c9a5ce9f74e30f971489a,Eukaryota;Cnidaria;Hydrozoa;Leptothecata;NA;NA;NA
b56215c2a7780e0ab8139e1c542b52b1,Eukaryota;Cnidaria;Hydrozoa;Leptothecata;NA;NA;NA
6fef1876c933335024a4bd91358d58df,Eukaryota;Rhodophyta;Florideophyceae;Corallinales;NA;NA;NA
55d3ec3280a9523e133fe92863bc6faa,Eukaryota;Oomycota;Saprolegniales__c;Saprolegniales;NA;NA;NA
55ddb7adb5f6408f899c5936942480af,Unknown;NA;NA;NA;NA;NA;NA
59c8a9ff217042abda380be495b7b67b,Unknown;NA;NA;NA;NA;NA;NA
f950926ef9a51a5ac1a4cb813f84d555,Unknown;NA;NA;NA;NA;NA;NA
0799d34354f6b19312e2da60c85adf3a,Eukaryota;Arthropoda;Insecta;NA;NA;NA;NA
d4844a9be22e5e8f92354467d86ab6dd,Eukaryota;Arthropoda;Insecta;Diptera;NA;NA;NA
d5e87b604449753dbd321c439679ac02,Unknown;NA;NA;NA;NA;NA;NA
1ce4aceb7c606fcc78feb2ffd185360e,Eukaryota;Bacillariophyta;Mediophyceae;Lithodesmiales;NA;NA;NA
594a571f58b78221fbea57bfbb921786,Eukaryota;Cnidaria;Hydrozoa;Anthoathecata;NA;NA;NA
5283071896165c6e1848baeaccab5cce,Eukaryota;Cnidaria;Hydrozoa;Leptothecata;NA;NA;NA
c4010ddd8d083684f626b31452643704,Eukaryota;Arthropoda;Insecta;Coleoptera;NA;NA;NA
b7514fea6d61c3ec4359b21bd7d5913d,Eukaryota;Synurophyceae__p;Synurophyceae;Ochromonadales;NA;NA;NA
837a657dc81f316ffd2ee3b1ec173260,Eukaryota;Cnidaria;Hydrozoa;Leptothecata;Eirenidae;Eutonina;Eutonina indicans
ca544827eac376b31d30408761ca2e9c,Unknown;NA;NA;NA;NA;NA;NA
a1cfc33047ff4c94612639b7fcb7b942,Eukaryota;Arthropoda;Malacostraca;Amphipoda;NA;NA;NA
49dd8fb9f2eed73cba8da5346e93bd28,Unknown;NA;NA;NA;NA;NA;NA
d6425b29b96a27dbc29dd3f6b5cb8617,Eukaryota;Nematoda;Enoplea;Dorylaimida;Longidoridae;Xiphinema;Xiphinema brevicolle
08b973b677a86d8e213cc11a73ec18e2,Eukaryota;Arthropoda;Hexanauplia;Calanoida;Clausocalanidae;Pseudocalanus;Pseudocalanus mimus
efb5d5b3524ae4a12fefe9bb468466a6,Eukaryota;Cnidaria;Hydrozoa;Leptothecata;Eirenidae;Eutonina;Eutonina indicans
ee50f432d0ce58c4d4e09388a26238da,Eukaryota;Phaeophyceae__p;Phaeophyceae;Tilopteridales;NA;NA;NA
975fe86304e666884cbe1ffb02a4b32b,Eukaryota;Haptophyta;Phaeocystales__c;Phaeocystales;NA;NA;NA
76f55796ac5539a7c52189352ee08125,Eukaryota;Bacillariophyta;Bacillariophyceae;Bacillariales;Bacillariaceae;NA;NA
09f518b6754063771a0082bb8f973914,Eukaryota;Oomycota;Saprolegniales__c;Saprolegniales;NA;NA;NA
c5d6e39b0e70119704cbfdc1b187b130,Eukaryota;Chrysophyceae__p;Chrysophyceae;Chromulinales;NA;NA;NA
b64ccf621503fb4316b65462c5816526,Eukaryota;Bacillariophyta;Mediophyceae;Hemiaulales;NA;NA;NA
499ee4c237d0492a981959e05757ac73,Eukaryota;Nemertea;Enopla;NA;NA;NA;NA
388b7da115c37828609f721da4ab7a70,Eukaryota;Discosea;Himatismenida__c;Himatismenida;NA;NA;NA
9d00439b8be8390e0a431708bc961ab0,Eukaryota;Phaeophyceae__p;Phaeophyceae;Laminariales;NA;NA;NA
698184084cc3b2d3846892e54625f91f,Eukaryota;Echinodermata;Holothuroidea;Molpadida;Caudinidae;Paracaudina;Paracaudina chilensis
08b893e343430f4b4755e72def47141f,Environmental Unknown;NA;NA;NA;NA;NA;NA
0fd80e689ed275569e0ed3de1cb8743f,Eukaryota;Arthropoda;Insecta;Coleoptera;NA;NA;NA
be6b5f50cbc0be9319ecd7ce834cf9ef,Eukaryota;Cnidaria;Hydrozoa;Leptothecata;Eirenidae;Eutonina;Eutonina indicans
e751c956fd8944ec53a2607ac3a2350d,Eukaryota;Haptophyta;Isochrysidales__c;Isochrysidales;NA;NA;NA
c12199ea40723a31aa6179085e1bc191,Eukaryota;Discosea;Himatismenida__c;Himatismenida;Parvamoeba__f;NA;NA
1746a94e6cf3a8933227866acb3a74b6,Eukaryota;Mollusca;Gastropoda;Stylommatophora;NA;NA;NA
195cbe479a68cf8277efd48671521b1f,Eukaryota;Arthropoda;Insecta;NA;NA;NA;NA
8483b9acaecc0e4c5d737571afa1253b,Eukaryota;Arthropoda;Insecta;NA;NA;NA;NA
8caf4e0a607874fee76d71b327f0e398,Eukaryota;Mollusca;Gastropoda;Planorbidae__o;NA;NA;NA
fffc793f141ffbcefa392ea025c3879c,Unknown;NA;NA;NA;NA;NA;NA
778ab5408552e44ab4385564730e8447,Eukaryota;Arthropoda;NA;NA;NA;NA;NA
2350354650bd651b0bbb0f4753adb4cc,Eukaryota;Phaeophyceae__p;Phaeophyceae;Dictyotales;NA;NA;NA
2e608e49ffe32183a6db31a92b8c7b50,Eukaryota;Cnidaria;Hydrozoa;Leptothecata;Eirenidae;Eutonina;Eutonina indicans
6a1086492daea895cb36f4d750bd5ee2,Unknown;NA;NA;NA;NA;NA;NA
023b876e9c7cc37f2f2a272bf333d1d9,Eukaryota;Cnidaria;Hydrozoa;Leptothecata;Campanulariidae;NA;NA
84919f3abe73daba6b48ea3906504d31,Eukaryota;Bacillariophyta;Bacillariophyceae;Cymbellales;NA;NA;NA
538ace503caaad8067085488bae86439,Eukaryota;Arthropoda;Hexanauplia;Calanoida;Clausocalanidae;Pseudocalanus;Pseudocalanus mimus
570f4c1dd79629c876c2f5d54587434a,Eukaryota;Arthropoda;Insecta;Diptera;NA;NA;NA
e0cf266a4e84b8491402b88636ec5885,Eukaryota;Chrysoparadoxa__f__o__c__p;Chrysoparadoxa__f__o__c;Chrysoparadoxa__f__o;NA;NA;NA
19acfa17c09ccb4afc1c3d389d5c2049,Eukaryota;Annelida;Polychaeta;Terebellida;Ampharetidae;NA;NA
39021ef5d986d1558c65b6a465705096,Eukaryota;Cnidaria;Hydrozoa;Siphonophorae;NA;NA;NA
dfa5c3406f5453591feef42dc7b00d00,Eukaryota;Cnidaria;Hydrozoa;Anthoathecata;NA;NA;NA
d997a217a235f0cbe5a58a8fcbbda3a3,Eukaryota;Phaeophyceae__p;Phaeophyceae;Ectocarpales;Chordariaceae;NA;NA
2eec1a067249fd1f079ebc5390c9d8bf,Eukaryota;Arthropoda;Insecta;Diptera;NA;NA;NA
42d2852f2f749a5cdc46a149707ca97b,Eukaryota;Annelida;Polychaeta;Sabellida;Oweniidae;NA;NA
54aa94dc35acd750b47b8066c437d4e9,Unknown;NA;NA;NA;NA;NA;NA
8996a6532ad0c1c423f2dddabdde99e1,Eukaryota;Discosea;Flabellinia;Dactylopodida;NA;NA;NA
9df293fef3f07b86ad13ece666c93527,Unknown;NA;NA;NA;NA;NA;NA
6bb888c7be995c3c5408160d4f1fb30a,Eukaryota;Phaeophyceae__p;Phaeophyceae;Ectocarpales;NA;NA;NA
c1b40d966abc1dac52253fe4e1a23cfe,Eukaryota;Arthropoda;Hexanauplia;Calanoida;Clausocalanidae;Pseudocalanus;Pseudocalanus mimus
f0bb64fe1bcce666a3f2394c37c79429,Unknown;NA;NA;NA;NA;NA;NA
606e664cfa2de96a724045975e0715f0,Eukaryota;Arthropoda;Insecta;Lepidoptera;NA;NA;NA
8658857e90ddffd00ce0e3148fcf72dc,Unknown;NA;NA;NA;NA;NA;NA
7939e1238d048a3a7512e4bd73125a89,Eukaryota;Phaeophyceae__p;Phaeophyceae;Dictyotales;NA;NA;NA
a0f5a36b6e8621978349a17dfe468fb7,Eukaryota;Oomycota;Peronosporales__c;Peronosporales;NA;NA;NA
6f2702a587236103f83c0672b1b48966,Eukaryota;Cnidaria;Hydrozoa;Leptothecata;Eirenidae;Eutonina;Eutonina indicans
57920238d77fbc867d0c40cd913409b8,Eukaryota;Arthropoda;Arachnida;Araneae;NA;NA;NA
57f7af0d14879f6f20c85684deaca5a4,Eukaryota;Rhodophyta;Florideophyceae;Ceramiales;NA;NA;NA
8c9e2192fc370f12b4013d245f053927,Eukaryota;Arthropoda;Insecta;Lepidoptera;NA;NA;NA
761cafe4588a84c109dda5b36f2101e6,Unknown;NA;NA;NA;NA;NA;NA
c01f3b4c9c4d1b01d6174e611ed29ddd,Eukaryota;Haptophyta;Prymnesiales__c;Prymnesiales;NA;NA;NA
cb8d5505ca51f0762e1219e00ac094bb,Unknown;NA;NA;NA;NA;NA;NA
546d25c2b2e81cf294c43463e59cda21,Eukaryota;Arthropoda;Insecta;Diptera;NA;NA;NA
a466f12e1311ee3a2331b417f332cc49,Unknown;NA;NA;NA;NA;NA;NA
ea3ee62950014f29a51a13a7ffcb9969,Eukaryota;Arthropoda;Insecta;NA;NA;NA;NA
582d5779e156d5c4651c740d5b1f9a77,Eukaryota;Haptophyta;Prymnesiales__c;Prymnesiales;NA;NA;NA
3857f305ccc1054e3654a17e55a09fcc,Eukaryota;Arthropoda;Insecta;Hymenoptera;NA;NA;NA
e283d47d15b18c066b397e9e37d97954,Eukaryota;Mollusca;Gastropoda;Planorbidae__o;NA;NA;NA
27995dbded1ac03bebc29127e006a01e,Unknown;NA;NA;NA;NA;NA;NA
f49c31fdd40c5bb59f17fd99ef4a5b36,Eukaryota;Cnidaria;Hydrozoa;Anthoathecata;Pandeidae;Stomotoca;Stomotoca atra
f41ec497e773d61d859f651136cef1ab,Eukaryota;Bacillariophyta;Coscinodiscophyceae;Rhizosoleniales;Rhizosoleniaceae;NA;NA
3f50296c35dd38a2b33a57668ccebb09,Eukaryota;Arthropoda;Insecta;Coleoptera;NA;NA;NA
ae466e53326bdf0d8e0cc972d45602f9,Eukaryota;Nemertea;Palaeonemertea;Tubulaniformes;Tubulanidae;Tubulanus;Tubulanus sp_ 2 TCH_2015
8633fe26eff6423e825f62a6fed0bc7c,Eukaryota;Arthropoda;Insecta;Diptera;NA;NA;NA
b52a4ba902e938cb02fc0738398374d9,Eukaryota;Arthropoda;Insecta;Diptera;NA;NA;NA
ae015b45755164886df4f29fe597ec63,Eukaryota;Arthropoda;Hexanauplia;Calanoida;Clausocalanidae;Pseudocalanus;Pseudocalanus mimus
5f2afd187c0f3d6239e9cd8e3bd5e51f,Eukaryota;Arthropoda;Insecta;Lepidoptera;NA;NA;NA
23eedc4a6d35ea31e2cd30b3e7a7d819,Eukaryota;Bacillariophyta;Coscinodiscophyceae;Chaetocerotales;NA;NA;NA
27832e58641675d168106c247ce3d6e1,Eukaryota;Haptophyta;Isochrysidales__c;Isochrysidales;Noelaerhabdaceae;NA;NA
388418c0042ad59b80f259f48f0ea135,Eukaryota;Arthropoda;Arachnida;Araneae;NA;NA;NA
7e233f72443448f0684876c370388165,Eukaryota;Rhodophyta;Florideophyceae;Peyssonneliales;NA;NA;NA
5bca3fc556cc6098e27201362f2a69ec,Eukaryota;Chordata;Aves;NA;NA;NA;NA
9c80ef615cc21359faf61161cb34c66e,Eukaryota;Ascomycota;Lecanoromycetes;Lecanorales;NA;NA;NA
b162761e3a331db86894711748671d04,Eukaryota;Oomycota;Saprolegniales__c;Saprolegniales;NA;NA;NA
18c66e534f6287151b221402f801c811,Eukaryota;Arthropoda;Insecta;Coleoptera;NA;NA;NA
70a1e6407c40f53377a569d9b0d52c0d,Eukaryota;Cnidaria;Hydrozoa;Leptothecata;NA;NA;NA
68bd8d83fcd2721c330386839e30791d,Eukaryota;Onychophora;Udeonychophora;NA;NA;NA;NA
3dda7925fec529562aba5a46a3675ec0,Unknown;NA;NA;NA;NA;NA;NA
99327a7bfb74df25d34fde3786742ea4,Eukaryota;Arthropoda;Arachnida;Araneae;NA;NA;NA
ecec02f1751487d0461b4d15b89e1c8a,Eukaryota;Discosea;Longamoebia__c;Longamoebia;NA;NA;NA
96e3dc03d432c49abd2854467299a5e8,Unknown;NA;NA;NA;NA;NA;NA
9a4a1d0ed78ca23d9e12485ccaca70a6,Eukaryota;Cnidaria;Hydrozoa;Leptothecata;Clytiidae;Clytia;Clytia gregaria
30f65e0574a1d154c3813c5d07c3bce1,Eukaryota;Arthropoda;Hexanauplia;Calanoida;Clausocalanidae;Pseudocalanus;Pseudocalanus newmani
4c21e1302f2153cc774e860a2729ea62,Eukaryota;Bacillariophyta;Coscinodiscophyceae;NA;NA;NA;NA
2243aba2ce3c3f84269c83620f2279d3,Eukaryota;Arthropoda;Hexanauplia;Calanoida;Clausocalanidae;Pseudocalanus;Pseudocalanus mimus
b36ea8d24552beb5dc9d667be88f1aff,Eukaryota;Rhodophyta;Bangiophyceae;Bangiales;NA;NA;NA
3d4f07f192381777f6c05fba15274a27,Eukaryota;Arthropoda;Hexanauplia;Calanoida;Clausocalanidae;Pseudocalanus;Pseudocalanus mimus
4f0754d324c695bb69de375ad53798f3,Unknown;NA;NA;NA;NA;NA;NA
67e2621bb22e8a3d084953bf37227b60,Eukaryota;Cnidaria;Hydrozoa;Leptothecata;Eirenidae;Eutonina;Eutonina indicans
03283de3f02df93951a449c10aa1e0a1,Environmental Unknown;NA;NA;NA;NA;NA;NA
488b7b8efcbc3ae2020bed5edc19b0b6,Eukaryota;Arthropoda;Arachnida;Araneae;NA;NA;NA
23920ffed97f7d8fab1f6645d60ad22d,Eukaryota;Arthropoda;Hexanauplia;Calanoida;Clausocalanidae;Pseudocalanus;Pseudocalanus mimus
d2412e5fa3168a70b406748f2e33d0a3,Eukaryota;Chrysophyceae__p;Chrysophyceae;Chromulinales;Paraphysomonadaceae;NA;NA
1ea0c22e33879ea9c4b1e06747a6c307,Eukaryota;Arthropoda;Hexanauplia;Calanoida;Clausocalanidae;Pseudocalanus;Pseudocalanus mimus
effa0e507f72bfc3646d072d168beedf,Unknown;NA;NA;NA;NA;NA;NA
d887604e1ae821e9fe6b56e196dfa45a,Eukaryota;Porifera;Demospongiae;Dendroceratida;NA;NA;NA
d0060dc89dac32e6a517cd6dbeb580ea,Eukaryota;Arthropoda;Arachnida;Araneae;NA;NA;NA
a5bbc697a201720e8f25f9b52ab7be16,Unknown;NA;NA;NA;NA;NA;NA
e8b8c18952e8b964f8c0825df234cfbd,Eukaryota;Oomycota;Peronosporales__c;Peronosporales;NA;NA;NA
58a4ea4ce30a741583673626b350e027,Eukaryota;Annelida;Polychaeta;Spionida;Spionidae;Spiophanes;Spiophanes hakaiensis
8efb44a28ac8a53ea10ea1eb94ae0ff7,Eukaryota;Arthropoda;Arachnida;Araneae;NA;NA;NA
1756fd47ff5756a886f934dee38eab4d,Eukaryota;Oomycota;Peronosporales__c;Peronosporales;NA;NA;NA
f47616e8fa458b90708efdd0dd8ee1bb,Eukaryota;Rotifera;Eurotatoria;Ploima;Synchaetidae;NA;NA
c966058d6bdcd23320f271069775253f,Eukaryota;Basidiomycota;Agaricomycetes;Agaricales;Psathyrellaceae;NA;NA
f7b8a216ac4f3dad7ff1cd117c25ce42,Unknown;NA;NA;NA;NA;NA;NA
4ffcd745c335fde7f54831dd71d26075,Eukaryota;Oomycota;Haptoglossa__f__o__c;Haptoglossa__f__o;NA;NA;NA
b9edf35fef437dca61b96916abba01cd,Eukaryota;Chordata;Mammalia;Artiodactyla;Phocoenidae;Phocoenoides;Phocoenoides dalli
835311e43b5f38b243909b824cbd0135,Eukaryota;Phaeophyceae__p;Phaeophyceae;Ectocarpales;NA;NA;NA
4b518d4c8b8833dfd147474ae6f37c0b,Eukaryota;Onychophora;Udeonychophora;Euonychophora;NA;NA;NA
4772d118950f22bb245f330f4c79753d,Eukaryota;Oomycota;Peronosporales__c;Peronosporales;NA;NA;NA
1882ea784a1501a0eeafc5432c914cd8,Eukaryota;Cnidaria;Hydrozoa;NA;NA;NA;NA
fb30630076e0ff13298f8903b2cfe4b8,Eukaryota;Chrysophyceae__p;Chrysophyceae;Chromulinales;NA;NA;NA
18c5060e2de1505b9535e5c979696988,Unknown;NA;NA;NA;NA;NA;NA
170ba0ae2686cd63369703216e8027a1,Eukaryota;Discosea;Flabellinia;Dactylopodida;Paramoebidae;NA;NA
b066151a8a5f3844253b71d877e82951,Eukaryota;Nemertea;Enopla;Monostilifera;NA;NA;NA
70a48b5b2269b5e065e308a827a30ada,Eukaryota;Arthropoda;Insecta;Diptera;NA;NA;NA
2da2e8f28c497df9e8ae1a84bc4f879c,Eukaryota;Phaeophyceae__p;Phaeophyceae;Ectocarpales;NA;NA;NA
905b056ae0be21543d2f081f40f1167e,Unknown;NA;NA;NA;NA;NA;NA
1ff32cb43930accfeaa678bdc0b1782a,Eukaryota;Mollusca;Gastropoda;Triphoridae__o;NA;NA;NA
bfa35532806642fab4e1f60eef667ac2,Eukaryota;Arthropoda;Insecta;Lepidoptera;NA;NA;NA
26d5e69823aff33ec267fc5edab90339,Eukaryota;Arthropoda;Insecta;Diptera;NA;NA;NA
2ab244146e18829e779bbff95c114f71,Eukaryota;Arthropoda;Malacostraca;Amphipoda;Corophiidae;Protomedeia;Protomedeia sp_ FLMNH 59974
d2952c1784bdfb9e03cd56f9ff8cb7df,Eukaryota;Oomycota;Pythiales__c;Pythiales;NA;NA;NA
256e7d85c7d76c0d6cefbbbdfbc52cee,Eukaryota;Mollusca;Bivalvia;Adapedonta;NA;NA;NA
61ac6057d09dd8b90918ebd89185ad37,Eukaryota;Arthropoda;Insecta;Diptera;NA;NA;NA
692e762a413167ca01edaad6e43cd1a7,Eukaryota;Mollusca;Gastropoda;Stylommatophora;NA;NA;NA
39ee5fb70a45a52630f959832b71aec8,Eukaryota;Raphidophyceae__p;Raphidophyceae;Haramonas__f__o;NA;NA;NA
f094e3f4850195b628b6b727228f2fcb,Eukaryota;Porifera;Demospongiae;Bubarida;NA;NA;NA
b9f93214262094f0dc12c86f36f4fd5a,Eukaryota;Chlorophyta;Mamiellophyceae;Mamiellales;Bathycoccaceae;Bathycoccus;Bathycoccus prasinos
cb4ff557ef06d4abb2f6770fe32b47f6,Eukaryota;Rhodophyta;Bangiophyceae;Bangiales;NA;NA;NA
1b71895ed89916f747cfc542bc1dea56,Unknown;NA;NA;NA;NA;NA;NA
f3c43585fb9fa9d47052ca47bbc40e0a,Environmental Unknown;NA;NA;NA;NA;NA;NA
39890c469eb137736c9e35c00a84f5b9,Eukaryota;Arthropoda;Insecta;Lepidoptera;NA;NA;NA
30825c9098cb19c459e0a8b771c71217,Eukaryota;Chrysophyceae__p;Chrysophyceae;Chromulinales;Chromulinaceae;NA;NA
364669522385dc9048d1f70710befa41,Eukaryota;Chlorophyta;Mamiellophyceae;Mamiellales;Bathycoccaceae;Bathycoccus;Bathycoccus prasinos
c8bdc1e732a69977c422614b1d9a0737,Eukaryota;Chrysoparadoxa__f__o__c__p;Chrysoparadoxa__f__o__c;Chrysoparadoxa__f__o;NA;NA;NA
2132dd2456367bf1eddb2c6beaf6456e,Eukaryota;Arthropoda;Insecta;Diptera;NA;NA;NA
d28bf5c0109da02643f54e9afff61ad8,Eukaryota;Chlorophyta;Trebouxiophyceae;Chlorellales;Chlorellaceae;NA;NA
62b1d64cca0b97b67313bb64719c7323,Eukaryota;Oomycota;Haptoglossa__f__o__c;Haptoglossa__f__o;NA;NA;NA
80b46c169fdd4dec7d90aa0cb714a7d3,Eukaryota;Haptophyta;Prymnesiales__c;Prymnesiales;NA;NA;NA
ed2ebbd6841947433b9cc9941f249335,Unknown;NA;NA;NA;NA;NA;NA
08dc2fd9fa6f0560164ac28c7aeb64f3,Eukaryota;Arthropoda;Insecta;NA;NA;NA;NA
87dddbced68afc42f09b54af7b3126d9,Eukaryota;Arthropoda;Insecta;NA;NA;NA;NA
b0d19ab6fa397e7c9490835154ebdc0b,Environmental Unknown;NA;NA;NA;NA;NA;NA
173eda95633abbf6421673501ac60bd3,Eukaryota;Haptophyta;Prymnesiales__c;Prymnesiales;NA;NA;NA
708aa2516b341b1a88aa600e6a7f3744,Eukaryota;Cnidaria;Hydrozoa;Leptothecata;Eirenidae;Eutonina;Eutonina indicans
385c6a7c2efca99324a3efc36039db8d,Eukaryota;Chlorophyta;Pyramimonadophyceae;Pyramimonadales;NA;NA;NA
a42a1c23db31b5aac5913750144cc499,Unknown;NA;NA;NA;NA;NA;NA
da0a234a1350d708b49de25604290ad8,Eukaryota;Rhodophyta;Bangiophyceae;Bangiales;Bangiaceae;NA;NA
fd4ed21185821e1f5c23519634ef7cc3,Eukaryota;Dinophyceae__p;Dinophyceae;Gymnodiniales;Gymnodiniaceae;Margalefidinium;Margalefidinium polykrikoides
4cd9b4f421e92abf090861e5bdfa1f51,Unknown;NA;NA;NA;NA;NA;NA
378cf89587c7de81d5c7cf8ef50d8f97,Eukaryota;Cnidaria;Hydrozoa;Anthoathecata;Pandeidae;Leuckartiara;Leuckartiara longicalcar
9eafd05334fca145318cf10beb0569c7,Unknown;NA;NA;NA;NA;NA;NA
e58ca22203ce68c2a55ff3a5a15997de,Eukaryota;Oomycota;Pythiales__c;Pythiales;NA;NA;NA
46e762cca96a3efae9e71c79fe6a5682,Eukaryota;Nemertea;Palaeonemertea;Carinomiformes;Carinomidae;Carinoma;Carinoma sp_ 5 TCH_2015
ec2c6ce11f560ff7196cc8f62f3c04f7,Unknown;NA;NA;NA;NA;NA;NA
9d2cf49ffbba4e4327af3a5232c5511e,Eukaryota;Discosea;Longamoebia__c;Longamoebia;Acanthamoebidae;Acanthamoeba;NA
58df01bfe9d87e73a2beeca5027a8f67,Eukaryota;Cnidaria;Scyphozoa;Semaeostomeae;NA;NA;NA
c514cff6d025c4b2795bb2d3a14d551b,Eukaryota;Mollusca;Gastropoda;Stylommatophora;NA;NA;NA
dba768969bdc129ced3192217c9ba030,Eukaryota;Mollusca;Gastropoda;NA;NA;NA;NA
502b12a2f1dad2fc33ac8a40861951b8,Eukaryota;Bacillariophyta;Coscinodiscophyceae;Coscinodiscales;NA;NA;NA
1e79597a2ea7458fbc5d4624e94854d2,Eukaryota;Phaeophyceae__p;Phaeophyceae;Ectocarpales;NA;NA;NA
c56c81169adeeba032b720e844d16015,Eukaryota;Porifera;Demospongiae;Axinellida;NA;NA;NA
41b060e7a201a94fc0e6d8e99aeda76e,Eukaryota;Arthropoda;Hexanauplia;Calanoida;Clausocalanidae;Pseudocalanus;Pseudocalanus mimus
b4e1c1fce3e574704035124ee165f2ca,Eukaryota;Arthropoda;Insecta;Diptera;NA;NA;NA
8c6ab9c201b7f21521f25518b09ef8ac,Eukaryota;Arthropoda;Insecta;Hymenoptera;NA;NA;NA
25762810d639a84c47c608f6d4433870,Eukaryota;Arthropoda;Arachnida;NA;NA;NA;NA
7808c9dccc7e7700153bfd5fbced347d,Eukaryota;Phaeophyceae__p;Phaeophyceae;Ectocarpales;NA;NA;NA
9e2a36f35bd1e14c12bb1bad93fa6a9a,Unknown;NA;NA;NA;NA;NA;NA
52b34f06222f99556825f4dd7feb39df,Eukaryota;Annelida;Polychaeta;Phyllodocida;Glyceridae;Glycera;Glycera capitata
a7432b283c0716ddc4ef7044eea341eb,Eukaryota;Evosea;Eumycetozoa;Physariida;NA;NA;NA
b2bf33ea90191b50b3f3f1a09795add3,Eukaryota;Bacillariophyta;Coscinodiscophyceae;Coscinodiscales;NA;NA;NA
15e5e0867e886e864de925523dce7c20,Eukaryota;Mollusca;Gastropoda;Planorbidae__o;NA;NA;NA
8add2ed8e059074981cc6ae83f187244,Unknown;NA;NA;NA;NA;NA;NA
d86373e3441b00c30fbb509df684b721,Eukaryota;Arthropoda;Insecta;Diptera;NA;NA;NA
ef12805951369b7944c9651a51e93bae,Eukaryota;Rhodophyta;Florideophyceae;Ceramiales;NA;NA;NA
7786b7cb57b5ee2d5b9bf9f99064e993,Eukaryota;Cnidaria;Hydrozoa;Anthoathecata;Pandeidae;Stomotoca;Stomotoca atra
f156b2335c07edb8cac2712affbea2c4,Eukaryota;Arthropoda;Diplopoda;NA;NA;NA;NA
586af7e52515a5f2725391d25194e5e4,Unknown;NA;NA;NA;NA;NA;NA
57b7a7d143b3713344541efa175ff83f,Eukaryota;Cnidaria;Hydrozoa;Anthoathecata;NA;NA;NA
cc784468ff333c5cbd45d933eea17914,Unknown;NA;NA;NA;NA;NA;NA
ff0cedb0eff610b92077e2d392c05452,Eukaryota;Arthropoda;Arachnida;Araneae;NA;NA;NA
df53f6807df46013ff3f66adc5cd51de,Eukaryota;Discosea;Himatismenida__c;NA;NA;NA;NA
7d34aa16872b42c0cc2cca5175842433,Unknown;NA;NA;NA;NA;NA;NA
a6b8107b32642e03f54aaa823baaac3e,Eukaryota;Arthropoda;Hexanauplia;Calanoida;Clausocalanidae;Pseudocalanus;Pseudocalanus mimus
d84015490afab50413e614522afa3cb0,Eukaryota;Arthropoda;Insecta;Coleoptera;NA;NA;NA
5e2fa18aa764493cf769d0c4c68c83db,Eukaryota;Haptophyta;Prymnesiales__c;Prymnesiales;NA;NA;NA
192ae1dc0e49b165b91a2e0374e103bb,Unknown;NA;NA;NA;NA;NA;NA
4cc2bef57d683726f66c6808c98c0348,Eukaryota;Arthropoda;Insecta;Lepidoptera;NA;NA;NA
52af8791e1a5d4b36f02244f3f2761e1,Unknown;NA;NA;NA;NA;NA;NA
22b9e50e9e8a691a18dcce8b409c45b1,Eukaryota;Arthropoda;Malacostraca;Decapoda;NA;NA;NA
c10112b562c90f4627e4f368506b1b4c,Eukaryota;Cnidaria;Hydrozoa;Anthoathecata;Pandeidae;Stomotoca;Stomotoca atra
35db6d9def548bedb887ea0a403b56c0,Eukaryota;Arthropoda;Hexanauplia;Calanoida;Clausocalanidae;Pseudocalanus;NA
1f75d598319c58de85982d2b7e5db80a,Eukaryota;Mollusca;Gastropoda;Planorbidae__o;NA;NA;NA
e5b5945d1c74bc0d43f06cea88b34732,Eukaryota;Bacillariophyta;Mediophyceae;Lithodesmiales;NA;NA;NA
05ccbe99cf3ac57ab7fe9a7e97929f5e,Eukaryota;Arthropoda;Insecta;Hemiptera;NA;NA;NA
0025bf4c7b860824bdeeb8663b2f1811,Eukaryota;Arthropoda;Malacostraca;Stomatopoda;NA;NA;NA
1fd7c7bc0e019570749c8b17e7f7b87f,Eukaryota;Cnidaria;Hydrozoa;Anthoathecata;NA;NA;NA
d665c257f1b7cf3b9f44a8e38d2dd76e,Eukaryota;Arthropoda;Arachnida;NA;NA;NA;NA
105b2380a5855ec3c1aeb2bb10a35d80,Eukaryota;Arthropoda;Insecta;Hemiptera;NA;NA;NA
90332ae6e9b8c1ade470b1d0f36d7a3d,Eukaryota;Discosea;Himatismenida__c;Himatismenida;NA;NA;NA
2431ea7800f523264f533a9945620716,Unknown;NA;NA;NA;NA;NA;NA
77c8cb6a43a5ecf4726a87a700fb4180,Eukaryota;Rhodophyta;Florideophyceae;Halymeniales;NA;NA;NA
28589faaa266404ed97119296f37bf5e,Eukaryota;Arthropoda;Insecta;NA;NA;NA;NA
fadae46f7f868a6fd4358bbc260804a5,Eukaryota;Oomycota;Peronosporales__c;Peronosporales;NA;NA;NA
217a1258ff4979c9920b7cf789493140,Unknown;NA;NA;NA;NA;NA;NA
cf5e4a6dfa8bfaa63797b6fb4d281f3b,Unknown;NA;NA;NA;NA;NA;NA
71e47ef98131db9bdbe51c74f527e0ee,Eukaryota;Cnidaria;Hydrozoa;Leptothecata;Clytiidae;Clytia;Clytia gregaria
9a389c6c92d4c1b29b51af6cd481a9c9,Eukaryota;Rhodophyta;Florideophyceae;Ceramiales;NA;NA;NA
24ad5047eb1d6ee7186dc35c29151d88,Eukaryota;Mucoromycota;Mucoromycetes;Mucorales;NA;NA;NA
46a66d701e1347b1ae0701ce5aa4a685,Eukaryota;Phaeophyceae__p;Phaeophyceae;Ectocarpales;NA;NA;NA
3da80554880dc31d074cfa96ee833ed8,Eukaryota;Cnidaria;Anthozoa;Actiniaria;Halcampidae;Halcampa;Halcampa chrysanthellum
fdbea5f858b64bbd305dca0d2fdfd748,Eukaryota;Cnidaria;Hydrozoa;Leptothecata;Eirenidae;Eutonina;Eutonina indicans
3f26bb0a8ed36d5e50938c148305c164,Eukaryota;Phaeophyceae__p;Phaeophyceae;Ectocarpales;NA;NA;NA
c49b2a11b7a6ae385839fe7c3a753ba2,Eukaryota;Haptophyta;Phaeocystales__c;Phaeocystales;NA;NA;NA
4ae6ebc45a3bef0cda42cab8d98c25ba,Unknown;NA;NA;NA;NA;NA;NA
9b8920699bbd00e412b9b9756d6fafd1,Eukaryota;Ascomycota;Eurotiomycetes;NA;NA;NA;NA
06fb3605685c8fdf1bcce3fea57d7c05,Eukaryota;Basidiomycota;Agaricomycetes;Russulales;NA;NA;NA
6610cb23853e93f8ec34c6b263e4f7de,Eukaryota;Oomycota;Lagenidiales__c;Lagenidiales;NA;NA;NA
4065d1b8017ea113bca9cd50d5b2f809,Eukaryota;Chrysoparadoxa__f__o__c__p;Chrysoparadoxa__f__o__c;Chrysoparadoxa__f__o;NA;NA;NA
abe38879ec1c56ceea50dd0d79971492,Eukaryota;Arthropoda;Arachnida;Ixodida;NA;NA;NA
8c473535c0e242f5451a32a13d7a9e7b,Eukaryota;Arthropoda;Insecta;NA;NA;NA;NA
a87a58da5e6cf8e63adc6839095d6a20,Eukaryota;Arthropoda;Hexanauplia;Calanoida;NA;NA;NA
b0f390de1c08d056936c0f3107adda42,Eukaryota;Discosea;Himatismenida__c;Himatismenida;NA;NA;NA
c43dddd3a4d4431fd20cd56163b61b3d,Eukaryota;Rhodophyta;Florideophyceae;Peyssonneliales;NA;NA;NA
7e758ae2c58840e021b0aca37c9d13f8,Eukaryota;Bacillariophyta;Mediophyceae;Lithodesmiales;NA;NA;NA
63afaf50eb0e71a492cdcf53b4edac03,Environmental Unknown;NA;NA;NA;NA;NA;NA
f44fafc3bfcef59bde914167f7024aad,Eukaryota;Nemertea;Pilidiophora;Heteronemertea;Lineidae;Maculaura;Maculaura alaskensis
f3d43feb16a85471294d91dc4f10697f,Eukaryota;Oomycota;Saprolegniales__c;Saprolegniales;NA;NA;NA
c74e32d36e5049908833f3c5acea335d,Eukaryota;Arthropoda;Insecta;Diptera;NA;NA;NA
461a3def766d26b1fdaa1935b650284a,Unknown;NA;NA;NA;NA;NA;NA
17edc314812f7e47600bcd8e83d07e9a,Unknown;NA;NA;NA;NA;NA;NA
ec8924d60d3f1040ea32083a83fcf1fc,Eukaryota;Bacillariophyta;Mediophyceae;Lithodesmiales;NA;NA;NA
afbd6ef27519d6a898506fac736383cc,Eukaryota;Arthropoda;Hexanauplia;Calanoida;Clausocalanidae;Pseudocalanus;Pseudocalanus mimus
173dc7888e42bfd947fbfbaa1c8c3934,Eukaryota;Cnidaria;Hydrozoa;Leptothecata;NA;NA;NA
f9b1f655c1e392e990295f58d54ca144,Unknown;NA;NA;NA;NA;NA;NA
9e2b3b2815eb743f7549e88358546cd2,Environmental Unknown;NA;NA;NA;NA;NA;NA
326a3594f693790cb14bdca6d2768077,Eukaryota;Phaeophyceae__p;Phaeophyceae;Desmarestiales;NA;NA;NA
df4a5f88ceabcea5e5793629eb8416cb,Eukaryota;Phaeophyceae__p;Phaeophyceae;Ectocarpales;NA;NA;NA
d183ee968dd6b276e164d445803ce6c3,Unknown;NA;NA;NA;NA;NA;NA
6507ef1ed298cc632e81ede61e7842fb,Eukaryota;Oomycota;Peronosporales__c;Peronosporales;NA;NA;NA
d13dadd7c12fed2f2de0023d935e8d55,Eukaryota;Porifera;Homoscleromorpha;Homosclerophorida;NA;NA;NA
18fb756178a45bc6f925c2dc721823e4,Eukaryota;Mollusca;Gastropoda;Valvatidae__o;NA;NA;NA
547f61cae5a99b138a994ba0df5873ba,Eukaryota;Arthropoda;Insecta;Lepidoptera;NA;NA;NA
255a8ee6a15a3c7e14ef3d6f37c56650,Eukaryota;Arthropoda;Insecta;Lepidoptera;NA;NA;NA
88059bba1949843031a9eaec0ba1558f,Unknown;NA;NA;NA;NA;NA;NA
cd7a1310d0bc9615fc043300b2915079,Eukaryota;Arthropoda;Hexanauplia;Calanoida;Clausocalanidae;Pseudocalanus;Pseudocalanus newmani
3cc07eececad853641c7ad9569dc1c62,Eukaryota;Haptophyta;Prymnesiales__c;Prymnesiales;NA;NA;NA
5ef563411e9f9a76a2b00eec59738be8,Eukaryota;Arthropoda;Insecta;Coleoptera;NA;NA;NA
6dd4fb71325b7981b9281f049e70118d,Unknown;NA;NA;NA;NA;NA;NA
d0e6dfd203c8349aadf853906dece0d1,Unknown;NA;NA;NA;NA;NA;NA
bdc380bd91c538b9c578d445c9436b25,Eukaryota;Arthropoda;Insecta;Lepidoptera;NA;NA;NA
dff08c15859e604585fa6f145bf8cfbe,Eukaryota;Phaeophyceae__p;Phaeophyceae;Ectocarpales;NA;NA;NA
14668926326d12816f601b7a1378f678,Eukaryota;Phaeophyceae__p;Phaeophyceae;Ectocarpales;NA;NA;NA
818a9544b2abf5d4f49bdbfa04639046,Eukaryota;Oomycota;Haptoglossa__f__o__c;Haptoglossa__f__o;NA;NA;NA
5fe5cf9766fd4624e8a76a75ca0f7447,Eukaryota;Discosea;Longamoebia__c;Longamoebia;NA;NA;NA
153bded5a64dbfd24e08fafd3c0f7704,Unknown;NA;NA;NA;NA;NA;NA
1f1ea56da7f0b2e9b8a6c949cb323a2d,Eukaryota;Tubulinea;Elardia;Arcellinida;NA;NA;NA
2defc731e3579a60688d50a8f57b7990,Eukaryota;Cnidaria;Hydrozoa;Anthoathecata;Pandeidae;Halitholus;Halitholus sp_ PS_2018
d89b3d1a7f46967322debf8f43575a6d,Eukaryota;Discosea;Longamoebia__c;Longamoebia;NA;NA;NA
41dd5ee8ea77b661215cb912bbbf0532,Unknown;NA;NA;NA;NA;NA;NA
03126b15ce89af27472a7ff5a6772f87,Eukaryota;Chlorophyta;Trebouxiophyceae;Chlorellales;NA;NA;NA
c0756675bdf6d7dc7cb55830af49c48e,Eukaryota;Arthropoda;Insecta;Lepidoptera;NA;NA;NA
d5da71786b6802e8650ea54f3138c1e9,Eukaryota;Arthropoda;Hexanauplia;Calanoida;Clausocalanidae;Pseudocalanus;Pseudocalanus mimus
dc8a1420590eb5e3116c7fe0e77a580c,Eukaryota;Arthropoda;Insecta;Diptera;NA;NA;NA
6d127cbff16e5a5af38412680a55afe3,Eukaryota;Oomycota;Saprolegniales__c;Saprolegniales;NA;NA;NA
7a55ae4ccaee441f8e3edbdbf05585f8,Eukaryota;Oomycota;Peronosporales__c;Peronosporales;NA;NA;NA
afe8515568a274a2e61785106205dd82,Unknown;NA;NA;NA;NA;NA;NA
e9e388b884c073a47b404a5fa44f3130,Eukaryota;Phaeophyceae__p;Phaeophyceae;Ectocarpales;Chordariaceae;NA;NA
b383922a183199d496f7c64c64a880ff,Eukaryota;Mollusca;Bivalvia;Mytilida;Mytilidae;Adula;Adula californiensis
5f55b0ed25bc96eee31f5b0a83d15d39,Eukaryota;Cnidaria;Hydrozoa;Anthoathecata;NA;NA;NA
11be9bd092c689ff008e678008573e9b,Eukaryota;Arthropoda;Arachnida;Araneae;NA;NA;NA
aa506a735918c0a03f09c3f90a1eff7a,Eukaryota;Arthropoda;Hexanauplia;Calanoida;Clausocalanidae;Pseudocalanus;Pseudocalanus mimus
84f631aad0594ba34a76222d378c3c16,Eukaryota;Arthropoda;Insecta;NA;NA;NA;NA
d4d5e1095bdf5cbfaa89b8ac2651ddcc,Eukaryota;Dinophyceae__p;Dinophyceae;Gymnodiniales;Gymnodiniaceae;Lepidodinium;Lepidodinium chlorophorum
0a6054fb83df3b7292b53ab9fd20e98d,Eukaryota;Arthropoda;Hexanauplia;Calanoida;Temoridae;NA;NA
1c9c7e8a9a2af4904596c7b980d4f77c,Unknown;NA;NA;NA;NA;NA;NA
6c6d22ee16656d9ee1ab5a2aa34e6630,Eukaryota;Phaeophyceae__p;Phaeophyceae;Dictyotales;NA;NA;NA
9122d805ea33c0c7f2e41765c1bb3db6,Unknown;NA;NA;NA;NA;NA;NA
d8d2618303af7eb2767bf53863e5bb0e,Unknown;NA;NA;NA;NA;NA;NA
a4257612fadf4f439e22fb48752cc432,Eukaryota;Mollusca;Gastropoda;Stylommatophora;NA;NA;NA
6883621f074e43527eb78bec0667007c,Eukaryota;Haptophyta;Phaeocystales__c;Phaeocystales;NA;NA;NA
ec539b51c390a71c9643abd7b6b823e1,Eukaryota;Arthropoda;Hexanauplia;Calanoida;Clausocalanidae;Pseudocalanus;Pseudocalanus mimus
2dd903343082bf5b0fb65d1bf6dec887,Unknown;NA;NA;NA;NA;NA;NA
e1123f806f447a4e386371813085f0b2,Eukaryota;Bacillariophyta;Mediophyceae;Lithodesmiales;NA;NA;NA
26064b3fe91969826835f675e141c9a5,Eukaryota;Oomycota;Peronosporales__c;Peronosporales;NA;NA;NA
ae4484b75c67f074c6f662812cc3fecc,Eukaryota;Cnidaria;Hydrozoa;Leptothecata;Clytiidae;Clytia;Clytia gregaria
fa35e1e40f66cece55f6d8d6dcc69482,Eukaryota;Cnidaria;Hydrozoa;Leptothecata;Eirenidae;Eutonina;Eutonina indicans
f0c314d37586d8c91682cc14aebc1c4c,Eukaryota;Arthropoda;Insecta;NA;NA;NA;NA
62316ec454523450643f7db61c4dfc69,Eukaryota;Raphidophyceae__p;Raphidophyceae;Haramonas__f__o;NA;NA;NA
8b37213f697a8b5ca0c62aa18c0cbefb,Eukaryota;Chordata;Mammalia;Artiodactyla;Balaenopteridae;Megaptera;Megaptera novaeangliae
3201102bef22cb71188236746262227f,Eukaryota;Basidiomycota;Agaricomycetes;NA;NA;NA;NA
ad691dbbc95edb1dab4403c6d4922c72,Eukaryota;Arthropoda;Insecta;Neuroptera;NA;NA;NA
3c5d289535393f585f344c7a90336094,Unknown;NA;NA;NA;NA;NA;NA
3a38837223e82b3b556e6d94f6f7d9f3,Unknown;NA;NA;NA;NA;NA;NA
500fbd39590db27dcd68d5fbb71df47e,Eukaryota;Arthropoda;Insecta;Diptera;NA;NA;NA
bcb87aef2e2589101bbd8d5983fd3f9c,Unknown;NA;NA;NA;NA;NA;NA
3bfe9463100b8d7b6ede6735a71ba107,Eukaryota;Chrysophyceae__p;Chrysophyceae;Chromulinales;NA;NA;NA
32cfe4dceaa340cba2a56c51f4af3c2e,Eukaryota;Arthropoda;Insecta;Lepidoptera;NA;NA;NA
4ab4823962a40a56fec9b53ce56f3d9f,Eukaryota;Echinodermata;Ophiuroidea;Amphilepidida;NA;NA;NA
92501290b5118d36b2864ffe351f6769,Eukaryota;Oomycota;Pythiales__c;Pythiales;NA;NA;NA
6d71f815a12299604b1ccd292d83d8d5,Eukaryota;Arthropoda;Insecta;Diptera;NA;NA;NA
6eee081de8d042f6d2da784cdf3c6547,Eukaryota;Oomycota;Peronosporales__c;Peronosporales;NA;NA;NA
ccaa9f6d2feb5377ee4b57955bd35df6,Eukaryota;Basidiomycota;Agaricomycetes;Boletales;NA;NA;NA
e552e805d0a955f3ac49f1621d5cda40,Eukaryota;Cnidaria;Hydrozoa;Leptothecata;Eirenidae;Eutonina;Eutonina indicans
983529226bd1be11df1893a8fb4b6d92,Eukaryota;Cnidaria;Hydrozoa;Leptothecata;NA;NA;NA
b063d698b335e421334da7cca3ce7c02,Eukaryota;Arthropoda;Arachnida;Araneae;NA;NA;NA
18bf56d369896f9fec4e149e4aa1c081,Eukaryota;Phaeophyceae__p;Phaeophyceae;Ectocarpales;NA;NA;NA
fbe2f68845c2a7f08d8c1b101c4d7e64,Eukaryota;Arthropoda;Insecta;Coleoptera;NA;NA;NA
5ab7407e0f69a3b988ba4417f518a8ea,Eukaryota;Arthropoda;Arachnida;Mesostigmata;NA;NA;NA
1e5d56e77109366baf0dc8f9dd7a72cb,Eukaryota;Cnidaria;Hydrozoa;Leptothecata;Eirenidae;Eutonina;Eutonina indicans
c4f36505fbee3cc78cd6628bffbbc312,Eukaryota;Mollusca;Gastropoda;Stylommatophora;NA;NA;NA
c98bafe45c9756c35b67895230917118,Unknown;NA;NA;NA;NA;NA;NA
3b47011a4e358f8183187658c29928c5,Eukaryota;Haptophyta;Phaeocystales__c;Phaeocystales;NA;NA;NA
025a1de8eb048739f64ca1a84885bea8,Eukaryota;Tubulinea;Elardia;Arcellinida;NA;NA;NA
207fa53c6b5106c469e8d906b7441910,Eukaryota;Arthropoda;Insecta;Hemiptera;NA;NA;NA
e68b92842dc107ea23d6772f650e55dc,Unknown;NA;NA;NA;NA;NA;NA
20916ec3f1269dd1c4ab01f097bc714d,Unknown;NA;NA;NA;NA;NA;NA
ab003384337c548d70dd738a7b87edb5,Eukaryota;Arthropoda;Hexanauplia;Calanoida;Clausocalanidae;Pseudocalanus;Pseudocalanus mimus
2a4a89a633ff46bde5899d2364c034ab,Eukaryota;Oomycota;NA;NA;NA;NA;NA
02beda5256ee2cbed57689b882ef493c,Environmental Unknown;NA;NA;NA;NA;NA;NA
649fa96791cb0abc01276ae8accb4320,Eukaryota;Mollusca;Gastropoda;Stylommatophora;NA;NA;NA
684037d93ad5556fc36723d91cdac047,Unknown;NA;NA;NA;NA;NA;NA
f7266ee228c1d4a03bcc5bb5c3f83c66,Eukaryota;Arthropoda;Hexanauplia;Calanoida;Paracalanidae;Paracalanus;Paracalanus sp_ C AC_2013
c0870c411311ae890f63d6b651c32a46,Eukaryota;Nemertea;Pilidiophora;Heteronemertea;Lineidae;Maculaura;Maculaura alaskensis
d51e0dd497d408bc62aadc9b180d4d03,Eukaryota;Oomycota;Peronosporales__c;Peronosporales;NA;NA;NA
4d175dd6be27d3d9e063aa1d27cd1a0d,Eukaryota;Rhodophyta;Florideophyceae;Batrachospermales;NA;NA;NA
cb263a2e42fe0fd99d185e32b18b6421,Eukaryota;Cnidaria;Hydrozoa;Leptothecata;NA;NA;NA
2fdb5c3090157ef1f9ecf9c6e2301d96,Eukaryota;Mollusca;Gastropoda;NA;NA;NA;NA
13d5bad4b53ec2ccfcce7260605c6b0c,Eukaryota;Arthropoda;Hexanauplia;Calanoida;Clausocalanidae;Pseudocalanus;Pseudocalanus mimus
77dc56b3d1b572c7f7830b6fed9337db,Eukaryota;Rhodophyta;Bangiophyceae;Bangiales;NA;NA;NA
e21e31029d62a103526b717c310b9fde,Eukaryota;Arthropoda;Arachnida;NA;NA;NA;NA
9574517cc4b1af846280d4b4227f932f,Unknown;NA;NA;NA;NA;NA;NA
1bbd6c78baf8e08417feb89e32fad16d,Unknown;NA;NA;NA;NA;NA;NA
cf96dc967a81ef06eabba86da0515d89,Eukaryota;Arthropoda;Insecta;Diptera;NA;NA;NA
e146cc420546bce7fb728775c55b4146,Eukaryota;Dinophyceae__p;Dinophyceae;Dinophysales;Dinophysaceae;Dinophysis;NA
61eeae479406fcf034337d7dde6d5b93,Eukaryota;Cnidaria;Hydrozoa;NA;NA;NA;NA
1cc84e1933bd6db5d945278734445f50,Eukaryota;Basidiomycota;Agaricomycetes;Agaricales;NA;NA;NA
942da148b48a53c77a251971d5c01a59,Eukaryota;Phaeophyceae__p;Phaeophyceae;Dictyotales;NA;NA;NA
8428b453d954cba17a1c25cb299b969f,Eukaryota;Oomycota;Saprolegniales__c;Saprolegniales;NA;NA;NA
4f6e50d7d2e6b870d36e03a6ba0147dd,Eukaryota;Chrysophyceae__p;Chrysophyceae;Segregatospumella__f__o;NA;NA;NA
ee2f33fb3f9e672d02089cc412f1305b,Eukaryota;Arthropoda;Hexanauplia;Calanoida;Clausocalanidae;Pseudocalanus;NA
42d6a094065105ae08067aa7e5c2819f,Eukaryota;Arthropoda;Arachnida;NA;NA;NA;NA
db727fabbf7f43de9b4a13f485899a72,Eukaryota;Oomycota;Saprolegniales__c;Saprolegniales;NA;NA;NA
db06d4af1fd3e0eddcfb90e78d93c454,Eukaryota;Oomycota;Saprolegniales__c;Saprolegniales;NA;NA;NA
130592f5ba602a95ebc8d53fbe6a025a,Eukaryota;Bacillariophyta;Bacillariophyceae;Naviculales;NA;NA;NA
4a33703d8ab6403a07b39385486d52ed,Eukaryota;Arthropoda;Insecta;Diptera;NA;NA;NA
0de81b14d6c1af4104a216fe71c36d05,Eukaryota;Discosea;Flabellinia;Dactylopodida;NA;NA;NA
385e5b438e2e6031ddcf68240eb23cda,Unknown;NA;NA;NA;NA;NA;NA
b477b5a4635c0b255e8b7bdb4fa799ce,Eukaryota;Arthropoda;Arachnida;NA;NA;NA;NA
786099fde5e4330d90843104a293c1d4,Eukaryota;Tubulinea;Elardia;Euamoebida;NA;NA;NA
6c548491b3dbf1fff3a78e9158aa1e8c,Eukaryota;Cnidaria;Hydrozoa;Leptothecata;NA;NA;NA
3e5de283938135decbe52a830f1dbfc2,Eukaryota;Discosea;Flabellinia;Dactylopodida;Paramoebidae;NA;NA
4c0fb193fef55755d75f4485e2f4b626,Eukaryota;Cnidaria;Hydrozoa;NA;NA;NA;NA
8cd6682556854ad61946bea9fee6077e,Environmental Unknown;NA;NA;NA;NA;NA;NA
62d0db204d5566ff0c9d8e36eb453e7a,Eukaryota;Arthropoda;Insecta;NA;NA;NA;NA
5c0c9b84dcb9908e1f9562468dd295de,Eukaryota;Dictyochophyceae__p;Dictyochophyceae;Dictyochales;Dictyochaceae;Dictyocha;Dictyocha speculum
4b7e9c48a6536ad98802302c05c427db,Eukaryota;Collodictyonidae__o__c__p;Collodictyonidae__o__c;Collodictyonidae__o;NA;NA;NA
f5a7f3af93449ab5c8fdb36843c6985d,Unknown;NA;NA;NA;NA;NA;NA
8c23660c6c11e0dae1fb29d910b7b001,Eukaryota;Arthropoda;Insecta;NA;NA;NA;NA
c101be97992c9e9250a3f04d052c3b72,Eukaryota;Nemertea;Enopla;Monostilifera;NA;NA;NA
f097b1a4c4e84f21d6ec9a73fad3837d,Unknown;NA;NA;NA;NA;NA;NA
ea08d9daf9b29064f7b4b5588fa1e523,Eukaryota;Mollusca;Gastropoda;Architaenioglossa;NA;NA;NA
6ca58a18279d556ca1f4c301ba7e1078,Eukaryota;Haptophyta;Isochrysidales__c;Isochrysidales;NA;NA;NA
a4a3c56849c401058d3c650035c3c430,Unknown;NA;NA;NA;NA;NA;NA
28ca7ebe778d0835c698b9131d63bdb4,Unknown;NA;NA;NA;NA;NA;NA
9f6ffb8a8cddcd30e1834240edbd6536,Eukaryota;Oomycota;Peronosporales__c;Peronosporales;NA;NA;NA
ab1c062c423c6653ec67a3a3d8549db8,Eukaryota;Rhodophyta;Bangiophyceae;Bangiales;NA;NA;NA
8f21d13ca1d4ccffe29d1ea2a8244c9c,Eukaryota;Arthropoda;Insecta;Coleoptera;NA;NA;NA
adb25293f53d84a43735a6719421d298,Eukaryota;Arthropoda;Insecta;NA;NA;NA;NA
1122598741119797da9e79832d8a9e89,Unknown;NA;NA;NA;NA;NA;NA
297c3880d2928802bd6a711002803855,Eukaryota;Phaeophyceae__p;Phaeophyceae;Ectocarpales;NA;NA;NA
f954b2265bc9dcf9bb8eac4216e78634,Eukaryota;Mollusca;Gastropoda;NA;NA;NA;NA
229d562254a62386a34d4a92f7e33401,Eukaryota;Arthropoda;Insecta;Diptera;NA;NA;NA
c8acddcaf3fc11cdbcae18342e7db572,Unknown;NA;NA;NA;NA;NA;NA
86fbccf55289ddb5a87c9dbdef631e81,Eukaryota;Rhodophyta;Florideophyceae;Gracilariales;NA;NA;NA
95da97881e14f2e59153361cf418c008,Eukaryota;Synurophyceae__p;Synurophyceae;NA;NA;NA;NA
9cfdd30052f1d7b4676989223c0ca77c,Eukaryota;Chordata;Actinopteri;Pleuronectiformes;Pleuronectidae;Isopsetta;Isopsetta isolepis
af0199fe671f9929828cb522e93a64a7,Eukaryota;Oomycota;Pythiales__c;Pythiales;Pythiaceae;NA;NA
2be809b670c9515136549de5135794a5,Eukaryota;Discosea;Flabellinia;Dactylopodida;NA;NA;NA
c6381bb2860913a5c97ad5ce1133acc0,Environmental Unknown;NA;NA;NA;NA;NA;NA
cf7552f83a2487dfe5d0a2d984e80884,Unknown;NA;NA;NA;NA;NA;NA
995d9b8a06dc8bc47aa211748b3c0294,Unknown;NA;NA;NA;NA;NA;NA
ccd19c41712d892208417e28ed5c636c,Eukaryota;Oomycota;Pythiales__c;Pythiales;NA;NA;NA
987ce4a0e46308e0c09bffd9f118eadb,Eukaryota;Oomycota;Peronosporales__c;Peronosporales;NA;NA;NA
944bb325df338683b876a0ffc390e34f,Eukaryota;Bacillariophyta;Mediophyceae;Lithodesmiales;NA;NA;NA
d722c774d03c4276a54de71dcac4114c,Eukaryota;Arthropoda;Hexanauplia;Calanoida;Clausocalanidae;NA;NA
68a793261433820654601d35338bb4ea,Eukaryota;Cnidaria;Hydrozoa;Leptothecata;Eirenidae;Eutonina;Eutonina indicans
6d4c6dfeee7b349bae4f904d6802db50,Eukaryota;Discosea;Longamoebia__c;Longamoebia;NA;NA;NA
b4ed07475357aa2f950e52bfe318c610,Eukaryota;Arthropoda;Insecta;Diptera;NA;NA;NA
d28762cf0e7ceac0d3775d5c10520051,Eukaryota;Dictyochophyceae__p;Dictyochophyceae;Florenciellales;NA;NA;NA
2d1b0ec321b96505231c11ba5ec68843,Eukaryota;Oomycota;Saprolegniales__c;Saprolegniales;NA;NA;NA
5f64e2e714616a6dc507189efcf368ac,Eukaryota;Nemertea;Enopla;Monostilifera;Carcinonemertidae;Carcinonemertes;NA
c9c490bdbe2a120496a4fd0810765bd1,Eukaryota;Oomycota;Saprolegniales__c;Saprolegniales;NA;NA;NA
235e24b05d79cf0127d9e7458bc61b92,Eukaryota;Arthropoda;Insecta;Diptera;NA;NA;NA
38c3b0f4d4fd48bf1796f45bd73cc5e8,Eukaryota;Arthropoda;Hexanauplia;Calanoida;Clausocalanidae;Pseudocalanus;Pseudocalanus mimus
8624d4bf2181f00bb581317e9eab3489,Eukaryota;Oomycota;Saprolegniales__c;Saprolegniales;NA;NA;NA
7ef76c23e76311d2ad20119b8bda9c0a,Eukaryota;Bacillariophyta;Bacillariophyceae;Bacillariales;Bacillariaceae;NA;NA
dc238c4bfd5887163e66996a369617e5,Eukaryota;Dinophyceae__p;Dinophyceae;Gymnodiniales;Gymnodiniaceae;Margalefidinium;Margalefidinium polykrikoides
8baa7a85892c9f1d8555148e628c05a8,Eukaryota;Rhodophyta;Florideophyceae;Gracilariales;NA;NA;NA
38df1fb7ca7b8755b39adc59c0976ac1,Eukaryota;Arthropoda;Insecta;Diptera;NA;NA;NA
ead2ccdb22183c4b1c73b931598eba1f,Environmental Unknown;NA;NA;NA;NA;NA;NA
d7cd3b55fc1dbb5f8f898d402acc82c1,Eukaryota;Cnidaria;Hydrozoa;Anthoathecata;NA;NA;NA
489c3266b35ea463763102693e0201a7,Eukaryota;Tubulinea;Elardia;Arcellinida;NA;NA;NA
4b537a9cb603e69da01f34cd3fd58f6a,Eukaryota;Bacillariophyta;Mediophyceae;Lithodesmiales;NA;NA;NA
5841b724e8b82c3b0172f109727bd6f6,Eukaryota;Arthropoda;Insecta;Diptera;NA;NA;NA
b96dfa50ea0e1828e1cfcf6a32b27b84,Eukaryota;Echinodermata;Ophiuroidea;Amphilepidida;NA;NA;NA
87223b6b1a30809587149dc727fcb2bb,Eukaryota;Arthropoda;Insecta;Hemiptera;NA;NA;NA
89f65ed8646c2df1502ef2216fba21c8,Eukaryota;Mollusca;Gastropoda;Stylommatophora;NA;NA;NA
e8f8c707f5163a8c35f220aa3e957f9e,Eukaryota;Annelida;Polychaeta;Polygordiidae__o;NA;NA;NA
129026abd3ace7e3d2d96c0c067cd690,Eukaryota;Arthropoda;Hexanauplia;Calanoida;Clausocalanidae;Pseudocalanus;Pseudocalanus mimus
2c26cd887258a94b27ae6d7818725b95,Eukaryota;Mucoromycota;Mucoromycetes;Mucorales;NA;NA;NA
4ca30d394ee62ebab83771e5f1b672e0,Eukaryota;Cnidaria;Hydrozoa;Anthoathecata;Corymorphidae;Euphysa;NA
e30d892f486a05d3f975bd0f78d73efd,Eukaryota;Ascomycota;Leotiomycetes;Thelebolales;Thelebolaceae;Pseudogymnoascus;NA
5505b58b25d815297ff4c2150b581624,Eukaryota;Phaeophyceae__p;Phaeophyceae;NA;NA;NA;NA
9536f0e7d43eeb19220d826442b77ae0,Eukaryota;Bacillariophyta;Coscinodiscophyceae;Thalassiosirales;NA;NA;NA
42a58cfa7849946c1de0e80be205e4dd,Eukaryota;Onychophora;Udeonychophora;NA;NA;NA;NA
09d2a7e8ac6f7c2a7d5793780f96f3f1,Eukaryota;Phaeophyceae__p;Phaeophyceae;Ectocarpales;NA;NA;NA
c6dee8ea086128184593027ee2e6e2ef,Unknown;NA;NA;NA;NA;NA;NA
c4a361bedd12461c0c1c780b2b461e1a,Eukaryota;Arthropoda;Arachnida;NA;NA;NA;NA
2a8e4b95126615c9323bbb5ff555ec98,Unknown;NA;NA;NA;NA;NA;NA
1aeb58529ce7d5732a38bf0ecc46a6cd,Eukaryota;Oomycota;Pythiales__c;Pythiales;NA;NA;NA
4cfb36db84cd2434bada2cd2ebf68dcb,Eukaryota;Arthropoda;Hexanauplia;Calanoida;Acartiidae;Acartia;Acartia californiensis
16d9c35868d4ffce96ade41ea2cbed3f,Eukaryota;Phaeophyceae__p;Phaeophyceae;Ectocarpales;NA;NA;NA
262a4caabdb04f533006f9ce871f3f01,Eukaryota;Ascomycota;Dothideomycetes;Cladosporiales;Cladosporiaceae;Cladosporium;Cladosporium sp_
7e9a11eda9896048defdf30b2a3be14b,Unknown;NA;NA;NA;NA;NA;NA
c7e2ddc710ceebc1cdb412b74c5fb50d,Eukaryota;Annelida;Polychaeta;Orbiniidae__o;Orbiniidae;NA;NA
6604d2329a33cfe37e197d645e2eea4f,Eukaryota;Arthropoda;Hexanauplia;Calanoida;Clausocalanidae;Pseudocalanus;Pseudocalanus mimus
224f3f97311b4f832f51e183ff2d34b1,Eukaryota;Cnidaria;Hydrozoa;Anthoathecata;NA;NA;NA
dbbf52414634385781e11d4a02898ade,Eukaryota;Echinodermata;Echinoidea;Camarodonta;Strongylocentrotidae;Allocentrotus;Allocentrotus fragilis
ccce9e2845d4aab6f6b41a73529e8a2c,Eukaryota;Arthropoda;Arachnida;Araneae;NA;NA;NA
df04ccb2db61f5968b739b38db9b6d9e,Eukaryota;Arthropoda;Insecta;Diptera;NA;NA;NA
edd23872e66ed8011417a3d93f53b16d,Eukaryota;Rhodophyta;Florideophyceae;Gracilariales;NA;NA;NA
fa6e5ca637969c625c3dd26157629f10,Eukaryota;Arthropoda;Hexanauplia;Calanoida;Clausocalanidae;NA;NA
b16d9ffee7b9bd245f1b20773f0fe7f7,Eukaryota;Discosea;Flabellinia;Dactylopodida;Paramoebidae;NA;NA
4357bf54088bf43e20cbe85d7e6fecc4,Eukaryota;Nemertea;Pilidiophora;Heteronemertea;Lineidae;Cerebratulus;Cerebratulus californiensis
05bdbe4b862c320fb078cb8bed9c242b,Unknown;NA;NA;NA;NA;NA;NA
ed2b605fe733f85ae93f413ec42abdff,Eukaryota;Oomycota;Haptoglossa__f__o__c;Haptoglossa__f__o;NA;NA;NA
cbd21933417a3faaa034831138f5feb6,Eukaryota;Haptophyta;Isochrysidales__c;Isochrysidales;NA;NA;NA
d6f0eeab0ecfa0b03d4146fbf8e365f4,Eukaryota;Nematoda;Enoplea;Dorylaimida;Longidoridae;Xiphinema;Xiphinema brevicolle
fedef06a0fe2f251fd36224755826ac5,Eukaryota;Oomycota;Haptoglossa__f__o__c;Haptoglossa__f__o;NA;NA;NA
4865dc520ebefca099b99e661362f9b3,Eukaryota;Mollusca;Gastropoda;Stylommatophora;NA;NA;NA
239d2cd5b67d37d2bb4089410f0fb04f,Eukaryota;Mollusca;Gastropoda;Stylommatophora;NA;NA;NA
c5efb30d1f44cee099111265542afd54,Eukaryota;Oomycota;Saprolegniales__c;Saprolegniales;Saprolegniaceae;NA;NA
2642701a33c36aadb1d65eecb52d6f7d,Eukaryota;Arthropoda;Diplopoda;Chordeumatida;NA;NA;NA
8de4399904e51f4a2a8e7fbde7c1f0f0,Eukaryota;Annelida;Polychaeta;Orbiniidae__o;Orbiniidae;NA;NA
b7345fe583b7441adafebfa32eb40601,Eukaryota;Oomycota;Peronosporales__c;Peronosporales;NA;NA;NA
60ad58fde8bdc69e2543dd4d272bd16f,Eukaryota;Oomycota;NA;NA;NA;NA;NA
3c0ce4184df59068869240dfc3bf6d25,Eukaryota;Arthropoda;Insecta;Coleoptera;NA;NA;NA
5e9cbb7dd8a2ca9f58128ccbf439c2c3,Eukaryota;Arthropoda;Collembola;NA;NA;NA;NA
27f5336a4ffe871cbcda6d3888f5e68d,Eukaryota;Arthropoda;Insecta;Lepidoptera;NA;NA;NA
abcca168778d276e986e7a8c949a2d38,Eukaryota;Arthropoda;Insecta;Hymenoptera;NA;NA;NA
3cb0289ac7365ac27dcb10f7d1ec09af,Eukaryota;Arthropoda;Arachnida;Araneae;NA;NA;NA
90e19a5f2e2656b72776ab0b2988452a,Eukaryota;Arthropoda;Insecta;Hemiptera;NA;NA;NA
277731fed0adee7ba2d388f0eb4258a1,Eukaryota;Porifera;Demospongiae;Dendroceratida;NA;NA;NA
391110782120a12d9299d2e7d6241442,Eukaryota;Arthropoda;Insecta;NA;NA;NA;NA
5ee7002bba099c61f90588393c4aed86,Unknown;NA;NA;NA;NA;NA;NA
4e2f18b0a25273b8979571d0832aa291,Eukaryota;Mollusca;Gastropoda;Planorbidae__o;NA;NA;NA
e4f835139bf0f35e02478a825f0b55a9,Eukaryota;Bacillariophyta;Coscinodiscophyceae;Coscinodiscales;NA;NA;NA
1ccc979f8c52a1d643834cac021f8383,Eukaryota;Arthropoda;Arachnida;Araneae;NA;NA;NA
73234ef6e451f6021a8fc76dd4d9ef43,Eukaryota;Arthropoda;Arachnida;Araneae;NA;NA;NA
1cda8bb94af29dfb4edf5900595f4885,Unknown;NA;NA;NA;NA;NA;NA
440a14f336df443cbd216abf1b82dc68,Eukaryota;Arthropoda;Arachnida;Araneae;NA;NA;NA
f3120159de641df672534c02e8337b51,Eukaryota;Cnidaria;Hydrozoa;Leptothecata;Eirenidae;Eutonina;Eutonina indicans
1adc66e83f05e65a1943eafd9deec849,Eukaryota;Discosea;Longamoebia__c;Longamoebia;NA;NA;NA
8f44f9533c0786a936ee6c8d803c99f0,Eukaryota;Arthropoda;Insecta;Neuroptera;NA;NA;NA
e3ebb178dc0f3527391cf29256f3fa54,Unknown;NA;NA;NA;NA;NA;NA
1cf1473e4e809f1f34bdaa331ab9b0b9,Eukaryota;Mollusca;Gastropoda;Planorbidae__o;NA;NA;NA
4a0b54c880665e13cba1b165c0e7a4f6,Eukaryota;Arthropoda;Insecta;Diptera;NA;NA;NA
b652482b62abb4466a67e7fab92f5777,Eukaryota;Cnidaria;Hydrozoa;Leptothecata;NA;NA;NA
305c3746a51874b8d02e0acfd13687f3,Eukaryota;Phaeophyceae__p;Phaeophyceae;Dictyotales;NA;NA;NA
1832da7c2e85c2e9d7286b7a7f505188,Eukaryota;Bacillariophyta;Mediophyceae;Lithodesmiales;Lithodesmiaceae;NA;NA
9a06688eb8764a7bbef98bcd1aaccabe,Eukaryota;Cnidaria;Hydrozoa;Leptothecata;Eirenidae;Eutonina;Eutonina indicans
86da8b3271491730e9acaff9bcd51b48,Eukaryota;Phaeophyceae__p;Phaeophyceae;Ectocarpales;NA;NA;NA
250f26710e3b325904de4890f8c5791e,Eukaryota;Discosea;Himatismenida__c;Himatismenida;Parvamoeba__f;NA;NA
d5daf018be40a0b8d38978f55055835b,Eukaryota;Rhodophyta;Florideophyceae;Ceramiales;NA;NA;NA
73cadb80ccac03f10dc162203222b11b,Eukaryota;Oomycota;Pythiales__c;Pythiales;NA;NA;NA
f09970f14dcb87613bf8b751ebf14b09,Eukaryota;Cnidaria;Hydrozoa;Leptothecata;Mitrocomidae;Mitrocoma;Mitrocoma cellularia
01bac715d6fda36f5e7617210c7529e7,Eukaryota;Cnidaria;Hydrozoa;Leptothecata;NA;NA;NA
36bdd89abf604b4cccbe16162f85f506,Eukaryota;Phaeophyceae__p;Phaeophyceae;Fucales;NA;NA;NA
87eb5f111e00b791e0731d30977c386f,Eukaryota;Arthropoda;Insecta;Hemiptera;NA;NA;NA
a80d9c32c3d843f1fb32a3f8ff4c5394,Eukaryota;Rhodophyta;Florideophyceae;Gigartinales;NA;NA;NA
668d352693bc4fbd5ef0985c7c8dcce6,Unknown;NA;NA;NA;NA;NA;NA
da7a426aeb3ac5a8c330d1b2d472d15c,Unknown;NA;NA;NA;NA;NA;NA
722e385ec44b3e276e859cc6e1883163,Eukaryota;Mollusca;Gastropoda;Stylommatophora;NA;NA;NA
fd54eaa548f159923e6619df99f3f4e2,Eukaryota;Arthropoda;Arachnida;Ixodida;NA;NA;NA
366dc57c2caa45b12964d1040e94765d,Eukaryota;Arthropoda;Malacostraca;Amphipoda;NA;NA;NA
d71d6aa2ff6dbafd36adade96d690f12,Unknown;NA;NA;NA;NA;NA;NA
ab51e41d5230e6cda0d17ee01aca0a8f,Eukaryota;Oomycota;Saprolegniales__c;Saprolegniales;NA;NA;NA
73404676bdaab8d0db674cf3a85c5b00,Unknown;NA;NA;NA;NA;NA;NA
504314b5b96a1c489e5c07042063b39b,Unknown;NA;NA;NA;NA;NA;NA
09e4cfc8b62fec56ddae25ebc427a244,Eukaryota;Phaeophyceae__p;Phaeophyceae;Ectocarpales;NA;NA;NA
5c8103971d6567b092c794ea60c08f0f,Eukaryota;Rhodophyta;Florideophyceae;Peyssonneliales;NA;NA;NA
3ae5795fd36a916a2732fc04ee4e5d3f,Eukaryota;Arthropoda;Insecta;Coleoptera;NA;NA;NA
8a7e6124c92b6e534e9e423c29f4cca7,Eukaryota;Mollusca;Gastropoda;Littorinimorpha;NA;NA;NA
3e2bee66c54490e5eddeaae3bcd66a08,Eukaryota;Arthropoda;Thecostraca;Balanomorpha;Balanidae;Balanus;Balanus crenatus
430e7a3e27298c20e78c0ee321dba6f6,Unknown;NA;NA;NA;NA;NA;NA
c68d2151136c98e45b1f0635be135794,Eukaryota;Arthropoda;Insecta;Diptera;NA;NA;NA
fc1d8ce793ea7ab0607070da8a45cb13,Eukaryota;Arthropoda;Insecta;Coleoptera;NA;NA;NA
f72a9e267954c60b999419a1f42dc756,Eukaryota;Haptophyta;Isochrysidales__c;Isochrysidales;NA;NA;NA
b7d010ebc31506c853aaef58314e9cc4,Unknown;NA;NA;NA;NA;NA;NA
4a6beeaf868eddf1d7f039b340c5131d,Eukaryota;Arthropoda;Hexanauplia;Calanoida;Clausocalanidae;NA;NA
a0fc3779530141e02735303a38244aef,Eukaryota;Rhodophyta;Florideophyceae;NA;NA;NA;NA
0868203e1c8c52d1cd27d450c052cd2f,Eukaryota;Arthropoda;Insecta;Coleoptera;NA;NA;NA
f6381f357839ef829dbeb446c0bf2869,Eukaryota;Oomycota;Haptoglossa__f__o__c;Haptoglossa__f__o;NA;NA;NA
fa7efc2cf971f6ad760b8ff61fc645f5,Eukaryota;Arthropoda;Insecta;Diptera;NA;NA;NA
7deb10fba403992725506924c7cadbbe,Unknown;NA;NA;NA;NA;NA;NA
707610ae3b91b4db55c4b829829e6606,Eukaryota;Cnidaria;Hydrozoa;Anthoathecata;NA;NA;NA
21631d4994df053702c9d4b7385fa4c0,Eukaryota;Bacillariophyta;Coscinodiscophyceae;Thalassiosirales;NA;NA;NA
64f2b254958ca012fb64e82c8792d2c6,Eukaryota;Arthropoda;Insecta;Diptera;NA;NA;NA
2ee53a295103339e523cdda8a80d5b33,Eukaryota;Mollusca;Gastropoda;Neogastropoda;NA;NA;NA
9b086c7764f63269776200cdf78fb6bf,Eukaryota;Mollusca;Gastropoda;Planorbidae__o;NA;NA;NA
e1db208bb90f7286aee1efbf1d62a6a3,Eukaryota;NA;NA;NA;NA;NA;NA
10dc72e3f5aa0d6a0fdedb3e2188e01f,Eukaryota;Arthropoda;Arachnida;Scorpiones;NA;NA;NA
e0e46c49cfe25ecb0efadc73e3e63163,Eukaryota;Cnidaria;Hydrozoa;Leptothecata;NA;NA;NA
282e8ce7bbb705c482a4a0cfecf27fdf,Environmental Unknown;NA;NA;NA;NA;NA;NA
019f85094a0a1aed7e764c13cc430fe3,Eukaryota;Arthropoda;Insecta;Diptera;NA;NA;NA
c6d277dc88b579c093336d9ec8727372,Eukaryota;Arthropoda;NA;NA;NA;NA;NA
8feee6c7cdbf54cbe11e3cf289a8cfbf,Eukaryota;Arthropoda;Arachnida;Scorpiones;NA;NA;NA
2b3fca1b6859d785d34608725cca5544,Eukaryota;Arthropoda;Hexanauplia;Calanoida;Clausocalanidae;Pseudocalanus;Pseudocalanus mimus
31276cbc8e97e3d38e4be56143566dc7,Unknown;NA;NA;NA;NA;NA;NA
b335c126c4be96465ef7908da2ad8d8e,Eukaryota;Oomycota;Haptoglossa__f__o__c;Haptoglossa__f__o;NA;NA;NA
01836f475f2c65c31e9278bcbb1f9ef2,Eukaryota;Cnidaria;Hydrozoa;Anthoathecata;Rathkeidae;Rathkea;Rathkea octopunctata
47757dd845bfb88ea5cf3120756b42ec,Unknown;NA;NA;NA;NA;NA;NA
d29f9bce816ffbc0a4a2a8d001d60cc0,Eukaryota;Basidiomycota;Agaricomycetes;Agaricales;NA;NA;NA
5dc50020ac25ae38d3dd84af012f6c7d,Eukaryota;Arthropoda;Insecta;Hymenoptera;NA;NA;NA
959ac244027163c866f5b7b59447b0af,Eukaryota;Arthropoda;Insecta;Diptera;NA;NA;NA
883240990d56540bdaacc992148c6f30,Eukaryota;Chordata;Ascidiacea;Stolidobranchia;Styelidae;Styela;Styela gibbsii
19bc380c5df5954fd51609f660cac21c,Eukaryota;Arthropoda;Insecta;Diptera;NA;NA;NA
dc637a7ca3b2a90a39d82316a01ac222,Eukaryota;Rhodophyta;Florideophyceae;Gracilariales;NA;NA;NA
08aa15193e0b055c12c5c2b18418332d,Eukaryota;Cnidaria;Hydrozoa;Leptothecata;NA;NA;NA
dfd92c13e67802a3e2982c26bd8f8354,Eukaryota;Mollusca;Gastropoda;Physidae__o;NA;NA;NA
d8e48356b4bdf0273f2ca9facf5b637e,Eukaryota;Mollusca;Bivalvia;Nuculida;Nuculidae;Acila;Acila castrensis
5cb18f0498203b5877164f66e6e6eb2f,Eukaryota;Chrysophyceae__p;Chrysophyceae;Apoikiaceae__o;NA;NA;NA
c3ed7a0d285f70765a9086d6594836dd,Eukaryota;Arthropoda;Hexanauplia;Calanoida;NA;NA;NA
aa454b17b4a4e188284ff8c9e7243680,Eukaryota;Arthropoda;Hexanauplia;Calanoida;Clausocalanidae;Pseudocalanus;Pseudocalanus mimus
1c27005d9b0d206f31860b1ccb18bdca,Eukaryota;Arthropoda;Malacostraca;Mysida;NA;NA;NA
ebdf559f0fc9e029fb36313b0a1fa36e,Eukaryota;Rhodophyta;Bangiophyceae;Bangiales;NA;NA;NA
59e12b3328a65b22ee9a8485696270b7,Eukaryota;Oomycota;Saprolegniales__c;Saprolegniales;NA;NA;NA
5d784e6de99482a3f77773ef7ff3cc93,Eukaryota;Arthropoda;Insecta;Lepidoptera;NA;NA;NA
ff2264fe9f8a7b54fae7e4415b00bddd,Eukaryota;Haptophyta;Prymnesiales__c;Prymnesiales;NA;NA;NA
de24a0a4bc02a630a6a8e7a292c27e7a,Unknown;NA;NA;NA;NA;NA;NA
1ab3ce3ddc39620b1b8df50b207596c7,Eukaryota;Phaeophyceae__p;Phaeophyceae;Ectocarpales;NA;NA;NA
c003d487dd5fa23544e19e6e57b064f0,Eukaryota;Oomycota;Pythiales__c;Pythiales;NA;NA;NA
160c76059197a03f737e929119d0e048,Eukaryota;Arthropoda;Arachnida;Scorpiones;NA;NA;NA
7138c52b8c798f0f38bbdbbc4c9be6d7,Unknown;NA;NA;NA;NA;NA;NA
712953ea049b8462a106ba56acae405f,Eukaryota;Haptophyta;Phaeocystales__c;Phaeocystales;NA;NA;NA
b27e9dfc5a15c9d403741201f396f5d8,Unknown;NA;NA;NA;NA;NA;NA
5e02254307a55e9adeabd7a190ff76ea,Unknown;NA;NA;NA;NA;NA;NA
f570b26334322d7a45d62cd755309015,Eukaryota;Annelida;Polychaeta;Echiuroidea;NA;NA;NA
14fe26a00c2b8a92b98f9d705307e6af,Eukaryota;Rhodophyta;Florideophyceae;Gigartinales;NA;NA;NA
c255d99b376a02dd9b1d270e97c6e3b4,Eukaryota;Oomycota;Peronosporales__c;Peronosporales;NA;NA;NA
71608d84e868a82bd60e79e2249e3ff4,Eukaryota;Cnidaria;Hydrozoa;Anthoathecata;NA;NA;NA
41936d7ac3458237303138548f8fad1c,Unknown;NA;NA;NA;NA;NA;NA
a4dbdad7791eaa2b2908403e440f09f3,Eukaryota;Oomycota;Pythiales__c;Pythiales;NA;NA;NA
49f30de5205e9b5a6419a807a9ae4701,Eukaryota;Oomycota;Pythiales__c;Pythiales;NA;NA;NA
c5afb87c02b4bd1b0043dc7a5dd27535,Eukaryota;Oomycota;Peronosporales__c;Peronosporales;NA;NA;NA
67355bf63afaa336f09e635545e0f2a0,Eukaryota;Haptophyta;Phaeocystales__c;Phaeocystales;NA;NA;NA
a656e877324fa9dada2963157706e14b,Eukaryota;Mollusca;Gastropoda;Neogastropoda;NA;NA;NA
0f9100c4539d70e42622ff5c1bc03326,Unknown;NA;NA;NA;NA;NA;NA
e68cb139c568b9d8ff1abccb4e0802d4,Eukaryota;Arthropoda;Hexanauplia;Calanoida;Clausocalanidae;Pseudocalanus;Pseudocalanus mimus
cf08d23844a0f13477c85837d25dccec,Eukaryota;Haptophyta;Phaeocystales__c;Phaeocystales;NA;NA;NA
192a078d727dfc05bfdcf345b4b3c164,Unknown;NA;NA;NA;NA;NA;NA
8435c849fb84ff4ba5086bc883629768,Eukaryota;Oomycota;Leptomitales__c;Leptomitales;NA;NA;NA
09d06f372c716cd3f77ea12d4124ec76,Eukaryota;Cnidaria;Hydrozoa;Leptothecata;Eirenidae;Eutonina;Eutonina indicans
d01246ab1145a99f3e5d8bbcd5e6a143,Unknown;NA;NA;NA;NA;NA;NA
f7d4577b04903b855f79ba51f9e7e9d6,Eukaryota;Mollusca;Gastropoda;Planorbidae__o;NA;NA;NA
18ca274a0c038e90df1897817ab4cf8a,Eukaryota;Cnidaria;Hydrozoa;Siphonophorae;NA;NA;NA
69a3d43a908f3678cde2f3d517d18a9b,Eukaryota;NA;NA;NA;NA;NA;NA
20bba700adb7d1f5a0695237941c7a55,Eukaryota;Oomycota;Peronosporales__c;Peronosporales;NA;NA;NA
11485d0ea421471a46eb35ef05de812e,Eukaryota;Arthropoda;Arachnida;Araneae;NA;NA;NA
d10463066c952ee32115bd99dcaf08f5,Eukaryota;Cnidaria;Hydrozoa;Anthoathecata;NA;NA;NA
d79978cc23fe841af6d19bc75ce330f5,Eukaryota;Arthropoda;Insecta;Lepidoptera;NA;NA;NA
3cb120ed0825b7ae657b5f6ba13c21d0,Eukaryota;Palpitomonas__f__o__c__p;Palpitomonas__f__o__c;Palpitomonas__f__o;NA;NA;NA
478464b514ebb2811424d93959fe0fe9,Eukaryota;Arthropoda;Insecta;NA;NA;NA;NA
f7a467a7aeea53668e67c1251a08bdc9,Eukaryota;Mollusca;Gastropoda;NA;NA;NA;NA
b03b75f37e5f04db63369f9ad16e2995,Eukaryota;Cnidaria;Hydrozoa;NA;NA;NA;NA
4f8ff39c97e14f39732dcddea5399a50,Unknown;NA;NA;NA;NA;NA;NA
8bbdfd41b1f7ce806216ef596e1b3ab0,Eukaryota;Discosea;Longamoebia__c;Longamoebia;NA;NA;NA
5a628429c783f044c424748432e57fb1,Eukaryota;Arthropoda;Insecta;Lepidoptera;NA;NA;NA
7218059619ac537c0889d51a1eed7686,Eukaryota;Oomycota;Peronosporales__c;Peronosporales;NA;NA;NA
50e11f18245cacc3d9c5ddedf6f32d52,Eukaryota;Tubulinea;Elardia;Euamoebida;NA;NA;NA
c0509812e62376530297871c7de8496c,Eukaryota;Cnidaria;Hydrozoa;Anthoathecata;NA;NA;NA
286f7f5ee123fe3490257b4225759572,Unknown;NA;NA;NA;NA;NA;NA
9e28fd323470fd771b82b70c2eb81d82,Eukaryota;Chordata;Chondrichthyes;Chimaeriformes;Chimaeridae;Hydrolagus;Hydrolagus colliei
f43399307cc4fbf25adf16f5ef091040,Unknown;NA;NA;NA;NA;NA;NA
89efa2b2ed63e3258dbe9ac5937c45ec,Eukaryota;Arthropoda;Malacostraca;NA;NA;NA;NA
ed064e1be34a2c61b2c940474bc4f36e,Eukaryota;Cryptophyceae__p;Cryptophyceae;Cyathomonadacea;NA;NA;NA
ceb346f07f14534c01aa3fbf468754d6,Environmental Unknown;NA;NA;NA;NA;NA;NA
59edc7a0db36543b84253e5112990986,Eukaryota;Mollusca;Gastropoda;NA;NA;NA;NA
570ececbb91d326d7f8ee6872657813b,Eukaryota;Arthropoda;Malacostraca;Decapoda;Hippolytidae;Eualus;NA
e3b01a90a615dfaff348f66c9d9eb093,Eukaryota;Oomycota;Haptoglossa__f__o__c;Haptoglossa__f__o;NA;NA;NA
e8d05f193e070717e88764d7bbfbeaad,Eukaryota;Echinodermata;Ophiuroidea;Amphilepidida;Ophiuridae;Ophiura;Ophiura luetkenii
816e2f38e7da89414456c8e8cddfdc4f,Eukaryota;Bacillariophyta;Coscinodiscophyceae;NA;NA;NA;NA
898fb3ec6a5ae4dfa1cb75107532f51c,Eukaryota;Arthropoda;Hexanauplia;Calanoida;Clausocalanidae;Pseudocalanus;Pseudocalanus mimus
7d47d06d09b588d1771febbf0aeb506a,Eukaryota;Arthropoda;Hexanauplia;Calanoida;Clausocalanidae;Pseudocalanus;NA
c865bb0e03b94d01bfea8d9357622ef4,Eukaryota;Arthropoda;Insecta;Diptera;NA;NA;NA
35290525db2a75f5d196c54b4b50f487,Unknown;NA;NA;NA;NA;NA;NA
a4e6c1fde8f684a3d2239aece478cfca,Unknown;NA;NA;NA;NA;NA;NA
acb6aa17fd1d0332dfac1ba48b3e0a09,Eukaryota;Rhodophyta;Florideophyceae;Corallinales;NA;NA;NA
09d2610505c8be8744f07ec04a373836,Eukaryota;Chrysophyceae__p;Chrysophyceae;Chromulinales;NA;NA;NA
31220f8418516f17bf6a5ae8f1dace19,Eukaryota;Arthropoda;Insecta;Hemiptera;NA;NA;NA
373f405dd88fd7f1922e092d8b1ac2be,Eukaryota;Haptophyta;Phaeocystales__c;Phaeocystales;NA;NA;NA
872d9711e6c8de56c9dff2bae7640440,Unknown;NA;NA;NA;NA;NA;NA
c27e096b4468cab12b2fdd8b4c524262,Eukaryota;Phaeophyceae__p;Phaeophyceae;Ectocarpales;NA;NA;NA
cf1162116e3822cdcfba181436c0f513,Eukaryota;Oomycota;Pythiales__c;Pythiales;NA;NA;NA
e818303e1dbbcc67408a47db4ab80bb9,Eukaryota;Annelida;Polychaeta;Maldanidae__o;NA;NA;NA
5bb76c66715319a36cbb940ae538557a,Eukaryota;Arthropoda;Insecta;NA;NA;NA;NA
5b461fbdb831f5283e8a585350ef3d2b,Eukaryota;Oomycota;Peronosporales__c;Peronosporales;NA;NA;NA
c7b93546aac33b978329a74fef1cc4b7,Eukaryota;Arthropoda;Hexanauplia;Calanoida;Clausocalanidae;Pseudocalanus;Pseudocalanus mimus
f5329ea9f408100923a85d638f69b964,Eukaryota;Rhodophyta;Florideophyceae;Plocamiales;NA;NA;NA
5ff7d75270439fab92465699e4869428,Eukaryota;Arthropoda;Insecta;Coleoptera;NA;NA;NA
7c001a429a016e6f923c4713ce39d1a4,Unknown;NA;NA;NA;NA;NA;NA
e441676d0ae19520fa5fcb6a39d378f6,Eukaryota;Arthropoda;Insecta;Ephemeroptera;NA;NA;NA
b467ee222f8a51ac79351075d872368b,Eukaryota;Cnidaria;Hydrozoa;NA;NA;NA;NA
75edb01f553b23762d47d9b591e046fe,Unknown;NA;NA;NA;NA;NA;NA
a6aaa4ca4c57933f863ef55e2d2123dc,Unknown;NA;NA;NA;NA;NA;NA
7c491b3fa837711f579a8b1502ff2ff6,Eukaryota;Basidiomycota;Agaricomycetes;Gomphales;NA;NA;NA
66f0365f2b8deaf062b0df09e0ebae69,Eukaryota;Discosea;Flabellinia;NA;NA;NA;NA
044dace3556cc2cb0f53ea3cd932c807,Eukaryota;Arthropoda;Insecta;NA;NA;NA;NA
1ac97b756c299dc193c0042edc9025d9,Eukaryota;Mollusca;Gastropoda;Littorinimorpha;NA;NA;NA
9b6312134b7abd41d4962c4c379ec6bc,Unknown;NA;NA;NA;NA;NA;NA
5e69b490c35fa563d1c76f73b2b8f62f,Eukaryota;Cnidaria;Hydrozoa;Leptothecata;NA;NA;NA
9f7d2078ac76dac85d842136430a534c,Eukaryota;Mollusca;Gastropoda;Planorbidae__o;NA;NA;NA
ef7994612900acd335ebf58670946780,Eukaryota;Arthropoda;Hexanauplia;Calanoida;Clausocalanidae;NA;NA
293dfdfa0fd31f331cd4fadd90ece253,Eukaryota;Arthropoda;Arachnida;NA;NA;NA;NA
6267bf15b2d03d06b0966016288b27a2,Eukaryota;Arthropoda;Insecta;Ephemeroptera;NA;NA;NA
c571201850c0fd352f6c2fc374cd50b2,Eukaryota;Dinophyceae__p;Dinophyceae;Gonyaulacales;Pyrocystaceae;NA;NA
61defaa45fa9db91fce6ca60ab1bd7e5,Eukaryota;Cnidaria;Hydrozoa;Siphonophorae;Prayidae;NA;NA
41fa0679688d93cb07ace76666b110c2,Eukaryota;Arthropoda;Hexanauplia;Calanoida;Clausocalanidae;Pseudocalanus;NA
35dcd6c52cedfe0820e1cda499684ec3,Eukaryota;Arthropoda;Insecta;Hymenoptera;NA;NA;NA
a5eaf85994e5c356ad65f7fa0faef912,Eukaryota;Bacillariophyta;Bacillariophyceae;Naviculales;NA;NA;NA
ef26b5d40bac4f904cfcd793726f444e,Eukaryota;Arthropoda;Arachnida;Scorpiones;NA;NA;NA
0fca1fd3a43be9563a0c215ef7274757,Eukaryota;Bacillariophyta;Coscinodiscophyceae;Thalassiosirales;NA;NA;NA
f8cb4f419b726c626a20fa15231f1684,Eukaryota;Annelida;Polychaeta;Phyllodocida;Glyceridae;Glycera;Glycera capitata
a0cdb18e4c8ad0b4ae984559c5da4dec,Eukaryota;Arthropoda;Insecta;Lepidoptera;NA;NA;NA
240df510848052ea2ddfb8dfecda4f09,Eukaryota;Arthropoda;Insecta;Lepidoptera;NA;NA;NA
ef84af4329b930148a259f3648fecfc9,Eukaryota;Arthropoda;Insecta;Diptera;NA;NA;NA
596707c91aa15417be3004daf520aed8,Unknown;NA;NA;NA;NA;NA;NA
e8c38ebc19b87daadfee8413f17f1560,Unknown;NA;NA;NA;NA;NA;NA
2051c56c3f2ebc3f8508127d62673449,Eukaryota;Arthropoda;Insecta;NA;NA;NA;NA
4e5584b360ea8f532ef986f2a46c3351,Eukaryota;Arthropoda;Insecta;Hymenoptera;NA;NA;NA
c969e2096f4ff7be92c39632b321e077,Eukaryota;Cnidaria;Hydrozoa;Limnomedusae;NA;NA;NA
0a9707534237c5887a48e4c7bddc12f3,Unknown;NA;NA;NA;NA;NA;NA
bd555b1d38a11824d11f15a92d4d2322,Eukaryota;Phaeophyceae__p;Phaeophyceae;Ectocarpales;NA;NA;NA
2954baae46acc4d266adb390d3dcbc5f,Eukaryota;Phaeophyceae__p;Phaeophyceae;Laminariales;NA;NA;NA
c3ebb9a4f208753513ac4cc0fbe9b6d2,Eukaryota;Arthropoda;Arachnida;Scorpiones;NA;NA;NA
ea3fb4dc727b699832b2f83bbd4b5895,Eukaryota;Arthropoda;Arachnida;Araneae;NA;NA;NA
a0787dc616cf9658ab1b009bf318ef55,Eukaryota;Haptophyta;Phaeocystales__c;Phaeocystales;NA;NA;NA
0c671bda6d554eacd3078f24bb9608bf,Eukaryota;Arthropoda;Insecta;Hymenoptera;NA;NA;NA
319cb6e74ec8ac0cea6f0a5eab4c356f,Eukaryota;Arthropoda;Insecta;Coleoptera;NA;NA;NA
4ec4ea80bd000ccb64f93027966601bc,Eukaryota;Mollusca;Gastropoda;Stylommatophora;NA;NA;NA
b1ff95379ac4e00be26d497999512ff0,Eukaryota;Arthropoda;Arachnida;NA;NA;NA;NA
ff1fc9ad3abc3f938094098a76cb1a8c,Eukaryota;Arthropoda;Hexanauplia;Calanoida;Clausocalanidae;NA;NA
3424bb449fb4f1024abd8a08b035cd00,Unknown;NA;NA;NA;NA;NA;NA
2035a2bb8da0f4aeceff906ad98a4f59,Eukaryota;Ascomycota;Leotiomycetes;Myxotrichaceae__o;Myxotrichaceae;Myxotrichum;NA
58253884c80c40c5e39201e35958a0c5,Eukaryota;Discosea;Flabellinia;Dactylopodida;Paramoebidae;NA;NA
59ac04883735df5aea85d5738e949606,Eukaryota;Arthropoda;Hexanauplia;Calanoida;Clausocalanidae;Pseudocalanus;Pseudocalanus mimus
239c736bbfeb13d62f5f20f3176950f2,Eukaryota;Cnidaria;Hydrozoa;Anthoathecata;Balellidae;NA;NA
e747556156add37664075050daa2ec52,Eukaryota;Nemertea;Enopla;Monostilifera;NA;NA;NA
019138876e4e32ff68a9f933a4cc7c2d,Eukaryota;Porifera;Demospongiae;Axinellida;NA;NA;NA
12498fee6b988c87f9e55fd673efdada,Eukaryota;Chrysophyceae__p;Chrysophyceae;Segregatospumella__f__o;NA;NA;NA
979664c79f33c62b4c872e673f9835b0,Eukaryota;Mollusca;Gastropoda;Planorbidae__o;NA;NA;NA
282ab157e646fbe9e7292005752fcf5a,Eukaryota;Arthropoda;Arachnida;NA;NA;NA;NA
639b5d0f79e2da59012d4e2fd93e448c,Eukaryota;Oomycota;Pythiales__c;Pythiales;NA;NA;NA
9f95cdb0436f21c2e84aff979a50f6bb,Eukaryota;Rhodophyta;Florideophyceae;Halymeniales;Halymeniaceae;Grateloupia;Grateloupia sp_ GWS_2014
1c0a881434477190123a87fdbe0f7ac5,Unknown;NA;NA;NA;NA;NA;NA
2dd44efaaf51e3030f58cf12b07d2e4b,Eukaryota;Mollusca;Gastropoda;Planorbidae__o;NA;NA;NA
23f79f222efcf1101fd9eaf708ecf665,Eukaryota;Oomycota;Saprolegniales__c;Saprolegniales;NA;NA;NA
db6213fe17dc82db70d77628cf618bc8,Eukaryota;Phaeophyceae__p;Phaeophyceae;Dictyotales;NA;NA;NA
ff1195fcd794bad213b197c67e52a900,Eukaryota;Oomycota;Pythiales__c;Pythiales;NA;NA;NA
260b31ba3cc1dcbf33be3d9e6466b7f8,Eukaryota;Arthropoda;Arachnida;Araneae;NA;NA;NA
fca392630b0eee7a6423d1dc1a355c33,Eukaryota;Cnidaria;Hydrozoa;Leptothecata;NA;NA;NA
36ba1cc86fc3bb938cb2a6be894173a0,Eukaryota;Cnidaria;Hydrozoa;Siphonophorae;NA;NA;NA
ffeca9642ddce1d1548efcd05372b9c0,Unknown;NA;NA;NA;NA;NA;NA
7dcc997643a74a1da91586317a19588c,Eukaryota;Rotifera;Eurotatoria;Ploima;NA;NA;NA
1a369fceb2dc4872189da9b0eaeb0593,Unknown;NA;NA;NA;NA;NA;NA
228f1412a11a396c18070720f936042b,Eukaryota;Arthropoda;Insecta;Hymenoptera;NA;NA;NA
a07fdca996023b4e85540074ad5f6893,Eukaryota;Arthropoda;Insecta;Lepidoptera;NA;NA;NA
9704567f55bff5186d2280a55c9cbe9d,Eukaryota;Arthropoda;Malacostraca;Amphipoda;NA;NA;NA
24b0974ebbb31b42e9091fa31b633e45,Eukaryota;Cnidaria;Hydrozoa;Leptothecata;NA;NA;NA
3bab1182f2e8a79da8cac12a99257faf,Eukaryota;Ascomycota;Eurotiomycetes;Chaetothyriales;Trichomeriaceae;NA;NA
e762e98aa94519f79695e89a9458e0ea,Eukaryota;Rhodophyta;Florideophyceae;Ceramiales;NA;NA;NA
55d792e7cc03a6bf12d63df7f9ea49dc,Eukaryota;Oomycota;Saprolegniales__c;Saprolegniales;NA;NA;NA
7f9059c073832213b0c427162ca72cd1,Eukaryota;Cnidaria;Scyphozoa;Semaeostomeae;Ulmaridae;Phacellophora;Phacellophora camtschatica
e5f6f12b829aa6583655982b59a1c157,Unknown;NA;NA;NA;NA;NA;NA
ef519dde096a0380aabe68b1dca61138,Eukaryota;Rhodophyta;Florideophyceae;Gigartinales;NA;NA;NA
683e943f547261090fbe6555858f4467,Eukaryota;Haptophyta;Prymnesiales__c;Prymnesiales;NA;NA;NA
b679e35488d151a8585fa58397ad04cb,Eukaryota;Bacillariophyta;Bacillariophyceae;Naviculales;NA;NA;NA
c6f86875f1202f605ed3e30150c5ce29,Eukaryota;Cnidaria;Hydrozoa;Leptothecata;Mitrocomidae;Mitrocoma;Mitrocoma cellularia
1cb3a80db0aec9b20a57629566175de2,Eukaryota;Haptophyta;Phaeocystales__c;Phaeocystales;NA;NA;NA
c4cf5c2d1419b11cc3d176ce2058cf3a,Eukaryota;Arthropoda;Insecta;Diptera;NA;NA;NA
b2005cdecf6a5ccef517ee539afd3e27,Eukaryota;Arthropoda;Thecostraca;Balanomorpha;Balanidae;Balanus;NA
69accadf704a57b43cf0d8cb0ee0cd77,Unknown;NA;NA;NA;NA;NA;NA
3f3fb0fbe5e2f2e1645cdcb7c6304b19,Eukaryota;Arthropoda;Insecta;Diptera;NA;NA;NA
ca9487c95ed568f1a719e002dad815ac,Unknown;NA;NA;NA;NA;NA;NA
a3b0dc9c4e450d01095b4542f1fab2c5,Eukaryota;Haptophyta;Prymnesiales__c;Prymnesiales;NA;NA;NA
4e4357671c25d521c0699fe1f85669a6,Unknown;NA;NA;NA;NA;NA;NA
eee8d30d7901f3cffdb1dd8831847047,Eukaryota;Haptophyta;Prymnesiales__c;Prymnesiales;NA;NA;NA
6a7783c4b04eab145b38e09efdd799ff,Eukaryota;Tubulinea;Elardia;Arcellinida;NA;NA;NA
d1ce861cfc3158e179f0ed87d80a7aea,Eukaryota;Arthropoda;Insecta;Hymenoptera;NA;NA;NA
6c205ca8d6df122caac4b2f4a9c16d66,Eukaryota;Annelida;Polychaeta;Capitellidae__o;Capitellidae;NA;NA
f137b14a2b39e113536076f6710a5fbf,Eukaryota;Arthropoda;Arachnida;Araneae;NA;NA;NA
b0959d7601a048c83c1ebf801da1cbc5,Unknown;NA;NA;NA;NA;NA;NA
a1b8a447b64389cdbb0531c5c83e4b00,Eukaryota;Porifera;Demospongiae;Poecilosclerida;NA;NA;NA
879f0e6f784668ddbfbad1a35f854dbd,Eukaryota;Arthropoda;Hexanauplia;Calanoida;Clausocalanidae;Pseudocalanus;Pseudocalanus mimus
0de29bbdc77c388a608ed1aabaca4c8c,Eukaryota;Bacillariophyta;Mediophyceae;Hemiaulales;Hemiaulaceae;NA;NA
e32b6ad5e8f92cc854226fac39604fea,Eukaryota;Discosea;Flabellinia;Dactylopodida;NA;NA;NA
8f9c3ed5a2f656c02bcb058f36bf8dcf,Eukaryota;Arthropoda;Insecta;NA;NA;NA;NA
ababa38910521bf82a56db9fd7d6cf73,Eukaryota;Chrysoparadoxa__f__o__c__p;Chrysoparadoxa__f__o__c;Chrysoparadoxa__f__o;NA;NA;NA
6ac37d9f029956bec98b7b25677a9a1b,Eukaryota;Oomycota;Pythiales__c;Pythiales;NA;NA;NA
175f978a08b36d86b3e9db8784adb973,Eukaryota;Haptophyta;Phaeocystales__c;Phaeocystales;NA;NA;NA
667abfb912ec7dbd137b0c1c4e6e0d66,Eukaryota;Tubulinea;Elardia;Arcellinida;NA;NA;NA
675accb29ba604281fa9296ad980a0be,Eukaryota;Porifera;Demospongiae;Poecilosclerida;NA;NA;NA
9dbe4526ac8628985270cb8e8c2b5744,Eukaryota;Discosea;Flabellinia;Dactylopodida;NA;NA;NA
df6fc3f6d816a082d590f51c23fc402e,Eukaryota;Bacillariophyta;Coscinodiscophyceae;NA;NA;NA;NA
6bbe0dafe4d94bbf6fb195dc071a8b68,Unknown;NA;NA;NA;NA;NA;NA
40c00518fd13636d04c57e5ab9f8d127,Unknown;NA;NA;NA;NA;NA;NA
87346e6e73825c555b997f11a657bf8f,Unknown;NA;NA;NA;NA;NA;NA
5fee73603f2b8a961879df689be34243,Eukaryota;Rotifera;Eurotatoria;Ploima;Synchaetidae;NA;NA
4091e740d9f4179e2b4d54b215429898,Eukaryota;Bacillariophyta;Mediophyceae;Lithodesmiales;NA;NA;NA
2e406e6fd73041c84586c9a373533a11,Eukaryota;Rhodophyta;Florideophyceae;Ceramiales;NA;NA;NA
e7822385d21a3b5189b190d28102ee54,Eukaryota;Oomycota;Peronosporales__c;Peronosporales;NA;NA;NA
6377059dab078720fc5b8d649e487efa,Eukaryota;NA;NA;NA;NA;NA;NA
7138a26fbcefc9810fa0a416296ed855,Eukaryota;Nemertea;Enopla;NA;NA;NA;NA
14299f1ad437db08024a09982d87c36a,Eukaryota;Phaeophyceae__p;Phaeophyceae;NA;NA;NA;NA
63a390c39af4377fdeb65196c789a522,Eukaryota;Cnidaria;Hydrozoa;Siphonophorae;NA;NA;NA
0fae59f953a8b0c51d698125ba707d46,Eukaryota;Chlorophyta;Trebouxiophyceae;Chlorellales;Chlorellaceae;NA;NA
96467918c34019d92e421731319813b5,Eukaryota;Haptophyta;Isochrysidales__c;Isochrysidales;NA;NA;NA
2ef1beb6e70d036c67807f6908429baf,Eukaryota;Rhodophyta;Florideophyceae;NA;NA;NA;NA
9dcb5b2c3b5aa5a78a91763562e9835e,Eukaryota;Mollusca;Gastropoda;Planorbidae__o;NA;NA;NA
2e6ba9957ed6041dfdc4f3c35a3be84b,Eukaryota;Mollusca;Gastropoda;Planorbidae__o;NA;NA;NA
c011098b42a8a703d79d6b0e14b686ec,Eukaryota;Phaeophyceae__p;Phaeophyceae;Dictyotales;NA;NA;NA
0e9f58661ae76d28081b0a748beff1e1,Eukaryota;Arthropoda;Hexanauplia;Calanoida;Clausocalanidae;Pseudocalanus;Pseudocalanus newmani
abf8caa910e198c89d2ddeb616981fd2,Eukaryota;Cnidaria;Hydrozoa;NA;NA;NA;NA
e7b081b37bead29010008e73285906e5,Eukaryota;Arthropoda;Insecta;NA;NA;NA;NA
6430a9307d7908baadbda4211a212a93,Eukaryota;Arthropoda;Hexanauplia;Calanoida;Clausocalanidae;Pseudocalanus;NA
c02dbd10dd5104f50969811bf1037f2f,Eukaryota;Cnidaria;Hydrozoa;Leptothecata;Eirenidae;Eutonina;Eutonina indicans
a97a974261ab579649252021d6038ac8,Eukaryota;Arthropoda;Arachnida;Araneae;NA;NA;NA
7bd80f7f981f6fe50e28958625750172,Eukaryota;Cnidaria;Hydrozoa;Leptothecata;NA;NA;NA
265dca5fb0b0e9b0806891150edbe3da,Eukaryota;Bacillariophyta;Coscinodiscophyceae;Chaetocerotales;NA;NA;NA
d30b7824f73c7afa72b212353f3852bb,Eukaryota;Arthropoda;Insecta;Diptera;NA;NA;NA
87b1ad1443d6e9d48948b23b0358d131,Unknown;NA;NA;NA;NA;NA;NA
c5ec7cb15a5ac21f5a061f3d8f110919,Eukaryota;Discosea;Flabellinia;Dactylopodida;Paramoebidae;NA;NA
2f8cbaff362196317f08f143f7abd5a4,Unknown;NA;NA;NA;NA;NA;NA
adac44a6df79039d21c7959f8c4ed14b,Unknown;NA;NA;NA;NA;NA;NA
993211407c4971c05699b152981cb5b8,Eukaryota;Cnidaria;Hydrozoa;Anthoathecata;NA;NA;NA
fccb7929136d92d214d4cf37ee72ac32,Unknown;NA;NA;NA;NA;NA;NA
c182acf398c93cd950ee775d53c9c53d,Eukaryota;Cnidaria;Hydrozoa;Anthoathecata;NA;NA;NA
f13712f5c16ddae2d7eb7bbe89925358,Unknown;NA;NA;NA;NA;NA;NA
67c510fca70b3219e21240ecc1b74119,Unknown;NA;NA;NA;NA;NA;NA
2a8e04f26cbc2129ac75152c9d472929,Unknown;NA;NA;NA;NA;NA;NA
ea3665ab26c00821e85d6ba6449a9c24,Unknown;NA;NA;NA;NA;NA;NA
80fde3aa3f9c6c4538be1a7676d49588,Eukaryota;Cnidaria;Hydrozoa;Siphonophorae;NA;NA;NA
cc1869f770030931ff6e5ff51b2f692c,Eukaryota;Phaeophyceae__p;Phaeophyceae;Ectocarpales;NA;NA;NA
cc4e4a3eb8494bf42f4be2d7a8b296a7,Eukaryota;Arthropoda;Arachnida;Araneae;NA;NA;NA
672b70bd35d931781ccfcd6ec16fabfd,Eukaryota;Arthropoda;Insecta;Diptera;NA;NA;NA
817207101a138a0c30adee193693304b,Eukaryota;Arthropoda;Arachnida;Araneae;NA;NA;NA
48da48ff64451c0e85277b8d5890d8f8,Eukaryota;Arthropoda;Hexanauplia;Calanoida;Clausocalanidae;Pseudocalanus;Pseudocalanus mimus
742f1ce8bae9c5443f8f26de912dd518,Eukaryota;Cnidaria;NA;NA;NA;NA;NA
e2d174879f5ae8f9b32293d2d4245996,Eukaryota;Porifera;Demospongiae;Haplosclerida;NA;NA;NA
6c147b36ccb4f941564bc09ffd6568ab,Unknown;NA;NA;NA;NA;NA;NA
885bb599954c6d98b9baa50b1c9578f2,Eukaryota;Arthropoda;Insecta;Diptera;NA;NA;NA
364bdab573a880e0b60c10ae5f97de6e,Eukaryota;Arthropoda;Insecta;Lepidoptera;NA;NA;NA
5dd1c4569bdfef702b4f5860b284e7a7,Eukaryota;Arthropoda;Arachnida;NA;NA;NA;NA
51b92851473a2cee35caf65b5c1c17d8,Eukaryota;Cercozoa;Imbricatea;Euglyphida;NA;NA;NA
a6ff43eed3a1a99fdbc865f3fe7a0f47,Eukaryota;Chordata;Actinopteri;NA;NA;NA;NA
7afda8a2851d3b4f1c30c9595b4cfa9d,Eukaryota;Arthropoda;Insecta;Diptera;NA;NA;NA
bfe2b8f240ecacea3efcbbf9c829c26e,Eukaryota;Haptophyta;Prymnesiales__c;Prymnesiales;NA;NA;NA
7c46aebe7ec0dcd4e7d3da4c912fa1c1,Eukaryota;Oomycota;Haptoglossa__f__o__c;Haptoglossa__f__o;NA;NA;NA
3053b69e7371d8810d8dbd4050a22422,Eukaryota;Oomycota;Peronosporales__c;Peronosporales;NA;NA;NA
7389da718303db21b369b6ca3338d072,Eukaryota;Mollusca;Bivalvia;Nuculida;Nuculidae;Acila;Acila castrensis
51edb0abd466b727717ed51844ad5b08,Eukaryota;Cnidaria;Hydrozoa;Leptothecata;Eirenidae;Eutonina;Eutonina indicans
a6dd4ab3e2087ea5dac60a22ef20ee25,Eukaryota;Choanoflagellata__p;Choanoflagellata;Craspedida;NA;NA;NA
f30944e196246dceeace84fb4a6dae6c,Eukaryota;Arthropoda;Arachnida;Sarcoptiformes;NA;NA;NA
e8a6d929db40da6793978fc8b93ab0ee,Eukaryota;Arthropoda;Insecta;NA;NA;NA;NA
a64bcca84fe8afed337105a6154fe67b,Eukaryota;Arthropoda;Insecta;Hymenoptera;NA;NA;NA
70c192b4bb3d3fbce8fd8c895ef8da91,Eukaryota;Discosea;Flabellinia;Dactylopodida;NA;NA;NA
fec9fe56458c187101551aa51b737dac,Eukaryota;Phaeophyceae__p;Phaeophyceae;NA;NA;NA;NA
0487aacf8dfe1d10cfa92fdec60919ee,Eukaryota;Mollusca;Gastropoda;NA;NA;NA;NA
db4ec0e4f8972c415e95bf3299ea8a82,Eukaryota;Cnidaria;Hydrozoa;Leptothecata;NA;NA;NA
f904bc48ed7c95403ad450686ef4d595,Eukaryota;Mollusca;Gastropoda;Littorinimorpha;NA;NA;NA
10a2c81a9d47a5c1831fadb47da9834f,Eukaryota;Arthropoda;Insecta;NA;NA;NA;NA
237f6d444273879d238fbf0d4a0cc3bf,Unknown;NA;NA;NA;NA;NA;NA
85bd248ac29d05626479a57e11ca1ce8,Eukaryota;Discosea;Himatismenida__c;Himatismenida;NA;NA;NA
535f0156dda80bd3649a88be61212424,Eukaryota;NA;NA;NA;NA;NA;NA
8d8401ff9ec096311ec44a420ee0a863,Eukaryota;Oomycota;Peronosporales__c;Peronosporales;NA;NA;NA
1c5baf65f18411139e5fffeaf2c388c7,Eukaryota;Cnidaria;Hydrozoa;Anthoathecata;Pandeidae;Leuckartiara;Leuckartiara longicalcar
ccd7203491bddc857d57f3f25f893d93,Eukaryota;Cnidaria;Anthozoa;Scleractinia;NA;NA;NA
91272ad77e9a1b12c4f9c5caf2885f58,Unknown;NA;NA;NA;NA;NA;NA
08ac68fe623108b58b87cbe47ed2d2df,Eukaryota;Arthropoda;Arachnida;Araneae;NA;NA;NA
c6415b3b4dfcea0db9ca236c6d8e927f,Unknown;NA;NA;NA;NA;NA;NA
b872d4350b0522ba3c6ee8141afece11,Eukaryota;Arthropoda;Insecta;Hymenoptera;NA;NA;NA
67236a62b461f21a0fd6dfb7a3227069,Unknown;NA;NA;NA;NA;NA;NA
d457bd88c1092beb1af6146266e63946,Unknown;NA;NA;NA;NA;NA;NA
7898da3bfd676277b4b4c23b6ffbba71,Eukaryota;Arthropoda;Hexanauplia;Calanoida;Clausocalanidae;Pseudocalanus;Pseudocalanus mimus
23bae98df67938ddd62c3c5e4457623e,Eukaryota;Basidiomycota;Agaricomycetes;NA;NA;NA;NA
f5117ab7a237964aba1628c21827c6b2,Eukaryota;Rhodophyta;Florideophyceae;Corallinales;NA;NA;NA
c72f827d384c36272457ee8f93973b1d,Eukaryota;Arthropoda;Hexanauplia;Calanoida;Clausocalanidae;Pseudocalanus;Pseudocalanus mimus
51eb1b3a23ac4dec7ee78219696c86e1,Eukaryota;Dinophyceae__p;Dinophyceae;Gymnodiniales;Gymnodiniaceae;Margalefidinium;Margalefidinium polykrikoides
250a29b7c54ac0530d3433d7af6f5f19,Eukaryota;Rhodophyta;Florideophyceae;Ceramiales;NA;NA;NA
f128a8bbfa4b47a5549b974b4fdda4fc,Unknown;NA;NA;NA;NA;NA;NA
cbf964c6fc9eecef957e08b7d2a2ab25,Eukaryota;Arthropoda;Hexanauplia;Calanoida;Clausocalanidae;Pseudocalanus;Pseudocalanus mimus
0922743d480e2ba8f79dd928a8b36ec1,Eukaryota;Bacillariophyta;Bacillariophyceae;Naviculales;NA;NA;NA
3a556b699e23553c88f168d7ffc8282e,Eukaryota;Rhodophyta;Florideophyceae;NA;NA;NA;NA
4e6b301afcd5c7776f6d5d97afcd36ea,Unknown;NA;NA;NA;NA;NA;NA
db82b9aeed6c6d5423e35a8b3fa26880,Eukaryota;Phaeophyceae__p;Phaeophyceae;Ectocarpales;NA;NA;NA
08ae47ae4a4c177a6bc3da5fbb06910b,Eukaryota;Arthropoda;Insecta;Diptera;NA;NA;NA
7abec64da903d17c6996cc9decdf4d01,Eukaryota;Bacillariophyta;Bacillariophyceae;Naviculales;NA;NA;NA
aa4750907361654f3b56066786e27ab8,Eukaryota;Arthropoda;Insecta;Coleoptera;NA;NA;NA
dc0fbd063e9d8b20e2efa37eb3ffa2fe,Eukaryota;Oomycota;Peronosporales__c;Peronosporales;NA;NA;NA
45f6195f70e7608e4b7c7ca7c8d683eb,Eukaryota;Phaeophyceae__p;Phaeophyceae;Laminariales;NA;NA;NA
69d22803d3decb13d6b7a75ed660a7f4,Unknown;NA;NA;NA;NA;NA;NA
7e3226e374ecb57b5cba553011d7ba76,Eukaryota;Annelida;Polychaeta;Sabellida;Sabellariidae;NA;NA
70d518d490d0fa6268d047cdc5183bab,Eukaryota;Porifera;Demospongiae;Axinellida;NA;NA;NA
c5d7121b89a45af245f36804bb1cf353,Eukaryota;Arthropoda;Insecta;Lepidoptera;NA;NA;NA
44fbced25cc467aba907d6c844b936a3,Eukaryota;NA;NA;NA;NA;NA;NA
44424a7a7af5c65ff6bb4f119b779681,Eukaryota;Discosea;Longamoebia__c;Longamoebia;NA;NA;NA
71ba704438d0135a086f7f1eaf81a946,Unknown;NA;NA;NA;NA;NA;NA
aef2058cbaa344d6eda195b631b022cc,Eukaryota;Nemertea;Enopla;Monostilifera;NA;NA;NA
d800d1691f1915741e39e2ebf0cf869a,Eukaryota;Annelida;Polychaeta;Maldanidae__o;NA;NA;NA
bef15a032551ab972f2e11b30394fe89,Eukaryota;Arthropoda;Insecta;Diptera;NA;NA;NA
573fcda5701418b9e2f589f23cc9cfdf,Eukaryota;Arthropoda;Insecta;Coleoptera;NA;NA;NA
94e1d21a82c8acda2da80041417b885b,Unknown;NA;NA;NA;NA;NA;NA
d0d0cc324677b7355016d932366bb137,Eukaryota;Nemertea;Palaeonemertea;Archinemertea;NA;NA;NA
cf7f6e1056c1619f938cae2c0672912b,Eukaryota;Haptophyta;Isochrysidales__c;Isochrysidales;NA;NA;NA
09be35a75f456e6563dcfee8f0b76349,Eukaryota;Chrysophyceae__p;Chrysophyceae;Chromulinales;NA;NA;NA
f0a39b002b537ef69cb88d80883848a7,Eukaryota;Chlorophyta;Trebouxiophyceae;Chlorellales;Chlorellaceae;NA;NA
cfc22c0f612ed1efd506f79125142997,Eukaryota;Arthropoda;Hexanauplia;Calanoida;Clausocalanidae;Pseudocalanus;Pseudocalanus mimus
f295b87f9975eaeec4016422fd5088c7,Eukaryota;Rhodophyta;Florideophyceae;Ceramiales;NA;NA;NA
3de83128b9aaf6fd46ad975bf409b1c2,Eukaryota;Mollusca;Gastropoda;Planorbidae__o;NA;NA;NA
d8b8c67145cc08d98f2c2da4c5c9f7cd,Eukaryota;Annelida;Polychaeta;Terebellida;NA;NA;NA
df5e880b1c1491b0e4e8377abf2792e1,Unknown;NA;NA;NA;NA;NA;NA
2df216c3b3d2daedda7488df744d3fa1,Eukaryota;Cnidaria;Hydrozoa;NA;NA;NA;NA
c3f463bf75f1507a03242e5c6b165d10,Eukaryota;Cnidaria;Hydrozoa;Siphonophorae;NA;NA;NA
a44a604d54b99516c6b97f98e144ee54,Unknown;NA;NA;NA;NA;NA;NA
d8e20295afb3cd8f1dbe6054f57c55e3,Eukaryota;Bacillariophyta;Bacillariophyceae;Bacillariales;Bacillariaceae;NA;NA
ef2a8a0600b9112673337ae242f34782,Eukaryota;Discosea;Flabellinia;Dactylopodida;NA;NA;NA
6241d977e26748649dfbfb5e1e43a418,Unknown;NA;NA;NA;NA;NA;NA
17f040cb4e7013ca2d550d8200e36df7,Eukaryota;Arthropoda;Insecta;Diptera;NA;NA;NA
f594ec78c914449bbeed2647036b18d4,Eukaryota;Cnidaria;Hydrozoa;Anthoathecata;Pandeidae;Halitholus;Halitholus sp_ PS_2018
aa97eba45d4c12200b66ed3a85ef17cf,Eukaryota;Arthropoda;Insecta;Diptera;NA;NA;NA
4f9e830994e059c57fcab4baf7a3cfc5,Eukaryota;Cnidaria;Hydrozoa;Siphonophorae;NA;NA;NA
5a03fa03f0cfd33307d096c7ea8b8184,Eukaryota;Cnidaria;Hydrozoa;Siphonophorae;NA;NA;NA
e44d7cc736431b2ba837d93d0aece046,Eukaryota;Raphidophyceae__p;Raphidophyceae;Chattonellales;NA;NA;NA
82f4445d48468d055a41f3395be5bdb0,Eukaryota;Rhodophyta;Florideophyceae;Gigartinales;NA;NA;NA
7a7a4be230b733f55c03f49fa197a7fb,Eukaryota;Arthropoda;Insecta;Hymenoptera;NA;NA;NA
b5ec0f1182cab9479ce602b66daa5d96,Eukaryota;Arthropoda;Hexanauplia;Calanoida;Clausocalanidae;Pseudocalanus;Pseudocalanus newmani
443cbd51bcddb60801b1c9e6fd61e04c,Eukaryota;Discosea;Himatismenida__c;Himatismenida;NA;NA;NA
501829d97dc30ade2df2b20bca0b9143,Eukaryota;Discosea;Flabellinia;Dactylopodida;NA;NA;NA
468cad5ff9534153043bec6ef5a689c3,Eukaryota;Mollusca;Gastropoda;Stylommatophora;NA;NA;NA
d72067055d56eb7300be614126784304,Unknown;NA;NA;NA;NA;NA;NA
eb602f6c4fbc3c6ed8a00300ca528562,Eukaryota;Mollusca;Gastropoda;Stylommatophora;NA;NA;NA
75cd4f0f15313ae00aaf8c7ec7a527e7,Eukaryota;Arthropoda;Insecta;Neuroptera;NA;NA;NA
9ba480cee34ca9ffd3d8a430cb15806d,Eukaryota;Arthropoda;Hexanauplia;Calanoida;Clausocalanidae;Pseudocalanus;Pseudocalanus mimus
5e6ddeab883272470e6017ae1f705f28,Eukaryota;Arthropoda;Insecta;Diptera;NA;NA;NA
706e748a924f20be90a988cd18ebef77,Eukaryota;Chrysophyceae__p;Chrysophyceae;Chromulinales;Chromulinaceae;NA;NA
3e049d374431f8e1d927071f302aebbd,Eukaryota;Rhodophyta;Florideophyceae;Gracilariales;NA;NA;NA
c4d88f892240729865c0be107f443e15,Environmental Unknown;NA;NA;NA;NA;NA;NA
23722f88e4b6aae12bc6b5a5b9495a6c,Unknown;NA;NA;NA;NA;NA;NA
07c654db817c48847ce61f84ad0ef1e4,Eukaryota;Haptophyta;Prymnesiales__c;Prymnesiales;NA;NA;NA
d749224df446e960d78847f54d578327,Eukaryota;Rhodophyta;Florideophyceae;NA;NA;NA;NA
a3219118254cdcb4c9a4ef44b0b55355,Eukaryota;Cnidaria;Hydrozoa;Leptothecata;NA;NA;NA
cd8f2e17373699262368081b3b6c968c,Eukaryota;Cnidaria;Hydrozoa;Leptothecata;Eirenidae;Eutonina;Eutonina indicans
2507f21b5184f9ccd9c481ca211fbed6,Eukaryota;Arthropoda;Insecta;Diptera;NA;NA;NA
0fe55a43387bb2a9d5469350692d1046,Unknown;NA;NA;NA;NA;NA;NA
46f2aa7525771fad5b9a33de00766d32,Eukaryota;Arthropoda;Insecta;Diptera;NA;NA;NA
d712dd88f100b1de58561c21625e8c0a,Eukaryota;Mollusca;Gastropoda;NA;NA;NA;NA
91e4a3b5bdcecb9632e33cdeb862c5a5,Unknown;NA;NA;NA;NA;NA;NA
f5f8e5205aa29dfd21d64be94feb73f4,Eukaryota;Discosea;Longamoebia__c;NA;NA;NA;NA
a04b248c15b00fe9b3e189240cf2ef60,Eukaryota;Arthropoda;Arachnida;Araneae;NA;NA;NA
5d7d7e7e8d863a2b41ab8f12594cdc76,Eukaryota;Mollusca;Gastropoda;Stylommatophora;NA;NA;NA
f34bbefaef6085c22516647c3a34d01b,Environmental Unknown;NA;NA;NA;NA;NA;NA
457f584122083fbadf36828d224cfa7e,Unknown;NA;NA;NA;NA;NA;NA
fa649297bd6b32e577fdc45ccca951cd,Eukaryota;Arthropoda;Insecta;Lepidoptera;NA;NA;NA
23bae662425484629d59fb0892b2aa1d,Eukaryota;Chlorophyta;Trebouxiophyceae;Chlorellales;NA;NA;NA
222252fe2d20de25c875044f35b756fd,Eukaryota;Oomycota;Saprolegniales__c;Saprolegniales;NA;NA;NA
11bbdb1e735e9064925e27af5f53a80f,Eukaryota;Oomycota;Haptoglossa__f__o__c;Haptoglossa__f__o;NA;NA;NA
1d82969ae145173346268af8c94a6066,Unknown;NA;NA;NA;NA;NA;NA
c71bbbcbc155a71fff3703d3cf5ce1b5,Eukaryota;Arthropoda;Insecta;Diptera;NA;NA;NA
b74c057a974b670d645ed7ed5e40da34,Eukaryota;Arthropoda;Insecta;Diptera;NA;NA;NA
1b9399eb825d6690f5e3b6d9445f5b31,Eukaryota;Discosea;Himatismenida__c;NA;NA;NA;NA
ac76efa5b1f14edaabdbf2ed17a26a3b,Eukaryota;Cnidaria;Hydrozoa;Siphonophorae;NA;NA;NA
f37fa5f359097638b9dd05ff3af43cea,Eukaryota;Discosea;Flabellinia;Dactylopodida;NA;NA;NA
163bdd44ea0220e9d8cd728293f92ac8,Eukaryota;Phaeophyceae__p;Phaeophyceae;Desmarestiales;NA;NA;NA
344d5c1093a2bb4045052886884d5863,Eukaryota;Cnidaria;Hydrozoa;Anthoathecata;Pandeidae;Halitholus;Halitholus sp_ PS_2018
427b7ff993f083e27ac87c59ffee9425,Eukaryota;Discosea;Flabellinia;Vannellidae__o;NA;NA;NA
cb50f64f743ffaf237805b92ef393e2e,Eukaryota;Arthropoda;Arachnida;Araneae;NA;NA;NA
6614f6ba6bc93214c6a2a725a0e0b85e,Unknown;NA;NA;NA;NA;NA;NA
451e4a61c792d0f125c9d063da6272f0,Eukaryota;Mollusca;Gastropoda;NA;NA;NA;NA
1733d7fb5cabd924c96f6bf193893f58,Eukaryota;Cnidaria;Anthozoa;Scleractinia;NA;NA;NA
78df25e4ba174b2c0078f9fd5a509749,Eukaryota;Phaeophyceae__p;Phaeophyceae;Ectocarpales;NA;NA;NA
456bf66b209006a5a47339959efdf912,Eukaryota;Arthropoda;Insecta;Lepidoptera;NA;NA;NA
ad39c8f9c09ba326212f60986cbe0f7e,Eukaryota;Cnidaria;Hydrozoa;Siphonophorae;NA;NA;NA
0625fbd382eb17b8a2caa88f7d2a9825,Eukaryota;Arthropoda;Hexanauplia;Calanoida;Clausocalanidae;Pseudocalanus;Pseudocalanus mimus
158de6a0bf832a3f1438287f0a684ab7,Unknown;NA;NA;NA;NA;NA;NA
b0575b1e156bdf4ba37c593162f3eb9a,Eukaryota;Chrysoparadoxa__f__o__c__p;Chrysoparadoxa__f__o__c;Chrysoparadoxa__f__o;NA;NA;NA
28c54b8f11ef6bcd17f64df46acbc41f,Eukaryota;Arthropoda;Insecta;Lepidoptera;NA;NA;NA
50d2e5146dcb58c02c3087f8b71c6c44,Eukaryota;Cnidaria;Anthozoa;Scleractinia;NA;NA;NA
056b2235969d121fee4105bffefb9623,Unknown;NA;NA;NA;NA;NA;NA
bfb63806ecb9b836bbe200cc3ce1da1a,Unknown;NA;NA;NA;NA;NA;NA
8ed89d589140328a8cb7e6a795bee7df,Eukaryota;Annelida;Polychaeta;NA;NA;NA;NA
50a9ef9e09795be1629eb20527f3175b,Unknown;NA;NA;NA;NA;NA;NA
f8759fcddddde15322b12f93efca699e,Eukaryota;Annelida;Polychaeta;NA;NA;NA;NA
31c2662146ac6fce4f3f556959ff08f2,Eukaryota;Oomycota;NA;NA;NA;NA;NA
5f769ec6fea596dbfe9cfce0808fb47f,Eukaryota;Oomycota;Pythiales__c;Pythiales;NA;NA;NA
cafac1d4d0d1497569b2e12df710b0de,Unknown;NA;NA;NA;NA;NA;NA
25da16198583e492db3a1d47d935ba43,Eukaryota;Cnidaria;Anthozoa;Scleractinia;NA;NA;NA
4e1345f74d960d3483f0739754d078e9,Unknown;NA;NA;NA;NA;NA;NA
020e724b03073dffd8995b433bfa236f,Unknown;NA;NA;NA;NA;NA;NA
8c67874c2d3b66a07e2b32d329efe015,Eukaryota;Arthropoda;Insecta;NA;NA;NA;NA
320c238e1645106dc6fa1062ba53309e,Eukaryota;Rhodophyta;Florideophyceae;Ceramiales;NA;NA;NA
0754420d37a74f7552c7db98a73a4441,Eukaryota;Arthropoda;Hexanauplia;Calanoida;Clausocalanidae;Pseudocalanus;Pseudocalanus mimus
838d71d1b1612487048d35c94f1f6368,Eukaryota;Chlorophyta;Pyramimonadophyceae;Pyramimonadales;NA;NA;NA
76926e5bb40f7815749832f08bad5ea5,Eukaryota;Arthropoda;Insecta;Diptera;NA;NA;NA
93cf2ddb2694cc4ace06cebc48e26f62,Eukaryota;Arthropoda;Hexanauplia;Calanoida;Clausocalanidae;Pseudocalanus;Pseudocalanus mimus
b93117292caa856a52d1ecb088e8dde6,Unknown;NA;NA;NA;NA;NA;NA
84cfe4ea4a22c29b97eb7870e133aa3b,Unknown;NA;NA;NA;NA;NA;NA
d114b3083052d98739b7a3eb106fe72e,Unknown;NA;NA;NA;NA;NA;NA
9fe381c01fcaa300c064427de6244b77,Eukaryota;Ascomycota;Sordariomycetes;Hypocreales;Bionectriaceae;NA;NA
0cc79e696b3b1ad4431a008a1c32e958,Eukaryota;Phaeophyceae__p;Phaeophyceae;Ectocarpales;NA;NA;NA
466f0634c6a0c44ff637385debc8779e,Unknown;NA;NA;NA;NA;NA;NA
b64acf754e666bbf95bb27a802c0aeb7,Eukaryota;Nemertea;Enopla;NA;NA;NA;NA
c7fce26b8b21130fae17e7df1b3f1854,Eukaryota;Arthropoda;Insecta;Coleoptera;NA;NA;NA
ad5ec2d2e48772d0543adcafa0932642,Eukaryota;Choanoflagellata__p;Choanoflagellata;Craspedida;NA;NA;NA
bdda94f5554507ecd206d337195ced61,Unknown;NA;NA;NA;NA;NA;NA
c954917b0fe37218248f23f5054c5530,Eukaryota;Cnidaria;Hydrozoa;Leptothecata;Campanulariidae;Orthopyxis;Orthopyxis integra
ad098f151371d227837a0fcd1f2ff191,Eukaryota;Oomycota;Peronosporales__c;Peronosporales;NA;NA;NA
84dd855880264f870a90cd0ed7dc412c,Eukaryota;Bacillariophyta;Mediophyceae;Lithodesmiales;NA;NA;NA
32ccbbecd3ac120f18ecc840322a9246,Eukaryota;Cnidaria;Hydrozoa;NA;NA;NA;NA
eb48a1ed7fc9e51c02938df35e969fb5,Eukaryota;Apusomonadida__c__p;Apusomonadida__c;Apusomonadida;NA;NA;NA
4c58539ac6c78f736d80fac2bcf5f3cd,Eukaryota;Arthropoda;Arachnida;Araneae;NA;NA;NA
ae9fbdc17e6a53377b8812e1cee6a12d,Eukaryota;Echinodermata;Holothuroidea;Molpadida;Caudinidae;Paracaudina;Paracaudina chilensis
cbda62712c875b452dff1a29af4eddfb,Eukaryota;Arthropoda;Arachnida;Araneae;NA;NA;NA
46c9f845af217efd65661bd3f8882467,Eukaryota;Arthropoda;Hexanauplia;Calanoida;Clausocalanidae;Pseudocalanus;Pseudocalanus mimus
fb50bcf1d83031d45f91dcf33038094e,Eukaryota;Cnidaria;Hydrozoa;Leptothecata;NA;NA;NA
2255730ddac7d96c757c464d3f276c19,Eukaryota;Rhodophyta;Florideophyceae;Peyssonneliales;NA;NA;NA
93120535d84db4901bfa262af653dc69,Eukaryota;Ascomycota;Eurotiomycetes;Chaetothyriales;Herpotrichiellaceae;NA;NA
609f7d4ee4a1197768f8a99ed1f03dd1,Eukaryota;Arthropoda;Arachnida;Mesostigmata;NA;NA;NA
65cbadffcc9cd994226a41433efdef04,Eukaryota;Rhodophyta;Florideophyceae;Ceramiales;NA;NA;NA
de60b5d93a48a3e629e7e13962792a82,Eukaryota;Haptophyta;Isochrysidales__c;Isochrysidales;NA;NA;NA
795dbdaf03310519983a0d9004a24ee6,Eukaryota;Mollusca;Gastropoda;Neogastropoda;NA;NA;NA
f98994ae23ed8a10f2dffee74d731a4e,Eukaryota;Oomycota;Saprolegniales__c;Saprolegniales;NA;NA;NA
ffe868722fa8bdefbdd6d1476153a51e,Eukaryota;Discosea;Flabellinia;Dactylopodida;NA;NA;NA
cfd3b52e75cfb688466b6ebedfa0414a,Eukaryota;Discosea;Flabellinia;Dactylopodida;Vexilliferidae;NA;NA
1c12ad45de25568894847dab9fb2eff3,Eukaryota;Arthropoda;Arachnida;Scorpiones;NA;NA;NA
c18a8572edaa4456ae855e9df82be25a,Eukaryota;Arthropoda;Hexanauplia;Calanoida;NA;NA;NA
7c6411db0e2d83167849a0f0ec07e066,Unknown;NA;NA;NA;NA;NA;NA
dd5e3431533c7b10e8e63a9b70ef85cc,Eukaryota;Oomycota;Peronosporales__c;Peronosporales;NA;NA;NA
184eea526e8cc834d7671de69c754eb9,Eukaryota;Arthropoda;Arachnida;Araneae;NA;NA;NA
6c4a3d40fd71cf291f9001354daa80b5,Eukaryota;Arthropoda;Hexanauplia;Calanoida;Clausocalanidae;Pseudocalanus;Pseudocalanus newmani
a63734b73742217460e10fbb778bc316,Eukaryota;Cnidaria;Hydrozoa;Anthoathecata;NA;NA;NA
2b0027810335e9d8ed2b1c76b01e4df5,Eukaryota;Oomycota;Saprolegniales__c;Saprolegniales;NA;NA;NA
3b8a79f58bd28e1cda1b055d3ff3f4cf,Eukaryota;Arthropoda;Insecta;Diptera;NA;NA;NA
502c152ce68abd706549d1c939be8b30,Eukaryota;Mollusca;Gastropoda;Plakobranchidae__o;NA;NA;NA
eb76adf5b8bd80e74548db6f35cf3292,Eukaryota;Rhodophyta;Florideophyceae;Gracilariales;NA;NA;NA
6eabaf3202a50bd96530cdff6b24ebc2,Eukaryota;Oomycota;Saprolegniales__c;Saprolegniales;NA;NA;NA
423621ccba5e7dabaecdab041c53bd24,Environmental Unknown;NA;NA;NA;NA;NA;NA
13952a4f7c9f0721651d9a142e26338d,Eukaryota;Arthropoda;Insecta;Lepidoptera;NA;NA;NA
8e1c42f0aa381b77ad2ba396ffb0bcf0,Eukaryota;Arthropoda;Insecta;NA;NA;NA;NA
21dcf30599eb1aa3371dd70eb1a37e74,Eukaryota;Oomycota;Saprolegniales__c;Saprolegniales;NA;NA;NA
d9ea1787e9ca2aba7394e83f4f22c24d,Eukaryota;Cnidaria;Hydrozoa;Anthoathecata;Corymorphidae;Euphysa;NA
6da766411ba5f99559bbc38ce68cb977,Eukaryota;Cnidaria;Hydrozoa;Anthoathecata;NA;NA;NA
5233b7b78d8f8ed110e99af9ef94b5ad,Eukaryota;Mollusca;Gastropoda;Stylommatophora;NA;NA;NA
045d915ce703e296852344f915e0c4a2,Eukaryota;Annelida;Polychaeta;Phyllodocida;Sigalionidae;Sthenelanella;Sthenelanella uniformis
2e6a59c42711c6566c2f66e455ac7459,Eukaryota;Arthropoda;Thecostraca;Balanomorpha;Balanidae;Balanus;Balanus sp_ HLC_24243
3df5121ee048b85ad0f6fd884e41f671,Unknown;NA;NA;NA;NA;NA;NA
44231e5390dda64c7555aa27dd769bbc,Eukaryota;Oomycota;Saprolegniales__c;Saprolegniales;NA;NA;NA
1d1e3601211a90a2bb669391669df02a,Eukaryota;Nemertea;Enopla;Monostilifera;Carcinonemertidae;Carcinonemertes;NA
6cca0f30f18ec43f0c17c984430ab3f7,Eukaryota;Rhodophyta;Florideophyceae;NA;NA;NA;NA
46c56c674e12ab28aea5c3296134a5c4,Eukaryota;Oomycota;Saprolegniales__c;Saprolegniales;NA;NA;NA
03bd8bea27eac0dc50972d7981f6a1bd,Eukaryota;Mollusca;Gastropoda;NA;NA;NA;NA
ee7221cfd88ed42b34acbcef992303ee,Eukaryota;Cnidaria;Hydrozoa;NA;NA;NA;NA
015862b956de35c75d70323367cb87fc,Eukaryota;Nemertea;Enopla;NA;NA;NA;NA
2a04ebf6fe4dd7b4c63de16654af0140,Eukaryota;Arthropoda;Insecta;Coleoptera;NA;NA;NA
0777f567dd06b173e2f0275717ecbc87,Eukaryota;Cnidaria;Hydrozoa;Leptothecata;NA;NA;NA
b07fb0fac592e7b99b6ec0a4a267de2b,Eukaryota;Arthropoda;Insecta;Hemiptera;NA;NA;NA
4a2cfc2b997e339ddbff95665a4e0248,Environmental Unknown;NA;NA;NA;NA;NA;NA
d5026e01d0f0c4f5cfe3ec8dc897969d,Eukaryota;Chlorophyta;Trebouxiophyceae;Chlorellales;Chlorellaceae;NA;NA
498f0df05a02d0f5b808ed27268ddabf,Eukaryota;Oomycota;Saprolegniales__c;Saprolegniales;NA;NA;NA
08601eafc80cbb356870fa732c6186eb,Eukaryota;Arthropoda;Arachnida;Scorpiones;NA;NA;NA
2c011db1c7df99e21c4c9a140fe62b5a,Eukaryota;Rhodophyta;Bangiophyceae;Bangiales;NA;NA;NA
da723a1a8ebcc34924bb74ae06d2d678,Eukaryota;Arthropoda;Arachnida;Mesostigmata;NA;NA;NA
c458ea48246622f19f8b1d764f017665,Eukaryota;Arthropoda;Malacostraca;Amphipoda;NA;NA;NA
77c9179bb03506fe74a330cb7fecf41d,Eukaryota;Arthropoda;Malacostraca;NA;NA;NA;NA
cb1c4c5ed6b4374452350e0b29a12ab5,Eukaryota;Arthropoda;Insecta;Diptera;NA;NA;NA
39f0b63d5fbfe51194e94ccba6b98a86,Unknown;NA;NA;NA;NA;NA;NA
17775818c1cb58655fa08b09855f8284,Eukaryota;Arthropoda;Insecta;Diptera;NA;NA;NA
1d0929792ece9803fdfda77fa044bc5f,Eukaryota;Mollusca;Gastropoda;NA;NA;NA;NA
a4e17780733f2f44507a9762bcc2eee4,Environmental Unknown;NA;NA;NA;NA;NA;NA
b673efd754db1ffadb3389d3759056f9,Eukaryota;Arthropoda;Hexanauplia;Calanoida;Clausocalanidae;Pseudocalanus;Pseudocalanus mimus
a3f874068617c499ec292e7c5ebc0bc1,Eukaryota;Mollusca;Gastropoda;Stylommatophora;NA;NA;NA
22a6a8db493fcaba887bca17d72b4b80,Eukaryota;Arthropoda;Insecta;Diptera;NA;NA;NA
aa6b89557e0fe58726b1deec25b5dd14,Unknown;NA;NA;NA;NA;NA;NA
ab1220889267e5d11384d5a2cfa024f8,Unknown;NA;NA;NA;NA;NA;NA
10e0de999736003ab5a3fa5ea949408f,Unknown;NA;NA;NA;NA;NA;NA
7f5f60c5ec3cbb64852a302f96c9f643,Eukaryota;Bigyra__p;Bigyra;Thraustochytrida;NA;NA;NA
30eabbe3d5549e31685100dc2ede4486,Eukaryota;Arthropoda;Diplopoda;Polydesmida;NA;NA;NA
1a990a2c9d626f42a51d08b54b1df9c8,Unknown;NA;NA;NA;NA;NA;NA
caaf38adf866c2ab2068c2adff88e5fd,Unknown;NA;NA;NA;NA;NA;NA
45121eb8c75e6a4a6ed5d5c7f38fe9ed,Unknown;NA;NA;NA;NA;NA;NA
ca43ddfd11caa812ac25070985ac8f0c,Eukaryota;Arthropoda;Hexanauplia;Calanoida;Clausocalanidae;Pseudocalanus;Pseudocalanus mimus
af9611d2a0f2df4f92dcf510523a584e,Eukaryota;Oomycota;Pythiales__c;Pythiales;NA;NA;NA
dd98b73dc641f6d3be71fd0f3e5c1683,Eukaryota;NA;NA;NA;NA;NA;NA
b3c3563257a87ee3620e53a54c1b8263,Eukaryota;Oomycota;Pythiales__c;Pythiales;Pythiaceae;NA;NA
e8c7ff59335584639ced640418dbf823,Eukaryota;Arthropoda;Arachnida;Mesostigmata;NA;NA;NA
aa06a52f03d230d05fe838a58ac3b0cd,Eukaryota;Oomycota;Peronosporales__c;Peronosporales;NA;NA;NA
bdc3a935705dcef6d885f171d009a755,Eukaryota;Arthropoda;Hexanauplia;Calanoida;Clausocalanidae;Pseudocalanus;Pseudocalanus mimus
c84c4e9b1b70bf20d0b41b6b57fb2788,Eukaryota;Oomycota;Pythiales__c;Pythiales;NA;NA;NA
7ee305b1bd94a0fa9683c163a26834e7,Unknown;NA;NA;NA;NA;NA;NA
dbbeb06ef367574e932b54f4c3d4cdce,Eukaryota;Arthropoda;Hexanauplia;Calanoida;Clausocalanidae;Pseudocalanus;Pseudocalanus mimus
40e5508cba6da2ca685687088d447a3d,Eukaryota;Echinodermata;Holothuroidea;Molpadida;Caudinidae;Paracaudina;Paracaudina chilensis
48a5e5029cbaa292b6719a25436fe192,Eukaryota;Haptophyta;Phaeocystales__c;Phaeocystales;NA;NA;NA
64b965eac15b2cb4cfebdd84b8f49a3b,Eukaryota;Arthropoda;Insecta;Hymenoptera;NA;NA;NA
3d064ca9dd95836dd40e102297b1a090,Unknown;NA;NA;NA;NA;NA;NA
5638d3d0b6b2d958c467618d1dfcb65f,Eukaryota;Arthropoda;Insecta;Coleoptera;NA;NA;NA
e97aa969bc0db83026b7f69a03c74528,Eukaryota;Discosea;Longamoebia__c;Longamoebia;NA;NA;NA
501b948eb08c11c8e57e736cedc3f0d5,Unknown;NA;NA;NA;NA;NA;NA
852f1526618ff40e49f620904a8184ea,Eukaryota;Arthropoda;Arachnida;Mesostigmata;NA;NA;NA
f11aa692acad0aaef5c55cb1da87d892,Eukaryota;Cnidaria;Hydrozoa;Anthoathecata;Pandeidae;Stomotoca;Stomotoca atra
1329241098d5452716d3369edb064e9d,Eukaryota;Discosea;Flabellinia;Dactylopodida;NA;NA;NA
60563f487e8d17f558409dd417af7741,Eukaryota;Cnidaria;Hydrozoa;Siphonophorae;NA;NA;NA
0250dd0075a84fb88c812298fac547c2,Unknown;NA;NA;NA;NA;NA;NA
489119eb02150c9bb73f033269407e00,Eukaryota;Ctenophora;Tentaculata;Cydippida;Pleurobrachiidae;Pleurobrachia;Pleurobrachia bachei
be43ef2fa7338f33edce07e01cbffd07,Eukaryota;Cnidaria;Hydrozoa;Siphonophorae;Diphyidae;Chelophyes;Chelophyes appendiculata
63a52738f6520bed59c554251e72b88b,Eukaryota;Phaeophyceae__p;Phaeophyceae;Ectocarpales;NA;NA;NA
9332da9b14d019b6f6c2d65f3d86ff36,Eukaryota;Haptophyta;Prymnesiales__c;Prymnesiales;NA;NA;NA
45b4d992b850ac4e86d89a078b04540e,Eukaryota;Cnidaria;Hydrozoa;Leptothecata;Eirenidae;Eutonina;Eutonina indicans
dab6e66abde9a4777db7a55895b27e90,Eukaryota;Mollusca;Gastropoda;Stylommatophora;NA;NA;NA
33fb1000d32d84ada6fbcb5658e1664b,Eukaryota;Arthropoda;Arachnida;Araneae;NA;NA;NA
4fc28c2894bfcb8d86a03ed6bd37bb2c,Eukaryota;Porifera;Demospongiae;Bubarida;NA;NA;NA
4d69545bdf058e7b919342f5011cd1e9,Eukaryota;Arthropoda;Hexanauplia;Calanoida;Clausocalanidae;Pseudocalanus;NA
4f4e5a88ea2b3715b9077f0db3d394d6,Eukaryota;Discosea;Longamoebia__c;Longamoebia;NA;NA;NA
84d404e1e36ef0f458e5fcd328a3a7b9,Eukaryota;Porifera;Demospongiae;Bubarida;NA;NA;NA
148ee667dcc9af06cd6b32902b03bf3c,Eukaryota;Arthropoda;Insecta;Diptera;NA;NA;NA
0a9b14757d5abcce396e29e5191d5a92,Unknown;NA;NA;NA;NA;NA;NA
f4240d8b094a8948bc5f8bfa30b4f404,Eukaryota;Arthropoda;Insecta;Lepidoptera;NA;NA;NA
22afa749ef87112b162380c6c47a813e,Eukaryota;Discosea;Himatismenida__c;Himatismenida;NA;NA;NA
b55b5c0e00dc9056cf7026d99a178603,Eukaryota;Arthropoda;Insecta;NA;NA;NA;NA
ed65368d9d8295e64336503793cef92a,Eukaryota;Cnidaria;Hydrozoa;Anthoathecata;NA;NA;NA
0b550e3412acc4fb638641e7862afaa9,Eukaryota;Discosea;Flabellinia;Vannellidae__o;NA;NA;NA
4f1005a3e71cdf2a798c3c4db1dbf0ca,Eukaryota;Arthropoda;Insecta;Lepidoptera;NA;NA;NA
91f56f5d60340cb761a5aaff3d8e8ffb,Eukaryota;Oomycota;Pythiales__c;Pythiales;NA;NA;NA
7585074dc06dbf4ddf647fba29fa8fa3,Eukaryota;Oomycota;Saprolegniales__c;Saprolegniales;NA;NA;NA
baf715f469f871f8cdf9dcf0499cbe9c,Eukaryota;Arthropoda;Insecta;Diptera;NA;NA;NA
dba930f01768a160034e3441b80c0ef8,Eukaryota;Mollusca;Gastropoda;Planorbidae__o;NA;NA;NA
a98062edf7015eaa2c9e53a7c9bf8b66,Eukaryota;Arthropoda;Diplopoda;NA;NA;NA;NA
667e081e82d3891dfabab4238ed83396,Unknown;NA;NA;NA;NA;NA;NA
a7a9d093e628f21b9333f5e8bfe7b329,Eukaryota;Arthropoda;Hexanauplia;Calanoida;Clausocalanidae;Pseudocalanus;Pseudocalanus mimus
d01f312f754923b9320255673ad7d40c,Unknown;NA;NA;NA;NA;NA;NA
8302d7556ab19810aa40fae402715e0f,Eukaryota;Arthropoda;Insecta;NA;NA;NA;NA
339025d494b0482dec37dfdce9c6cd0f,Eukaryota;Oomycota;Pythiales__c;Pythiales;NA;NA;NA
cb721566db7c3aba8c9abe4b975ba7a1,Eukaryota;Arthropoda;Insecta;NA;NA;NA;NA
6c61e83ae4f6452d408763d1508f1bb8,Unknown;NA;NA;NA;NA;NA;NA
605ab37de6a9b04e15c2c7772c8fdb23,Eukaryota;Bacillariophyta;Bacillariophyceae;Naviculales;NA;NA;NA
a64910a8b64a8d14c248be40ad33f97a,Eukaryota;Haptophyta;Prymnesiales__c;Prymnesiales;NA;NA;NA
1abd90adb7e86f45c3acde9f83b51190,Unknown;NA;NA;NA;NA;NA;NA
1936c9c02abfc41e8414d2b631b77d40,Eukaryota;Haptophyta;Prymnesiales__c;Prymnesiales;NA;NA;NA
619e19f22a5dad1cf99e49f7d95a7deb,Eukaryota;Bacillariophyta;Coscinodiscophyceae;Thalassiosirales;NA;NA;NA
94febf250838fd2f2a779542e87b5517,Eukaryota;Arthropoda;Insecta;Neuroptera;NA;NA;NA
fd4ad4bdcfdfe230bc5322e9541a5f78,Eukaryota;Arthropoda;Insecta;Lepidoptera;NA;NA;NA
5d725801b750e0b30333650ab0de79a9,Eukaryota;Phaeophyceae__p;Phaeophyceae;Ectocarpales;NA;NA;NA
5c059fb7da13aa7861fe6b6526f716f4,Eukaryota;Arthropoda;Hexanauplia;Calanoida;NA;NA;NA
3356a49bcb6d6dc1191974752a1fcc39,Eukaryota;Bacillariophyta;Coscinodiscophyceae;Rhizosoleniales;NA;NA;NA
fd50a677201c702c7917013f665b485d,Eukaryota;Arthropoda;Insecta;Lepidoptera;NA;NA;NA
8a3aa0b1bc1402469a59479a5f16025f,Eukaryota;Annelida;NA;NA;NA;NA;NA
143d494c06821af435f0920a7bd6afcf,Eukaryota;Phaeophyceae__p;Phaeophyceae;Fucales;NA;NA;NA
d6b9e97bcf76dd71908878b47ed86fd2,Eukaryota;Streptophyta;Zygnemophyceae;Desmidiales;NA;NA;NA
1c1ce07fef5c1629ea11b417dced8ce2,Eukaryota;Dictyochophyceae__p;Dictyochophyceae;Pedinellales;NA;NA;NA
f20ec59b064f761acd946658b7d50a4b,Eukaryota;Mollusca;Gastropoda;Planorbidae__o;NA;NA;NA
9db3bc5374a886b702404bc737b6a29e,Eukaryota;Cnidaria;Hydrozoa;Leptothecata;Clytiidae;Clytia;Clytia gregaria
b2ebd499f0e6f884330a66d47c39407c,Eukaryota;Porifera;Demospongiae;Tethyida;NA;NA;NA
6ff27a3c46b77b3c008c0416644f3f75,Eukaryota;Arthropoda;Arachnida;NA;NA;NA;NA
0b7fa401ed8f4c319cdf0ed19895943a,Eukaryota;Arthropoda;Insecta;Lepidoptera;NA;NA;NA
15d51d04662a84188101203bec9d8a34,Eukaryota;Arthropoda;Hexanauplia;Calanoida;Clausocalanidae;Pseudocalanus;Pseudocalanus mimus
e9a84bf0df92bacb1c70c34149da53b7,Eukaryota;Mollusca;Gastropoda;Pachychilidae__o;NA;NA;NA
e8e9ae1900a7c2974833c7aac100d0cc,Eukaryota;Echinodermata;Crinoidea;NA;NA;NA;NA
c8229f99dcb05946c27792edfd6d4312,Unknown;NA;NA;NA;NA;NA;NA
d950e5c5abcab268c7f518beed6ce81f,Eukaryota;Oomycota;Peronosporales__c;Peronosporales;NA;NA;NA
2347abab30f14fe90acb2d07dfd88cef,Eukaryota;Oomycota;Haptoglossa__f__o__c;Haptoglossa__f__o;NA;NA;NA
c507c44c8dfb200221bb5fa7a9afd466,Eukaryota;Oomycota;Saprolegniales__c;Saprolegniales;NA;NA;NA
79f321ba58f2d8cf2f48f8dec8fdc4d7,Eukaryota;Oomycota;Lagenidiales__c;Lagenidiales;NA;NA;NA
8e216e9b417c2382dbed86ed9fd123b8,Eukaryota;Arthropoda;Insecta;Diptera;NA;NA;NA
e9ed17aeaaacce3588c9d9e1625f4cf7,Unknown;NA;NA;NA;NA;NA;NA
6b36b921add4e3dc06c8e05f79cf06da,Eukaryota;Arthropoda;Arachnida;Araneae;NA;NA;NA
4332a9643f6c82cf67ec32c82fed2e40,Eukaryota;Phaeophyceae__p;Phaeophyceae;Ectocarpales;NA;NA;NA
5926859c13676355f329f0ccdfad44be,Unknown;NA;NA;NA;NA;NA;NA
adb5d0b14928cf5da5b82e2896aac70e,Eukaryota;Oomycota;Pythiales__c;Pythiales;NA;NA;NA
66437ce936a690d1a9c10230434b4998,Unknown;NA;NA;NA;NA;NA;NA
624416e6a740b39592f03d2c40489cde,Eukaryota;Rhodophyta;Florideophyceae;Ceramiales;NA;NA;NA
fc8fefa08b18f82b8a48b33befd944ab,Eukaryota;Phaeophyceae__p;Phaeophyceae;Dictyotales;NA;NA;NA
7a5500b6a56a4cdab5d5fc644e19f90d,Eukaryota;Nemertea;Palaeonemertea;Carinomiformes;Carinomidae;Carinoma;Carinoma sp_ 5 TCH_2015
758c2798315028122283961192d35e92,Eukaryota;Rhodophyta;Florideophyceae;Ceramiales;NA;NA;NA
0cbe2fea1de306ffbbcec52aa075b096,Eukaryota;Rhodophyta;Florideophyceae;Ceramiales;NA;NA;NA
8ca418e9160596d5a9be8b275aa60dbc,Eukaryota;Dictyochophyceae__p;Dictyochophyceae;Florenciellales;NA;NA;NA
e873a52cbf02fad70f3204f6b349c427,Eukaryota;Bacillariophyta;Mediophyceae;Lithodesmiales;NA;NA;NA
9645d57bf9ad2d40120ae18bf403e00a,Unknown;NA;NA;NA;NA;NA;NA
cc8b06de5022200f66e04517eb630d26,Eukaryota;Arthropoda;Insecta;Coleoptera;NA;NA;NA
98dbb6b1c466a7be363cf6c74ae299c1,Eukaryota;Mollusca;Gastropoda;Planorbidae__o;NA;NA;NA
5e7e576620d8b7518e65b117ec21b2db,Eukaryota;Phaeophyceae__p;Phaeophyceae;Laminariales;NA;NA;NA
ce41cf0b7bde28fa7afe7018b86f46a8,Unknown;NA;NA;NA;NA;NA;NA
31f5a0112bd25119fe23fefc3fad5c80,Unknown;NA;NA;NA;NA;NA;NA
322f220d2694f07f30549d8cdc4e81ae,Eukaryota;Arthropoda;Insecta;NA;NA;NA;NA
823bdd3dcf0daef8f4f68749bf7221e1,Eukaryota;Bacillariophyta;Bacillariophyceae;Naviculales;NA;NA;NA
91d5587cb4444ebf8178ceb80c72b6bb,Eukaryota;Arthropoda;Insecta;Hymenoptera;NA;NA;NA
a1ddcd059a24a517210c21c372f90fd3,Eukaryota;Arthropoda;Insecta;Diptera;NA;NA;NA
324ab5805ca6dda9123fa96892899b41,Eukaryota;Discosea;Flabellinia;Dactylopodida;NA;NA;NA
c3be431b970bf9bd033a95e888e2aacd,Eukaryota;Annelida;Polychaeta;Sabellida;Sabellariidae;NA;NA
3795f4e18170581125d24f939e22a44e,Eukaryota;Phaeophyceae__p;Phaeophyceae;Ectocarpales;NA;NA;NA
589de3159b49049060c19bf3e265ad77,Unknown;NA;NA;NA;NA;NA;NA
a54567b919ccba96a7a84e983fc07ae8,Eukaryota;Arthropoda;Insecta;Lepidoptera;NA;NA;NA
1cbc424fc22afe8dc372ab4cbae39d9a,Eukaryota;Ctenophora;Tentaculata;Lobata;Bolinopsidae;Bolinopsis;Bolinopsis microptera
3f9ce776eda4a9bdea38299e844434d7,Eukaryota;Arthropoda;Arachnida;Araneae;NA;NA;NA
6889693b8a0f067145a5601218ed2332,Eukaryota;Bigyra__p;Bigyra;Thraustochytrida;NA;NA;NA
30f20d20584f07626f998701c013a8d7,Eukaryota;Ascomycota;Dothideomycetes;Dothideales;NA;NA;NA
995ef089926413b378cb4c4e44d0cea4,Eukaryota;Porifera;Demospongiae;Desmacellida;NA;NA;NA
3ddce092f8ce75ed30afd350794e83b4,Eukaryota;Placozoa;Polyplacotoma__f__o__c;Polyplacotoma__f__o;NA;NA;NA
10cd4192e1294067e6f5cba8c0cde026,Eukaryota;Arthropoda;Hexanauplia;Calanoida;Clausocalanidae;Pseudocalanus;Pseudocalanus mimus
13b542f058422c72aca7cc2a79ee27a7,Eukaryota;Arthropoda;Arachnida;Araneae;NA;NA;NA
6955dd85e047b827b9db26340a36876e,Eukaryota;Cnidaria;Hydrozoa;Leptothecata;NA;NA;NA
415df5d257f242e2d9c21390a4b7214b,Eukaryota;Arthropoda;Arachnida;Araneae;NA;NA;NA
f60d6812ba9c61f9f76accfbd2f90b15,Eukaryota;Arthropoda;Hexanauplia;Calanoida;Clausocalanidae;Pseudocalanus;Pseudocalanus mimus
f33b73b8bf168376d0b0928cb864ae75,Eukaryota;Arthropoda;Arachnida;Solifugae;NA;NA;NA
365089353da924b0e97f7d603dbeb7a8,Eukaryota;Phaeophyceae__p;Phaeophyceae;Ectocarpales;NA;NA;NA
6152f7ae6dab51e5825b8378639fb420,Eukaryota;Oomycota;Pythiales__c;Pythiales;NA;NA;NA
319a59d5edf3f0f0e62506d15d86fccb,Eukaryota;Oomycota;Peronosporales__c;Peronosporales;NA;NA;NA
39b8bbc8ccef3ec943758c59a849e272,Eukaryota;Oomycota;Saprolegniales__c;Saprolegniales;NA;NA;NA
e8d75b112e9895542dbdb8dfc41b925a,Eukaryota;Oomycota;Haptoglossa__f__o__c;Haptoglossa__f__o;NA;NA;NA
1738e4253a5e071d2831d8700d3d0016,Eukaryota;Cnidaria;Hydrozoa;NA;NA;NA;NA
f47c54d02f3e813e4266748f0d0133b6,Environmental Unknown;NA;NA;NA;NA;NA;NA
5663ac966788cfe7368fb5ebeae705b4,Eukaryota;Dinophyceae__p;Dinophyceae;Gymnodiniales;Gymnodiniaceae;Gymnodinium;Gymnodinium sp_ NVA_RUS_2008
fb5344bdbc7283cb7f57f42730528887,Eukaryota;Arthropoda;Insecta;Diptera;NA;NA;NA
fd2b5536af53bb14db8674d4f356328f,Eukaryota;Oomycota;Peronosporales__c;Peronosporales;NA;NA;NA
421de4b2784b5e8df1dd7194a1309412,Eukaryota;Arthropoda;Insecta;Diptera;NA;NA;NA
0cb433ac252f0170daade1334d0f01a9,Eukaryota;Mollusca;Gastropoda;Cerithiidae__o;NA;NA;NA
8a39727974ff4e2f349d41a95c9c0b84,Eukaryota;Bigyra__p;Bigyra;Thraustochytrida;NA;NA;NA
00aaeedb91db35a410f0dfd1f14ec28e,Unknown;NA;NA;NA;NA;NA;NA
4bbd50562ee15399680173fa19d6ce27,Eukaryota;Rhodophyta;Florideophyceae;Ceramiales;NA;NA;NA
9f9aba840b47a10b557610015c7703d0,Eukaryota;Cnidaria;Hydrozoa;Leptothecata;NA;NA;NA
3149823289ebd6bc3cb001ecb7f330f2,Eukaryota;Rhodophyta;Florideophyceae;Gigartinales;NA;NA;NA
826372931d581a32ee4ecb94e64d0990,Eukaryota;Arthropoda;Insecta;Coleoptera;NA;NA;NA
dd84b2c04325c5bd6ddcf878cbe397b5,Eukaryota;Arthropoda;Malacostraca;Isopoda;NA;NA;NA
ee50b4e1c9ce2a5e0731a017f17088a1,Eukaryota;Arthropoda;Insecta;Lepidoptera;NA;NA;NA
f81f8eab462af375e17bc0091fb74bdd,Eukaryota;Mollusca;Gastropoda;Planorbidae__o;NA;NA;NA
e6d63937ad2c571b78ff4b95ccf28255,Eukaryota;Cnidaria;Hydrozoa;Siphonophorae;NA;NA;NA
fa72d7e59b2b2125496ff0ff94c2767a,Unknown;NA;NA;NA;NA;NA;NA
6e89b471c7fa613b135879aeb8b0998f,Eukaryota;Oomycota;Peronosporales__c;Peronosporales;NA;NA;NA
2aac781d4244d84cbe1acea64f40b372,Unknown;NA;NA;NA;NA;NA;NA
1ca90400cdbea50c5b3ef17a0c8c3460,Eukaryota;Oomycota;Haptoglossa__f__o__c;Haptoglossa__f__o;NA;NA;NA
65347076550fc9854245dfe87dfe3012,Eukaryota;Rhodophyta;Bangiophyceae;Bangiales;NA;NA;NA
505b8bfa6e529b5bec9be5fb62d02123,Eukaryota;Nemertea;Enopla;Monostilifera;NA;NA;NA
ad77b17408e3872e346e4a962b4376b3,Eukaryota;Mollusca;Gastropoda;Planorbidae__o;NA;NA;NA
d18209d5d0a08fc38a41294495f67fc2,Eukaryota;Arthropoda;Arachnida;Mesostigmata;NA;NA;NA
2f4fc2302268dd97fae1509e0a3375ba,Eukaryota;Echinodermata;Holothuroidea;Molpadida;Caudinidae;Paracaudina;Paracaudina chilensis
28d3ba192a032c49ea6280db2fbd7fa0,Eukaryota;Phaeophyceae__p;Phaeophyceae;Dictyotales;NA;NA;NA
b93b1c9b0593059fa085ad65b3e5a59b,Eukaryota;Arthropoda;Insecta;Diptera;NA;NA;NA
1720b4c23682817fc20acfcd8226be0f,Eukaryota;Nemertea;Enopla;Monostilifera;NA;NA;NA
a0a6d5992b651f200eab5ca6a6ad109b,Eukaryota;Arthropoda;Insecta;Diptera;NA;NA;NA
04ccf97444225d50b1ad9f11215d73a0,Eukaryota;Arthropoda;Insecta;Hymenoptera;NA;NA;NA
ccfa0b54c86b7fe17f7805f09bbe81e1,Eukaryota;Annelida;Clitellata;Enchytraeida;NA;NA;NA
e07238b1bbb1c0c6b51d7362ba68811c,Eukaryota;Tubulinea;Elardia;Arcellinida;NA;NA;NA
3fb47c8df892acdadcb8c869e43d1026,Eukaryota;Cnidaria;Hydrozoa;Leptothecata;NA;NA;NA
5d4734b2ee7a4d16c2e264b439e60671,Eukaryota;Phaeophyceae__p;Phaeophyceae;Dictyotales;NA;NA;NA
72662f47d3afcad119d8c690f67516c4,Eukaryota;Arthropoda;Malacostraca;NA;NA;NA;NA
1ab606ff43b90113eafa7c2f30278124,Eukaryota;Cnidaria;Hydrozoa;Siphonophorae;NA;NA;NA
50177d1d3cf99939f6c361ed08b12b0b,Eukaryota;Arthropoda;Thecostraca;Balanomorpha;Balanidae;Balanus;NA
eae5f05bd3a1273d7b457aaed2758ffe,Eukaryota;Oomycota;Saprolegniales__c;Saprolegniales;NA;NA;NA
9a55746a8d0413d9ca48724638e77d46,Unknown;NA;NA;NA;NA;NA;NA
78421d0d094368ab8589c84dba276fa3,Eukaryota;Oomycota;Pythiales__c;Pythiales;NA;NA;NA
d0b9809f9245db59438271c17acacc27,Eukaryota;Haptophyta;Isochrysidales__c;Isochrysidales;NA;NA;NA
b8fbbee3af37e221053a3f4f377447c4,Eukaryota;Cnidaria;Hydrozoa;Leptothecata;Aequoreidae;Aequorea;Aequorea sp_
02ebc3c272e4f7794aea1bfe6ff5e0fe,Eukaryota;Oomycota;Pythiales__c;Pythiales;NA;NA;NA
0331e3d9523746ed2353284613781781,Eukaryota;Dinophyceae__p;Dinophyceae;Gonyaulacales;Amphidomataceae;Azadinium;NA
47a8ec361606dfa86037bfbf91c81db6,Eukaryota;Chordata;Aves;Passeriformes;NA;NA;NA
e1d661b4fa033a9a806d95f79af05513,Unknown;NA;NA;NA;NA;NA;NA
e382bfdfcf9d48c590e9035103d93442,Eukaryota;Haptophyta;Isochrysidales__c;Isochrysidales;NA;NA;NA
a6ab9ecc6939c25ab7f9325b21d70afd,Eukaryota;Arthropoda;Arachnida;Sarcoptiformes;NA;NA;NA
7791b2db9bd036ea51698d14a4e9883e,Eukaryota;Mollusca;Gastropoda;Littorinimorpha;NA;NA;NA
d7c136a231b52e4305ad969e4275c3fe,Eukaryota;Rhodophyta;Florideophyceae;Ceramiales;NA;NA;NA
2939e30678426670ed36281a8ac2f9a8,Eukaryota;Cnidaria;Hydrozoa;Anthoathecata;NA;NA;NA
e9019739288b5607a3f81d8a7f1a1964,Eukaryota;Cnidaria;Hydrozoa;Anthoathecata;NA;NA;NA
86c4a169b572ece9e98c04d79a17c7d2,Unknown;NA;NA;NA;NA;NA;NA
78107f6feafc3c7fdf62e26c9905bc50,Eukaryota;Cnidaria;Hydrozoa;Anthoathecata;NA;NA;NA
905dc5987187c85545c7fa80aa0eb131,Eukaryota;Rhodophyta;Bangiophyceae;Bangiales;NA;NA;NA
421bed02d11d1e7844c236035d29b81d,Eukaryota;Cnidaria;Hydrozoa;Leptothecata;Eirenidae;Eutonina;Eutonina indicans
0d3b688767ef33c43d1d76069c14c9bc,Eukaryota;Arthropoda;Hexanauplia;Calanoida;Clausocalanidae;NA;NA
84ff3abffb6d3a4080cb7e4fcc2c068c,Eukaryota;Cnidaria;Hydrozoa;Leptothecata;Clytiidae;Clytia;Clytia gregaria
8372da5998905ecc59811e29cf08b300,Eukaryota;Discosea;Longamoebia__c;NA;NA;NA;NA
d84a97e5869a1a8eeaf232e1a64defe7,Eukaryota;Discosea;Longamoebia__c;Longamoebia;NA;NA;NA
cd1b5d565bfc4c2e7a2a4a84ee728245,Eukaryota;Arthropoda;Insecta;Lepidoptera;NA;NA;NA
690b9336aeb23785a0aec59da1543037,Eukaryota;Arthropoda;Hexanauplia;Calanoida;Clausocalanidae;Pseudocalanus;Pseudocalanus mimus
5b5cebdaea4fd0228fa918470aaa4b48,Eukaryota;Arthropoda;Hexanauplia;Calanoida;Clausocalanidae;NA;NA
de59a658d3e4bacd792394adbbfc52da,Eukaryota;Porifera;Homoscleromorpha;Homosclerophorida;NA;NA;NA
8e49128e59560617512faefe53a8e54b,Eukaryota;Discosea;Longamoebia__c;Longamoebia;NA;NA;NA
ad13c585667a5474ccb4909982bd1c9c,Eukaryota;Oomycota;Pythiales__c;Pythiales;NA;NA;NA
c6c4f86959266dba5139541d80f693bf,Eukaryota;Mollusca;Gastropoda;NA;NA;NA;NA
ddee23c99f148a6682b2b4f77167984a,Eukaryota;Chordata;Aves;NA;NA;NA;NA
08430f703e8eac156ffaa209d8623bc3,Eukaryota;Bacillariophyta;Bacillariophyceae;Naviculales;NA;NA;NA
388b07a965d19faad9afba824f0e1e9c,Eukaryota;Nemertea;Enopla;Monostilifera;NA;NA;NA
a73b8719fa5a40f9085449833281dedc,Eukaryota;Arthropoda;Arachnida;Araneae;NA;NA;NA
8e9cb05b033a3dde230fd7349c8b97de,Eukaryota;Oomycota;Pythiales__c;Pythiales;NA;NA;NA
a3312d26c10ffb273d904c03a9a554d3,Eukaryota;Rhodophyta;Florideophyceae;Peyssonneliales;NA;NA;NA
979598d9f01b8a35fbc64a24ac84c101,Eukaryota;Mollusca;Gastropoda;Planorbidae__o;NA;NA;NA
76b113f915dc0a727e864c7f1d6b6b8d,Unknown;NA;NA;NA;NA;NA;NA
eb86bbb452ba5ccfe87eac103f9f9c6e,Eukaryota;Arthropoda;Arachnida;Araneae;NA;NA;NA
3b0e4c5ded3b1285a5e6d9f6a1ec7892,Eukaryota;Porifera;Demospongiae;Poecilosclerida;NA;NA;NA
84b7f776bf78e77e8126239618d52113,Eukaryota;Cnidaria;Hydrozoa;Siphonophorae;NA;NA;NA
16465cf88006847a3d1d847462c88a4d,Unknown;NA;NA;NA;NA;NA;NA
54ad42007e2bd8f914f00cee91d9a919,Eukaryota;Bacillariophyta;Coscinodiscophyceae;Coscinodiscales;NA;NA;NA
77e84221b08bae5fbf5ec30b1ed74af8,Eukaryota;Haptophyta;Phaeocystales__c;Phaeocystales;NA;NA;NA
f9e9e3e575bb8a33018adb435c069fd6,Eukaryota;Arthropoda;Insecta;NA;NA;NA;NA
913236ac05c0475e4d88fd3a207f8b6f,Unknown;NA;NA;NA;NA;NA;NA
f55097c0a7f5a412d8f998a9b19ec868,Eukaryota;Oomycota;Peronosporales__c;Peronosporales;NA;NA;NA
58c3e2217b6d75e36fbc507ce2af36dc,Eukaryota;Arthropoda;Insecta;Diptera;NA;NA;NA
28199c49cef7ce452755588b2a601968,Eukaryota;Bacillariophyta;Coscinodiscophyceae;Rhizosoleniales;Rhizosoleniaceae;NA;NA
e2441c7b15d31532611b4d539634a0fe,Eukaryota;Synurophyceae__p;Synurophyceae;Synurales;NA;NA;NA
a9e9d187aee0d0f45b752b0e9d5bbd19,Unknown;NA;NA;NA;NA;NA;NA
4b8c928c5639235aec2f20c4a3819a60,Eukaryota;Mollusca;Gastropoda;Littorinimorpha;NA;NA;NA
2682ac2971522cd2320f69678baea388,Eukaryota;Cnidaria;Anthozoa;Actiniaria;Metridiidae;Metridium;Metridium senile
e0903e198c3240ccf389e2b2e9b22554,Eukaryota;Cnidaria;Hydrozoa;NA;NA;NA;NA
95f645ab234fe206d8e41d03f512e97d,Unknown;NA;NA;NA;NA;NA;NA
a3f7251d1f713d1948bb416ed4880e2b,Eukaryota;Arthropoda;Arachnida;Araneae;NA;NA;NA
d8a47f2dcbc2a252dc34d94b682970c9,Eukaryota;Oomycota;Peronosporales__c;Peronosporales;NA;NA;NA
aa07bba3444cdfbed7d82d35cc1865cc,Eukaryota;Discosea;Flabellinia;Vannellidae__o;Vannellidae;NA;NA
366b1af2dea79e0abd0ae1d80d493d22,Eukaryota;Cnidaria;Anthozoa;Scleractinia;NA;NA;NA
089facc441795b56ff9649d90e7258cc,Eukaryota;Arthropoda;Insecta;Diptera;NA;NA;NA
69db43286bf344c4072425a573749e11,Eukaryota;Placozoa;NA;NA;NA;NA;NA
d442baef68b28ea490e65485bdd586ae,Eukaryota;Arthropoda;Insecta;Diptera;NA;NA;NA
967a8aa84cf90085a0fdc451a08792bb,Eukaryota;Arthropoda;Hexanauplia;Calanoida;Clausocalanidae;Pseudocalanus;Pseudocalanus mimus
ffbae320f2cd8ecafcf9e922f47677f7,Eukaryota;Haptophyta;Phaeocystales__c;Phaeocystales;NA;NA;NA
670d59ec04c6b97bc29e8f9ed585b28c,Unknown;NA;NA;NA;NA;NA;NA
5d116565f7d645257190f7fb22b2f7a3,Eukaryota;Arthropoda;Insecta;Diptera;NA;NA;NA
96b389adc2624dd969f3772b6f21c906,Eukaryota;Arthropoda;Insecta;Coleoptera;NA;NA;NA
b5ef8aa7f7dad66323329c63135a0e0e,Eukaryota;Arthropoda;Insecta;Hymenoptera;NA;NA;NA
39b9796a5b94f7c17b630694f98fb24c,Eukaryota;Nemertea;Enopla;Monostilifera;NA;NA;NA
86bffbaf49d9fa48f466ece337291a3d,Eukaryota;Phaeophyceae__p;Phaeophyceae;NA;NA;NA;NA
b9bbfa713fbee171fc331703514078fc,Eukaryota;Arthropoda;Arachnida;Sarcoptiformes;NA;NA;NA
d4352a3bbde27962954b583f32a38665,Eukaryota;Arthropoda;Diplopoda;Chordeumatida;NA;NA;NA
05e8d0427192417138c50e051d48cb4e,Eukaryota;Mollusca;Gastropoda;Planorbidae__o;NA;NA;NA
586c58a51f1c8b82f63e8c086babb053,Eukaryota;Arthropoda;Insecta;Diptera;NA;NA;NA
458de0395b3d3173ae3b4c00065e5c6f,Environmental Unknown;NA;NA;NA;NA;NA;NA
256a5a7d7370b28b56614599c720a7c3,Unknown;NA;NA;NA;NA;NA;NA
f32f4c7969912ec48a459d595a9e57d1,Unknown;NA;NA;NA;NA;NA;NA
f600748d7af1ec584284396b07e853e0,Eukaryota;Arthropoda;Hexanauplia;Calanoida;Clausocalanidae;Pseudocalanus;Pseudocalanus mimus
0fdd85427c594e9a1837ac17653b50ca,Eukaryota;Oomycota;Pythiales__c;Pythiales;NA;NA;NA
6d37f4d98f7cf006074edb4974af6f61,Eukaryota;Oomycota;Pythiales__c;Pythiales;NA;NA;NA
fbea4455b21babb1edaaa8acd7e5cfa7,Eukaryota;Arthropoda;Insecta;Lepidoptera;NA;NA;NA
2c5a7bab1c030eacbdd1018ee764fda8,Eukaryota;Arthropoda;Arachnida;NA;NA;NA;NA
00f2794c047f722f768af587feb379e7,Eukaryota;Arthropoda;Insecta;Diptera;NA;NA;NA
b7fe403d9831d856125cd87194c91fad,Eukaryota;Arthropoda;Malacostraca;Isopoda;NA;NA;NA
3f140e3919398c92096609f786985859,Eukaryota;Arthropoda;Hexanauplia;Calanoida;NA;NA;NA
1e2e4a620041c2b5efe4bf60a457df66,Eukaryota;Annelida;Polychaeta;Phyllodocida;Sigalionidae;Sthenelanella;Sthenelanella uniformis
785e437b6b78180c61da4a83cdacf594,Eukaryota;Basidiomycota;Agaricomycetes;Russulales;NA;NA;NA
8fcbdb030fbb97b38dedf31ddd0faca8,Eukaryota;Arthropoda;Insecta;NA;NA;NA;NA
434617f0b312288cacee12c86d32e059,Eukaryota;Cnidaria;Hydrozoa;Leptothecata;NA;NA;NA
8d9c023dc8a63b5de298c6e2c22506e2,Eukaryota;Rhodophyta;Florideophyceae;Ceramiales;NA;NA;NA
b9632f5997b684fe39ce08808639577e,Eukaryota;Oomycota;Saprolegniales__c;Saprolegniales;NA;NA;NA
a40385929a9d489eece9c1d3703ab060,Eukaryota;Cnidaria;Hydrozoa;Anthoathecata;NA;NA;NA
ce0befd8295d4682bdfe3ada2c87acde,Eukaryota;Oomycota;Pythiales__c;NA;NA;NA;NA
7b3c000df24112242b7a1eb89c794c70,Eukaryota;Arthropoda;Malacostraca;Amphipoda;NA;NA;NA
58021aafc9e3e3e7b35e08b36a63826c,Unknown;NA;NA;NA;NA;NA;NA
fbfc32954c3126bed784eb16c88b9180,Eukaryota;Bacillariophyta;Coscinodiscophyceae;Chaetocerotales;NA;NA;NA
3e2c72ca5b2cae6a5c6b70281ef26e65,Eukaryota;Arthropoda;Insecta;Coleoptera;NA;NA;NA
0b3e3ea9a57542bfce836eeacf310c32,Eukaryota;Arthropoda;Insecta;Neuroptera;NA;NA;NA
cfed15fbc89d05b6fbda3530e7ffbe56,Eukaryota;Cnidaria;Hydrozoa;Leptothecata;NA;NA;NA
8223e70d700aa218fe19ad3d3260aa71,Eukaryota;Chordata;Actinopteri;Pleuronectiformes;Pleuronectidae;Parophrys;Parophrys vetulus
eb4dc0af85769e8922f77d9b7924de70,Eukaryota;Bacillariophyta;Mediophyceae;Lithodesmiales;NA;NA;NA
38092448ffafc0ebd3979136d7ab0954,Eukaryota;Cnidaria;Hydrozoa;Siphonophorae;NA;NA;NA
924109e5345e20655cd05beda42bfee1,Eukaryota;Haptophyta;Prymnesiales__c;Prymnesiales;NA;NA;NA
dc5247c81507615cf594d6d7a24923d7,Eukaryota;Phaeophyceae__p;Phaeophyceae;Ectocarpales;NA;NA;NA
c98292bb7bb0853fa9761d9f3a63fcdc,Eukaryota;Oomycota;Pythiales__c;Pythiales;NA;NA;NA
cabe037caac73a5c714dbf417cd6cf3d,Eukaryota;Cnidaria;Hydrozoa;Leptothecata;NA;NA;NA
81e624300a376a220766d04818ff530a,Unknown;NA;NA;NA;NA;NA;NA
41109112824835c9bcd64bddfe855a45,Eukaryota;Arthropoda;Arachnida;Araneae;NA;NA;NA
bde6f4d7d120899c0c659d6f7d83c303,Eukaryota;Bigyra__p;Bigyra;Thraustochytrida;NA;NA;NA
3d6f309fd4ed5ca4abbeda1a759b5ffb,Eukaryota;Oomycota;Saprolegniales__c;Saprolegniales;NA;NA;NA
b2274f980d8dd4b1bb4bc7860c0a9628,Unknown;NA;NA;NA;NA;NA;NA
9d76e168157c0b1ce43663d49ae075e2,Eukaryota;Discosea;Flabellinia;Vannellidae__o;Vannellidae;Ripella;Ripella tribonemae
f78b013c59813d59045490a9fb83c428,Eukaryota;Chordata;Ascidiacea;Phlebobranchia;NA;NA;NA
ea41a12587edba5ef5ff0377708bbb03,Unknown;NA;NA;NA;NA;NA;NA
b0cbc069fe87c245a31a6b39e4236820,Eukaryota;Annelida;Polychaeta;Phyllodocida;Goniadidae;Glycinde;NA
1852be899b9b338ee72630f93f1e09ac,Eukaryota;Arthropoda;Collembola;NA;NA;NA;NA
25543f0bde583789a48fb040c9dab233,Eukaryota;Discosea;Flabellinia;Dactylopodida;NA;NA;NA
6852e8ca34b66d915ca5622c7e2efd3d,Eukaryota;Cnidaria;Hydrozoa;Leptothecata;Eirenidae;Eutonina;NA
5d58116b8fdaaf20f349f25b36f6daab,Eukaryota;Cnidaria;Hydrozoa;Leptothecata;NA;NA;NA
63b9b353eb8e76ecaf506b839c5a89ba,Eukaryota;Mollusca;Gastropoda;Planorbidae__o;NA;NA;NA
281c7461b387b21b0b3d64793e8e3d17,Eukaryota;Arthropoda;Insecta;Neuroptera;NA;NA;NA
3429d56eca7fcc5c30a0ca5150c7bb62,Eukaryota;Chordata;Lepidosauria;NA;NA;NA;NA
43470ab251f4d4fef849f92b7d87312e,Eukaryota;Oomycota;Haptoglossa__f__o__c;Haptoglossa__f__o;NA;NA;NA
87ce7e94a4f58bc4fb271711692d4c52,Eukaryota;Phaeophyceae__p;Phaeophyceae;NA;NA;NA;NA
81517f938be1188599ea89505cf317fb,Unknown;NA;NA;NA;NA;NA;NA
3c241e8e75ad8b95523f53b952cead4d,Unknown;NA;NA;NA;NA;NA;NA
2ab6e9817d2d91a2a9cd0e96fe453dc2,Eukaryota;NA;NA;NA;NA;NA;NA
ef9d61c4f9a1976a2518f38cf01cad16,Eukaryota;Arthropoda;Insecta;Lepidoptera;NA;NA;NA
f152d444acd46906031286412ba37395,Eukaryota;Mollusca;Gastropoda;Triphoridae__o;NA;NA;NA
03c39c37f29f3a2b859bffc60ce2c8bf,Eukaryota;Raphidophyceae__p;Raphidophyceae;Chattonellales;NA;NA;NA
4479800061d597db4e6df8ea5a89fa0e,Eukaryota;Chlorophyta;Trebouxiophyceae;Chlorellales;Chlorellaceae;NA;NA
5552d106ba65d8c5bb7ea3d33bf9ee9a,Unknown;NA;NA;NA;NA;NA;NA
b6e381f4af6d2a7e682d2c121d283435,Eukaryota;Haptophyta;Phaeocystales__c;Phaeocystales;NA;NA;NA
a42b6ce69fbbff2ad630007150154c0d,Eukaryota;Bacillariophyta;Coscinodiscophyceae;Rhizosoleniales;NA;NA;NA
7b7aa0bdb8a56d934938adddd12a5288,Eukaryota;Oomycota;Peronosporales__c;Peronosporales;NA;NA;NA
9f58287086d325821b99070b33c568e6,Eukaryota;Arthropoda;Arachnida;Araneae;NA;NA;NA
525266b44175f9940a4bd1865484ea89,Eukaryota;Tubulinea;Elardia;Arcellinida;NA;NA;NA
fd71d5f49b29dba7749c9ed711e786a8,Eukaryota;Arthropoda;Ostracoda;Myodocopida;Philomedidae;Euphilomedes;Euphilomedes carcharodonta
9d9f5a5447e1dea671cfd850c371110b,Unknown;NA;NA;NA;NA;NA;NA
8d2ec060c566af207b9d52e6a0c4a3e5,Environmental Unknown;NA;NA;NA;NA;NA;NA
2fcdfa91e224be2bbb1995d3aa34215e,Eukaryota;Mollusca;Bivalvia;Adapedonta;NA;NA;NA
8f2fd842ee6deff535274e33e4d25ef0,Eukaryota;Rhodophyta;Florideophyceae;NA;NA;NA;NA
6c88126f7d0d2865517f0e2038e38c9c,Eukaryota;Arthropoda;Insecta;Diptera;NA;NA;NA
3da094a2e6fe62a7acdf64e61b98cccd,Eukaryota;Arthropoda;Arachnida;Araneae;NA;NA;NA
0d5671550b4d0906d4598dcd1a63e73f,Eukaryota;Oomycota;Peronosporales__c;Peronosporales;NA;NA;NA
c2e993fcf136254ace82c6d2b17b0069,Unknown;NA;NA;NA;NA;NA;NA
a3e65726ddfb60fed285a902dff19d0c,Unknown;NA;NA;NA;NA;NA;NA
503daf1ec464497a5d3a41f528fa5253,Eukaryota;Rhodophyta;Bangiophyceae;Bangiales;NA;NA;NA
5f349d03255ce5489160394e2a25b7bd,Eukaryota;Discosea;Flabellinia;Dactylopodida;NA;NA;NA
ead5a100b2f9090ff94b651d922acf58,Eukaryota;Arthropoda;Insecta;NA;NA;NA;NA
23d05b6505369c5114ac4f178ef1db92,Eukaryota;Arthropoda;Arachnida;NA;NA;NA;NA
e5f0c976f2dd64e8452cc0da399a0af8,Eukaryota;Mollusca;Gastropoda;NA;NA;NA;NA
eaac6e73f4389ac16e4c1018415fac17,Eukaryota;Arthropoda;Arachnida;Sarcoptiformes;NA;NA;NA
7bd63dd325e49de32dbf010e21555eb9,Eukaryota;Oomycota;Saprolegniales__c;Saprolegniales;NA;NA;NA
8f36a752b74ff3b403b4ce118d00c751,Eukaryota;Oomycota;Peronosporales__c;Peronosporales;NA;NA;NA
795ce84d2c80986b9993d85dbea731fb,Eukaryota;Arthropoda;Insecta;Lepidoptera;NA;NA;NA
ff14d98ae97b3a676bf5d18d71bc6d2e,Eukaryota;Arthropoda;Insecta;NA;NA;NA;NA
3bd4425ae7ec67d467abe0a04b4f0360,Eukaryota;Oomycota;Peronosporales__c;NA;NA;NA;NA
6c54f5bb83d6750d52e0b29685375ee8,Eukaryota;Arthropoda;Insecta;Coleoptera;NA;NA;NA
f786f5ef4c5edea516a91ef864a4977a,Eukaryota;Arthropoda;Hexanauplia;Calanoida;Clausocalanidae;Pseudocalanus;Pseudocalanus mimus
b122ae8b58c360a81a8c230049ee6795,Eukaryota;Bacillariophyta;Coscinodiscophyceae;Melosirales;Melosiraceae;Melosira;Melosira nummuloides
38579a5f5354a2dad595ae61bbdf8b92,Unknown;NA;NA;NA;NA;NA;NA
9cb2280acd0dd731860ee6ec243e647b,Eukaryota;Discosea;Longamoebia__c;Longamoebia;NA;NA;NA
252dc9f00fc689e1ea7d13d36eb2f532,Unknown;NA;NA;NA;NA;NA;NA
c5e88f75c48acd908108b7250387f063,Eukaryota;Rhodophyta;Florideophyceae;Sporolithales;NA;NA;NA
e891a139b89c985ee0ba12b90d1767c7,Eukaryota;Placozoa;Uniplacotomia;Hoilungea;NA;NA;NA
11bf5b6ff4ed9d9f48c6c9574b285136,Eukaryota;Mollusca;Gastropoda;Stylommatophora;NA;NA;NA
fbdd0db82bb3faaed5f6c25919ad85e7,Eukaryota;Ascomycota;Eurotiomycetes;Eurotiales;NA;NA;NA
44348dba8250f1e71e9aa15e522170ba,Eukaryota;Dictyochophyceae__p;Dictyochophyceae;Pedinellales;NA;NA;NA
bb658ab9e6e2b1e6517017df5fc2369b,Eukaryota;Mollusca;Gastropoda;Planorbidae__o;NA;NA;NA
6d34b3720496333104cb0fd04233832d,Eukaryota;Cnidaria;Hydrozoa;NA;NA;NA;NA
437fa5da32db70474d95ad47839ec9b7,Eukaryota;Arthropoda;Hexanauplia;Calanoida;Clausocalanidae;Pseudocalanus;NA
fface42d2f26c616f92e25521adc40d0,Eukaryota;Nemertea;Enopla;Monostilifera;NA;NA;NA
a08fa874c55e46a16bbb50661402e253,Eukaryota;Chlorophyta;Trebouxiophyceae;Chlorellales;NA;NA;NA
8e3542c00b0f080d8ddcbc8e66488f6a,Eukaryota;Cercozoa;Imbricatea;Euglyphida;NA;NA;NA
9196ab3e17b22eb65cfcb662c7ff10e3,Eukaryota;Haptophyta;Prymnesiales__c;Prymnesiales;NA;NA;NA
85aceae21895d3aed92928e48882b3fc,Eukaryota;Cnidaria;Hydrozoa;Anthoathecata;Pandeidae;Halitholus;Halitholus sp_ PS_2018
aa537a93299eb5c2a7ccc470ddcaec4f,Eukaryota;Arthropoda;Insecta;Coleoptera;NA;NA;NA
