FINAL Sample NAME,Sequential G3 Sample No.,Biological Replicate No. (if applicable),Technical Replicate No. (if applicable),Negative control,Cruise/ Expedition ID,Cruise/ Expedition ID,Collection Date (UTC),Collection Date (local),Field Sample Name,Dive No./ Station No./ Cast No.,Rosette position,Sampling method,Preservation,Region,Area within region,Additional Description Sampling Location,Depth (m),Altitude (m),"Latitude      (D° M' S"")","Longitude           (D° M' S"")",Latitude & Longitude (D.D°),Start time  (local),End time (local),Start time (UTC),End time (UTC),Sample volume (ml),Temp (°C),pH,Salinity (ppt),Oxygen (µM),Methane (nmol/L),Other chem,Other chem (units X),Personnel Responsible for Collecting Sample,Field Notes,Extracted,Elution Volume (µl),Extraction Yield (ng/µl),Extraction/PCR Notes,WS & BS Sample Location,Sent for Sequencing,Sequencing completed,Sequencing Notes
E1.AX17,1,,,FALSE,AX17,RR1712 Axial 2017,07/17/17,07/16/17,J2-965-HFS-4 F10,J2-965,,in situ filter,RNAlater,Axial Seamount,Transit at Int'l District,Roaming around a vent field,1511.0,2.3,45˚ 55.343' N,129˚ 58.481' W,"45.92620, -129.98003",19:26,19:53,2:26,2:53,3000,2.2,,,,,,,,"Roaming around a vent field, should have lots of diversity",TRUE,,,Extracted 02/28/2020; Sean McAllister,Sequencing Facility,TRUE,FALSE,
E2.AX17,2,,,FALSE,AX17,RR1712 Axial 2017,07/17/17,07/16/17,J2965-HFS-19 F11,J2-965,,in situ filter,RNAlater,Axial Seamount,Transit from Diva to Mkr 113,Maybe over some vent areas,1403.0,112.9,45˚ 33.208' N,129˚ 35.067' W,"45.92628, -129.97903",22:54,23:27,5:54,6:27,?,2.2,,,,,,,,"Transit may have gone over some vent areas, much of it will be general near-bottom water",TRUE,,,Extracted 02/28/2020; Sean McAllister,Sequencing Facility,TRUE,FALSE,
E3.AX17,3,,,FALSE,AX17,RR1712 Axial 2017,07/17/17,07/17/17,J2-965-HFS-26 F14,J2-965,,in situ filter,RNAlater,Axial Seamount,Ascent from Mkr 113,Mostly above plume,1416.0,105.3,45˚ 33.128' N,129˚ 35.496' W,"45.92258, -129.98777",01:57,02:24,8:57,9:24,3500,2.9,,,,,,,,"mostly non-hydrothermal (too high up), but was stil within plume when started, so there could be some plume animals",TRUE,,,Extracted 02/28/2020; Sean McAllister,Sequencing Facility,TRUE,FALSE,
E4.AX17,4,,,FALSE,AX17,RR1712 Axial 2017,07/20/17,07/20/17,J2-967-HFS-10 F14,J2-967,,in situ filter,RNAlater,Axial Seamount,Transit from Mkr 33 to Trevi,"Between vents, near bottom",1510.0,4,45˚ 33.604' N,129˚ 35.137' W,"45.93335, -129.98225",14:48,15:27,21:48,22:27,5000,2.1,,,,,,,, Probably similar to the one we already processed; Near-bottom water,TRUE,,,Extracted 02/28/2020; Sean McAllister,Sequencing Facility,TRUE,FALSE,
E5.AX17,5,,,FALSE,AX17,RR1712 Axial 2017,07/21/17,07/20/17,J2-967-HFS-20-F11,J2-967,,in situ filter,RNAlater,Axial Seamount,Transit from Mkr N3 to Bag City,"Between vents, near bottom",1520.0,1.4,45˚ 56.375' N,129˚ 59.676' W,"45.94376, -129.98521",20:08,20:45,3:08,3:45,5002,2.2,,,,,,,,"in-situ DNA filter during ROV transit near the seafloor (10-15 m altitude) in the caldera between vent sites. Most of this sample was collected between vent sites rather than directly over them. started  20:06:57, stopped 20:45:48,   Tmax    2.9,   Tavg 2.2,   volume 5002 ml, ,DNAtransitN3southbound. ""We are running another DNA sample as we transit from at Mkr-N3 Vent to Mkr135 at Mkr-N3 Vent to AX104 (Bag City).""",TRUE,,,Extracted 02/28/2020; Sean McAllister,Sequencing Facility,TRUE,FALSE,
E6.LO18,6,,,FALSE,LO18,NA100 Loihi 2018,09/03/18,,2018-Loi-eDNA-001,H1708,7,Niskin; swinex filter?,95% EtOH,Loihi Seamount,above Mkr 38 vent,,1266.5,3-6,18˚ 53.325' N,155˚ 15.423' W,"18.90542, -155.25705",,,2:24,2:24,2000,3.9,,34.5,41.5,,,,,2 x Niskin fired at 3.6m altitude Bottles 7 and 8. Above M38 active fluid flow area.,TRUE,,,Extracted 02/28/2020; Sean McAllister,Sequencing Facility,TRUE,FALSE,
E7.LO18,7,,,FALSE,LO18,NA100 Loihi 2018,09/03/18,,2018-Loi-eDNA-002,H1708,10,Niskin; swinex filter?,95% EtOH,Loihi Seamount,background,,998.6,,18˚ 54.314' N,155˚ 15.461' W,"18.90423, -155.25769",,,2:47,2:47,2000,4.4,,34.5,36.8,,,,,2 x Niskin fired at approx 1000m background water sample. Bottle 9 and 10. Above the influence of hydrothermal plumes according to processed MAPR data.,TRUE,,,Extracted 02/28/2020; Sean McAllister,Sequencing Facility,TRUE,FALSE,
E8.LO18,8,,,FALSE,LO18,NA100 Loihi 2018,09/04/18,,2018-Loi-eDNA-003,H1710,7,Niskin; swinex filter?,95% EtOH,Loihi Seamount,above Mkr 57 vent,,1184.6,2-5,18˚ 54.079' N,155˚ 15.486' W,"18.90132, -155.25810",,,15:48,15:48,2000,3.8,,34.5,43.2,,,,,2 x bottles (7 and 8) fired @ target alt 2-5m above source of fluid flow at M57. Fluid flow site at 1186m Niskins at 1184m,TRUE,,,Extracted 02/28/2020; Sean McAllister,Sequencing Facility,TRUE,FALSE,
E9.LO18,9,,,FALSE,LO18,NA100 Loihi 2018,09/04/18,,2018-Loi-eDNA-004,H1710,9,Niskin; swinex filter?,95% EtOH,Loihi Seamount,above lower Mkr 2 vent,,1177.0,6.7,18˚ 54.530' N,155˚ 15.449' W,"18.90883, -155.25748",,,20:59,21:05,2000,3.8,,34.5,41.6,,,,,2 x Niskins @ 1177m depth above lower marker 2. 6.7 altitude,TRUE,,,Extracted 02/28/2020; Sean McAllister,Sequencing Facility,TRUE,FALSE,
E10.LO18,10,,,FALSE,LO18,NA100 Loihi 2018,09/08/18,,2018-Loi-eDNA-005,H1712,8,Niskin; swinex filter?,95% EtOH,Loihi Seamount,above spillway vent,,1265.2,3,,,"18.90555, -155.25698",,,14:22,14:22,2000,3.9,,34.5,42.2,,,,,2 x bottles fired at 3m above spillway fluid flow area at 1265m Bottles 7 and 8,TRUE,,,Extracted 02/28/2020; Sean McAllister,Sequencing Facility,TRUE,FALSE,
E11.LO18,11,,,FALSE,LO18,NA100 Loihi 2018,09/09/18,,2018-Loi-eDNA-006,H1713,7,Niskin; swinex filter?,95% EtOH,Loihi Seamount,background (or diffuse venting),,1122.6,2.5,,,"18.90562, -155.24945",,,18:31,18:32,2000,4.0,,34.5,39.6,,,,,Bottle 7 fired ~2.5m above seafloor. Between waypoints 17 and 11. Some orange on seafloor - could be microbial but not sure,TRUE,,,Extracted 02/28/2020; Sean McAllister,Sequencing Facility,TRUE,FALSE,
E12.LO18,12,,,FALSE,LO18,NA100 Loihi 2018,09/10/18,,2018-Loi-eDNA-007,H1714,12,Niskin; swinex filter?,95% EtOH,Loihi Seamount,ocean entry over mats,,635.4,5,,,"19.48463, -154.80235",,,21:51,21:51,2000,5.6,,34.4,29.0,,,,,Niskin 12 @ 5m altitude at mustard hollow site,TRUE,,,Extracted 02/28/2020; Sean McAllister,Sequencing Facility,TRUE,FALSE,
E13.VA19,13,,,FALSE,VA19,NA112 Vailulu'u 2019,08/01/19,,NA112-063-eDNA,H1770,,Niskin,95% EtOH,Vailulu'u Seamount,near white covered rock,,903.6,,,,"-14.21014, -169.05930",,,3:35,03:36,,5.4,,34.5,116.3,,,,,"taken near white covered rock (060-062 samples); water filtered, placed in vial with preservative, stored at room temp",TRUE,,,Extracted 02/28/2020; Sean McAllister,Sequencing Facility,TRUE,FALSE,
E14.VA19,14,,,FALSE,VA19,NA112 Vailulu'u 2019,08/01/19,,NA112-068-eDNA,H1770,,Niskin,95% EtOH,Vailulu'u Seamount,orange sediment cloud,,903.9,,,,"-14.20954, -169.05923",,,5:43,05:46,,5.5,,34.5,117.3,,,,,"going into orange  sediment cloud to grab water sample; water filtered, placed in vial with preservative, stored at room temp",TRUE,,,Extracted 02/28/2020; Sean McAllister,Sequencing Facility,TRUE,FALSE,
E15.VA19,15,,,FALSE,VA19,NA112 Vailulu'u 2019,08/01/19,,NA112-069-eDNA,H1770,,Niskin,95% EtOH,Vailulu'u Seamount,above vent,,905.4,,,,"-14.20994, -169.05964",,,6:22,06:24,,6.8,,34.5,110.2,,,,,"Sample taken in area near 27 C fluid coming from rock cracks, white and brown mats in area (white in crack). water filtered, placed in vial with preservative, stored at room temp",TRUE,,,Extracted 02/28/2020; Sean McAllister,Sequencing Facility,TRUE,FALSE,
E16.VA19,16,,,FALSE,VA19,NA112 Vailulu'u 2019,08/01/19,,NA112-079-eDNA,H1770,,Niskin,95% EtOH,Vailulu'u Seamount,above vent (in gas plume),,677.1,,,,"-14.21027, -169.04617",,,13:54,13:56,,6.0,,34.5,124.0,,,,,"Niskin bottle taken above active hydrothermal vent (with gas plume); water filtered, placed in vial with preservative, stored at room temp",TRUE,,,Extracted 02/28/2020; Sean McAllister,Sequencing Facility,TRUE,FALSE,
E17.VA19,17,,,FALSE,VA19,NA112 Vailulu'u 2019,08/01/19,,NA112-081-eDNA,H1770,,Niskin,95% EtOH,Vailulu'u Seamount,background,,623.0,54,,,"-14.21031, -169.04656",,,14:35,14:36,,6.0,,34.4,129.7,,,,,"Control Niskin taken at 54.0 m off bottom; water filtered, placed in vial with preservative, stored at room temp",TRUE,,,Extracted 02/28/2020; Sean McAllister,Sequencing Facility,TRUE,FALSE,
E18.DA19,18,,,FALSE,DA19,NA117 MBNMS 2019,,,NA117-005-eDNA (62),H1795,,Niskin,95% EtOH,Davidson Seamount,above vent,,,,,,,,,,,,,,,,,,,,fired near the placement of the temperature probe[cut off],TRUE,,,Extracted 02/28/2020; Sean McAllister,Sequencing Facility,TRUE,FALSE,
E19.DA19,19,,,FALSE,DA19,NA117 MBNMS 2019,,,NA117-008-eDNA (63),H1795,,Niskin,95% EtOH,Davidson Seamount,above Octopus Spa[] vents,,,,18˚ 54.530' N,155˚ 15.449' W,,,,,,,,,,,,,,,taken near samples 006 and 007; at Octopus Spa[cut off],TRUE,,,Extracted 02/28/2020; Sean McAllister,Sequencing Facility,TRUE,FALSE,
E20.DA19,20,,,FALSE,DA19,NA117 MBNMS 2019,,,NA117-013-eDNA (64),H1795,,Niskin,95% EtOH,Davidson Seamount,above Octopus Garden vent,,,,,,,,,,,,,,,,,,,,"taken in Octopus Garden, near venting fluid and [cut off]",TRUE,,,Extracted 02/28/2020; Sean McAllister,Sequencing Facility,TRUE,FALSE,
E21.DA19,21,,,FALSE,DA19,NA117 MBNMS 2019,,,NA117-019-01-eDNA (65),H1796,,Niskin,95% EtOH,Davidson Seamount,background,,,,,,,,,,,,,,,,,,,,collected background sample for eDNA taken whe[cutt off],TRUE,,,Extracted 02/28/2020; Sean McAllister,Sequencing Facility,TRUE,FALSE,
E22.DA19,22,,,FALSE,DA19,NA117 MBNMS 2019,,,NA117-039-eDNA (66),H1796,,Niskin,95% EtOH,Davidson Seamount,above cone top,,,,,,,,,,,,,,,,,,,,"from cone top, same location as -038; not directl[cut off]",TRUE,,,Extracted 02/28/2020; Sean McAllister,Sequencing Facility,TRUE,FALSE,
E23.DA19,23,,,FALSE,DA19,NA117 MBNMS 2019,,,NA117-040-eDNA (67),H1796,,Niskin,95% EtOH,Davidson Seamount,above cone top,,,,,,,,,,,,,,,,,,,,"from cone top, same location as -038 and -039; n[cut off]",TRUE,,,Extracted 02/28/2020; Sean McAllister,Sequencing Facility,TRUE,FALSE,
E24.NC.DY2012,24,,,TRUE,DY2012,DY20-12 Dyson 2020,09/05/20,,Control-1,-,-,0.22µm swinex filter,95% EtOH,,,,-,-,-,-,-,-,-,-,-,1000,,,,,,,,"Sarah Donohoe, Penelope Adams",Filter stored in 50cc tube,TRUE,,,Sent to OSU for Extraction and Sequencing in 2021,Lab Van -20˚C,TRUE,FALSE,18S/16S done; other markers pending (R3)
E25.2B.DY2012,25,2,,FALSE,DY2012,DY20-12 Dyson 2020,09/05/20,,M5 0mR2 2,10,10,Niskin; 0.22 µm swinex filter,95% EtOH,,M5,,0.0,,59˚ 54.292' N,171˚ 41.905' W,,,,2:50,,1000,,,,,,,,"Sarah Donohoe, Penelope Adams",Filter stored in 50cc tube,TRUE,,,Sent to OSU for Extraction and Sequencing in 2021,Lab Van -20˚C,TRUE,FALSE,18S/16S done; other markers pending (R3)
E26.1B.NC.DY2012,26,1,,TRUE,DY2012,DY20-12 Dyson 2020,09/05/20,,M5 65mR1 3,10,2,Niskin; 0.22 µm swinex filter,95% EtOH,,M5,,65.0,,59˚ 54.292' N,171˚ 41.905' W,,,,2:50,,1000,,,,,,,,"Sarah Donohoe, Penelope Adams",Filter stored in 50cc tube,TRUE,,,Sent to OSU for Extraction and Sequencing in 2021,Lab Van -20˚C,TRUE,FALSE,18S/16S done; other markers pending (R3)
E26.2B.DY2012,26,2,,FALSE,DY2012,DY20-12 Dyson 2020,09/05/20,,M5 65mR2 4,10,2,Niskin; 0.22 µm swinex filter,95% EtOH,,M5,,65.0,,59˚ 54.292' N,171˚ 41.905' W,,,,2:50,,1000,,,,,,,,"Sarah Donohoe, Penelope Adams",Filter stored in 50cc tube,TRUE,,,Sent to OSU for Extraction and Sequencing in 2021,Lab Van -20˚C,TRUE,FALSE,18S/16S done; other markers pending (R3)
E27.1B.DY2012,27,1,,FALSE,DY2012,DY20-12 Dyson 2020,09/07/20,,DBO1-5 0mR1 5,16,10,Niskin; 0.22 µm swinex filter,95% EtOH,,DBO1-5,,0.0,,62˚ 27.996' N,174˚ 05.070' W,,,,23:59,,1000,,,,,,,,"Sarah Donohoe, Penelope Adams","The eDNA record sheet for station “M8 box 2” is not consistent with the CTD log sheet, which doesnt show an eDNA sample taken at M8 box 2. Based on the date (09/07/20) and the bottom depth (58m), and cross-referencing the CTD log I believe samples 5-8 were actually from DBO 1-5, and that I wrote M8 box 2 in error. Filter stored in 50cc tube. ",TRUE,,,"Sent to OSU for Extraction and Sequencing in 2021; Based on the data grouping within the ordination plots, we switched the deep/shallow sample assignments for the DBO1-5 (i.e., E27 and E28).",Lab Van -20˚C,TRUE,FALSE,18S/16S done; other markers pending (R3)
E27.2B.DY2012,27,2,,FALSE,DY2012,DY20-12 Dyson 2020,09/07/20,,DBO1-5 0mR2 6,16,10,Niskin; 0.22 µm swinex filter,95% EtOH,,DBO1-5,,0.0,,62˚ 27.996' N,174˚ 05.070' W,,,,23:59,,1000,,,,,,,,"Sarah Donohoe, Penelope Adams","The eDNA record sheet for station “M8 box 2” is not consistent with the CTD log sheet, which doesnt show an eDNA sample taken at M8 box 2. Based on the date (09/07/20) and the bottom depth (58m), and cross-referencing the CTD log I believe samples 5-8 were actually from DBO 1-5, and that I wrote M8 box 2 in error. Filter stored in 50cc tube",TRUE,,,"Sent to OSU for Extraction and Sequencing in 2021; Based on the data grouping within the ordination plots, we switched the deep/shallow sample assignments for the DBO1-5 (i.e., E27 and E28).",Lab Van -20˚C,TRUE,FALSE,18S/16S done; other markers pending (R3)
E28.1B.DY2012,28,1,,FALSE,DY2012,DY20-12 Dyson 2020,09/07/20,,DBO1-5 58mR1 7,16,1,Niskin; 0.22 µm swinex filter,95% EtOH,,DBO1-5,,58.0,,62˚ 27.996' N,174˚ 05.070' W,,,,23:59,,1000,,,,,,,,"Sarah Donohoe, Penelope Adams","The eDNA record sheet for station “M8 box 2” is not consistent with the CTD log sheet, which doesnt show an eDNA sample taken at M8 box 2. Based on the date (09/07/20) and the bottom depth (58m), and cross-referencing the CTD log I believe samples 5-8 were actually from DBO 1-5, and that I wrote M8 box 2 in error. Filter stored in 50cc tube",TRUE,,,"Sent to OSU for Extraction and Sequencing in 2021; Based on the data grouping within the ordination plots, we switched the deep/shallow sample assignments for the DBO1-5 (i.e., E27 and E28).",Lab Van -20˚C,TRUE,FALSE,18S/16S done; other markers pending (R3)
E28.2B.DY2012,28,2,,FALSE,DY2012,DY20-12 Dyson 2020,09/07/20,,DBO1-5 58mR2 8,16,1,Niskin; 0.22 µm swinex filter,95% EtOH,,DBO1-5,,58.0,,62˚ 27.996' N,174˚ 05.070' W,,,,23:59,,1000,,,,,,,,"Sarah Donohoe, Penelope Adams","The eDNA record sheet for station “M8 box 2” is not consistent with the CTD log sheet, which doesnt show an eDNA sample taken at M8 box 2. Based on the date (09/07/20) and the bottom depth (58m), and cross-referencing the CTD log I believe samples 5-8 were actually from DBO 1-5, and that I wrote M8 box 2 in error. Filter stored in 50cc tube",TRUE,,,"Sent to OSU for Extraction and Sequencing in 2021; Based on the data grouping within the ordination plots, we switched the deep/shallow sample assignments for the DBO1-5 (i.e., E27 and E28).",Lab Van -20˚C,TRUE,FALSE,18S/16S done; other markers pending (R3)
E29.1B.DY2012,29,1,,FALSE,DY2012,DY20-12 Dyson 2020,09/08/20,,DBO1-1 0mR1 9,19,10,Niskin; 0.22 µm swinex filter,95% EtOH,,DBO1-1,,0.0,,62˚ 00.64' N,175˚ 04.18' W,,,,7:11,,1000,,,,,,,,"Sarah Donohoe, Penelope Adams",Filter stored in 50cc tube,TRUE,,,Sent to OSU for Extraction and Sequencing in 2021,Lab Van -20˚C,TRUE,FALSE,18S/16S done; other markers pending (R3)
E29.2B.DY2012,29,2,,FALSE,DY2012,DY20-12 Dyson 2020,09/08/20,,DBO1-1 0mR2 10,19,10,Niskin; 0.22 µm swinex filter,95% EtOH,,DBO1-1,,0.0,,62˚ 00.64' N,175˚ 04.18' W,,,,7:11,,1000,,,,,,,,"Sarah Donohoe, Penelope Adams",Filter stored in 50cc tube,TRUE,,,Sent to OSU for Extraction and Sequencing in 2021,Lab Van -20˚C,TRUE,FALSE,18S/16S done; other markers pending (R3)
E30.1B.DY2012,30,1,,FALSE,DY2012,DY20-12 Dyson 2020,09/08/20,,DBO1-1 70mR1 11,19,1,Niskin; 0.22 µm swinex filter,95% EtOH,,DBO1-1,,70.0,,62˚ 00.64' N,175˚ 04.18' W,,,,7:11,,1000,,,,,,,,"Sarah Donohoe, Penelope Adams",Filter stored in 50cc tube,TRUE,,,Sent to OSU for Extraction and Sequencing in 2021,Lab Van -20˚C,TRUE,FALSE,18S/16S done; other markers pending (R3)
E30.2B.DY2012,30,2,,FALSE,DY2012,DY20-12 Dyson 2020,09/08/20,,DBO1-1 70mR2 12,19,1,Niskin; 0.22 µm swinex filter,95% EtOH,,DBO1-1,,70.0,,62˚ 00.64' N,175˚ 04.18' W,,,,7:11,,1000,,,,,,,,"Sarah Donohoe, Penelope Adams",Filter stored in 50cc tube,TRUE,,,Sent to OSU for Extraction and Sequencing in 2021,Lab Van -20˚C,TRUE,FALSE,18S/16S done; other markers pending (R3)
E31.1B.DY2012,31,1,,FALSE,DY2012,DY20-12 Dyson 2020,09/08/20,,DBO1-3 0mR1 13,22,9,Niskin; 0.22 µm swinex filter,95% EtOH,,DBO1-3,,0.0,,62˚ 13.07' N,174˚ 52.69' W,,,,11:58,,1000,,,,,,,,"Sarah Donohoe, Penelope Adams",Filter stored in 50cc tube,TRUE,,,Sent to OSU for Extraction and Sequencing in 2021,Lab Van -20˚C,TRUE,FALSE,18S/16S done; other markers pending (R3)
E31.2B.DY2012,31,2,,FALSE,DY2012,DY20-12 Dyson 2020,09/08/20,,DBO1-3 0mR2 14,22,9,Niskin; 0.22 µm swinex filter,95% EtOH,,DBO1-3,,0.0,,62˚ 13.07' N,174˚ 52.69' W,,,,11:58,,1000,,,,,,,,"Sarah Donohoe, Penelope Adams",Filter stored in 50cc tube,TRUE,,,Sent to OSU for Extraction and Sequencing in 2021,Lab Van -20˚C,TRUE,FALSE,18S/16S done; other markers pending (R3)
E32.1B.DY2012,32,1,,FALSE,DY2012,DY20-12 Dyson 2020,09/08/20,,DBO1-3 66mR1 15,22,1,Niskin; 0.22 µm swinex filter,95% EtOH,,DBO1-3,,66.0,,62˚ 13.07' N,174˚ 52.69' W,,,,11:58,,1000,,,,,,,,"Sarah Donohoe, Penelope Adams",Filter stored in 50cc tube,TRUE,,,Sent to OSU for Extraction and Sequencing in 2021,Lab Van -20˚C,TRUE,FALSE,18S/16S done; other markers pending (R3)
E32.2B.DY2012,32,2,,FALSE,DY2012,DY20-12 Dyson 2020,09/08/20,,DBO1-3 66mR2 16,22,1,Niskin; 0.22 µm swinex filter,95% EtOH,,DBO1-3,,66.0,,62˚ 13.07' N,174˚ 52.69' W,,,,11:58,,1000,,,,,,,,"Sarah Donohoe, Penelope Adams",Filter stored in 50cc tube,TRUE,,,Sent to OSU for Extraction and Sequencing in 2021,Lab Van -20˚C,TRUE,FALSE,18S/16S done; other markers pending (R3)
E33.1B.DY2012,33,1,,FALSE,DY2012,DY20-12 Dyson 2020,09/08/20,,M8 0mR1 17,24,9,Niskin; 0.22 µm swinex filter,95% EtOH,,M8,,0.0,,62˚ 12.224' N,174˚ 41.949' W,,,,15:55,,1000,,,,,,,,"Sarah Donohoe, Penelope Adams",Filter stored in 50cc tube,TRUE,,,Sent to OSU for Extraction and Sequencing in 2021,Lab Van -20˚C,TRUE,FALSE,18S/16S done; other markers pending (R3)
E33.2B.DY2012,33,2,,FALSE,DY2012,DY20-12 Dyson 2020,09/08/20,,M8 0mR2 18,24,9,Niskin; 0.22 µm swinex filter,95% EtOH,,M8,,0.0,,62˚ 12.224' N,174˚ 41.949' W,,,,15:55,,1000,,,,,,,,"Sarah Donohoe, Penelope Adams",Filter stored in 50cc tube,TRUE,,,Sent to OSU for Extraction and Sequencing in 2021,Lab Van -20˚C,TRUE,FALSE,18S/16S done; other markers pending (R3)
E34.1B.DY2012,34,1,,FALSE,DY2012,DY20-12 Dyson 2020,09/08/20,,M8 68mR1 19,24,2,Niskin; 0.22 µm swinex filter,95% EtOH,,M8,,68.0,,62˚ 12.224' N,174˚ 41.949' W,,,,15:55,,1000,,,,,,,,"Sarah Donohoe, Penelope Adams",Filter stored in 50cc tube,TRUE,,,Sent to OSU for Extraction and Sequencing in 2021,Lab Van -20˚C,TRUE,FALSE,18S/16S done; other markers pending (R3)
E34.2B.DY2012,34,2,,FALSE,DY2012,DY20-12 Dyson 2020,09/08/20,,M8 68mR2 20,24,2,Niskin; 0.22 µm swinex filter,95% EtOH,,M8,,68.0,,62˚ 12.224' N,174˚ 41.949' W,,,,15:55,,1000,,,,,,,,"Sarah Donohoe, Penelope Adams",Filter stored in 50cc tube,TRUE,,,Sent to OSU for Extraction and Sequencing in 2021,Lab Van -20˚C,TRUE,FALSE,18S/16S done; other markers pending (R3)
E35.1B.DY2012,35,1,,FALSE,DY2012,DY20-12 Dyson 2020,09/09/20,,DBO1-7 0mR1 21,26,9,Niskin; 0.22 µm swinex filter,95% EtOH,,DBO1-7,,0.0,,62˚ 47.381' N,173˚ 29.850' W,,,,12:48,,1000,,,,,,,,"Sarah Donohoe, Penelope Adams",Filter stored in 50cc tube,TRUE,,,Sent to OSU for Extraction and Sequencing in 2021,Lab Van -20˚C,TRUE,FALSE,18S/16S done; other markers pending (R3)
E35.2B.DY2012,35,2,,FALSE,DY2012,DY20-12 Dyson 2020,09/09/20,,DBO1-7 0mR2 22,26,9,Niskin; 0.22 µm swinex filter,95% EtOH,,DBO1-7,,0.0,,62˚ 47.381' N,173˚ 29.850' W,,,,12:48,,1000,,,,,,,,"Sarah Donohoe, Penelope Adams",Filter stored in 50cc tube,TRUE,,,Sent to OSU for Extraction and Sequencing in 2021,Lab Van -20˚C,TRUE,FALSE,18S/16S done; other markers pending (R3)
E36.1B.DY2012,36,1,,FALSE,DY2012,DY20-12 Dyson 2020,09/09/20,,DBO1-7 65mR1 23,26,1,Niskin; 0.22 µm swinex filter,95% EtOH,,DBO1-7,,65.0,,62˚ 47.381' N,173˚ 29.850' W,,,,12:48,,1000,,,,,,,,"Sarah Donohoe, Penelope Adams",Filter stored in 50cc tube,TRUE,,,Sent to OSU for Extraction and Sequencing in 2021,Lab Van -20˚C,TRUE,FALSE,18S/16S done; other markers pending (R3)
E36.2B.DY2012,36,2,,FALSE,DY2012,DY20-12 Dyson 2020,09/09/20,,DBO1-7 65mR2 24,26,1,Niskin; 0.22 µm swinex filter,95% EtOH,,DBO1-7,,65.0,,62˚ 47.381' N,173˚ 29.850' W,,,,12:48,,1000,,,,,,,,"Sarah Donohoe, Penelope Adams",Filter stored in 50cc tube,TRUE,,,Sent to OSU for Extraction and Sequencing in 2021,Lab Van -20˚C,TRUE,FALSE,18S/16S done; other markers pending (R3)
E37.1B.DY2012,37,1,,FALSE,DY2012,DY20-12 Dyson 2020,09/09/20,,DBO1-9 0mR1 25,28,10,Niskin; 0.22 µm swinex filter,95% EtOH,,DBO1-9,,0.0,,63˚ 16.504' N,173˚ 17.279' W,,,,4:48,,1000,,,,,,,,"Sarah Donohoe, Penelope Adams",Filter stored in 50cc tube,TRUE,,,Sent to OSU for Extraction and Sequencing in 2021,Lab Van -20˚C,TRUE,FALSE,18S/16S done; other markers pending (R3)
E37.2B.DY2012,37,2,,FALSE,DY2012,DY20-12 Dyson 2020,09/09/20,,DBO1-9 0mR2 26,28,10,Niskin; 0.22 µm swinex filter,95% EtOH,,DBO1-9,,0.0,,63˚ 16.504' N,173˚ 17.279' W,,,,4:48,,1000,,,,,,,,"Sarah Donohoe, Penelope Adams",Filter stored in 50cc tube,TRUE,,,Sent to OSU for Extraction and Sequencing in 2021,Lab Van -20˚C,TRUE,FALSE,18S/16S done; other markers pending (R3)
E38.1B.DY2012,38,1,,FALSE,DY2012,DY20-12 Dyson 2020,09/09/20,,DBO1-9 65mR1 27,28,2,Niskin; 0.22 µm swinex filter,95% EtOH,,DBO1-9,,65.0,,63˚ 16.504' N,173˚ 17.279' W,,,,4:48,,1000,,,,,,,,"Sarah Donohoe, Penelope Adams",Filter stored in 50cc tube,TRUE,,,Sent to OSU for Extraction and Sequencing in 2021,Lab Van -20˚C,TRUE,FALSE,18S/16S done; other markers pending (R3)
E38.2B.DY2012,38,2,,FALSE,DY2012,DY20-12 Dyson 2020,09/09/20,,DBO1-9 65mR2 28,28,2,Niskin; 0.22 µm swinex filter,95% EtOH,,DBO1-9,,65.0,,63˚ 16.504' N,173˚ 17.279' W,,,,4:48,,1000,,,,,,,,"Sarah Donohoe, Penelope Adams",Filter stored in 50cc tube,TRUE,,,Sent to OSU for Extraction and Sequencing in 2021,Lab Van -20˚C,TRUE,FALSE,18S/16S done; other markers pending (R3)
E39.1B.DY2012,39,1,,FALSE,DY2012,DY20-12 Dyson 2020,09/09/20,,DBO2-1 42mR1 29,30,2,Niskin; 0.22 µm swinex filter,95% EtOH,,DBO2-1,,42.0,,64˚ 40.465' N,169˚ 55.270' W,,,,17:40,,1000,,,,,,,,"Sarah Donohoe, Penelope Adams",Filter stored in 50cc tube,TRUE,,,Sent to OSU for Extraction and Sequencing in 2021,Lab Van -20˚C,TRUE,FALSE,18S/16S done; other markers pending (R3)
E39.2B.DY2012,39,2,,FALSE,DY2012,DY20-12 Dyson 2020,09/09/20,,DBO2-1 42mR2 30,30,2,Niskin; 0.22 µm swinex filter,95% EtOH,,DBO2-1,,42.0,,64˚ 40.465' N,169˚ 55.270' W,,,,17:40,,1000,,,,,,,,"Sarah Donohoe, Penelope Adams",Filter stored in 50cc tube,TRUE,,,Sent to OSU for Extraction and Sequencing in 2021,Lab Van -20˚C,TRUE,FALSE,18S/16S done; other markers pending (R3)
E40.1B.DY2012,40,1,,FALSE,DY2012,DY20-12 Dyson 2020,09/09/20,,DBO2-1 0mR1 31,30,8,Niskin; 0.22 µm swinex filter,95% EtOH,,DBO2-1,,0.0,,64˚ 40.465' N,169˚ 55.270' W,,,,17:40,,1000,,,,,,,,"Sarah Donohoe, Penelope Adams",Filter stored in 50cc tube,TRUE,,,Sent to OSU for Extraction and Sequencing in 2021,Lab Van -20˚C,TRUE,FALSE,18S/16S done; other markers pending (R3)
E40.2B.DY2012,40,2,,FALSE,DY2012,DY20-12 Dyson 2020,09/09/20,,DBO2-1 0mR2 32,30,8,Niskin; 0.22 µm swinex filter,95% EtOH,,DBO2-1,,0.0,,64˚ 40.465' N,169˚ 55.270' W,,,,17:40,,1000,,,,,,,,"Sarah Donohoe, Penelope Adams",Filter stored in 50cc tube,TRUE,,,Sent to OSU for Extraction and Sequencing in 2021,Lab Van -20˚C,TRUE,FALSE,18S/16S done; other markers pending (R3)
E41.NC.DY2012,41,,,TRUE,DY2012,DY20-12 Dyson 2020,09/09/20,,Control-2,-,-,0.22µm swinex filter,95% EtOH,,,,-,-,-,-,-,-,-,-,-,1000,,,,,,,,"Sarah Donohoe, Penelope Adams",Filter stored in 50cc tube,TRUE,,,Sent to OSU for Extraction and Sequencing in 2021,Lab Van -20˚C,TRUE,FALSE,18S/16S done; other markers pending (R3)
E42.1B.DY2012,42,1,,FALSE,DY2012,DY20-12 Dyson 2020,09/09/20,,DBO2-3 0mR1 33,32,8,Niskin; 0.22 µm swinex filter,95% EtOH,,DBO2-3,,0.0,,64˚ 40.11' N,168˚ 14.14' W,,,,22:31,,1000,,,,,,,,"Sarah Donohoe, Penelope Adams",Filter stored in 50cc tube,TRUE,,,Sent to OSU for Extraction and Sequencing in 2021,Lab Van -20˚C,TRUE,FALSE,18S/16S done; other markers pending (R3)
E42.2B.DY2012,42,2,,FALSE,DY2012,DY20-12 Dyson 2020,09/09/20,,DBO2-3 0mR2 34,32,8,Niskin; 0.22 µm swinex filter,95% EtOH,,DBO2-3,,0.0,,64˚ 40.11' N,168˚ 14.14' W,,,,22:31,,1000,,,,,,,,"Sarah Donohoe, Penelope Adams",Filter stored in 50cc tube,TRUE,,,Sent to OSU for Extraction and Sequencing in 2021,Lab Van -20˚C,TRUE,FALSE,18S/16S done; other markers pending (R3)
E43.1B.DY2012,43,1,,FALSE,DY2012,DY20-12 Dyson 2020,09/09/20,,DBO2-3 34mR1 35,32,2,Niskin; 0.22 µm swinex filter,95% EtOH,,DBO2-3,,34.0,,64˚ 40.11' N,168˚ 14.14' W,,,,22:31,,1000,,,,,,,,"Sarah Donohoe, Penelope Adams",Filter stored in 50cc tube,TRUE,,,Sent to OSU for Extraction and Sequencing in 2021,Lab Van -20˚C,TRUE,FALSE,18S/16S done; other markers pending (R3)
E43.2B.DY2012,43,2,,FALSE,DY2012,DY20-12 Dyson 2020,09/09/20,,DBO2-3 34mR2 36,32,2,Niskin; 0.22 µm swinex filter,95% EtOH,,DBO2-3,,34.0,,64˚ 40.11' N,168˚ 14.14' W,,,,22:31,,1000,,,,,,,,"Sarah Donohoe, Penelope Adams",Filter stored in 50cc tube,TRUE,,,Sent to OSU for Extraction and Sequencing in 2021,Lab Van -20˚C,TRUE,FALSE,18S/16S done; other markers pending (R3)
E44.DY2012,44,,,FALSE,DY2012,DY20-12 Dyson 2020,09/10/20,,DBO2-5 0mR1 37,34,8,Niskin; 0.22 µm swinex filter,95% EtOH,,DBO2-5,,0.0,,64˚ 59.30' N,169˚ 08.33' W,,,,3:02,,1000,,,,,,,,"Sarah Donohoe, Penelope Adams",DBO2-5 0mR2 lost because water was filtered without an inserted filter. Filter stored in 50cc tube,TRUE,,,Sent to OSU for Extraction and Sequencing in 2021,Lab Van -20˚C,TRUE,FALSE,18S/16S done; other markers pending (R3)
E45.1B.DY2012,45,1,,FALSE,DY2012,DY20-12 Dyson 2020,09/10/20,,DBO2-5 43mR1 39,34,2,Niskin; 0.22 µm swinex filter,95% EtOH,,DBO2-5,,43.0,,64˚ 59.30' N,169˚ 08.33' W,,,,3:02,,1000,,,,,,,,"Sarah Donohoe, Penelope Adams",Filter stored in 50cc tube,TRUE,,,Sent to OSU for Extraction and Sequencing in 2021,Lab Van -20˚C,TRUE,FALSE,18S/16S done; other markers pending (R3)
E45.2B.DY2012,45,2,,FALSE,DY2012,DY20-12 Dyson 2020,09/10/20,,DBO2-5 43mR2 40,34,2,Niskin; 0.22 µm swinex filter,95% EtOH,,DBO2-5,,43.0,,64˚ 59.30' N,169˚ 08.33' W,,,,3:02,,1000,,,,,,,,"Sarah Donohoe, Penelope Adams",Filter stored in 50cc tube,TRUE,,,Sent to OSU for Extraction and Sequencing in 2021,Lab Van -20˚C,TRUE,FALSE,18S/16S done; other markers pending (R3)
E46.1B.DY2012,46,1,,FALSE,DY2012,DY20-12 Dyson 2020,09/10/20,,DBO2-4 0mR1 41,35,7,Niskin; 0.22 µm swinex filter,95% EtOH,,DBO2-4,,0.0,,64˚ 57.567' N,169˚ 52.749' W,,,,5:32,,1000,,,,,,,,"Sarah Donohoe, Penelope Adams",Filter stored in 50cc tube,TRUE,,,Sent to OSU for Extraction and Sequencing in 2021,Lab Van -20˚C,TRUE,FALSE,18S/16S done; other markers pending (R3)
E46.2B.DY2012,46,2,,FALSE,DY2012,DY20-12 Dyson 2020,09/10/20,,DBO2-4 0mR2 42,35,7,Niskin; 0.22 µm swinex filter,95% EtOH,,DBO2-4,,0.0,,64˚ 57.567' N,169˚ 52.749' W,,,,5:32,,1000,,,,,,,,"Sarah Donohoe, Penelope Adams",Filter stored in 50cc tube,TRUE,,,Sent to OSU for Extraction and Sequencing in 2021,Lab Van -20˚C,TRUE,FALSE,18S/16S done; other markers pending (R3)
E47.1B.DY2012,47,1,,FALSE,DY2012,DY20-12 Dyson 2020,09/10/20,,DBO2-4 45mR1 43,35,2,Niskin; 0.22 µm swinex filter,95% EtOH,,DBO2-4,,45.0,,64˚ 57.567' N,169˚ 52.749' W,,,,5:32,,1000,,,,,,,,"Sarah Donohoe, Penelope Adams",Filter stored in 50cc tube,TRUE,,,Sent to OSU for Extraction and Sequencing in 2021,Lab Van -20˚C,TRUE,FALSE,18S/16S done; other markers pending (R3)
E47.2B.DY2012,47,2,,FALSE,DY2012,DY20-12 Dyson 2020,09/10/20,,DBO2-4 45mR2 44,35,2,Niskin; 0.22 µm swinex filter,95% EtOH,,DBO2-4,,45.0,,64˚ 57.567' N,169˚ 52.749' W,,,,5:32,,1000,,,,,,,,"Sarah Donohoe, Penelope Adams",Filter stored in 50cc tube,TRUE,,,Sent to OSU for Extraction and Sequencing in 2021,Lab Van -20˚C,TRUE,FALSE,18S/16S done; other markers pending (R3)
E48.1B.DY2012,48,1,,FALSE,DY2012,DY20-12 Dyson 2020,09/10/20,,DBO3-8 0mR1 45,36,7,Niskin; 0.22 µm swinex filter,95% EtOH,,DBO3-8,,0.0,,67˚ 40.374' N,168˚ 56.526' W,,,,21:54,,1000,,,,,,,,"Sarah Donohoe, Penelope Adams",Filter stored in 50cc tube,TRUE,,,Sent to OSU for Extraction and Sequencing in 2021,Lab Van -20˚C,TRUE,FALSE,18S/16S done; other markers pending (R3)
E48.2B.DY2012,48,2,,FALSE,DY2012,DY20-12 Dyson 2020,09/10/20,,DBO3-8 0mR2 46,36,7,Niskin; 0.22 µm swinex filter,95% EtOH,,DBO3-8,,0.0,,67˚ 40.374' N,168˚ 56.526' W,,,,21:54,,1000,,,,,,,,"Sarah Donohoe, Penelope Adams",Filter stored in 50cc tube,TRUE,,,Sent to OSU for Extraction and Sequencing in 2021,Lab Van -20˚C,TRUE,FALSE,18S/16S done; other markers pending (R3)
E49.1B.DY2012,49,1,,FALSE,DY2012,DY20-12 Dyson 2020,09/10/20,,DBO3-8 45mR1 47,36,1,Niskin; 0.22 µm swinex filter,95% EtOH,,DBO3-8,,45.0,,67˚ 40.374' N,168˚ 56.526' W,,,,21:54,,1000,,,,,,,,"Sarah Donohoe, Penelope Adams",Filter stored in 50cc tube,TRUE,,,Sent to OSU for Extraction and Sequencing in 2021,Lab Van -20˚C,TRUE,FALSE,18S/16S done; other markers pending (R3)
E49.2B.DY2012,49,2,,FALSE,DY2012,DY20-12 Dyson 2020,09/10/20,,DBO3-8 45mR2 48,36,1,Niskin; 0.22 µm swinex filter,95% EtOH,,DBO3-8,,45.0,,67˚ 40.374' N,168˚ 56.526' W,,,,21:54,,1000,,,,,,,,"Sarah Donohoe, Penelope Adams",Filter stored in 50cc tube,TRUE,,,Sent to OSU for Extraction and Sequencing in 2021,Lab Van -20˚C,TRUE,FALSE,18S/16S done; other markers pending (R3)
E50.1B.DY2012,50,1,,FALSE,DY2012,DY20-12 Dyson 2020,09/11/20,,DBO3-6 0mR1 49,39,7,Niskin; 0.22 µm swinex filter,95% EtOH,,DBO3-6,,0.0,,67˚ 53.86' N,168˚ 13.89' W,,,,6:14,,1000,,,,,,,,"Sarah Donohoe, Penelope Adams",Filter stored in Whirlpak,TRUE,,,Sent to OSU for Extraction and Sequencing in 2021,Lab Van -20˚C,TRUE,FALSE,18S/16S done; other markers pending (R3)
E50.2B.DY2012,50,2,,FALSE,DY2012,DY20-12 Dyson 2020,09/11/20,,DBO3-6 0mR2 50,39,7,Niskin; 0.22 µm swinex filter,95% EtOH,,DBO3-6,,0.0,,67˚ 53.86' N,168˚ 13.89' W,,,,6:14,,1000,,,,,,,,"Sarah Donohoe, Penelope Adams",Filter stored in Whirlpak,TRUE,,,Sent to OSU for Extraction and Sequencing in 2021,Lab Van -20˚C,TRUE,FALSE,18S/16S done; other markers pending (R3)
E51.1B.DY2012,51,1,,FALSE,DY2012,DY20-12 Dyson 2020,09/11/20,,DBO3-6 54mR1 51,39,2,Niskin; 0.22 µm swinex filter,95% EtOH,,DBO3-6,,54.0,,67˚ 53.86' N,168˚ 13.89' W,,,,6:14,,1000,,,,,,,,"Sarah Donohoe, Penelope Adams",Filter stored in Whirlpak,TRUE,,,Sent to OSU for Extraction and Sequencing in 2021,Lab Van -20˚C,TRUE,FALSE,18S/16S done; other markers pending (R3)
E51.2B.DY2012,51,2,,FALSE,DY2012,DY20-12 Dyson 2020,09/11/20,,DBO3-6 54mR2 52,39,2,Niskin; 0.22 µm swinex filter,95% EtOH,,DBO3-6,,54.0,,67˚ 53.86' N,168˚ 13.89' W,,,,6:14,,1000,,,,,,,,"Sarah Donohoe, Penelope Adams",Filter stored in Whirlpak,TRUE,,,Sent to OSU for Extraction and Sequencing in 2021,Lab Van -20˚C,TRUE,FALSE,18S/16S done; other markers pending (R3)
E52.1B.DY2012,52,1,,FALSE,DY2012,DY20-12 Dyson 2020,09/11/20,,DBO3-3 0mR1 53,42,7,Niskin; 0.22 µm swinex filter,95% EtOH,,DBO3-3,,0.0,,68˚ 11.22' N,167˚ 17.39' W,,,,11:04,,1000,,,,,,,,"Sarah Donohoe, Penelope Adams",Filter stored in Whirlpak,TRUE,,,Sent to OSU for Extraction and Sequencing in 2021,Lab Van -20˚C,TRUE,FALSE,18S/16S done; other markers pending (R3)
E52.2B.DY2012,52,2,,FALSE,DY2012,DY20-12 Dyson 2020,09/11/20,,DBO3-3 0mR2 54,42,7,Niskin; 0.22 µm swinex filter,95% EtOH,,DBO3-3,,0.0,,68˚ 11.22' N,167˚ 17.39' W,,,,11:04,,1000,,,,,,,,"Sarah Donohoe, Penelope Adams",Filter stored in Whirlpak,TRUE,,,Sent to OSU for Extraction and Sequencing in 2021,Lab Van -20˚C,TRUE,FALSE,18S/16S done; other markers pending (R3)
E53.1B.DY2012,53,1,,FALSE,DY2012,DY20-12 Dyson 2020,09/11/20,,DBO3-3 43mR1 55,42,2,Niskin; 0.22 µm swinex filter,95% EtOH,,DBO3-3,,43.0,,68˚ 11.22' N,167˚ 17.39' W,,,,11:04,,1000,,,,,,,,"Sarah Donohoe, Penelope Adams",Filter stored in Whirlpak,TRUE,,,Sent to OSU for Extraction and Sequencing in 2021,Lab Van -20˚C,TRUE,FALSE,18S/16S done; other markers pending (R3)
E53.2B.DY2012,53,2,,FALSE,DY2012,DY20-12 Dyson 2020,09/11/20,,DBO3-3 43mR2 56,42,2,Niskin; 0.22 µm swinex filter,95% EtOH,,DBO3-3,,43.0,,68˚ 11.22' N,167˚ 17.39' W,,,,11:04,,1000,,,,,,,,"Sarah Donohoe, Penelope Adams",Filter stored in Whirlpak,TRUE,,,Sent to OSU for Extraction and Sequencing in 2021,Lab Van -20˚C,TRUE,FALSE,18S/16S done; other markers pending (R3)
E54.1B.DY2012,54,1,,FALSE,DY2012,DY20-12 Dyson 2020,09/11/20,,DBO3-1 0mR1 57,43,7,Niskin; 0.22 µm swinex filter,95% EtOH,,DBO3-1,,0.0,,68˚ 18.18' N,166˚ 55.49' W,,,,13:00,,1000,,,,,,,,"Sarah Donohoe, Penelope Adams",Filter stored in Whirlpak,TRUE,,,Sent to OSU for Extraction and Sequencing in 2021,Lab Van -20˚C,TRUE,FALSE,18S/16S done; other markers pending (R3)
E54.2B.DY2012,54,2,,FALSE,DY2012,DY20-12 Dyson 2020,09/11/20,,DBO3-1 0mR2 58,43,7,Niskin; 0.22 µm swinex filter,95% EtOH,,DBO3-1,,0.0,,68˚ 18.18' N,166˚ 55.49' W,,,,13:00,,1000,,,,,,,,"Sarah Donohoe, Penelope Adams",Filter stored in Whirlpak,TRUE,,,Sent to OSU for Extraction and Sequencing in 2021,Lab Van -20˚C,TRUE,FALSE,18S/16S done; other markers pending (R3)
E55.1B.DY2012,55,1,,FALSE,DY2012,DY20-12 Dyson 2020,09/11/20,,DBO3-1 29mR1 59,43,1,Niskin; 0.22 µm swinex filter,95% EtOH,,DBO3-1,,29.0,,68˚ 18.18' N,166˚ 55.49' W,,,,13:00,,1000,,,,,,,,"Sarah Donohoe, Penelope Adams",Filter stored in Whirlpak,TRUE,,,Sent to OSU for Extraction and Sequencing in 2021,Lab Van -20˚C,TRUE,FALSE,18S/16S done; other markers pending (R3)
E55.2B.DY2012,55,2,,FALSE,DY2012,DY20-12 Dyson 2020,09/11/20,,DBO3-1 29mR2 60,43,1,Niskin; 0.22 µm swinex filter,95% EtOH,,DBO3-1,,29.0,,68˚ 18.18' N,166˚ 55.49' W,,,,13:00,,1000,,,,,,,,"Sarah Donohoe, Penelope Adams",Filter stored in Whirlpak,TRUE,,,Sent to OSU for Extraction and Sequencing in 2021,Lab Van -20˚C,TRUE,FALSE,18S/16S done; other markers pending (R3)
E56.NC.DY2012,56,,,TRUE,DY2012,DY20-12 Dyson 2020,09/13/20,,Control-3,-,-,0.22µm swinex filter,95% EtOH,,,,-,-,-,-,-,-,-,-,-,1000,,,,,,,,"Sarah Donohoe, Penelope Adams",Filter stored in Whirlpak,TRUE,,,Sent to OSU for Extraction and Sequencing in 2021,Lab Van -20˚C,TRUE,FALSE,18S/16S done; other markers pending (R3)
E57.1B.DY2012,57,1,,FALSE,DY2012,DY20-12 Dyson 2020,09/13/20,,IC10 0mR1 61,50,7,Niskin; 0.22 µm swinex filter,95% EtOH,,IC10,,0.0,,71˚ 42.31' N,165˚ 35.05' W,,,,8:32,,1000,,,,,,,,"Sarah Donohoe, Penelope Adams",Filter stored in Whirlpak,TRUE,,,Sent to OSU for Extraction and Sequencing in 2021,Lab Van -20˚C,TRUE,FALSE,18S/16S done; other markers pending (R3)
E57.2B.DY2012,57,2,,FALSE,DY2012,DY20-12 Dyson 2020,09/13/20,,IC10 0mR2 62,50,7,Niskin; 0.22 µm swinex filter,95% EtOH,,IC10,,0.0,,71˚ 42.31' N,165˚ 35.05' W,,,,8:32,,1000,,,,,,,,"Sarah Donohoe, Penelope Adams",Filter stored in Whirlpak,TRUE,,,Sent to OSU for Extraction and Sequencing in 2021,Lab Van -20˚C,TRUE,FALSE,18S/16S done; other markers pending (R3)
E58.1B.DY2012,58,1,,FALSE,DY2012,DY20-12 Dyson 2020,09/13/20,,IC10 37mR1 63,50,2,Niskin; 0.22 µm swinex filter,95% EtOH,,IC10,,37.0,,71˚ 42.31' N,165˚ 35.05' W,,,,8:32,,1000,,,,,,,,"Sarah Donohoe, Penelope Adams",Filter stored in Whirlpak,TRUE,,,Sent to OSU for Extraction and Sequencing in 2021,Lab Van -20˚C,TRUE,FALSE,18S/16S done; other markers pending (R3)
E58.2B.DY2012,58,2,,FALSE,DY2012,DY20-12 Dyson 2020,09/13/20,,IC10 37mR2 64,50,2,Niskin; 0.22 µm swinex filter,95% EtOH,,IC10,,37.0,,71˚ 42.31' N,165˚ 35.05' W,,,,8:32,,1000,,,,,,,,"Sarah Donohoe, Penelope Adams",Filter stored in Whirlpak,TRUE,,,Sent to OSU for Extraction and Sequencing in 2021,Lab Van -20˚C,TRUE,FALSE,18S/16S done; other markers pending (R3)
E59.1B.DY2012,59,1,,FALSE,DY2012,DY20-12 Dyson 2020,09/13/20,,DBO4-5 0mR1 65,52,8,Niskin; 0.22 µm swinex filter,95% EtOH,,DBO4-5,,0.0,,71˚ 43.446' N,161˚ 46.356' W,,,,17:03,,1000,,,,,,,,"Sarah Donohoe, Penelope Adams",Filter stored in Whirlpak,TRUE,,,Sent to OSU for Extraction and Sequencing in 2021,Lab Van -20˚C,TRUE,FALSE,18S/16S done; other markers pending (R3)
E59.2B.DY2012,59,2,,FALSE,DY2012,DY20-12 Dyson 2020,09/13/20,,DBO4-5 0mR2 66,52,8,Niskin; 0.22 µm swinex filter,95% EtOH,,DBO4-5,,0.0,,71˚ 43.446' N,161˚ 46.356' W,,,,17:03,,1000,,,,,,,,"Sarah Donohoe, Penelope Adams",Filter stored in Whirlpak,TRUE,,,Sent to OSU for Extraction and Sequencing in 2021,Lab Van -20˚C,TRUE,FALSE,18S/16S done; other markers pending (R3)
E60.1B.DY2012,60,1,,FALSE,DY2012,DY20-12 Dyson 2020,09/13/20,,DBO4-5 35mR1 67,52,2,Niskin; 0.22 µm swinex filter,95% EtOH,,DBO4-5,,35.0,,71˚ 43.446' N,161˚ 46.356' W,,,,17:03,,1000,,,,,,,,"Sarah Donohoe, Penelope Adams",Filter stored in Whirlpak,TRUE,,,Sent to OSU for Extraction and Sequencing in 2021,Lab Van -20˚C,TRUE,FALSE,18S/16S done; other markers pending (R3)
E60.2B.DY2012,60,2,,FALSE,DY2012,DY20-12 Dyson 2020,09/13/20,,DBO4-5 35mR2 68,52,2,Niskin; 0.22 µm swinex filter,95% EtOH,,DBO4-5,,35.0,,71˚ 43.446' N,161˚ 46.356' W,,,,17:03,,1000,,,,,,,,"Sarah Donohoe, Penelope Adams",Filter stored in Whirlpak,TRUE,,,Sent to OSU for Extraction and Sequencing in 2021,Lab Van -20˚C,TRUE,FALSE,18S/16S done; other markers pending (R3)
E61.1B.DY2012,61,1,,FALSE,DY2012,DY20-12 Dyson 2020,09/13/20,,DBO4-3 0mR1 69,54,8,Niskin; 0.22 µm swinex filter,95% EtOH,,DBO4-3,,0.0,,71˚ 27.294' N,161˚ 02.238' W,,,,20:11,,1000,,,,,,,,"Sarah Donohoe, Penelope Adams",Filter stored in Whirlpak,TRUE,,,Sent to OSU for Extraction and Sequencing in 2021,Lab Van -20˚C,TRUE,FALSE,18S/16S done; other markers pending (R3)
E61.2B.DY2012,61,2,,FALSE,DY2012,DY20-12 Dyson 2020,09/13/20,,DBO4-3 0mR2 70,54,8,Niskin; 0.22 µm swinex filter,95% EtOH,,DBO4-3,,0.0,,71˚ 27.294' N,161˚ 02.238' W,,,,20:11,,1000,,,,,,,,"Sarah Donohoe, Penelope Adams",Filter stored in Whirlpak,TRUE,,,Sent to OSU for Extraction and Sequencing in 2021,Lab Van -20˚C,TRUE,FALSE,18S/16S done; other markers pending (R3)
E62.1B.DY2012,62,1,,FALSE,DY2012,DY20-12 Dyson 2020,09/13/20,,DBO4-3 38R1 71,54,2,Niskin; 0.22 µm swinex filter,95% EtOH,,DBO4-3,,38.0,,71˚ 27.294' N,161˚ 02.238' W,,,,20:11,,1000,,,,,,,,"Sarah Donohoe, Penelope Adams",Filter stored in Whirlpak,TRUE,,,Sent to OSU for Extraction and Sequencing in 2021,Lab Van -20˚C,TRUE,FALSE,18S/16S done; other markers pending (R3)
E62.2B.DY2012,62,2,,FALSE,DY2012,DY20-12 Dyson 2020,09/13/20,,DBO4-3 38R2 72,54,2,Niskin; 0.22 µm swinex filter,95% EtOH,,DBO4-3,,38.0,,71˚ 27.294' N,161˚ 02.238' W,,,,20:11,,1000,,,,,,,,"Sarah Donohoe, Penelope Adams",Filter stored in Whirlpak,TRUE,,,Sent to OSU for Extraction and Sequencing in 2021,Lab Van -20˚C,TRUE,FALSE,18S/16S done; other markers pending (R3)
E63.1B.DY2012,63,1,,FALSE,DY2012,DY20-12 Dyson 2020,09/13/20,,DBO4-1 0mR1 73,56,8,Niskin; 0.22 µm swinex filter,95% EtOH,,DBO4-1,,0.0,,71˚ 11.57' N,160˚ 16.52' W,,,,23:51,,1000,,,,,,,,"Sarah Donohoe, Penelope Adams",Filter stored in Whirlpak,TRUE,,,Sent to OSU for Extraction and Sequencing in 2021,Lab Van -20˚C,TRUE,FALSE,18S/16S done; other markers pending (R3)
E63.2B.DY2012,63,2,,FALSE,DY2012,DY20-12 Dyson 2020,09/13/20,,DBO4-1 0mR2 74,56,8,Niskin; 0.22 µm swinex filter,95% EtOH,,DBO4-1,,0.0,,71˚ 11.57' N,160˚ 16.52' W,,,,23:51,,1000,,,,,,,,"Sarah Donohoe, Penelope Adams",Filter stored in Whirlpak,TRUE,,,Sent to OSU for Extraction and Sequencing in 2021,Lab Van -20˚C,TRUE,FALSE,18S/16S done; other markers pending (R3)
E64.1B.DY2012,64,1,,FALSE,DY2012,DY20-12 Dyson 2020,09/13/20,,DBO4-1 48mR1 75,56,2,Niskin; 0.22 µm swinex filter,95% EtOH,,DBO4-1,,48.0,,71˚ 11.57' N,160˚ 16.52' W,,,,23:51,,1000,,,,,,,,"Sarah Donohoe, Penelope Adams",Filter stored in Whirlpak,TRUE,,,Sent to OSU for Extraction and Sequencing in 2021,Lab Van -20˚C,TRUE,FALSE,18S/16S done; other markers pending (R3)
E64.2B.DY2012,64,2,,FALSE,DY2012,DY20-12 Dyson 2020,09/13/20,,DBO4-1 48mR2 76,56,2,Niskin; 0.22 µm swinex filter,95% EtOH,,DBO4-1,,48.0,,71˚ 11.57' N,160˚ 16.52' W,,,,23:51,,1000,,,,,,,,"Sarah Donohoe, Penelope Adams",Filter stored in Whirlpak,TRUE,,,Sent to OSU for Extraction and Sequencing in 2021,Lab Van -20˚C,TRUE,FALSE,18S/16S done; other markers pending (R3)
E65.1B.DY2012,65,1,,FALSE,DY2012,DY20-12 Dyson 2020,09/14/20,,DBO5-1 setC 0mR1 77,58,7,Niskin; 0.22 µm swinex filter,95% EtOH,,DBO5-1,,0.0,,71˚ 15.144' N,157˚ 08.464' W,,,,11:09,,1000,,,,,,,,"Sarah Donohoe, Penelope Adams",Filter stored in Whirlpak,TRUE,,,Sent to OSU for Extraction and Sequencing in 2021,Lab Van -20˚C,TRUE,FALSE,18S/16S done; other markers pending (R3)
E65.2B.DY2012,65,2,,FALSE,DY2012,DY20-12 Dyson 2020,09/14/20,,DBO5-1 setC 0mR2 78,58,7,Niskin; 0.22 µm swinex filter,95% EtOH,,DBO5-1,,0.0,,71˚ 15.144' N,157˚ 08.464' W,,,,11:09,,1000,,,,,,,,"Sarah Donohoe, Penelope Adams",Filter stored in Whirlpak,TRUE,,,Sent to OSU for Extraction and Sequencing in 2021,Lab Van -20˚C,TRUE,FALSE,18S/16S done; other markers pending (R3)
E66.1B.DY2012,66,1,,FALSE,DY2012,DY20-12 Dyson 2020,09/14/20,,DBO5-1 setC 43mR1 79,58,1,Niskin; 0.22 µm swinex filter,95% EtOH,,DBO5-1,,43.0,,71˚ 15.144' N,157˚ 08.464' W,,,,11:09,,1000,,,,,,,,"Sarah Donohoe, Penelope Adams",Filter stored in Whirlpak,TRUE,,,Sent to OSU for Extraction and Sequencing in 2021,Lab Van -20˚C,TRUE,FALSE,18S/16S done; other markers pending (R3)
E66.2B.DY2012,66,2,,FALSE,DY2012,DY20-12 Dyson 2020,09/14/20,,DBO5-1 setC 43mR2 80,58,1,Niskin; 0.22 µm swinex filter,95% EtOH,,DBO5-1,,43.0,,71˚ 15.144' N,157˚ 08.464' W,,,,11:09,,1000,,,,,,,,"Sarah Donohoe, Penelope Adams",Filter stored in Whirlpak,TRUE,,,Sent to OSU for Extraction and Sequencing in 2021,Lab Van -20˚C,TRUE,FALSE,18S/16S done; other markers pending (R3)
E67.1B.DY2012,67,1,,FALSE,DY2012,DY20-12 Dyson 2020,09/14/20,,DBO5-5 setA 0mR1 81,60,10,Niskin; 0.22 µm swinex filter,95% EtOH,,DBO5-5,,0.0,,71˚ 24.40' N,157˚ 28.51' W,,,,13:20,,1000,,,,,,,,"Sarah Donohoe, Penelope Adams",Filter stored in Whirlpak,TRUE,,,Sent to OSU for Extraction and Sequencing in 2021,Lab Van -20˚C,TRUE,FALSE,18S/16S done; other markers pending (R3)
E67.2B.DY2012,67,2,,FALSE,DY2012,DY20-12 Dyson 2020,09/14/20,,DBO5-5 setA 0mR2 82,60,10,Niskin; 0.22 µm swinex filter,95% EtOH,,DBO5-5,,0.0,,71˚ 24.40' N,157˚ 28.51' W,,,,13:20,,1000,,,,,,,,"Sarah Donohoe, Penelope Adams",Filter stored in Whirlpak,TRUE,,,Sent to OSU for Extraction and Sequencing in 2021,Lab Van -20˚C,TRUE,FALSE,18S/16S done; other markers pending (R3)
E68.1B.DY2012,68,1,,FALSE,DY2012,DY20-12 Dyson 2020,09/14/20,,DBO5-5 setA 122mR1 83,60,2,Niskin; 0.22 µm swinex filter,95% EtOH,,DBO5-5,,122.0,,71˚ 24.40' N,157˚ 28.51' W,,,,13:20,,1000,,,,,,,,"Sarah Donohoe, Penelope Adams",Filter stored in Whirlpak,TRUE,,,Sent to OSU for Extraction and Sequencing in 2021,Lab Van -20˚C,TRUE,FALSE,18S/16S done; other markers pending (R3)
E68.2B.DY2012,68,2,,FALSE,DY2012,DY20-12 Dyson 2020,09/14/20,,DBO5-5 setA 122mR2 84,60,2,Niskin; 0.22 µm swinex filter,95% EtOH,,DBO5-5,,122.0,,71˚ 24.40' N,157˚ 28.51' W,,,,13:20,,1000,,,,,,,,"Sarah Donohoe, Penelope Adams",Filter stored in Whirlpak,TRUE,,,Sent to OSU for Extraction and Sequencing in 2021,Lab Van -20˚C,TRUE,FALSE,18S/16S done; other markers pending (R3)
E69.1B.DY2012,69,1,,FALSE,DY2012,DY20-12 Dyson 2020,09/14/20,,DBO5-9 setB 0mR1 85,62,8,Niskin; 0.22 µm swinex filter,95% EtOH,,DBO5-9,,0.0,,71˚ 34.833' N,157˚ 48.023' W,,,,16:15,,1000,,,,,,,,"Sarah Donohoe, Penelope Adams",Filter stored in Whirlpak,TRUE,,,Sent to OSU for Extraction and Sequencing in 2021,Lab Van -20˚C,TRUE,FALSE,18S/16S done; other markers pending (R3)
E69.2B.DY2012,69,2,,FALSE,DY2012,DY20-12 Dyson 2020,09/14/20,,DBO5-9 setB 0mR2 86,62,8,Niskin; 0.22 µm swinex filter,95% EtOH,,DBO5-9,,0.0,,71˚ 34.833' N,157˚ 48.023' W,,,,16:15,,1000,,,,,,,,"Sarah Donohoe, Penelope Adams",Filter stored in Whirlpak,TRUE,,,Sent to OSU for Extraction and Sequencing in 2021,Lab Van -20˚C,TRUE,FALSE,18S/16S done; other markers pending (R3)
E70.1B.DY2012,70,1,,FALSE,DY2012,DY20-12 Dyson 2020,09/14/20,,DBO5-9 setB 59mR1 87,62,2,Niskin; 0.22 µm swinex filter,95% EtOH,,DBO5-9,,59.0,,71˚ 34.833' N,157˚ 48.023' W,,,,16:15,,1000,,,,,,,,"Sarah Donohoe, Penelope Adams",Filter stored in Whirlpak,TRUE,,,Sent to OSU for Extraction and Sequencing in 2021,Lab Van -20˚C,TRUE,FALSE,18S/16S done; other markers pending (R3)
E70.2B.DY2012,70,2,,FALSE,DY2012,DY20-12 Dyson 2020,09/14/20,,DBO5-9 setB 59mR2 88,62,2,Niskin; 0.22 µm swinex filter,95% EtOH,,DBO5-9,,59.0,,71˚ 34.833' N,157˚ 48.023' W,,,,16:15,,1000,,,,,,,,"Sarah Donohoe, Penelope Adams",Filter stored in Whirlpak,TRUE,,,Sent to OSU for Extraction and Sequencing in 2021,Lab Van -20˚C,TRUE,FALSE,18S/16S done; other markers pending (R3)
E71.1B.DY2012,71,1,,FALSE,DY2012,DY20-12 Dyson 2020,09/18/20,,BS14 0mR1 89,65,8,Niskin; 0.22 µm swinex filter,95% EtOH,,BS14,,0.0,,63˚ 59.96' N,167˚ 56.62' W,,,,8:11,,1000,,,,,,,,"Sarah Donohoe, Penelope Adams",Filter stored in Whirlpak,TRUE,,,Sent to OSU for Extraction and Sequencing in 2021,Lab Van -20˚C,TRUE,FALSE,18S/16S done; other markers pending (R3)
E71.2B.DY2012,71,2,,FALSE,DY2012,DY20-12 Dyson 2020,09/18/20,,BS14 0mR2 90,65,8,Niskin; 0.22 µm swinex filter,95% EtOH,,BS14,,0.0,,63˚ 59.96' N,167˚ 56.62' W,,,,8:11,,1000,,,,,,,,"Sarah Donohoe, Penelope Adams",Filter stored in Whirlpak,TRUE,,,Sent to OSU for Extraction and Sequencing in 2021,Lab Van -20˚C,TRUE,FALSE,18S/16S done; other markers pending (R3)
E72.1B.DY2012,72,1,,FALSE,DY2012,DY20-12 Dyson 2020,09/18/20,,BS14 32mR1 91,65,1,Niskin; 0.22 µm swinex filter,95% EtOH,,BS14,,32.0,,63˚ 59.96' N,167˚ 56.62' W,,,,8:11,,1000,,,,,,,,"Sarah Donohoe, Penelope Adams",Filter stored in Whirlpak,TRUE,,,Sent to OSU for Extraction and Sequencing in 2021,Lab Van -20˚C,TRUE,FALSE,18S/16S done; other markers pending (R3)
E72.2B.DY2012,72,2,,FALSE,DY2012,DY20-12 Dyson 2020,09/18/20,,BS14 32mR2 92,65,1,Niskin; 0.22 µm swinex filter,95% EtOH,,BS14,,32.0,,63˚ 59.96' N,167˚ 56.62' W,,,,8:11,,1000,,,,,,,,"Sarah Donohoe, Penelope Adams",Filter stored in Whirlpak,TRUE,,,Sent to OSU for Extraction and Sequencing in 2021,Lab Van -20˚C,TRUE,FALSE,18S/16S done; other markers pending (R3)
E73.NC.DY2012,73,,,TRUE,DY2012,DY20-12 Dyson 2020,09/18/20,,Control-4,-,-,0.22µm swinex filter,95% EtOH,,,,-,-,-,-,-,-,-,-,-,1000,,,,,,,,"Sarah Donohoe, Penelope Adams",Filter stored in Whirlpak,TRUE,,,Sent to OSU for Extraction and Sequencing in 2021,Lab Van -20˚C,TRUE,FALSE,18S/16S done; other markers pending (R3)
E74.WO920,74,,,FALSE,WO920,WOAC Sept 2020 (Micro),09/12/20,,P28-181m,1,1,Niskin; cup 0.22µm filter,95% EtOH,Salish Sea,North of West Point,P28,181.0,7.6,47˚ 42.250' N,122˚ 27.348' W,,,,9:26,09:41,900,11.7,,30.9,5.75 mg/L,,86.603;1E-12,beamC Turbidity; PAR,Kevin Roe,,TRUE,,,Sent to OSU for Extraction and Sequencing in 2021,Sequencing Facility,TRUE,FALSE,
E75.WO920,75,,,FALSE,WO920,WOAC Sept 2020 (Micro),09/12/20,,P28-110m,1,4,Niskin; cup 0.22µm filter,95% EtOH,Salish Sea,North of West Point,P28,110.0,78.6,47˚ 42.250' N,122˚ 27.348' W,,,,9:26,09:41,1100,12.0,,30.5,5.70 mg/L,,91.6;1E-13,beamC Turbidity; PAR,Kevin Roe,,TRUE,,,Sent to OSU for Extraction and Sequencing in 2021,Sequencing Facility,TRUE,FALSE,
E76.WO920,76,,,FALSE,WO920,WOAC Sept 2020 (Micro),09/12/20,,P28-0m,1,12,Niskin; cup 0.22µm filter,95% EtOH,Salish Sea,North of West Point,P28,0.0,188.6,47˚ 42.250' N,122˚ 27.348' W,,,,9:26,09:41,1200,13.5,,30.1,7.64 mg/L,,91.3;3E1,beamC Turbidity; PAR,Kevin Roe,,TRUE,,,Sent to OSU for Extraction and Sequencing in 2021,Sequencing Facility,TRUE,FALSE,
E77.WO920,77,,,FALSE,WO920,WOAC Sept 2020 (Micro),09/12/20,,P1-97m,4,1,Niskin; cup 0.22µm filter,95% EtOH,Salish Sea,Gedney Island,P1,97.0,8.6,48˚ 0.984' N,122˚ 18.259' W,,,,13:59,14:13,1600,11.0,,30.2,3.99 mg/L,,81.9;0,beamC Turbidity; PAR,Kevin Roe,,TRUE,,,Sent to OSU for Extraction and Sequencing in 2021,Sequencing Facility,TRUE,FALSE,
E78.WO920,78,,,FALSE,WO920,WOAC Sept 2020 (Micro),09/12/20,,P1-80m,4,2,Niskin; cup 0.22µm filter,95% EtOH,Salish Sea,Gedney Island,P1,80.0,25.6,48˚ 0.984' N,122˚ 18.259' W,,,,13:59,14:13,1250,11.1,,30.1,3.88 mg/L,,89.3;0,beamC Turbidity; PAR,Kevin Roe,,TRUE,,,Sent to OSU for Extraction and Sequencing in 2021,Sequencing Facility,TRUE,FALSE,
E79.WO920,79,,,FALSE,WO920,WOAC Sept 2020 (Micro),09/12/20,,P1-50m,4,3,Niskin; cup 0.22µm filter,95% EtOH,Salish Sea,Gedney Island,P1,50.0,55.6,48˚ 0.984' N,122˚ 18.259' W,,,,13:59,14:13,1500,11.3,,30.0,4.71 mg/L,,94.5;0,beamC Turbidity; PAR,Kevin Roe,,TRUE,,,Sent to OSU for Extraction and Sequencing in 2021,Sequencing Facility,TRUE,FALSE,
E80.WO920,80,,,FALSE,WO920,WOAC Sept 2020 (Micro),09/12/20,,P1-30m,4,4,Niskin; cup 0.22µm filter,95% EtOH,Salish Sea,Gedney Island,P1,30.0,75.6,48˚ 0.984' N,122˚ 18.259' W,,,,13:59,14:13,1500,12.0,,29.9,5.32 mg/L,,96.2;0.088,beamC Turbidity; PAR,Kevin Roe,,TRUE,,,Sent to OSU for Extraction and Sequencing in 2021,Sequencing Facility,TRUE,FALSE,
E81.WO920,81,,,FALSE,WO920,WOAC Sept 2020 (Micro),09/12/20,,P1-20m,4,5,Niskin; cup 0.22µm filter,95% EtOH,Salish Sea,Gedney Island,P1,20.0,85.6,48˚ 0.984' N,122˚ 18.259' W,,,,13:59,14:13,1600,12.2,,29.9,5.41 mg/L,,96.7;0.456,beamC Turbidity; PAR,Kevin Roe,,TRUE,,,Sent to OSU for Extraction and Sequencing in 2021,Sequencing Facility,TRUE,FALSE,
E82.WO920,82,,,FALSE,WO920,WOAC Sept 2020 (Micro),09/12/20,,P1-10m,4,6,Niskin; cup 0.22µm filter,95% EtOH,Salish Sea,Gedney Island,P1,10.0,95.6,48˚ 0.984' N,122˚ 18.259' W,,,,13:59,14:13,1400,12.4,,29.9,5.63 mg/L,,96.1;3.07,beamC Turbidity; PAR,Kevin Roe,,TRUE,,,Sent to OSU for Extraction and Sequencing in 2021,Sequencing Facility,TRUE,FALSE,
E83.WO920,83,,,FALSE,WO920,WOAC Sept 2020 (Micro),09/12/20,,P1-5m,4,7,Niskin; cup 0.22µm filter,95% EtOH,Salish Sea,Gedney Island,P1,5.0,100.6,48˚ 0.984' N,122˚ 18.259' W,,,,13:59,14:13,1400,12.9,,29.4,7.22 mg/L,,72.3;23.6,beamC Turbidity; PAR,Kevin Roe,,TRUE,,,Sent to OSU for Extraction and Sequencing in 2021,Sequencing Facility,TRUE,FALSE,
E84.WO920,84,,,FALSE,WO920,WOAC Sept 2020 (Micro),09/12/20,,P1-0m,4,8,Niskin; cup 0.22µm filter,95% EtOH,Salish Sea,Gedney Island,P1,0.0,105.6,48˚ 0.984' N,122˚ 18.259' W,,,,13:59,14:13,1200,14.0,,28.8,10.57 mg/L,,68.2;74.8,beamC Turbidity; PAR,Kevin Roe,,TRUE,,,Sent to OSU for Extraction and Sequencing in 2021,Sequencing Facility,TRUE,FALSE,
E85.WO920,85,,,FALSE,WO920,WOAC Sept 2020 (Micro),09/12/20,,P4-78m,6,1,Niskin; cup 0.22µm filter,95% EtOH,Salish Sea,Skagit Bay,P4,78.0,11.0,48˚ 14.431' N,122˚ 33.196' W,,,,16:46,16:53,1000,11.1,,30.0,3.86 mg/L,,64.76;0,beamC Turbidity; PAR,Kevin Roe,,TRUE,,,Sent to OSU for Extraction and Sequencing in 2021,Sequencing Facility,TRUE,FALSE,
E86.WO920,86,,,FALSE,WO920,WOAC Sept 2020 (Micro),09/12/20,,P4-50m,6,3,Niskin; cup 0.22µm filter,95% EtOH,Salish Sea,Skagit Bay,P4,50.0,39.0,48˚ 14.431' N,122˚ 33.196' W,,,,16:46,16:53,900,11.0,,29.9,3.63 mg/L,,78.51;0,beamC Turbidity; PAR,Kevin Roe,,TRUE,,,Sent to OSU for Extraction and Sequencing in 2021,Sequencing Facility,TRUE,FALSE,
E87.WO920,87,,,FALSE,WO920,WOAC Sept 2020 (Micro),09/12/20,,P4-10m,6,6,Niskin; cup 0.22µm filter,95% EtOH,Salish Sea,Skagit Bay,P4,10.0,79.0,48˚ 14.431' N,122˚ 33.196' W,,,,16:46,16:53,1300,11.5,,29.4,4.10 mg/L,,85.03;0.729,beamC Turbidity; PAR,Kevin Roe,,TRUE,,,Sent to OSU for Extraction and Sequencing in 2021,Sequencing Facility,TRUE,FALSE,
E88.WO920,88,,,FALSE,WO920,WOAC Sept 2020 (Micro),09/12/20,,P4-0m,6,8,Niskin; cup 0.22µm filter,95% EtOH,Salish Sea,Skagit Bay,P4,0.0,89.0,48˚ 14.431' N,122˚ 33.196' W,,,,16:46,16:53,1100,14.4,,26.8,11.38 mg/L,,53.27;172,beamC Turbidity; PAR,Kevin Roe,,TRUE,,,Sent to OSU for Extraction and Sequencing in 2021,Sequencing Facility,TRUE,FALSE,
E89.WO920,89,,,FALSE,WO920,WOAC Sept 2020 (Micro),09/13/20,,P26-76m,7,1,Niskin; cup 0.22µm filter,95% EtOH,Salish Sea,SW of Deception,P26,76.0,7.0,48˚ 22.208' N,122˚ 43.062' W,,,,7:07,07:16,1600,8.4,,32.7,3.81 mg/L,,91.6;0,beamC Turbidity; PAR,Kevin Roe,,TRUE,,,Sent to OSU for Extraction and Sequencing in 2021,Sequencing Facility,TRUE,FALSE,
E90.WO920,90,,,FALSE,WO920,WOAC Sept 2020 (Micro),09/13/20,,P26-50m,7,3,Niskin; cup 0.22µm filter,95% EtOH,Salish Sea,SW of Deception,P26,50.0,33.0,48˚ 22.208' N,122˚ 43.062' W,,,,7:07,07:16,2300,9.6,,31.7,4.54 mg/L,,93.5;0,beamC Turbidity; PAR,Kevin Roe,,TRUE,,,Sent to OSU for Extraction and Sequencing in 2021,Sequencing Facility,TRUE,FALSE,
E91.WO920,91,,,FALSE,WO920,WOAC Sept 2020 (Micro),09/13/20,,P26-20m,7,6,Niskin; cup 0.22µm filter,95% EtOH,Salish Sea,SW of Deception,P26,20.0,63.0,48˚ 22.208' N,122˚ 43.062' W,,,,7:07,07:16,2300,10.8,,30.6,5.41 mg/L,,90.52;0.166,beamC Turbidity; PAR,Kevin Roe,Label partially rubbed off with EtOH; Still visible,TRUE,,,Sent to OSU for Extraction and Sequencing in 2021,Sequencing Facility,TRUE,FALSE,
E92.WO920,92,,,FALSE,WO920,WOAC Sept 2020 (Micro),09/13/20,,P26-0m,7,9,Niskin; cup 0.22µm filter,95% EtOH,Salish Sea,SW of Deception,P26,0.0,83.0,48˚ 22.208' N,122˚ 43.062' W,,,,7:07,07:16,1600,11.4,,30.1,5.85 mg/L,,88.2;18.2,beamC Turbidity; PAR,Kevin Roe,,TRUE,,,Sent to OSU for Extraction and Sequencing in 2021,Sequencing Facility,TRUE,FALSE,
E93.WO920,93,,,FALSE,WO920,WOAC Sept 2020 (Micro),09/13/20,,P7-82m,11,1,Niskin; cup 0.22µm filter,95% EtOH,Salish Sea,Mutiny Bay,P7,82.0,10.0,47˚ 58.811' N,122˚ 37.121' W,,,,13:01,13:10,1500,,,,,,,,Kevin Roe,,TRUE,,,Sent to OSU for Extraction and Sequencing in 2021,Sequencing Facility,TRUE,FALSE,
E94.WO920,94,,,FALSE,WO920,WOAC Sept 2020 (Micro),09/13/20,,P7-50m,11,2,Niskin; cup 0.22µm filter,95% EtOH,Salish Sea,Mutiny Bay,P7,50.0,42.0,47˚ 58.811' N,122˚ 37.121' W,,,,13:01,13:10,1500,,,,,,,,Kevin Roe,,TRUE,,,Sent to OSU for Extraction and Sequencing in 2021,Sequencing Facility,TRUE,FALSE,
E95.WO920,95,,,FALSE,WO920,WOAC Sept 2020 (Micro),09/13/20,,P7-20m,11,4,Niskin; cup 0.22µm filter,95% EtOH,Salish Sea,Mutiny Bay,P7,20.0,72.0,47˚ 58.811' N,122˚ 37.121' W,,,,13:01,13:10,1400,,,,,,,,Kevin Roe,,TRUE,,,Sent to OSU for Extraction and Sequencing in 2021,Sequencing Facility,TRUE,FALSE,
E96.WO920,96,,,FALSE,WO920,WOAC Sept 2020 (Micro),09/13/20,,P7-0m,11,7,Niskin; cup 0.22µm filter,95% EtOH,Salish Sea,Mutiny Bay,P7,0.0,92.0,47˚ 58.811' N,122˚ 37.121' W,,,,13:01,13:10,1400,,,,,,,,Kevin Roe,,TRUE,,,Sent to OSU for Extraction and Sequencing in 2021,Sequencing Facility,TRUE,FALSE,
E97.WO920,97,,,FALSE,WO920,WOAC Sept 2020 (Micro),09/14/20,,P14-140m,16,3,Niskin; cup 0.22µm filter,95% EtOH,Salish Sea,Hood Point,P14,140.0,34.0,47˚ 36.378' N,122˚ 56.380' W,,,,11:35,,2000,,,,,,,,Kevin Roe,,TRUE,,,Sent to OSU for Extraction and Sequencing in 2021,Sequencing Facility,TRUE,FALSE,
E98.WO920,98,,,FALSE,WO920,WOAC Sept 2020 (Micro),09/14/20,,P14-110m,16,4,Niskin; cup 0.22µm filter,95% EtOH,Salish Sea,Hood Point,P14,110.0,64.0,47˚ 36.378' N,122˚ 56.380' W,,,,11:35,,2000,,,,,,,,Kevin Roe,,TRUE,,,Sent to OSU for Extraction and Sequencing in 2021,Sequencing Facility,TRUE,FALSE,
E99.WO920,99,,,FALSE,WO920,WOAC Sept 2020 (Micro),09/14/20,,P14-50m,16,6,Niskin; cup 0.22µm filter,95% EtOH,Salish Sea,Hood Point,P14,50.0,124.0,47˚ 36.378' N,122˚ 56.380' W,,,,11:35,,2300,,,,,,,,Kevin Roe,,TRUE,,,Sent to OSU for Extraction and Sequencing in 2021,Sequencing Facility,TRUE,FALSE,
E100.WO920,100,,,FALSE,WO920,WOAC Sept 2020 (Micro),09/14/20,,P14-10m,16,9,Niskin; cup 0.22µm filter,95% EtOH,Salish Sea,Hood Point,P14,10.0,164.0,47˚ 36.378' N,122˚ 56.380' W,,,,11:35,,2200,,,,,,,,Kevin Roe,,TRUE,,,Sent to OSU for Extraction and Sequencing in 2021,Sequencing Facility,TRUE,FALSE,
E101.WO920,101,,,FALSE,WO920,WOAC Sept 2020 (Micro),09/14/20,,P14-0m,16,11,Niskin; cup 0.22µm filter,95% EtOH,Salish Sea,Hood Point,P14,0.0,174.0,47˚ 36.378' N,122˚ 56.380' W,,,,11:35,,1750,,,,,,,,Kevin Roe,,TRUE,,,Sent to OSU for Extraction and Sequencing in 2021,Sequencing Facility,TRUE,FALSE,
E102.WO920,102,,,FALSE,WO920,WOAC Sept 2020 (Micro),09/14/20,,P11-75m,20,1,Niskin; cup 0.22µm filter,95% EtOH,Salish Sea,The Great Bend,P11,75.0,11.0,47˚ 22.243' N,123˚ 07.957' W,,,,15:55,,1100,,,,,,,,Kevin Roe,,TRUE,,,Sent to OSU for Extraction and Sequencing in 2021,Sequencing Facility,TRUE,FALSE,
E103.WO920,103,,,FALSE,WO920,WOAC Sept 2020 (Micro),09/14/20,,P11-50m,20,3,Niskin; cup 0.22µm filter,95% EtOH,Salish Sea,The Great Bend,P11,50.0,36.0,47˚ 22.243' N,123˚ 07.957' W,,,,15:55,,1100,,,,,,,,Kevin Roe,,TRUE,,,Sent to OSU for Extraction and Sequencing in 2021,Sequencing Facility,TRUE,FALSE,
E104.WO920,104,,,FALSE,WO920,WOAC Sept 2020 (Micro),09/14/20,,P11-20m,20,5,Niskin; cup 0.22µm filter,95% EtOH,Salish Sea,The Great Bend,P11,20.0,66.0,47˚ 22.243' N,123˚ 07.957' W,,,,15:55,,1000,,,,,,,,Kevin Roe,,TRUE,,,Sent to OSU for Extraction and Sequencing in 2021,Sequencing Facility,TRUE,FALSE,
E105.WO920,105,,,FALSE,WO920,WOAC Sept 2020 (Micro),09/14/20,,P11-10m,20,6,Niskin; cup 0.22µm filter,95% EtOH,Salish Sea,The Great Bend,P11,10.0,76.0,47˚ 22.243' N,123˚ 07.957' W,,,,15:55,,1100,,,,,,,,Kevin Roe,,TRUE,,,Sent to OSU for Extraction and Sequencing in 2021,Sequencing Facility,TRUE,FALSE,
E106.WO920,106,,,FALSE,WO920,WOAC Sept 2020 (Micro),09/14/20,,P11-0m,20,8,Niskin; cup 0.22µm filter,95% EtOH,Salish Sea,The Great Bend,P11,0.0,86.0,47˚ 22.243' N,123˚ 07.957' W,,,,15:55,,1200,,,,,,,,Kevin Roe,,TRUE,,,Sent to OSU for Extraction and Sequencing in 2021,Sequencing Facility,TRUE,FALSE,
E107.WO920,107,,,FALSE,WO920,WOAC Sept 2020 (Micro),09/15/20,,P29-170m,22,2,Niskin; cup 0.22µm filter,95% EtOH,Salish Sea,South of Alki Pt,P29,170.0,56.0,47˚ 33.326' N,122˚ 26.576' W,,,,14:13,20:31,2000,,,,,,,,Kevin Roe,Filtering of P29 DNA started after P31 was sampled then DNA samples were done in order,TRUE,,,Sent to OSU for Extraction and Sequencing in 2021,Sequencing Facility,TRUE,FALSE,
E108.WO920,108,,,FALSE,WO920,WOAC Sept 2020 (Micro),09/15/20,,P29-150m,22,3,Niskin; cup 0.22µm filter,95% EtOH,Salish Sea,South of Alki Pt,P29,150.0,76.0,47˚ 33.326' N,122˚ 26.576' W,,,,14:13,20:31,2000,,,,,,,,Kevin Roe,Filtering of P29 DNA started after P31 was sampled then DNA samples were done in order,TRUE,,,Sent to OSU for Extraction and Sequencing in 2021,Sequencing Facility,TRUE,FALSE,
E109.WO920,109,,,FALSE,WO920,WOAC Sept 2020 (Micro),09/15/20,,P29-10m,22,10,Niskin; cup 0.22µm filter,95% EtOH,Salish Sea,South of Alki Pt,P29,10.0,216.0,47˚ 33.326' N,122˚ 26.576' W,,,,14:13,20:31,2000,,,,,,,,Kevin Roe,Filtering of P29 DNA started after P31 was sampled then DNA samples were done in order,TRUE,,,Sent to OSU for Extraction and Sequencing in 2021,Sequencing Facility,TRUE,FALSE,
E110.WO920,110,,,FALSE,WO920,WOAC Sept 2020 (Micro),09/15/20,,P29-0m,22,12,Niskin; cup 0.22µm filter,95% EtOH,Salish Sea,South of Alki Pt,P29,0.0,226.0,47˚ 33.326' N,122˚ 26.576' W,,,,14:13,20:31,2000,,,,,,,,Kevin Roe,Filtering of P29 DNA started after P31 was sampled then DNA samples were done in order,TRUE,,,Sent to OSU for Extraction and Sequencing in 2021,Sequencing Facility,TRUE,FALSE,
E111.WO920,111,,,FALSE,WO920,WOAC Sept 2020 (Micro),09/15/20,,P30-216m,23,1,Niskin; cup 0.22µm filter,95% EtOH,Salish Sea,Three Tree Point,P30,216.0,5.0,47˚ 27.214' N,122˚ 24.469' W,,,,15:42,15:57,,,,,,,,,Kevin Roe,,TRUE,,,Sent to OSU for Extraction and Sequencing in 2021,Sequencing Facility,TRUE,FALSE,
E112.WO920,112,,,FALSE,WO920,WOAC Sept 2020 (Micro),09/15/20,,P30-150m,23,3,Niskin; cup 0.22µm filter,95% EtOH,Salish Sea,Three Tree Point,P30,150.0,71.0,47˚ 27.214' N,122˚ 24.469' W,,,,15:42,15:57,,,,,,,,,Kevin Roe,,TRUE,,,Sent to OSU for Extraction and Sequencing in 2021,Sequencing Facility,TRUE,FALSE,
E113.WO920,113,,,FALSE,WO920,WOAC Sept 2020 (Micro),09/15/20,,P30-100m,23,5,Niskin; cup 0.22µm filter,95% EtOH,Salish Sea,Three Tree Point,P30,100.0,121.0,47˚ 27.214' N,122˚ 24.469' W,,,,15:42,15:57,2000,,,,,,,,Kevin Roe,,TRUE,,,Sent to OSU for Extraction and Sequencing in 2021,Sequencing Facility,TRUE,FALSE,
E114.WO920,114,,,FALSE,WO920,WOAC Sept 2020 (Micro),09/15/20,,P30-50m,23,7,Niskin; cup 0.22µm filter,95% EtOH,Salish Sea,Three Tree Point,P30,50.0,171.0,47˚ 27.214' N,122˚ 24.469' W,,,,15:42,15:57,2000,,,,,,,,Kevin Roe,,TRUE,,,Sent to OSU for Extraction and Sequencing in 2021,Sequencing Facility,TRUE,FALSE,
E115.WO920,115,,,FALSE,WO920,WOAC Sept 2020 (Micro),09/15/20,,P30-10m,23,10,Niskin; cup 0.22µm filter,95% EtOH,Salish Sea,Three Tree Point,P30,10.0,211.0,47˚ 27.214' N,122˚ 24.469' W,,,,15:42,15:57,,,,,,,,,Kevin Roe,,TRUE,,,Sent to OSU for Extraction and Sequencing in 2021,Sequencing Facility,TRUE,FALSE,
E116.WO920,116,,,FALSE,WO920,WOAC Sept 2020 (Micro),09/15/20,,P33-136m,25,1,Niskin; cup 0.22µm filter,95% EtOH,Salish Sea,Dalco Passage,P33,136.0,12.0,47˚ 19.267' N,122˚ 30.047' W,,,,17:16,,,,,,,,,,Kevin Roe,,TRUE,,,Sent to OSU for Extraction and Sequencing in 2021,Sequencing Facility,TRUE,FALSE,
E117.WO920,117,,,FALSE,WO920,WOAC Sept 2020 (Micro),09/15/20,,P33-100m,25,3,Niskin; cup 0.22µm filter,95% EtOH,Salish Sea,Dalco Passage,P33,100.0,48.0,47˚ 19.267' N,122˚ 30.047' W,,,,17:16,,,,,,,,,,Kevin Roe,,TRUE,,,Sent to OSU for Extraction and Sequencing in 2021,Sequencing Facility,TRUE,FALSE,
E118.WO920,118,,,FALSE,WO920,WOAC Sept 2020 (Micro),09/15/20,,P33-50m,25,5,Niskin; cup 0.22µm filter,95% EtOH,Salish Sea,Dalco Passage,P33,50.0,98.0,47˚ 19.267' N,122˚ 30.047' W,,,,17:16,,,,,,,,,,Kevin Roe,,TRUE,,,Sent to OSU for Extraction and Sequencing in 2021,Sequencing Facility,TRUE,FALSE,
E119.WO920,119,,,FALSE,WO920,WOAC Sept 2020 (Micro),09/15/20,,P33-10m,25,8,Niskin; cup 0.22µm filter,95% EtOH,Salish Sea,Dalco Passage,P33,10.0,138.0,47˚ 19.267' N,122˚ 30.047' W,,,,17:16,,,,,,,,,,Kevin Roe,,TRUE,,,Sent to OSU for Extraction and Sequencing in 2021,Sequencing Facility,TRUE,FALSE,
E120.WO920,120,,,FALSE,WO920,WOAC Sept 2020 (Micro),09/15/20,,P33-0m,25,10,Niskin; cup 0.22µm filter,95% EtOH,Salish Sea,Dalco Passage,P33,0.0,148.0,47˚ 19.267' N,122˚ 30.047' W,,,,17:16,,,,,,,,,,Kevin Roe,,TRUE,,,Sent to OSU for Extraction and Sequencing in 2021,Sequencing Facility,TRUE,FALSE,
E121.NC.WO920,121,,,TRUE,WO920,WOAC Sept 2020 (Micro),09/12/20,,Control-1,,,cup 0.22µm filter,95% EtOH,,,,-,-,-,-,-,-,-,-,-,1600,,,,,,,,Kevin Roe,,TRUE,,,Sent to OSU for Extraction and Sequencing in 2021,Sequencing Facility,TRUE,FALSE,
E122.NC.WO920,122,,,TRUE,WO920,WOAC Sept 2020 (Micro),09/13/20,,Control-2,,,cup 0.22µm filter,95% EtOH,,,,-,-,-,-,-,-,-,-,-,2000,,,,,,,,Kevin Roe,,TRUE,,,Sent to OSU for Extraction and Sequencing in 2021,Sequencing Facility,TRUE,FALSE,
E123.NC.WO920,123,,,TRUE,WO920,WOAC Sept 2020 (Micro),09/15/20,,Control-3,,,cup 0.22µm filter,95% EtOH,,,,-,-,-,-,-,-,-,-,-,2000,,,,,,,,Kevin Roe,,TRUE,,,Sent to OSU for Extraction and Sequencing in 2021,Sequencing Facility,TRUE,FALSE,
E124.NC.WO920,124,,,TRUE,WO920,WOAC Sept 2020 (Micro),09/16/20,,Control-4,,,cup 0.22µm filter,95% EtOH,,,,-,-,-,-,-,-,-,-,-,1500,,,,,,,,Kevin Roe,,TRUE,,,Sent to OSU for Extraction and Sequencing in 2021,Sequencing Facility,TRUE,FALSE,
E125.WO920,125,,,FALSE,WO920,WOAC Sept 2020 (Micro),09/25/20,,P4 CH4 incubation (0m),,,sterivex 0.22µm filter,95% EtOH,Salish Sea,Skagit Bay,P4,,,,,,,,,,,,,,,,,,Dave Butterfield,Methane oxidation incubation experiments,TRUE,,,Sent to OSU for Extraction and Sequencing in 2021,Sequencing Facility,TRUE,FALSE,
E126.WO920,126,,,FALSE,WO920,WOAC Sept 2020 (Micro),09/25/20,,P14 CH4 incubation (140m),,,sterivex 0.22µm filter,95% EtOH,Salish Sea,Hood Point,P14,,,,,,,,,,,,,,,,,,Dave Butterfield,Methane oxidation incubation experiments,TRUE,,,Sent to OSU for Extraction and Sequencing in 2021,Sequencing Facility,TRUE,FALSE,
E127.WO920,127,,,FALSE,WO920,WOAC Sept 2020 (Micro),09/25/20,,P26 CH4 incubation (50m),,,sterivex 0.22µm filter,95% EtOH,Salish Sea,SW of Deception,P26,,,,,,,,,,,,,,,,,,Dave Butterfield,Methane oxidation incubation experiments,TRUE,,,Sent to OSU for Extraction and Sequencing in 2021,Sequencing Facility,TRUE,FALSE,
E128.WO920,128,,,FALSE,WO920,WOAC Sept 2020 (Micro),09/25/20,,P29 CH4 incubation (150m),,,sterivex 0.22µm filter,95% EtOH,Salish Sea,South of Alki Pt,P29,,,,,,,,,,,,,,,,,,Dave Butterfield,Methane oxidation incubation experiments,TRUE,,,Sent to OSU for Extraction and Sequencing in 2021,Sequencing Facility,TRUE,FALSE,
E129.1T.AX20,129,,1,FALSE,AX20,TN383 Axial 2020,09/04/20,,J1293-Nisk-3,J2-1293,3,Niskin; Sterivex 0.22µm filter,95% EtOH,Axial Seamount,ASHES,Over Anenome Vent,1539.8,1.4,45° 55.995' N,-130° 00.836' W,,,,17:57,,2000,,,,,,,,Emily Norton,Started directly over Anemone. Took first sample. Turned off all thrusters to estimate direction of current (due N). Drifted 25 m downstream. Took 2nd niskin sample. Drove 175 m further downstream to take 3rd niskin sample. 3rd niskin failed to close properly -- sample lost.,TRUE,,,Sent to OSU for Extraction and Sequencing in 2021,Sequencing Facility,TRUE,FALSE,
E129.2T.AX20,129,,2,FALSE,AX20,TN383 Axial 2020,09/04/20,,J1293-Nisk-3,J2-1293,3,Niskin; Sterivex 0.22µm filter,95% EtOH,Axial Seamount,ASHES,Over Anenome Vent,1539.8,1.4,45° 55.995' N,-130° 00.836' W,,,,17:57,,2000,,,,,,,,Emily Norton,Started directly over Anemone. Took first sample. Turned off all thrusters to estimate direction of current (due N). Drifted 25 m downstream. Took 2nd niskin sample. Drove 175 m further downstream to take 3rd niskin sample. 3rd niskin failed to close properly -- sample lost.,TRUE,,,Sent to OSU for Extraction and Sequencing in 2021,Sequencing Facility,TRUE,FALSE,
E130.1T.AX20,130,,1,FALSE,AX20,TN383 Axial 2020,09/04/20,,J1293-Nisk-2,J2-1293,2,Niskin; Sterivex 0.22µm filter,95% EtOH,Axial Seamount,ASHES,25m downstream due N of Anenome Vent,1539.4,3.14,45° 56.009' N,-130° 00.830' W,,,,18:06,,2000,,,,,,,,Emily Norton,Started directly over Anemone. Took first sample. Turned off all thrusters to estimate direction of current (due N). Drifted 25 m downstream. Took 2nd niskin sample. Drove 175 m further downstream to take 3rd niskin sample. 3rd niskin failed to close properly -- sample lost.,TRUE,,,Sent to OSU for Extraction and Sequencing in 2021,Sequencing Facility,TRUE,FALSE,
E130.2T.AX20,130,,2,FALSE,AX20,TN383 Axial 2020,09/04/20,,J1293-Nisk-2,J2-1293,2,Niskin; Sterivex 0.22µm filter,95% EtOH,Axial Seamount,ASHES,25m downstream due N of Anenome Vent,1539.4,3.14,45° 56.009' N,-130° 00.830' W,,,,18:06,,2000,,,,,,,,Emily Norton,Started directly over Anemone. Took first sample. Turned off all thrusters to estimate direction of current (due N). Drifted 25 m downstream. Took 2nd niskin sample. Drove 175 m further downstream to take 3rd niskin sample. 3rd niskin failed to close properly -- sample lost.,TRUE,,,Sent to OSU for Extraction and Sequencing in 2021,Sequencing Facility,TRUE,FALSE,
E131.1T.AX20,131,,1,FALSE,AX20,TN383 Axial 2020,09/14/20,,J1295-Nisk-1,J2-1295,1,Niskin; Sterivex 0.22µm filter,95% EtOH,Axial Seamount,Vixen,Over Vixen vent; in plume,1529.8,3.3,45° 55.037' N,-129° 59.579' W,,,,1:04,,2000,,,,,,,,Emily Norton,Samples collected on the last day of the pressure dive. First sample collected above Vixen vent. Care was taken to ensure that the niskin was in the plume before firing. 2nd niskin sampled 25m downstream (north) of the vent. 3rd niskin didn't fire.,TRUE,,,Sent to OSU for Extraction and Sequencing in 2021,Sequencing Facility,TRUE,FALSE,
E131.2T.AX20,131,,2,FALSE,AX20,TN383 Axial 2020,09/14/20,,J1295-Nisk-1,J2-1295,1,Niskin; Sterivex 0.22µm filter,95% EtOH,Axial Seamount,Vixen,Over Vixen vent; in plume,1529.8,3.3,45° 55.037' N,-129° 59.579' W,,,,1:04,,2000,,,,,,,,Emily Norton,Samples collected on the last day of the pressure dive. First sample collected above Vixen vent. Care was taken to ensure that the niskin was in the plume before firing. 2nd niskin sampled 25m downstream (north) of the vent. 3rd niskin didn't fire.,TRUE,,,Sent to OSU for Extraction and Sequencing in 2021,Sequencing Facility,TRUE,FALSE,
E132.1T.AX20,132,,1,FALSE,AX20,TN383 Axial 2020,09/14/20,,J1295-Nisk-2,J2-1295,2,Niskin; Sterivex 0.22µm filter,95% EtOH,Axial Seamount,Vixen,25m downstream (north) of Vixen vent,1525.8,7,45° 55.049' N,-129° 59.579' W,,,,1:13,,2000,,,,,,,,Emily Norton,Samples collected on the last day of the pressure dive. First sample collected above Vixen vent. Care was taken to ensure that the niskin was in the plume before firing. 2nd niskin sampled 25m downstream (north) of the vent. 3rd niskin didn't fire.,TRUE,,,Sent to OSU for Extraction and Sequencing in 2021,Sequencing Facility,TRUE,FALSE,
E132.2T.AX20,132,,2,FALSE,AX20,TN383 Axial 2020,09/14/20,,J1295-Nisk-2,J2-1295,2,Niskin; Sterivex 0.22µm filter,95% EtOH,Axial Seamount,Vixen,25m downstream (north) of Vixen vent,1525.8,7,45° 55.049' N,-129° 59.579' W,,,,1:13,,2000,,,,,,,,Emily Norton,Samples collected on the last day of the pressure dive. First sample collected above Vixen vent. Care was taken to ensure that the niskin was in the plume before firing. 2nd niskin sampled 25m downstream (north) of the vent. 3rd niskin didn't fire.,TRUE,,,Sent to OSU for Extraction and Sequencing in 2021,Sequencing Facility,TRUE,FALSE,
E133.1T.AX20,133,,1,FALSE,AX20,TN383 Axial 2020,09/17/20,,J1296-Nisk-1,J2-1296,1,Niskin; Sterivex 0.22µm filter,95% EtOH,Axial Seamount,El Guapo,Over El Guapo vent,1496.5,3.9,45° 55.593' N,-129° 58.780' W,,,,11:47,,2000,,,,,,,,Emily Norton,Directly above and 25m downcurrent of El Guapo,TRUE,,,Sent to OSU for Extraction and Sequencing in 2021,Sequencing Facility,TRUE,FALSE,
E133.2T.AX20,133,,2,FALSE,AX20,TN383 Axial 2020,09/17/20,,J1296-Nisk-1,J2-1296,1,Niskin; Sterivex 0.22µm filter,95% EtOH,Axial Seamount,El Guapo,Over El Guapo vent,1496.5,3.9,45° 55.593' N,-129° 58.780' W,,,,11:47,,2000,,,,,,,,Emily Norton,Directly above and 25m downcurrent of El Guapo,TRUE,,,Sent to OSU for Extraction and Sequencing in 2021,Sequencing Facility,TRUE,FALSE,
E134.1T.AX20,134,,1,FALSE,AX20,TN383 Axial 2020,09/17/20,,J1296-Nisk-2,J2-1296,2,Niskin; Sterivex 0.22µm filter,95% EtOH,Axial Seamount,El Guapo,25m downstream (south) of El Guapo (unsure if in plume),1496.5,3.9,45° 55.578' N,-129° 58.775' W,,,,11:57,,2000,,,,,,,,Emily Norton,Directly above and 25m downcurrent of El Guapo,TRUE,,,Sent to OSU for Extraction and Sequencing in 2021,Sequencing Facility,TRUE,FALSE,
E134.2T.AX20,134,,2,FALSE,AX20,TN383 Axial 2020,09/17/20,,J1296-Nisk-2,J2-1296,2,Niskin; Sterivex 0.22µm filter,95% EtOH,Axial Seamount,El Guapo,25m downstream (south) of El Guapo (unsure if in plume),1496.5,3.9,45° 55.578' N,-129° 58.775' W,,,,11:57,,2000,,,,,,,,Emily Norton,Directly above and 25m downcurrent of El Guapo,TRUE,,,Sent to OSU for Extraction and Sequencing in 2021,Sequencing Facility,TRUE,FALSE,
E135.1T.AX20,135,,1,FALSE,AX20,TN383 Axial 2020,09/18/20,,J1297-Nisk-3,J2-1297,3,Niskin; Sterivex 0.22µm filter,95% EtOH,Axial Seamount,ASHES,Over Anenome Vent,1536.3,4.4,45° 55.991' N,-130° 00.821' W,,,,14:23,,2000,,,,,,,,Emily Norton,Sampled 3 niskins above Anenome vent; 25m downcurrent; and 200 m downcurrent.,TRUE,,,Sent to OSU for Extraction and Sequencing in 2021,Sequencing Facility,TRUE,FALSE,
E135.2T.AX20,135,,2,FALSE,AX20,TN383 Axial 2020,09/18/20,,J1297-Nisk-3,J2-1297,3,Niskin; Sterivex 0.22µm filter,95% EtOH,Axial Seamount,ASHES,Over Anenome Vent,1536.3,4.4,45° 55.991' N,-130° 00.821' W,,,,14:23,,2000,,,,,,,,Emily Norton,Sampled 3 niskins above Anenome vent; 25m downcurrent; and 200 m downcurrent.,TRUE,,,Sent to OSU for Extraction and Sequencing in 2021,Sequencing Facility,TRUE,FALSE,
E136.1T.AX20,136,,1,FALSE,AX20,TN383 Axial 2020,09/18/20,,J1297-Nisk-2,J2-1297,2,Niskin; Sterivex 0.22µm filter,95% EtOH,Axial Seamount,ASHES,25 m downcurrent from Anenome Vent,1536.3,4.5,45° 55.979' N,-130° 00.805' W,,,,14:32,,2000,,,,,,,,Emily Norton,Sampled 3 niskins above Anenome vent; 25m downcurrent; and 200 m downcurrent.,TRUE,,,Sent to OSU for Extraction and Sequencing in 2021,Sequencing Facility,TRUE,FALSE,
E136.2T.AX20,136,,2,FALSE,AX20,TN383 Axial 2020,09/18/20,,J1297-Nisk-2,J2-1297,2,Niskin; Sterivex 0.22µm filter,95% EtOH,Axial Seamount,ASHES,25 m downcurrent from Anenome Vent,1536.3,4.5,45° 55.979' N,-130° 00.805' W,,,,14:32,,2000,,,,,,,,Emily Norton,Sampled 3 niskins above Anenome vent; 25m downcurrent; and 200 m downcurrent.,TRUE,,,Sent to OSU for Extraction and Sequencing in 2021,Sequencing Facility,TRUE,FALSE,
E137.1T.AX20,137,,1,FALSE,AX20,TN383 Axial 2020,09/18/20,,J1297-Nisk-1,J2-1297,1,Niskin; Sterivex 0.22µm filter,95% EtOH,Axial Seamount,ASHES,200 m downcurrent from Anenome Vent,1536.1,4.6,45° 55.915' N,-130° 00.712' W,,,,14:51,,2000,,,,,,,,Emily Norton,Sampled 3 niskins above Anenome vent; 25m downcurrent; and 200 m downcurrent.,TRUE,,,Sent to OSU for Extraction and Sequencing in 2021,Sequencing Facility,TRUE,FALSE,
E137.2T.AX20,137,,2,FALSE,AX20,TN383 Axial 2020,09/18/20,,J1297-Nisk-1,J2-1297,1,Niskin; Sterivex 0.22µm filter,95% EtOH,Axial Seamount,ASHES,200 m downcurrent from Anenome Vent,1536.1,4.6,45° 55.915' N,-130° 00.712' W,,,,14:51,,2000,,,,,,,,Emily Norton,Sampled 3 niskins above Anenome vent; 25m downcurrent; and 200 m downcurrent.,TRUE,,,Sent to OSU for Extraction and Sequencing in 2021,Sequencing Facility,TRUE,FALSE,
E138.1B.1T.AX20,138,1,1,FALSE,AX20,TN383 Axial 2020,09/03/20,,Nisk-01-01-A,1,1,Niskin; Sterivex 0.22µm filter,95% EtOH,Axial Seamount,ASHES,near bottom,1535.0,6.8,45˚ 56.022' N,130˚ 00.801' W,,,,1:26,,2000,2.4,7.723,34.5,33.8865 µmol/kg,,0.0284;174.97,LSS;ORP,Emily Norton,,TRUE,,,Sent to OSU for Extraction and Sequencing in 2021,Sequencing Facility,TRUE,FALSE,
E138.1B.2T.AX20,138,1,2,FALSE,AX20,TN383 Axial 2020,09/03/20,,Nisk-01-01-B,1,1,Niskin; Sterivex 0.22µm filter,95% EtOH,Axial Seamount,ASHES,near bottom,1535.0,6.8,45˚ 56.022' N,130˚ 00.801' W,,,,1:26,,2000,2.4,7.723,34.5,33.8865 μmol/kg,,0.0284;174.97,LSS;ORP,Emily Norton,,TRUE,,,Sent to OSU for Extraction and Sequencing in 2021,Sequencing Facility,TRUE,FALSE,
E138.2B.1T.AX20,138,2,1,FALSE,AX20,TN383 Axial 2020,09/03/20,,Nisk-01-02-A,1,2,Niskin; Sterivex 0.22µm filter,95% EtOH,Axial Seamount,ASHES,near bottom,1535.0,6.9,45˚ 56.022' N,130˚ 00.801' W,,,,1:26,,2000,2.4,7.723,34.5,33.8875 μmol/kg,,0.0253;174.76,LSS;ORP,Emily Norton,,TRUE,,,Sent to OSU for Extraction and Sequencing in 2021,Sequencing Facility,TRUE,FALSE,
E138.2B.2T.AX20,138,2,2,FALSE,AX20,TN383 Axial 2020,09/03/20,,Nisk-01-02-B,1,2,Niskin; Sterivex 0.22µm filter,95% EtOH,Axial Seamount,ASHES,near bottom,1535.0,6.9,45˚ 56.022' N,130˚ 00.801' W,,,,1:26,,2000,2.4,7.723,34.5,33.8875 μmol/kg,,0.0253;174.76,LSS;ORP,Emily Norton,,TRUE,,,Sent to OSU for Extraction and Sequencing in 2021,Sequencing Facility,TRUE,FALSE,
E139.1B.1T.AX20,139,1,1,FALSE,AX20,TN383 Axial 2020,09/03/20,,Nisk-01-03-A,1,3,Niskin; Sterivex 0.22µm filter,95% EtOH,Axial Seamount,ASHES,spikes in LSS/ORP,1527.0,14,45˚ 56.022' N,130˚ 00.801' W,,,,1:30,,2000,2.4,7.647,34.5,33.9575 μmol/kg,,0.0259;-49.75,LSS;ORP,Emily Norton,Issue with filter probably clogged; Weren't able to remove all water from filter before preserving,TRUE,,,Sent to OSU for Extraction and Sequencing in 2021,Sequencing Facility,TRUE,FALSE,
E139.1B.2T.AX20,139,1,2,FALSE,AX20,TN383 Axial 2020,09/03/20,,Nisk-01-03-B,1,3,Niskin; Sterivex 0.22µm filter,95% EtOH,Axial Seamount,ASHES,spikes in LSS/ORP,1527.0,14,45˚ 56.022' N,130˚ 00.801' W,,,,1:30,,2000,2.4,7.647,34.5,33.9575 μmol/kg,,0.0259;-49.75,LSS;ORP,Emily Norton,,TRUE,,,Sent to OSU for Extraction and Sequencing in 2021,Sequencing Facility,TRUE,FALSE,
E139.1B.3T.AX20,139,1,3,FALSE,AX20,TN383 Axial 2020,09/03/20,,Nisk-01-03-C,1,3,Niskin; Sterivex 0.22µm filter,95% EtOH,Axial Seamount,ASHES,spikes in LSS/ORP,1527.0,14,45˚ 56.022' N,130˚ 00.801' W,,,,1:30,,1500,2.4,7.647,34.5,33.9575 μmol/kg,,0.0259;-49.75,LSS;ORP,Emily Norton,,TRUE,,,Sent to OSU for Extraction and Sequencing in 2021,Sequencing Facility,TRUE,FALSE,
E139.2B.1T.AX20,139,2,1,FALSE,AX20,TN383 Axial 2020,09/03/20,,Nisk-01-04-A,1,4,Niskin; Sterivex 0.22µm filter,95% EtOH,Axial Seamount,ASHES,spikes in LSS/ORP,1527.0,13.3,45˚ 56.022' N,130˚ 00.801' W,,,,1:30,,2000,2.4,7.66,34.5,33.9685 μmol/kg,,0.0274;-43.86,LSS;ORP,Emily Norton,,TRUE,,,Sent to OSU for Extraction and Sequencing in 2021,Sequencing Facility,TRUE,FALSE,
E139.2B.2T.AX20,139,2,2,FALSE,AX20,TN383 Axial 2020,09/03/20,,Nisk-01-04-B,1,4,Niskin; Sterivex 0.22µm filter,95% EtOH,Axial Seamount,ASHES,spikes in LSS/ORP,1527.0,13.3,45˚ 56.022' N,130˚ 00.801' W,,,,1:30,,2000,2.4,7.66,34.5,33.9685 μmol/kg,,0.0274;-43.86,LSS;ORP,Emily Norton,,TRUE,,,Sent to OSU for Extraction and Sequencing in 2021,Sequencing Facility,TRUE,FALSE,
E140.1B.1T.AX20,140,1,1,FALSE,AX20,TN383 Axial 2020,09/03/20,,Nisk-01-05-A,1,5,Niskin; Sterivex 0.22µm filter,95% EtOH,Axial Seamount,ASHES,,1518.0,22,45˚ 56.022' N,130˚ 00.801' W,,,,1:32,,2000,2.4,7.718,34.5,33.4355 μmol/kg,,0.0256;-6.29,LSS;ORP,Emily Norton,,TRUE,,,Sent to OSU for Extraction and Sequencing in 2021,Sequencing Facility,TRUE,FALSE,
E140.1B.2T.AX20,140,1,2,FALSE,AX20,TN383 Axial 2020,09/03/20,,Nisk-01-05-B,1,5,Niskin; Sterivex 0.22µm filter,95% EtOH,Axial Seamount,ASHES,,1518.0,22,45˚ 56.022' N,130˚ 00.801' W,,,,1:32,,2000,2.4,7.718,34.5,33.4355 μmol/kg,,0.0256;-6.29,LSS;ORP,Emily Norton,,TRUE,,,Sent to OSU for Extraction and Sequencing in 2021,Sequencing Facility,TRUE,FALSE,
E140.2B.1T.AX20,140,2,1,FALSE,AX20,TN383 Axial 2020,09/03/20,,Nisk-01-06-A,1,6,Niskin; Sterivex 0.22µm filter,95% EtOH,Axial Seamount,ASHES,,1518.0,22.6,45˚ 56.022' N,130˚ 00.801' W,,,,1:32,,2000,2.4,7.718,34.5,33.44 μmol/kg,,0.0257;-5.67,LSS;ORP,Emily Norton,,TRUE,,,Sent to OSU for Extraction and Sequencing in 2021,Sequencing Facility,TRUE,FALSE,
E140.2B.2T.AX20,140,2,2,FALSE,AX20,TN383 Axial 2020,09/03/20,,Nisk-01-06-B,1,6,Niskin; Sterivex 0.22µm filter,95% EtOH,Axial Seamount,ASHES,,1518.0,22.6,45˚ 56.022' N,130˚ 00.801' W,,,,1:32,,2000,2.4,7.718,34.5,33.44 μmol/kg,,0.0257;-5.67,LSS;ORP,Emily Norton,,TRUE,,,Sent to OSU for Extraction and Sequencing in 2021,Sequencing Facility,TRUE,FALSE,
E141.1B.1T.AX20,141,1,1,FALSE,AX20,TN383 Axial 2020,09/03/20,,Nisk-01-07-A,1,7,Niskin; Sterivex 0.22µm filter,95% EtOH,Axial Seamount,ASHES,,1503.0,36.8,45˚ 56.022' N,130˚ 00.801' W,,,,1:34,,2000,2.4,7.722,34.5,33.1825 μmol/kg,,0.0247;23.46,LSS;ORP,Emily Norton,,TRUE,,,Sent to OSU for Extraction and Sequencing in 2021,Sequencing Facility,TRUE,FALSE,
E141.1B.2T.AX20,141,1,2,FALSE,AX20,TN383 Axial 2020,09/03/20,,Nisk-01-07-B,1,7,Niskin; Sterivex 0.22µm filter,95% EtOH,Axial Seamount,ASHES,,1503.0,36.8,45˚ 56.022' N,130˚ 00.801' W,,,,1:34,,2000,2.4,7.722,34.5,33.1825 μmol/kg,,0.0247;23.46,LSS;ORP,Emily Norton,,TRUE,,,Sent to OSU for Extraction and Sequencing in 2021,Sequencing Facility,TRUE,FALSE,
E141.2B.1T.AX20,141,2,1,FALSE,AX20,TN383 Axial 2020,09/03/20,,Nisk-01-08-A,1,8,Niskin; Sterivex 0.22µm filter,95% EtOH,Axial Seamount,ASHES,,1503.0,37.7,45˚ 56.022' N,130˚ 00.801' W,,,,1:35,,2000,2.4,7.722,34.5,33.1995 μmol/kg,,0.0256;24.57,LSS;ORP,Emily Norton,,TRUE,,,Sent to OSU for Extraction and Sequencing in 2021,Sequencing Facility,TRUE,FALSE,
E141.2B.2T.AX20,141,2,2,FALSE,AX20,TN383 Axial 2020,09/03/20,,Nisk-01-08-B,1,8,Niskin; Sterivex 0.22µm filter,95% EtOH,Axial Seamount,ASHES,,1503.0,37.7,45˚ 56.022' N,130˚ 00.801' W,,,,1:35,,2000,2.4,7.722,34.5,33.1995 μmol/kg,,0.0256;24.57,LSS;ORP,Emily Norton,,TRUE,,,Sent to OSU for Extraction and Sequencing in 2021,Sequencing Facility,TRUE,FALSE,
E142.1B.1T.AX20,142,1,1,FALSE,AX20,TN383 Axial 2020,09/03/20,,Nisk-01-09-A,1,9,Niskin; Sterivex 0.22µm filter,95% EtOH,Axial Seamount,ASHES,,1483.0,56.8,45˚ 56.022' N,130˚ 00.801' W,,,,1:37,,2000,2.4,7.722,34.5,32.427 μmol/kg,,0.0247;42.21,LSS;ORP,Emily Norton,,TRUE,,,Sent to OSU for Extraction and Sequencing in 2021,Sequencing Facility,TRUE,FALSE,
E142.1B.2T.AX20,142,1,2,FALSE,AX20,TN383 Axial 2020,09/03/20,,Nisk-01-09-B,1,9,Niskin; Sterivex 0.22µm filter,95% EtOH,Axial Seamount,ASHES,,1483.0,56.8,45˚ 56.022' N,130˚ 00.801' W,,,,1:37,,2000,2.4,7.722,34.5,32.427 μmol/kg,,0.0247;42.21,LSS;ORP,Emily Norton,,TRUE,,,Sent to OSU for Extraction and Sequencing in 2021,Sequencing Facility,TRUE,FALSE,
E142.2B.1T.AX20,142,2,1,FALSE,AX20,TN383 Axial 2020,09/03/20,,Nisk-01-10-A,1,10,Niskin; Sterivex 0.22µm filter,95% EtOH,Axial Seamount,ASHES,,1483.0,57.3,45˚ 56.022' N,130˚ 00.801' W,,,,1:37,,2000,2.4,7.722,34.5,32.358 μmol/kg,,0.0266;43.10,LSS;ORP,Emily Norton,,TRUE,,,Sent to OSU for Extraction and Sequencing in 2021,Sequencing Facility,TRUE,FALSE,
E142.2B.2T.AX20,142,2,2,FALSE,AX20,TN383 Axial 2020,09/03/20,,Nisk-01-10-B,1,10,Niskin; Sterivex 0.22µm filter,95% EtOH,Axial Seamount,ASHES,,1483.0,57.3,45˚ 56.022' N,130˚ 00.801' W,,,,1:37,,2000,2.4,7.722,34.5,32.358 μmol/kg,,0.0266;43.10,LSS;ORP,Emily Norton,,TRUE,,,Sent to OSU for Extraction and Sequencing in 2021,Sequencing Facility,TRUE,FALSE,
E143.1B.1T.AX20,143,1,1,FALSE,AX20,TN383 Axial 2020,09/03/20,,Nisk-01-11-A,1,11,Niskin; Sterivex 0.22µm filter,95% EtOH,Axial Seamount,ASHES,,1453.0,87.8,45˚ 56.022' N,130˚ 00.801' W,,,,1:41,,2000,2.4,7.717,34.5,31.47 μmol/kg,,0.0303;57.02,LSS;ORP,Emily Norton,,TRUE,,,Sent to OSU for Extraction and Sequencing in 2021,Sequencing Facility,TRUE,FALSE,
E143.1B.2T.AX20,143,1,2,FALSE,AX20,TN383 Axial 2020,09/03/20,,Nisk-01-11-B,1,11,Niskin; Sterivex 0.22µm filter,95% EtOH,Axial Seamount,ASHES,,1453.0,87.8,45˚ 56.022' N,130˚ 00.801' W,,,,1:41,,2000,2.4,7.717,34.5,31.47 μmol/kg,,0.0303;57.02,LSS;ORP,Emily Norton,,TRUE,,,Sent to OSU for Extraction and Sequencing in 2021,Sequencing Facility,TRUE,FALSE,
E143.2B.1T.AX20,143,2,1,FALSE,AX20,TN383 Axial 2020,09/03/20,,Nisk-01-12-A,1,12,Niskin; Sterivex 0.22µm filter,95% EtOH,Axial Seamount,ASHES,,1453.0,87.4,45˚ 56.022' N,130˚ 00.801' W,,,,1:41,,2000,2.4,7.717,34.5,31.4595 μmol/kg,,0.0300;57.47,LSS;ORP,Emily Norton,,TRUE,,,Sent to OSU for Extraction and Sequencing in 2021,Sequencing Facility,TRUE,FALSE,
E143.2B.2T.AX20,143,2,2,FALSE,AX20,TN383 Axial 2020,09/03/20,,Nisk-01-12-B,1,12,Niskin; Sterivex 0.22µm filter,95% EtOH,Axial Seamount,ASHES,,1453.0,87.4,45˚ 56.022' N,130˚ 00.801' W,,,,1:41,,2000,2.4,7.717,34.5,31.4595 μmol/kg,,0.0300;57.47,LSS;ORP,Emily Norton,,TRUE,,,Sent to OSU for Extraction and Sequencing in 2021,Sequencing Facility,TRUE,FALSE,
E144.1B.1T.AX20,144,1,1,FALSE,AX20,TN383 Axial 2020,09/03/20,,Nisk-01-13-A,1,13,Niskin; Sterivex 0.22µm filter,95% EtOH,Axial Seamount,ASHES,,1425.0,117,45˚ 56.022' N,130˚ 00.801' W,,,,1:43,,2000,2.5,7.717,34.5,30.3385 μmol/kg,,0.0228;66.06,LSS;ORP,Emily Norton,,TRUE,,,Sent to OSU for Extraction and Sequencing in 2021,Sequencing Facility,TRUE,FALSE,
E144.1B.2T.AX20,144,1,2,FALSE,AX20,TN383 Axial 2020,09/03/20,,Nisk-01-13-B,1,13,Niskin; Sterivex 0.22µm filter,95% EtOH,Axial Seamount,ASHES,,1425.0,117,45˚ 56.022' N,130˚ 00.801' W,,,,1:43,,2000,2.5,7.717,34.5,30.3385 μmol/kg,,0.0228;66.06,LSS;ORP,Emily Norton,,TRUE,,,Sent to OSU for Extraction and Sequencing in 2021,Sequencing Facility,TRUE,FALSE,
E144.2B.1T.AX20,144,2,1,FALSE,AX20,TN383 Axial 2020,09/03/20,,Nisk-01-14-A,1,14,Niskin; Sterivex 0.22µm filter,95% EtOH,Axial Seamount,ASHES,,1425.0,117,45˚ 56.022' N,130˚ 00.801' W,,,,1:43,,2000,2.5,7.717,34.5,30.32 μmol/kg,,0.0235;66.35,LSS;ORP,Emily Norton,,TRUE,,,Sent to OSU for Extraction and Sequencing in 2021,Sequencing Facility,TRUE,FALSE,
E144.2B.2T.AX20,144,2,2,FALSE,AX20,TN383 Axial 2020,09/03/20,,Nisk-01-14-B,1,14,Niskin; Sterivex 0.22µm filter,95% EtOH,Axial Seamount,ASHES,,1425.0,117,45˚ 56.022' N,130˚ 00.801' W,,,,1:43,,2000,2.5,7.717,34.5,30.32 μmol/kg,,0.0235;66.35,LSS;ORP,Emily Norton,,TRUE,,,Sent to OSU for Extraction and Sequencing in 2021,Sequencing Facility,TRUE,FALSE,
E145.1B.1T.AX20,145,1,1,FALSE,AX20,TN383 Axial 2020,09/03/20,,Nisk-01-15-A,1,15,Niskin; Sterivex 0.22µm filter,95% EtOH,Axial Seamount,ASHES,,1400.0,140,45˚ 56.022' N,130˚ 00.801' W,,,,1:46,,2000,2.5,7.717,34.5,29.76 μmol/kg,,0.0225;73.09,LSS;ORP,Emily Norton,,TRUE,,,Sent to OSU for Extraction and Sequencing in 2021,Sequencing Facility,TRUE,FALSE,
E145.1B.2T.AX20,145,1,2,FALSE,AX20,TN383 Axial 2020,09/03/20,,Nisk-01-15-B,1,15,Niskin; Sterivex 0.22µm filter,95% EtOH,Axial Seamount,ASHES,,1400.0,140,45˚ 56.022' N,130˚ 00.801' W,,,,1:46,,2000,2.5,7.717,34.5,29.76 μmol/kg,,0.0225;73.09,LSS;ORP,Emily Norton,,TRUE,,,Sent to OSU for Extraction and Sequencing in 2021,Sequencing Facility,TRUE,FALSE,
E145.2B.1T.AX20,145,2,1,FALSE,AX20,TN383 Axial 2020,09/03/20,,Nisk-01-16-A,1,16,Niskin; Sterivex 0.22µm filter,95% EtOH,Axial Seamount,ASHES,,1400.0,140,45˚ 56.022' N,130˚ 00.801' W,,,,1:46,,2000,2.5,7.717,34.5,29.766 μmol/kg,,0.0233;73.26,LSS;ORP,Emily Norton,,TRUE,,,Sent to OSU for Extraction and Sequencing in 2021,Sequencing Facility,TRUE,FALSE,
E145.2B.2T.AX20,145,2,2,FALSE,AX20,TN383 Axial 2020,09/03/20,,Nisk-01-16-B,1,16,Niskin; Sterivex 0.22µm filter,95% EtOH,Axial Seamount,ASHES,,1400.0,140,45˚ 56.022' N,130˚ 00.801' W,,,,1:46,,2000,2.5,7.717,34.5,29.766 μmol/kg,,0.0233;73.26,LSS;ORP,Emily Norton,,TRUE,,,Sent to OSU for Extraction and Sequencing in 2021,Sequencing Facility,TRUE,FALSE,
E146.1B.1T.AX20,146,1,1,FALSE,AX20,TN383 Axial 2020,09/03/20,,Nisk-01-17-A,1,17,Niskin; Sterivex 0.22µm filter,95% EtOH,Axial Seamount,ASHES,,1350.0,190,45˚ 56.022' N,130˚ 00.801' W,,,,1:49,,2000,2.6,7.717,34.5,26.0255 μmol/kg,,0.0168;79.23,LSS;ORP,Emily Norton,,TRUE,,,Sent to OSU for Extraction and Sequencing in 2021,Sequencing Facility,TRUE,FALSE,
E146.1B.2T.AX20,146,1,2,FALSE,AX20,TN383 Axial 2020,09/03/20,,Nisk-01-17-B,1,17,Niskin; Sterivex 0.22µm filter,95% EtOH,Axial Seamount,ASHES,,1350.0,190,45˚ 56.022' N,130˚ 00.801' W,,,,1:49,,2000,2.6,7.717,34.5,26.0255 μmol/kg,,0.0168;79.23,LSS;ORP,Emily Norton,,TRUE,,,Sent to OSU for Extraction and Sequencing in 2021,Sequencing Facility,TRUE,FALSE,
E146.2B.1T.AX20,146,2,1,FALSE,AX20,TN383 Axial 2020,09/03/20,,Nisk-01-18-A,1,18,Niskin; Sterivex 0.22µm filter,95% EtOH,Axial Seamount,ASHES,,1350.0,190,45˚ 56.022' N,130˚ 00.801' W,,,,1:49,,2000,2.6,7.717,34.5,25.823 μmol/kg,,0.0156;79.48,LSS;ORP,Emily Norton,,TRUE,,,Sent to OSU for Extraction and Sequencing in 2021,Sequencing Facility,TRUE,FALSE,
E146.2B.2T.AX20,146,2,2,FALSE,AX20,TN383 Axial 2020,09/03/20,,Nisk-01-18-B,1,18,Niskin; Sterivex 0.22µm filter,95% EtOH,Axial Seamount,ASHES,,1350.0,190,45˚ 56.022' N,130˚ 00.801' W,,,,1:49,,2000,2.6,7.717,34.5,25.823 μmol/kg,,0.0156;79.48,LSS;ORP,Emily Norton,,TRUE,,,Sent to OSU for Extraction and Sequencing in 2021,Sequencing Facility,TRUE,FALSE,
E147.1B.1T.AX20,147,1,1,FALSE,AX20,TN383 Axial 2020,09/03/20,,Nisk-01-19-A,1,19,Niskin; Sterivex 0.22µm filter,95% EtOH,Axial Seamount,ASHES,,1300.0,240,45˚ 56.022' N,130˚ 00.801' W,,,,1:53,,2000,2.7,7.71,34.5,21.755 μmol/kg,,0.0162;85.10,LSS;ORP,Emily Norton,,TRUE,,,Sent to OSU for Extraction and Sequencing in 2021,Sequencing Facility,TRUE,FALSE,
E147.1B.2T.AX20,147,1,2,FALSE,AX20,TN383 Axial 2020,09/03/20,,Nisk-01-19-B,1,19,Niskin; Sterivex 0.22µm filter,95% EtOH,Axial Seamount,ASHES,,1300.0,240,45˚ 56.022' N,130˚ 00.801' W,,,,1:53,,2000,2.7,7.71,34.5,21.755 μmol/kg,,0.0162;85.10,LSS;ORP,Emily Norton,,TRUE,,,Sent to OSU for Extraction and Sequencing in 2021,Sequencing Facility,TRUE,FALSE,
E147.2B.1T.AX20,147,2,1,FALSE,AX20,TN383 Axial 2020,09/03/20,,Nisk-01-20-A,1,20,Niskin; Sterivex 0.22µm filter,95% EtOH,Axial Seamount,ASHES,,1300.0,240,45˚ 56.022' N,130˚ 00.801' W,,,,1:53,,2000,2.7,7.71,34.5,21.694 μmol/kg,,0.0153;85.35,LSS;ORP,Emily Norton,,TRUE,,,Sent to OSU for Extraction and Sequencing in 2021,Sequencing Facility,TRUE,FALSE,
E147.2B.2T.AX20,147,2,2,FALSE,AX20,TN383 Axial 2020,09/03/20,,Nisk-01-20-B,1,20,Niskin; Sterivex 0.22µm filter,95% EtOH,Axial Seamount,ASHES,,1300.0,240,45˚ 56.022' N,130˚ 00.801' W,,,,1:53,,2000,2.7,7.71,34.5,21.694 μmol/kg,,0.0153;85.35,LSS;ORP,Emily Norton,,TRUE,,,Sent to OSU for Extraction and Sequencing in 2021,Sequencing Facility,TRUE,FALSE,
E148.1B.AX20,148,1,,FALSE,AX20,TN383 Axial 2020,09/07/20,,Nisk-02-01,2,1,Niskin; Sterivex 0.22µm filter,95% EtOH,Axial Seamount,International District,near bottom,1505.0,10,45˚ 55.583' N,129˚ 58.798' W,,,,2:47,,2000,2.4,7.692,34.5,33.757 μmol/kg,,0.0851;114.612,LSS;ORP,Emily Norton,,TRUE,,,Sent to OSU for Extraction and Sequencing in 2021,Sequencing Facility,TRUE,FALSE,
E148.2B.AX20,148,2,,FALSE,AX20,TN383 Axial 2020,09/07/20,,Nisk-02-02,2,2,Niskin; Sterivex 0.22µm filter,95% EtOH,Axial Seamount,International District,near bottom,1505.0,10,45˚ 55.583' N,129˚ 58.798' W,,,,2:47,,2000,2.4,7.691,34.5,33.777 μmol/kg,,0.0857;111.043,LSS;ORP,Emily Norton,,TRUE,,,Sent to OSU for Extraction and Sequencing in 2021,Sequencing Facility,TRUE,FALSE,
E148.3B.AX20,148,3,,FALSE,AX20,TN383 Axial 2020,09/07/20,,Nisk-02-03,2,3,Niskin; Sterivex 0.22µm filter,95% EtOH,Axial Seamount,International District,near bottom,1505.0,10,45˚ 55.583' N,129˚ 58.798' W,,,,2:47,,2000,2.4,7.69,34.5,33.815 μmol/kg,,0.0850;107.391,LSS;ORP,Emily Norton,,TRUE,,,Sent to OSU for Extraction and Sequencing in 2021,Sequencing Facility,TRUE,FALSE,
E149.1B.AX20,149,1,,FALSE,AX20,TN383 Axial 2020,09/07/20,,Nisk-02-04,2,4,Niskin; Sterivex 0.22µm filter,95% EtOH,Axial Seamount,International District,bottom of plume,1495.0,20,45˚ 55.583' N,129˚ 58.798' W,,,,2:50,,2000,2.4,7.708,34.5,33.3925 μmol/kg,,0.0795;67.257,LSS;ORP,Emily Norton,,TRUE,,,Sent to OSU for Extraction and Sequencing in 2021,Sequencing Facility,TRUE,FALSE,
E149.2B.AX20,149,2,,FALSE,AX20,TN383 Axial 2020,09/07/20,,Nisk-02-05,2,5,Niskin; Sterivex 0.22µm filter,95% EtOH,Axial Seamount,International District,bottom of plume,1495.0,20,45˚ 55.583' N,129˚ 58.798' W,,,,2:50,,2000,2.4,7.708,34.5,33.3965 μmol/kg,,0.0818;67.531,LSS;ORP,Emily Norton,,TRUE,,,Sent to OSU for Extraction and Sequencing in 2021,Sequencing Facility,TRUE,FALSE,
E149.3B.AX20,149,3,,FALSE,AX20,TN383 Axial 2020,09/07/20,,Nisk-02-06,2,6,Niskin; Sterivex 0.22µm filter,95% EtOH,Axial Seamount,International District,bottom of plume,1495.0,20,45˚ 55.583' N,129˚ 58.798' W,,,,2:50,,2000,2.4,7.708,34.5,33.413 μmol/kg,,0.0795;67.9998,LSS;ORP,Emily Norton,,TRUE,,,Sent to OSU for Extraction and Sequencing in 2021,Sequencing Facility,TRUE,FALSE,
E150.1B.AX20,150,1,,FALSE,AX20,TN383 Axial 2020,09/07/20,,Nisk-02-07,2,7,Niskin; Sterivex 0.22µm filter,95% EtOH,Axial Seamount,International District,spike in LSS/ORP,1490.0,25,45˚ 55.583' N,129˚ 58.798' W,,,,2:53,,2000,2.4,7.704,34.5,33.2645 μmol/kg,,0.1316;78.505,LSS;ORP,Emily Norton,,TRUE,,,Sent to OSU for Extraction and Sequencing in 2021,Sequencing Facility,TRUE,FALSE,
E150.2B.AX20,150,2,,FALSE,AX20,TN383 Axial 2020,09/07/20,,Nisk-02-08,2,8,Niskin; Sterivex 0.22µm filter,95% EtOH,Axial Seamount,International District,spike in LSS/ORP,1490.0,25,45˚ 55.583' N,129˚ 58.798' W,,,,2:53,,2000,2.4,7.705,34.5,33.2375 μmol/kg,,0.124;78.750,LSS;ORP,Emily Norton,,TRUE,,,Sent to OSU for Extraction and Sequencing in 2021,Sequencing Facility,TRUE,FALSE,
E151.1B.AX20,151,1,,FALSE,AX20,TN383 Axial 2020,09/07/20,,Nisk-02-09,2,9,Niskin; Sterivex 0.22µm filter,95% EtOH,Axial Seamount,International District,spike in LSS/ORP,1480.0,35,45˚ 55.583' N,129˚ 58.798' W,,,,2:56,,2000,2.4,7.698,34.5,32.93 μmol/kg,,0.119;83.145,LSS;ORP,Emily Norton,,TRUE,,,Sent to OSU for Extraction and Sequencing in 2021,Sequencing Facility,TRUE,FALSE,
E151.2B.AX20,151,2,,FALSE,AX20,TN383 Axial 2020,09/07/20,,Nisk-02-10,2,10,Niskin; Sterivex 0.22µm filter,95% EtOH,Axial Seamount,International District,spike in LSS/ORP,1480.0,35,45˚ 55.583' N,129˚ 58.798' W,,,,2:56,,2000,2.4,7.698,34.5,32.9545 μmol/kg,,0.119;83.190,LSS;ORP,Emily Norton,,TRUE,,,Sent to OSU for Extraction and Sequencing in 2021,Sequencing Facility,TRUE,FALSE,
E152.1B.AX20,152,1,,FALSE,AX20,TN383 Axial 2020,09/07/20,,Nisk-02-11,2,11,Niskin; Sterivex 0.22µm filter,95% EtOH,Axial Seamount,International District,mid plume,1460.0,55,45˚ 55.583' N,129˚ 58.798' W,,,,2:59,,2000,2.4,7.679,34.5,32.5985 μmol/kg,,0.225;85.029,LSS;ORP,Emily Norton,,TRUE,,,Sent to OSU for Extraction and Sequencing in 2021,Sequencing Facility,TRUE,FALSE,
E152.2B.AX20,152,2,,FALSE,AX20,TN383 Axial 2020,09/07/20,,Nisk-02-12,2,12,Niskin; Sterivex 0.22µm filter,95% EtOH,Axial Seamount,International District,mid plume,1460.0,55,45˚ 55.583' N,129˚ 58.798' W,,,,2:59,,2000,2.4,7.678,34.5,32.6005 μmol/kg,,0.159;85.069,LSS;ORP,Emily Norton,,TRUE,,,Sent to OSU for Extraction and Sequencing in 2021,Sequencing Facility,TRUE,FALSE,
E152.3B.AX20,152,3,,FALSE,AX20,TN383 Axial 2020,09/07/20,,Nisk-02-13,2,13,Niskin; Sterivex 0.22µm filter,95% EtOH,Axial Seamount,International District,mid plume,1460.0,55,45˚ 55.583' N,129˚ 58.798' W,,,,2:59,,2000,2.4,7.676,34.5,32.5885 μmol/kg,,0.160;85.099,LSS;ORP,Emily Norton,,TRUE,,,Sent to OSU for Extraction and Sequencing in 2021,Sequencing Facility,TRUE,FALSE,
E153.1B.AX20,153,1,,FALSE,AX20,TN383 Axial 2020,09/07/20,,Nisk-02-14,2,14,Niskin; Sterivex 0.22µm filter,95% EtOH,Axial Seamount,International District,mid plume,1450.0,65,45˚ 55.583' N,129˚ 58.798' W,,,,3:01,,2000,2.5,7.669,34.5,32.4385 μmol/kg,,0.269;85.393,LSS;ORP,Emily Norton,,TRUE,,,Sent to OSU for Extraction and Sequencing in 2021,Sequencing Facility,TRUE,FALSE,
E153.2B.AX20,153,2,,FALSE,AX20,TN383 Axial 2020,09/07/20,,Nisk-02-15,2,15,Niskin; Sterivex 0.22µm filter,95% EtOH,Axial Seamount,International District,mid plume,1450.0,65,45˚ 55.583' N,129˚ 58.798' W,,,,3:01,,2000,2.5,7.669,34.5,32.4365 μmol/kg,,0.285;85.348,LSS;ORP,Emily Norton,,TRUE,,,Sent to OSU for Extraction and Sequencing in 2021,Sequencing Facility,TRUE,FALSE,
E154.1B.AX20,154,1,,FALSE,AX20,TN383 Axial 2020,09/07/20,,Nisk-02-17,2,17,Niskin; Sterivex 0.22µm filter,95% EtOH,Axial Seamount,International District,top of plume,1440.0,75,45˚ 55.583' N,129˚ 58.798' W,,,,3:03,,2000,2.5,7.707,34.5,31.0185 μmol/kg,,0.199;85.657,LSS;ORP,Emily Norton,,TRUE,,,Sent to OSU for Extraction and Sequencing in 2021,Sequencing Facility,TRUE,FALSE,
E154.2B.AX20,154,2,,FALSE,AX20,TN383 Axial 2020,09/07/20,,Nisk-02-18,2,18,Niskin; Sterivex 0.22µm filter,95% EtOH,Axial Seamount,International District,top of plume,1440.0,75,45˚ 55.583' N,129˚ 58.798' W,,,,3:03,,2000,2.5,7.709,34.5,30.6645 μmol/kg,,0.101;85.996,LSS;ORP,Emily Norton,,TRUE,,,Sent to OSU for Extraction and Sequencing in 2021,Sequencing Facility,TRUE,FALSE,
E155.1B.AX20,155,1,,FALSE,AX20,TN383 Axial 2020,09/07/20,,Nisk-02-19,2,19,Niskin; Sterivex 0.22µm filter,95% EtOH,Axial Seamount,International District,,1400.0,115,45˚ 55.583' N,129˚ 58.798' W,,,,3:05,,2000,2.5,7.725,34.5,27.4225 μmol/kg,,0.0184;90.845,LSS;ORP,Emily Norton,,TRUE,,,Sent to OSU for Extraction and Sequencing in 2021,Sequencing Facility,TRUE,FALSE,
E155.2B.AX20,155,2,,FALSE,AX20,TN383 Axial 2020,09/07/20,,Nisk-02-20,2,20,Niskin; Sterivex 0.22µm filter,95% EtOH,Axial Seamount,International District,,1400.0,115,45˚ 55.583' N,129˚ 58.798' W,,,,3:05,,2000,2.5,7.726,34.5,27.282 μmol/kg,,0.0182;90.965,LSS;ORP,Emily Norton,,TRUE,,,Sent to OSU for Extraction and Sequencing in 2021,Sequencing Facility,TRUE,FALSE,
E156.1B.AX20,156,1,,FALSE,AX20,TN383 Axial 2020,09/07/20,,Nisk-02-21,2,21,Niskin; Sterivex 0.22µm filter,95% EtOH,Axial Seamount,International District,,1350.0,165,45˚ 55.583' N,129˚ 58.798' W,,,,3:08,,2000,2.6,7.722,34.5,24.763 μmol/kg,,0.0153;94.139,LSS;ORP,Emily Norton,,TRUE,,,Sent to OSU for Extraction and Sequencing in 2021,Sequencing Facility,TRUE,FALSE,
E156.2B.AX20,156,2,,FALSE,AX20,TN383 Axial 2020,09/07/20,,Nisk-02-22,2,22,Niskin; Sterivex 0.22µm filter,95% EtOH,Axial Seamount,International District,,1350.0,165,45˚ 55.583' N,129˚ 58.798' W,,,,3:08,,2000,2.6,7.722,34.5,24.74 μmol/kg,,0.0160;94.373,LSS;ORP,Emily Norton,,TRUE,,,Sent to OSU for Extraction and Sequencing in 2021,Sequencing Facility,TRUE,FALSE,
E157.1B.AX20,157,1,,FALSE,AX20,TN383 Axial 2020,09/07/20,,Nisk-02-23,2,23,Niskin; Sterivex 0.22µm filter,95% EtOH,Axial Seamount,International District,,1300.0,215,45˚ 55.583' N,129˚ 58.798' W,,,,3:10,,2000,2.7,7.718,34.5,21.9215 μmol/kg,,0.0162;97.124,LSS;ORP,Emily Norton,,TRUE,,,Sent to OSU for Extraction and Sequencing in 2021,Sequencing Facility,TRUE,FALSE,
E157.2B.AX20,157,2,,FALSE,AX20,TN383 Axial 2020,09/07/20,,Nisk-02-24,2,24,Niskin; Sterivex 0.22µm filter,95% EtOH,Axial Seamount,International District,,1300.0,215,45˚ 55.583' N,129˚ 58.798' W,,,,3:10,,2000,2.7,7.717,34.5,21.908 μmol/kg,,0.0150;97.314,LSS;ORP,Emily Norton,,TRUE,,,Sent to OSU for Extraction and Sequencing in 2021,Sequencing Facility,TRUE,FALSE,
E158.1B.AX20,158,1,,FALSE,AX20,TN383 Axial 2020,09/07/20,,Nisk-03-01,3,1,Niskin; Sterivex 0.22µm filter,95% EtOH,Axial Seamount,Vixen,near bottom,1523.0,10,45˚ 55.030' N,129˚ 59.578' W,,,,21:37,,2000,2.3,7.761,34.5,35.766 μmol/kg,,0.0310;129.797,LSS;ORP,Emily Norton,,TRUE,,,Sent to OSU for Extraction and Sequencing in 2021,Sequencing Facility,TRUE,FALSE,
E158.2B.AX20,158,2,,FALSE,AX20,TN383 Axial 2020,09/07/20,,Nisk-03-02,3,2,Niskin; Sterivex 0.22µm filter,95% EtOH,Axial Seamount,Vixen,near bottom,1523.0,10,45˚ 55.030' N,129˚ 59.578' W,,,,21:37,,2000,2.3,7.761,34.5,35.7425 μmol/kg,,0.0300;129.792,LSS;ORP,Emily Norton,,TRUE,,,Sent to OSU for Extraction and Sequencing in 2021,Sequencing Facility,TRUE,FALSE,
E158.3B.AX20,158,3,,FALSE,AX20,TN383 Axial 2020,09/07/20,,Nisk-03-03,3,3,Niskin; Sterivex 0.22µm filter,95% EtOH,Axial Seamount,Vixen,near bottom,1523.0,10,45˚ 55.030' N,129˚ 59.578' W,,,,21:37,,2000,2.3,7.761,34.5,35.7555 μmol/kg,,0.0306;129.792,LSS;ORP,Emily Norton,,TRUE,,,Sent to OSU for Extraction and Sequencing in 2021,Sequencing Facility,TRUE,FALSE,
E159.1B.AX20,159,1,,FALSE,AX20,TN383 Axial 2020,09/07/20,,Nisk-03-04,3,4,Niskin; Sterivex 0.22µm filter,95% EtOH,Axial Seamount,Vixen,bottom of plume?,1515.0,18,45˚ 55.030' N,129˚ 59.578' W,,,,21:39,,2000,2.3,7.761,34.5,35.832 μmol/kg,,0.0299;129.045,LSS;ORP,Emily Norton,,TRUE,,,Sent to OSU for Extraction and Sequencing in 2021,Sequencing Facility,TRUE,FALSE,
E159.2B.AX20,159,2,,FALSE,AX20,TN383 Axial 2020,09/07/20,,Nisk-03-05,3,5,Niskin; Sterivex 0.22µm filter,95% EtOH,Axial Seamount,Vixen,bottom of plume?,1515.0,18,45˚ 55.030' N,129˚ 59.578' W,,,,21:39,,2000,2.3,7.761,34.5,35.8165 μmol/kg,,0.0299;129.040,LSS;ORP,Emily Norton,,TRUE,,,Sent to OSU for Extraction and Sequencing in 2021,Sequencing Facility,TRUE,FALSE,
E159.3B.AX20,159,3,,FALSE,AX20,TN383 Axial 2020,09/07/20,,Nisk-03-06,3,6,Niskin; Sterivex 0.22µm filter,95% EtOH,Axial Seamount,Vixen,bottom of plume?,1515.0,18,45˚ 55.030' N,129˚ 59.578' W,,,,21:39,,2000,2.3,7.761,34.5,35.792 μmol/kg,,0.0305;128.846,LSS;ORP,Emily Norton,,TRUE,,,Sent to OSU for Extraction and Sequencing in 2021,Sequencing Facility,TRUE,FALSE,
E160.1B.AX20,160,1,,FALSE,AX20,TN383 Axial 2020,09/07/20,,Nisk-03-07,3,7,Niskin; Sterivex 0.22µm filter,95% EtOH,Axial Seamount,Vixen,small spikes,1500.0,34,45˚ 55.030' N,129˚ 59.578' W,,,,21:41,,2000,2.4,7.756,34.5,34.92 μmol/kg,,0.0344;128.811,LSS;ORP,Emily Norton,,TRUE,,,Sent to OSU for Extraction and Sequencing in 2021,Sequencing Facility,TRUE,FALSE,
E160.2B.AX20,160,2,,FALSE,AX20,TN383 Axial 2020,09/07/20,,Nisk-03-08,3,8,Niskin; Sterivex 0.22µm filter,95% EtOH,Axial Seamount,Vixen,small spikes,1500.0,34,45˚ 55.030' N,129˚ 59.578' W,,,,21:41,,2000,2.4,7.756,34.5,34.8455 μmol/kg,,0.0327;128.801,LSS;ORP,Emily Norton,,TRUE,,,Sent to OSU for Extraction and Sequencing in 2021,Sequencing Facility,TRUE,FALSE,
E161.1B.AX20,161,1,,FALSE,AX20,TN383 Axial 2020,09/07/20,,Nisk-03-09,3,9,Niskin; Sterivex 0.22µm filter,95% EtOH,Axial Seamount,Vixen,,1470.0,63,45˚ 55.030' N,129˚ 59.578' W,,,,21:43,,2000,2.4,7.746,34.5,31.331 μmol/kg,,0.0372;128.561,LSS;ORP,Emily Norton,,TRUE,,,Sent to OSU for Extraction and Sequencing in 2021,Sequencing Facility,TRUE,FALSE,
E161.2B.AX20,161,2,,FALSE,AX20,TN383 Axial 2020,09/07/20,,Nisk-03-10,3,10,Niskin; Sterivex 0.22µm filter,95% EtOH,Axial Seamount,Vixen,,1470.0,63,45˚ 55.030' N,129˚ 59.578' W,,,,21:43,,2000,2.4,7.746,34.5,31.164 μmol/kg,,0.0373;128.571,LSS;ORP,Emily Norton,,TRUE,,,Sent to OSU for Extraction and Sequencing in 2021,Sequencing Facility,TRUE,FALSE,
E162.1B.AX20,162,1,,FALSE,AX20,TN383 Axial 2020,09/07/20,,Nisk-03-11,3,11,Niskin; Sterivex 0.22µm filter,95% EtOH,Axial Seamount,Vixen,,1460.0,73,45˚ 55.030' N,129˚ 59.578' W,,,,21:44,,2000,2.5,7.746,34.5,30.3765 μmol/kg,,0.0625;128.412,LSS;ORP,Emily Norton,,TRUE,,,Sent to OSU for Extraction and Sequencing in 2021,Sequencing Facility,TRUE,FALSE,
E162.2B.AX20,162,2,,FALSE,AX20,TN383 Axial 2020,09/07/20,,Nisk-03-12,3,12,Niskin; Sterivex 0.22µm filter,95% EtOH,Axial Seamount,Vixen,,1460.0,73,45˚ 55.030' N,129˚ 59.578' W,,,,21:44,,2000,2.5,7.746,34.5,30.303 μmol/kg,,0.0617;128.402,LSS;ORP,Emily Norton,,TRUE,,,Sent to OSU for Extraction and Sequencing in 2021,Sequencing Facility,TRUE,FALSE,
E162.3B.AX20,162,3,,FALSE,AX20,TN383 Axial 2020,09/07/20,,Nisk-03-13,3,13,Niskin; Sterivex 0.22µm filter,95% EtOH,Axial Seamount,Vixen,,1460.0,73,45˚ 55.030' N,129˚ 59.578' W,,,,21:44,,2000,2.5,7.746,34.5,30.238 μmol/kg,,0.0617;128.412,LSS;ORP,Emily Norton,,TRUE,,,Sent to OSU for Extraction and Sequencing in 2021,Sequencing Facility,TRUE,FALSE,
E163.1B.AX20,163,1,,FALSE,AX20,TN383 Axial 2020,09/07/20,,Nisk-03-14,3,14,Niskin; Sterivex 0.22µm filter,95% EtOH,Axial Seamount,Vixen,,1450.0,83,45˚ 55.030' N,129˚ 59.578' W,,,,21:46,,2000,2.5,7.747,34.5,29.853 μmol/kg,,0.0463;128.442,LSS;ORP,Emily Norton,,TRUE,,,Sent to OSU for Extraction and Sequencing in 2021,Sequencing Facility,TRUE,FALSE,
E163.2B.AX20,163,2,,FALSE,AX20,TN383 Axial 2020,09/07/20,,Nisk-03-15,3,15,Niskin; Sterivex 0.22µm filter,95% EtOH,Axial Seamount,Vixen,,1450.0,83,45˚ 55.030' N,129˚ 59.578' W,,,,21:46,,2000,2.5,7.748,34.5,29.8235 μmol/kg,,0.0318;128.537,LSS;ORP,Emily Norton,,TRUE,,,Sent to OSU for Extraction and Sequencing in 2021,Sequencing Facility,TRUE,FALSE,
E163.3B.AX20,163,3,,FALSE,AX20,TN383 Axial 2020,09/07/20,,Nisk-03-16,3,16,Niskin; Sterivex 0.22µm filter,95% EtOH,Axial Seamount,Vixen,,1450.0,83,45˚ 55.030' N,129˚ 59.578' W,,,,21:46,,2000,2.5,7.748,34.5,29.83 μmol/kg,,0.0359;128.462,LSS;ORP,Emily Norton,,TRUE,,,Sent to OSU for Extraction and Sequencing in 2021,Sequencing Facility,TRUE,FALSE,
E164.1B.AX20,164,1,,FALSE,AX20,TN383 Axial 2020,09/07/20,,Nisk-03-17,3,17,Niskin; Sterivex 0.22µm filter,95% EtOH,Axial Seamount,Vixen,,1425.0,108,45˚ 55.030' N,129˚ 59.578' W,,,,21:47,,2000,2.5,7.751,34.5,29.237 μmol/kg,,0.0207;128.417,LSS;ORP,Emily Norton,,TRUE,,,Sent to OSU for Extraction and Sequencing in 2021,Sequencing Facility,TRUE,FALSE,
E164.2B.AX20,164,2,,FALSE,AX20,TN383 Axial 2020,09/07/20,,Nisk-03-18,3,18,Niskin; Sterivex 0.22µm filter,95% EtOH,Axial Seamount,Vixen,,1425.0,108,45˚ 55.030' N,129˚ 59.578' W,,,,21:47,,2000,2.5,7.75,34.5,29.226 μmol/kg,,0.0215;128.407,LSS;ORP,Emily Norton,,TRUE,,,Sent to OSU for Extraction and Sequencing in 2021,Sequencing Facility,TRUE,FALSE,
E165.1B.AX20,165,1,,FALSE,AX20,TN383 Axial 2020,09/07/20,,Nisk-03-19,3,19,Niskin; Sterivex 0.22µm filter,95% EtOH,Axial Seamount,Vixen,,1400.0,133,45˚ 55.030' N,129˚ 59.578' W,,,,21:48,,2000,2.5,7.751,34.5,27.524 μmol/kg,,0.0162;128.571,LSS;ORP,Emily Norton,,TRUE,,,Sent to OSU for Extraction and Sequencing in 2021,Sequencing Facility,TRUE,FALSE,
E165.2B.AX20,165,2,,FALSE,AX20,TN383 Axial 2020,09/07/20,,Nisk-03-20,3,20,Niskin; Sterivex 0.22µm filter,95% EtOH,Axial Seamount,Vixen,,1400.0,133,45˚ 55.030' N,129˚ 59.578' W,,,,21:48,,2000,2.5,7.751,34.5,27.5345 μmol/kg,,0.0172;128.581,LSS;ORP,Emily Norton,,TRUE,,,Sent to OSU for Extraction and Sequencing in 2021,Sequencing Facility,TRUE,FALSE,
E166.1B.AX20,166,1,,FALSE,AX20,TN383 Axial 2020,09/07/20,,Nisk-03-21,3,21,Niskin; Sterivex 0.22µm filter,95% EtOH,Axial Seamount,Vixen,,1350.0,183,45˚ 55.030' N,129˚ 59.578' W,,,,21:50,,2000,2.6,7.746,34.5,23.8715 μmol/kg,,0.0154;129.060,LSS;ORP,Emily Norton,,TRUE,,,Sent to OSU for Extraction and Sequencing in 2021,Sequencing Facility,TRUE,FALSE,
E166.2B.AX20,166,2,,FALSE,AX20,TN383 Axial 2020,09/07/20,,Nisk-03-22,3,22,Niskin; Sterivex 0.22µm filter,95% EtOH,Axial Seamount,Vixen,,1350.0,183,45˚ 55.030' N,129˚ 59.578' W,,,,21:50,,2000,2.6,7.746,34.5,23.802 μmol/kg,,0.0168;129.060,LSS;ORP,Emily Norton,,TRUE,,,Sent to OSU for Extraction and Sequencing in 2021,Sequencing Facility,TRUE,FALSE,
E167.1B.AX20,167,1,,FALSE,AX20,TN383 Axial 2020,09/07/20,,Nisk-03-23,3,23,Niskin; Sterivex 0.22µm filter,95% EtOH,Axial Seamount,Vixen,,1300.0,233,45˚ 55.030' N,129˚ 59.578' W,,,,21:52,,2000,2.8,7.736,34.5,19.3965 μmol/kg,,0.0138;129.294,LSS;ORP,Emily Norton,,TRUE,,,Sent to OSU for Extraction and Sequencing in 2021,Sequencing Facility,TRUE,FALSE,
E167.2B.AX20,167,2,,FALSE,AX20,TN383 Axial 2020,09/07/20,,Nisk-03-24,3,24,Niskin; Sterivex 0.22µm filter,95% EtOH,Axial Seamount,Vixen,,1300.0,233,45˚ 55.030' N,129˚ 59.578' W,,,,21:52,,2000,2.8,7.736,34.5,19.4585 μmol/kg,,0.0146;129.304,LSS;ORP,Emily Norton,,TRUE,,,Sent to OSU for Extraction and Sequencing in 2021,Sequencing Facility,TRUE,FALSE,
E168.1B.AX20,168,1,,FALSE,AX20,TN383 Axial 2020,09/08/20,,Nisk-04-01,4,1,Niskin; Sterivex 0.22µm filter,95% EtOH,Axial Seamount,CASM,near bottom,1570.0,8,45˚ 59.346' N,130˚ 01.621' W,,,,20:33,,2000,2.5,7.728,34.5,34.4645 μmol/kg,,0.0329;-45.573,LSS;ORP,Emily Norton,,TRUE,,,Sent to OSU for Extraction and Sequencing in 2021,Sequencing Facility,TRUE,FALSE,
E168.2B.AX20,168,2,,FALSE,AX20,TN383 Axial 2020,09/08/20,,Nisk-04-02,4,2,Niskin; Sterivex 0.22µm filter,95% EtOH,Axial Seamount,CASM,near bottom,1570.0,8,45˚ 59.346' N,130˚ 01.621' W,,,,20:33,,2000,2.5,7.727,34.5,34.4205 μmol/kg,,0.0321;-46.510,LSS;ORP,Emily Norton,,TRUE,,,Sent to OSU for Extraction and Sequencing in 2021,Sequencing Facility,TRUE,FALSE,
E168.3B.AX20,168,3,,FALSE,AX20,TN383 Axial 2020,09/08/20,,Nisk-04-03,4,3,Niskin; Sterivex 0.22µm filter,95% EtOH,Axial Seamount,CASM,near bottom,1570.0,8,45˚ 59.346' N,130˚ 01.621' W,,,,20:33,,2000,2.5,7.727,34.5,34.4525 μmol/kg,,0.0312;-47.462,LSS;ORP,Emily Norton,,TRUE,,,Sent to OSU for Extraction and Sequencing in 2021,Sequencing Facility,TRUE,FALSE,
E169.1B.AX20,169,1,,FALSE,AX20,TN383 Axial 2020,09/08/20,,Nisk-04-04,4,4,Niskin; Sterivex 0.22µm filter,95% EtOH,Axial Seamount,CASM,,1560.0,15,45˚ 59.346' N,130˚ 01.621' W,,,,20:36,,2000,2.4,7.76,34.5,34.7665 μmol/kg,,0.0250;-53.836,LSS;ORP,Emily Norton,,TRUE,,,Sent to OSU for Extraction and Sequencing in 2021,Sequencing Facility,TRUE,FALSE,
E169.2B.AX20,169,2,,FALSE,AX20,TN383 Axial 2020,09/08/20,,Nisk-04-05,4,5,Niskin; Sterivex 0.22µm filter,95% EtOH,Axial Seamount,CASM,,1560.0,15,45˚ 59.346' N,130˚ 01.621' W,,,,20:36,,2000,2.4,7.762,34.5,34.739 μmol/kg,,0.0257;-53.766,LSS;ORP,Emily Norton,,TRUE,,,Sent to OSU for Extraction and Sequencing in 2021,Sequencing Facility,TRUE,FALSE,
E169.3B.AX20,169,3,,FALSE,AX20,TN383 Axial 2020,09/08/20,,Nisk-04-06,4,6,Niskin; Sterivex 0.22µm filter,95% EtOH,Axial Seamount,CASM,,1560.0,15,45˚ 59.346' N,130˚ 01.621' W,,,,20:36,,2000,2.4,7.765,34.5,34.7695 μmol/kg,,0.0260;-53.079,LSS;ORP,Emily Norton,,TRUE,,,Sent to OSU for Extraction and Sequencing in 2021,Sequencing Facility,TRUE,FALSE,
E170.1B.AX20,170,1,,FALSE,AX20,TN383 Axial 2020,09/08/20,,Nisk-04-07,4,7,Niskin; Sterivex 0.22µm filter,95% EtOH,Axial Seamount,CASM,,1565.0,10,45˚ 59.346' N,130˚ 01.621' W,,,,20:39,,2000,2.5,7.708,34.5,34.5105 μmol/kg,,0.0525;-56.592,LSS;ORP,Emily Norton,,TRUE,,,Sent to OSU for Extraction and Sequencing in 2021,Sequencing Facility,TRUE,FALSE,
E170.2B.AX20,170,2,,FALSE,AX20,TN383 Axial 2020,09/08/20,,Nisk-04-08,4,8,Niskin; Sterivex 0.22µm filter,95% EtOH,Axial Seamount,CASM,,1565.0,10,45˚ 59.346' N,130˚ 01.621' W,,,,20:39,,2000,2.5,7.708,34.5,34.475 μmol/kg,,0.0522;-60.325,LSS;ORP,Emily Norton,,TRUE,,,Sent to OSU for Extraction and Sequencing in 2021,Sequencing Facility,TRUE,FALSE,
E171.1B.AX20,171,1,,FALSE,AX20,TN383 Axial 2020,09/08/20,,Nisk-04-09,4,9,Niskin; Sterivex 0.22µm filter,95% EtOH,Axial Seamount,CASM,,1550.0,23,45˚ 59.346' N,130˚ 01.621' W,,,,20:41,,2000,2.4,7.766,34.5,34.7685 μmol/kg,,0.0216;-42.179,LSS;ORP,Emily Norton,,TRUE,,,Sent to OSU for Extraction and Sequencing in 2021,Sequencing Facility,TRUE,FALSE,
E171.2B.AX20,171,2,,FALSE,AX20,TN383 Axial 2020,09/08/20,,Nisk-04-10,4,10,Niskin; Sterivex 0.22µm filter,95% EtOH,Axial Seamount,CASM,,1550.0,23,45˚ 59.346' N,130˚ 01.621' W,,,,20:41,,2000,2.4,7.766,34.5,34.7325 μmol/kg,,0.0222;-40.525,LSS;ORP,Emily Norton,,TRUE,,,Sent to OSU for Extraction and Sequencing in 2021,Sequencing Facility,TRUE,FALSE,
E172.1B.AX20,172,1,,FALSE,AX20,TN383 Axial 2020,09/08/20,,Nisk-04-11,4,11,Niskin; Sterivex 0.22µm filter,95% EtOH,Axial Seamount,CASM,mid-plume,1520.0,54,45˚ 59.346' N,130˚ 01.621' W,,,,20:43,,2000,2.4,7.766,34.5,34.0155 μmol/kg,,0.0279;-23.590,LSS;ORP,Emily Norton,,TRUE,,,Sent to OSU for Extraction and Sequencing in 2021,Sequencing Facility,TRUE,FALSE,
E172.2B.AX20,172,2,,FALSE,AX20,TN383 Axial 2020,09/08/20,,Nisk-04-12,4,12,Niskin; Sterivex 0.22µm filter,95% EtOH,Axial Seamount,CASM,mid-plume,1520.0,54,45˚ 59.346' N,130˚ 01.621' W,,,,20:43,,2000,2.4,7.766,34.5,33.974 μmol/kg,,0.0317;-22563,LSS;ORP,Emily Norton,,TRUE,,,Sent to OSU for Extraction and Sequencing in 2021,Sequencing Facility,TRUE,FALSE,
E172.3B.AX20,172,3,,FALSE,AX20,TN383 Axial 2020,09/08/20,,Nisk-04-13,4,13,Niskin; Sterivex 0.22µm filter,95% EtOH,Axial Seamount,CASM,mid-plume,1520.0,54,45˚ 59.346' N,130˚ 01.621' W,,,,20:43,,2000,2.4,7.766,34.5,33.9345 μmol/kg,,0.0289;-21.502,LSS;ORP,Emily Norton,,TRUE,,,Sent to OSU for Extraction and Sequencing in 2021,Sequencing Facility,TRUE,FALSE,
E173.1B.AX20,173,1,,FALSE,AX20,TN383 Axial 2020,09/08/20,,Nisk-04-14,4,14,Niskin; Sterivex 0.22µm filter,95% EtOH,Axial Seamount,CASM,spike,1500.0,74,45˚ 59.346' N,130˚ 01.621' W,,,,20:46,,2000,2.4,7.766,34.5,33.471 μmol/kg,,0.0306;-8.250,LSS;ORP,Emily Norton,,TRUE,,,Sent to OSU for Extraction and Sequencing in 2021,Sequencing Facility,TRUE,FALSE,
E173.2B.AX20,173,2,,FALSE,AX20,TN383 Axial 2020,09/08/20,,Nisk-04-15,4,15,Niskin; Sterivex 0.22µm filter,95% EtOH,Axial Seamount,CASM,spike,1500.0,74,45˚ 59.346' N,130˚ 01.621' W,,,,20:46,,2000,2.4,7.766,34.5,33.462 μmol/kg,,0.0395;-7.642,LSS;ORP,Emily Norton,,TRUE,,,Sent to OSU for Extraction and Sequencing in 2021,Sequencing Facility,TRUE,FALSE,
E174.1B.AX20,174,1,,FALSE,AX20,TN383 Axial 2020,09/08/20,,Nisk-04-16,4,16,Niskin; Sterivex 0.22µm filter,95% EtOH,Axial Seamount,CASM,top of plume,1470.0,104,45˚ 59.346' N,130˚ 01.621' W,,,,20:47,,2000,2.4,7.761,34.5,32.5525 μmol/kg,,0.0421;-0.601,LSS;ORP,Emily Norton,,TRUE,,,Sent to OSU for Extraction and Sequencing in 2021,Sequencing Facility,TRUE,FALSE,
E174.2B.AX20,174,2,,FALSE,AX20,TN383 Axial 2020,09/08/20,,Nisk-04-17,4,17,Niskin; Sterivex 0.22µm filter,95% EtOH,Axial Seamount,CASM,top of plume,1470.0,104,45˚ 59.346' N,130˚ 01.621' W,,,,20:47,,2000,2.4,7.761,34.5,32.6005 μmol/kg,,0.0407;0.0125,LSS;ORP,Emily Norton,,TRUE,,,Sent to OSU for Extraction and Sequencing in 2021,Sequencing Facility,TRUE,FALSE,
E174.3B.AX20,174,3,,FALSE,AX20,TN383 Axial 2020,09/08/20,,Nisk-04-18,4,18,Niskin; Sterivex 0.22µm filter,95% EtOH,Axial Seamount,CASM,top of plume,1470.0,104,45˚ 59.346' N,130˚ 01.621' W,,,,20:47,,2000,2.4,7.761,34.5,32.582 μmol/kg,,0.0394;0.561,LSS;ORP,Emily Norton,,TRUE,,,Sent to OSU for Extraction and Sequencing in 2021,Sequencing Facility,TRUE,FALSE,
E175.1B.AX20,175,1,,FALSE,AX20,TN383 Axial 2020,09/08/20,,Nisk-04-19,4,19,Niskin; Sterivex 0.22µm filter,95% EtOH,Axial Seamount,CASM,,1400.0,134,45˚ 59.346' N,130˚ 01.621' W,,,,20:49,,2000,2.5,7.756,34.5,27.2555 μmol/kg,,0.0160;8.290,LSS;ORP,Emily Norton,,TRUE,,,Sent to OSU for Extraction and Sequencing in 2021,Sequencing Facility,TRUE,FALSE,
E175.2B.AX20,175,2,,FALSE,AX20,TN383 Axial 2020,09/08/20,,Nisk-04-20,4,20,Niskin; Sterivex 0.22µm filter,95% EtOH,Axial Seamount,CASM,,1400.0,134,45˚ 59.346' N,130˚ 01.621' W,,,,20:49,,2000,2.5,7.756,34.5,27.1885 μmol/kg,,0.0161;8.684,LSS;ORP,Emily Norton,,TRUE,,,Sent to OSU for Extraction and Sequencing in 2021,Sequencing Facility,TRUE,FALSE,
E176.1B.AX20,176,1,,FALSE,AX20,TN383 Axial 2020,09/08/20,,Nisk-04-21,4,21,Niskin; Sterivex 0.22µm filter,95% EtOH,Axial Seamount,CASM,,1350.0,184,45˚ 59.346' N,130˚ 01.621' W,,,,20:50,,2000,2.6,7.756,34.5,24.5605 μmol/kg,,0.0150;13.065,LSS;ORP,Emily Norton,,TRUE,,,Sent to OSU for Extraction and Sequencing in 2021,Sequencing Facility,TRUE,FALSE,
E176.2B.AX20,176,2,,FALSE,AX20,TN383 Axial 2020,09/08/20,,Nisk-04-22,4,22,Niskin; Sterivex 0.22µm filter,95% EtOH,Axial Seamount,CASM,,1350.0,184,45˚ 59.346' N,130˚ 01.621' W,,,,20:50,,2000,2.6,7.756,34.5,24.4705 μmol/kg,,0.0153;13.334,LSS;ORP,Emily Norton,,TRUE,,,Sent to OSU for Extraction and Sequencing in 2021,Sequencing Facility,TRUE,FALSE,
E177.1B.AX20,177,1,,FALSE,AX20,TN383 Axial 2020,09/08/20,,Nisk-04-23,4,23,Niskin; Sterivex 0.22µm filter,95% EtOH,Axial Seamount,CASM,,1300.0,234,45˚ 59.346' N,130˚ 01.621' W,,,,20:53,,2000,2.7,7.746,34.5,20.091 μmol/kg,,0.0137;17.510,LSS;ORP,Emily Norton,,TRUE,,,Sent to OSU for Extraction and Sequencing in 2021,Sequencing Facility,TRUE,FALSE,
E177.2B.AX20,177,2,,FALSE,AX20,TN383 Axial 2020,09/08/20,,Nisk-04-24,4,24,Niskin; Sterivex 0.22µm filter,95% EtOH,Axial Seamount,CASM,,1300.0,234,45˚ 59.346' N,130˚ 01.621' W,,,,20:53,,2000,2.7,7.746,34.5,20.0785 μmol/kg,,0.0144;17.949,LSS;ORP,Emily Norton,,TRUE,,,Sent to OSU for Extraction and Sequencing in 2021,Sequencing Facility,TRUE,FALSE,
E178.1B.AX20,178,1,,FALSE,AX20,TN383 Axial 2020,09/09/20,,Nisk-05-01,5,1,Niskin; Sterivex 0.22µm filter,95% EtOH,Axial Seamount,SRZ,near bottom,1705.0,10,45˚ 52.035' N,130˚ 00.126' W,,,,15:40,,2000,2.2,,34.6,44.752 μmol/kg,,0.0194;121.73382,LSS;ORP,Emily Norton,,TRUE,,,Sent to OSU for Extraction and Sequencing in 2021,Sequencing Facility,TRUE,FALSE,
E178.2B.AX20,178,2,,FALSE,AX20,TN383 Axial 2020,09/09/20,,Nisk-05-02,5,2,Niskin; Sterivex 0.22µm filter,95% EtOH,Axial Seamount,SRZ,near bottom,1705.0,10,45˚ 52.035' N,130˚ 00.126' W,,,,15:40,,2000,2.2,,34.6,44.709 μmol/kg,,0.0201;121.734,LSS;ORP,Emily Norton,,TRUE,,,Sent to OSU for Extraction and Sequencing in 2021,Sequencing Facility,TRUE,FALSE,
E178.3B.AX20,178,3,,FALSE,AX20,TN383 Axial 2020,09/09/20,,Nisk-05-03,5,3,Niskin; Sterivex 0.22µm filter,95% EtOH,Axial Seamount,SRZ,near bottom,1705.0,10,45˚ 52.035' N,130˚ 00.126' W,,,,15:40,,2000,2.2,,34.6,44.841 μmol/kg,,0.0185;121.734,LSS;ORP,Emily Norton,,TRUE,,,Sent to OSU for Extraction and Sequencing in 2021,Sequencing Facility,TRUE,FALSE,
E179.1B.AX20,179,1,,FALSE,AX20,TN383 Axial 2020,09/09/20,,Nisk-05-04,5,4,Niskin; Sterivex 0.22µm filter,95% EtOH,Axial Seamount,SRZ,bottom of (diffusive) plume,1680.0,33,45˚ 52.035' N,130˚ 00.126' W,,,,15:43,,2000,2.2,,34.6,42.4475 μmol/kg,,0.0184;121.579,LSS;ORP,Emily Norton,,TRUE,,,Sent to OSU for Extraction and Sequencing in 2021,Sequencing Facility,TRUE,FALSE,
E179.2B.AX20,179,2,,FALSE,AX20,TN383 Axial 2020,09/09/20,,Nisk-05-05,5,5,Niskin; Sterivex 0.22µm filter,95% EtOH,Axial Seamount,SRZ,bottom of (diffusive) plume,1680.0,33,45˚ 52.035' N,130˚ 00.126' W,,,,15:43,,2000,2.2,,34.6,42.4055 μmol/kg,,0.0191;121.604,LSS;ORP,Emily Norton,,TRUE,,,Sent to OSU for Extraction and Sequencing in 2021,Sequencing Facility,TRUE,FALSE,
E179.3B.AX20,179,3,,FALSE,AX20,TN383 Axial 2020,09/09/20,,Nisk-05-06,5,6,Niskin; Sterivex 0.22µm filter,95% EtOH,Axial Seamount,SRZ,bottom of (diffusive) plume,1680.0,33,45˚ 52.035' N,130˚ 00.126' W,,,,15:43,,2000,2.2,,34.6,42.42 μmol/kg,,0.0181;121.599,LSS;ORP,Emily Norton,,TRUE,,,Sent to OSU for Extraction and Sequencing in 2021,Sequencing Facility,TRUE,FALSE,
E180.1B.AX20,180,1,,FALSE,AX20,TN383 Axial 2020,09/09/20,,Nisk-05-07,5,7,Niskin; Sterivex 0.22µm filter,95% EtOH,Axial Seamount,SRZ,,1650.0,63,45˚ 52.035' N,130˚ 00.126' W,,,,15:45,,2000,2.2,,34.6,41.5605 μmol/kg,,0.0180;121.734,LSS;ORP,Emily Norton,,TRUE,,,Sent to OSU for Extraction and Sequencing in 2021,Sequencing Facility,TRUE,FALSE,
E180.2B.AX20,180,2,,FALSE,AX20,TN383 Axial 2020,09/09/20,,Nisk-05-08,5,8,Niskin; Sterivex 0.22µm filter,95% EtOH,Axial Seamount,SRZ,,1650.0,63,45˚ 52.035' N,130˚ 00.126' W,,,,15:45,,2000,2.2,,34.6,41.556 μmol/kg,,0.0201;121.734,LSS;ORP,Emily Norton,,TRUE,,,Sent to OSU for Extraction and Sequencing in 2021,Sequencing Facility,TRUE,FALSE,
E181.1B.AX20,181,1,,FALSE,AX20,TN383 Axial 2020,09/09/20,,Nisk-05-09,5,9,Niskin; Sterivex 0.22µm filter,95% EtOH,Axial Seamount,SRZ,,1600.0,113,45˚ 52.035' N,130˚ 00.126' W,,,,15:47,,2000,2.3,,34.5,38.1445 μmol/kg,,0.0217;121.599,LSS;ORP,Emily Norton,,TRUE,,,Sent to OSU for Extraction and Sequencing in 2021,Sequencing Facility,TRUE,FALSE,
E181.2B.AX20,181,2,,FALSE,AX20,TN383 Axial 2020,09/09/20,,Nisk-05-10,5,10,Niskin; Sterivex 0.22µm filter,95% EtOH,Axial Seamount,SRZ,,1600.0,113,45˚ 52.035' N,130˚ 00.126' W,,,,15:47,,2000,2.3,,34.5,38.1455 μmol/kg,,0.0243;121.674,LSS;ORP,Emily Norton,,TRUE,,,Sent to OSU for Extraction and Sequencing in 2021,Sequencing Facility,TRUE,FALSE,
E181.3B.AX20,181,3,,FALSE,AX20,TN383 Axial 2020,09/09/20,,Nisk-05-11,5,11,Niskin; Sterivex 0.22µm filter,95% EtOH,Axial Seamount,SRZ,,1600.0,113,45˚ 52.035' N,130˚ 00.126' W,,,,15:47,,2000,2.3,,34.5,38.1435 μmol/kg,,0.0216;121.679,LSS;ORP,Emily Norton,,TRUE,,,Sent to OSU for Extraction and Sequencing in 2021,Sequencing Facility,TRUE,FALSE,
E182.1B.AX20,182,1,,FALSE,AX20,TN383 Axial 2020,09/09/20,,Nisk-05-12,5,12,Niskin; Sterivex 0.22µm filter,95% EtOH,Axial Seamount,SRZ,,1550.0,163,45˚ 52.035' N,130˚ 00.126' W,,,,15:50,,2000,2.4,,34.5,34.583 μmol/kg,,0.0241;121.734,LSS;ORP,Emily Norton,,TRUE,,,Sent to OSU for Extraction and Sequencing in 2021,Sequencing Facility,TRUE,FALSE,
E182.2B.AX20,182,2,,FALSE,AX20,TN383 Axial 2020,09/09/20,,Nisk-05-13,5,13,Niskin; Sterivex 0.22µm filter,95% EtOH,Axial Seamount,SRZ,,1550.0,163,45˚ 52.035' N,130˚ 00.126' W,,,,15:50,,2000,2.4,,34.5,34.5725 μmol/kg,,0.0233;121.734,LSS;ORP,Emily Norton,,TRUE,,,Sent to OSU for Extraction and Sequencing in 2021,Sequencing Facility,TRUE,FALSE,
E183.1B.AX20,183,1,,FALSE,AX20,TN383 Axial 2020,09/09/20,,Nisk-05-14,5,14,Niskin; Sterivex 0.22µm filter,95% EtOH,Axial Seamount,SRZ,,1500.0,213,45˚ 52.035' N,130˚ 00.126' W,,,,15:53,,2000,2.4,,34.5,31.777 μmol/kg,,0.0234;122.013,LSS;ORP,Emily Norton,,TRUE,,,Sent to OSU for Extraction and Sequencing in 2021,Sequencing Facility,TRUE,FALSE,
E183.2B.AX20,183,2,,FALSE,AX20,TN383 Axial 2020,09/09/20,,Nisk-05-15,5,15,Niskin; Sterivex 0.22µm filter,95% EtOH,Axial Seamount,SRZ,,1500.0,213,45˚ 52.035' N,130˚ 00.126' W,,,,15:53,,2000,2.4,,34.5,31.759 μmol/kg,,0.0236;122.018,LSS;ORP,Emily Norton,,TRUE,,,Sent to OSU for Extraction and Sequencing in 2021,Sequencing Facility,TRUE,FALSE,
E184.1B.AX20,184,1,,FALSE,AX20,TN383 Axial 2020,09/09/20,,Nisk-05-16,5,16,Niskin; Sterivex 0.22µm filter,95% EtOH,Axial Seamount,SRZ,top of plume,1450.0,263,45˚ 52.035' N,130˚ 00.126' W,,,,15:55,,2000,2.5,,34.5,29.0835 μmol/kg,,0.0194;122.043,LSS;ORP,Emily Norton,,TRUE,,,Sent to OSU for Extraction and Sequencing in 2021,Sequencing Facility,TRUE,FALSE,
E184.2B.AX20,184,2,,FALSE,AX20,TN383 Axial 2020,09/09/20,,Nisk-05-17,5,17,Niskin; Sterivex 0.22µm filter,95% EtOH,Axial Seamount,SRZ,top of plume,1450.0,263,45˚ 52.035' N,130˚ 00.126' W,,,,15:55,,2000,2.5,,34.5,29.0815 μmol/kg,,0.0191;122.088,LSS;ORP,Emily Norton,,TRUE,,,Sent to OSU for Extraction and Sequencing in 2021,Sequencing Facility,TRUE,FALSE,
E184.3B.AX20,184,3,,FALSE,AX20,TN383 Axial 2020,09/09/20,,Nisk-05-18,5,18,Niskin; Sterivex 0.22µm filter,95% EtOH,Axial Seamount,SRZ,top of plume,1450.0,263,45˚ 52.035' N,130˚ 00.126' W,,,,15:55,,2000,2.5,,34.5,29.059 μmol/kg,,0.0202;122.058,LSS;ORP,Emily Norton,,TRUE,,,Sent to OSU for Extraction and Sequencing in 2021,Sequencing Facility,TRUE,FALSE,
E185.1B.AX20,185,1,,FALSE,AX20,TN383 Axial 2020,09/09/20,,Nisk-05-19,5,19,Niskin; Sterivex 0.22µm filter,95% EtOH,Axial Seamount,SRZ,,1400.0,313,45˚ 52.035' N,130˚ 00.126' W,,,,15:57,,2000,2.6,,34.5,26.1975 μmol/kg,,0.0145;122.128,LSS;ORP,Emily Norton,,TRUE,,,Sent to OSU for Extraction and Sequencing in 2021,Sequencing Facility,TRUE,FALSE,
E185.2B.AX20,185,2,,FALSE,AX20,TN383 Axial 2020,09/09/20,,Nisk-05-20,5,20,Niskin; Sterivex 0.22µm filter,95% EtOH,Axial Seamount,SRZ,,1400.0,313,45˚ 52.035' N,130˚ 00.126' W,,,,15:57,,2000,2.6,,34.5,26.0615 μmol/kg,,0.0152;122.142,LSS;ORP,Emily Norton,,TRUE,,,Sent to OSU for Extraction and Sequencing in 2021,Sequencing Facility,TRUE,FALSE,
E186.1B.AX20,186,1,,FALSE,AX20,TN383 Axial 2020,09/09/20,,Nisk-05-21,5,21,Niskin; Sterivex 0.22µm filter,95% EtOH,Axial Seamount,SRZ,,1350.0,363,45˚ 52.035' N,130˚ 00.126' W,,,,15:59,,2000,2.7,,34.5,23.749 μmol/kg,,0.0148;122.108,LSS;ORP,Emily Norton,,TRUE,,,Sent to OSU for Extraction and Sequencing in 2021,Sequencing Facility,TRUE,FALSE,
E186.2B.AX20,186,2,,FALSE,AX20,TN383 Axial 2020,09/09/20,,Nisk-05-22,5,22,Niskin; Sterivex 0.22µm filter,95% EtOH,Axial Seamount,SRZ,,1350.0,363,45˚ 52.035' N,130˚ 00.126' W,,,,15:59,,2000,2.7,,34.5,23.6805 μmol/kg,,0.0141;122.108,LSS;ORP,Emily Norton,,TRUE,,,Sent to OSU for Extraction and Sequencing in 2021,Sequencing Facility,TRUE,FALSE,
E187.1B.AX20,187,1,,FALSE,AX20,TN383 Axial 2020,09/09/20,,Nisk-05-23,5,23,Niskin; Sterivex 0.22µm filter,95% EtOH,Axial Seamount,SRZ,,1300.0,413,45˚ 52.035' N,130˚ 00.126' W,,,,16:01,,2000,2.8,,34.5,20.021 μmol/kg,,0.0157;122.147,LSS;ORP,Emily Norton,,TRUE,,,Sent to OSU for Extraction and Sequencing in 2021,Sequencing Facility,TRUE,FALSE,
E187.2B.AX20,187,2,,FALSE,AX20,TN383 Axial 2020,09/09/20,,Nisk-05-24,5,24,Niskin; Sterivex 0.22µm filter,95% EtOH,Axial Seamount,SRZ,,1300.0,413,45˚ 52.035' N,130˚ 00.126' W,,,,16:01,,2000,2.8,,34.5,20.0225 μmol/kg,,0.0159;122.197,LSS;ORP,Emily Norton,,TRUE,,,Sent to OSU for Extraction and Sequencing in 2021,Sequencing Facility,TRUE,FALSE,
E188.1B.AX20,188,1,,FALSE,AX20,TN383 Axial 2020,09/14/20,,Nisk-06-01,6,1,Niskin; Sterivex 0.22µm filter,95% EtOH,Axial Seamount,NRZ,near bottom,1769.0,8,46˚ 07.182' N,129˚58.169' W,,,,6:07,,2000,2.1,,34.6,50.214 μmol/kg,,0.0189;96.7,LSS;ORP,Emily Norton,,TRUE,,,Sent to OSU for Extraction and Sequencing in 2021,Sequencing Facility,TRUE,FALSE,
E188.2B.AX20,188,2,,FALSE,AX20,TN383 Axial 2020,09/14/20,,Nisk-06-02,6,2,Niskin; Sterivex 0.22µm filter,95% EtOH,Axial Seamount,NRZ,near bottom,1769.0,8,46˚ 07.182' N,129˚58.169' W,,,,6:07,,2000,2.1,,34.6,50.2225 μmol/kg,,0.0172;96.8,LSS;ORP,Emily Norton,,TRUE,,,Sent to OSU for Extraction and Sequencing in 2021,Sequencing Facility,TRUE,FALSE,
E188.3B.AX20,188,3,,FALSE,AX20,TN383 Axial 2020,09/14/20,,Nisk-06-03,6,3,Niskin; Sterivex 0.22µm filter,95% EtOH,Axial Seamount,NRZ,near bottom,1769.0,8,46˚ 07.182' N,129˚58.169' W,,,,6:07,,2000,2.1,,34.6,50.218 μmol/kg,,0.0174;96.8,LSS;ORP,Emily Norton,,TRUE,,,Sent to OSU for Extraction and Sequencing in 2021,Sequencing Facility,TRUE,FALSE,
E189.1B.AX20,189,1,,FALSE,AX20,TN383 Axial 2020,09/14/20,,Nisk-06-04,6,4,Niskin; Sterivex 0.22µm filter,95% EtOH,Axial Seamount,NRZ,,1715.0,62,46˚ 07.182' N,129˚58.169' W,,,,6:10,,2000,2.2,,34.6,45.9465 μmol/kg,,0.0165;96.8,LSS;ORP,Emily Norton,,TRUE,,,Sent to OSU for Extraction and Sequencing in 2021,Sequencing Facility,TRUE,FALSE,
E189.2B.AX20,189,2,,FALSE,AX20,TN383 Axial 2020,09/14/20,,Nisk-06-05,6,5,Niskin; Sterivex 0.22µm filter,95% EtOH,Axial Seamount,NRZ,,1715.0,62,46˚ 07.182' N,129˚58.169' W,,,,6:10,,2000,2.2,,34.6,45.8965 μmol/kg,,0.0171;96.8,LSS;ORP,Emily Norton,,TRUE,,,Sent to OSU for Extraction and Sequencing in 2021,Sequencing Facility,TRUE,FALSE,
E189.3B.AX20,189,3,,FALSE,AX20,TN383 Axial 2020,09/14/20,,Nisk-06-06,6,6,Niskin; Sterivex 0.22µm filter,95% EtOH,Axial Seamount,NRZ,,1715.0,62,46˚ 07.182' N,129˚58.169' W,,,,6:10,,2000,2.2,,34.6,45.8875 μmol/kg,,0.0225;97.0,LSS;ORP,Emily Norton,,TRUE,,,Sent to OSU for Extraction and Sequencing in 2021,Sequencing Facility,TRUE,FALSE,
E190.1B.AX20,190,1,,FALSE,AX20,TN383 Axial 2020,09/14/20,,Nisk-06-07,6,7,Niskin; Sterivex 0.22µm filter,95% EtOH,Axial Seamount,NRZ,,1650.0,127,46˚ 07.182' N,129˚58.169' W,,,,6:12,,2000,2.2,,34.5,40.9035 μmol/kg,,0.0150;97.1,LSS;ORP,Emily Norton,,TRUE,,,Sent to OSU for Extraction and Sequencing in 2021,Sequencing Facility,TRUE,FALSE,
E190.2B.AX20,190,2,,FALSE,AX20,TN383 Axial 2020,09/14/20,,Nisk-06-08,6,8,Niskin; Sterivex 0.22µm filter,95% EtOH,Axial Seamount,NRZ,,1650.0,127,46˚ 07.182' N,129˚58.169' W,,,,6:12,,2000,2.2,,34.5,40.821 μmol/kg,,0.0198;97.1,LSS;ORP,Emily Norton,,TRUE,,,Sent to OSU for Extraction and Sequencing in 2021,Sequencing Facility,TRUE,FALSE,
E191.1B.AX20,191,1,,FALSE,AX20,TN383 Axial 2020,09/14/20,,Nisk-06-09,6,9,Niskin; Sterivex 0.22µm filter,95% EtOH,Axial Seamount,NRZ,,1600.0,177,46˚ 07.182' N,129˚58.169' W,,,,6:15,,2000,2.3,,34.5,38.655 μmol/kg,,0.0196;97.6,LSS;ORP,Emily Norton,,TRUE,,,Sent to OSU for Extraction and Sequencing in 2021,Sequencing Facility,TRUE,FALSE,
E191.2B.AX20,191,2,,FALSE,AX20,TN383 Axial 2020,09/14/20,,Nisk-06-10,6,10,Niskin; Sterivex 0.22µm filter,95% EtOH,Axial Seamount,NRZ,,1600.0,177,46˚ 07.182' N,129˚58.169' W,,,,6:15,,2000,2.3,,34.5,38.671 μmol/kg,,0.0153;97.6,LSS;ORP,Emily Norton,,TRUE,,,Sent to OSU for Extraction and Sequencing in 2021,Sequencing Facility,TRUE,FALSE,
E192.1B.AX20,192,1,,FALSE,AX20,TN383 Axial 2020,09/14/20,,Nisk-06-11,6,11,Niskin; Sterivex 0.22µm filter,95% EtOH,Axial Seamount,NRZ,where Sharon saw peak signal from J2-1294 MAPR data,1530.0,247,46˚ 07.182' N,129˚58.169' W,,,,6:17,,2000,2.4,,34.5,34.1135 μmol/kg,,0.0153;97.8,LSS;ORP,Emily Norton,,TRUE,,,Sent to OSU for Extraction and Sequencing in 2021,Sequencing Facility,TRUE,FALSE,
E192.2B.AX20,192,2,,FALSE,AX20,TN383 Axial 2020,09/14/20,,Nisk-06-12,6,12,Niskin; Sterivex 0.22µm filter,95% EtOH,Axial Seamount,NRZ,where Sharon saw peak signal from J2-1294 MAPR data,1530.0,247,46˚ 07.182' N,129˚58.169' W,,,,6:17,,2000,2.4,,34.5,33.908 μmol/kg,,0.0131;97.9,LSS;ORP,Emily Norton,,TRUE,,,Sent to OSU for Extraction and Sequencing in 2021,Sequencing Facility,TRUE,FALSE,
E192.3B.AX20,192,3,,FALSE,AX20,TN383 Axial 2020,09/14/20,,Nisk-06-13,6,13,Niskin; Sterivex 0.22µm filter,95% EtOH,Axial Seamount,NRZ,where Sharon saw peak signal from J2-1294 MAPR data,1530.0,247,46˚ 07.182' N,129˚58.169' W,,,,6:17,,2000,2.4,,34.5,33.5385 μmol/kg,,0.0161;98.0,LSS;ORP,Emily Norton,,TRUE,,,Sent to OSU for Extraction and Sequencing in 2021,Sequencing Facility,TRUE,FALSE,
E193.1B.AX20,193,1,,FALSE,AX20,TN383 Axial 2020,09/14/20,,Nisk-06-14,6,14,Niskin; Sterivex 0.22µm filter,95% EtOH,Axial Seamount,NRZ,,1500.0,277,46˚ 07.182' N,129˚58.169' W,,,,6:19,,2000,2.4,,34.5,31.8425 μmol/kg,,0.0149;98.3,LSS;ORP,Emily Norton,,TRUE,,,Sent to OSU for Extraction and Sequencing in 2021,Sequencing Facility,TRUE,FALSE,
E193.2B.AX20,193,2,,FALSE,AX20,TN383 Axial 2020,09/14/20,,Nisk-06-15,6,15,Niskin; Sterivex 0.22µm filter,95% EtOH,Axial Seamount,NRZ,,1500.0,277,46˚ 07.182' N,129˚58.169' W,,,,6:19,,2000,2.4,,34.5,31.8345 μmol/kg,,0.0136;98.3,LSS;ORP,Emily Norton,,TRUE,,,Sent to OSU for Extraction and Sequencing in 2021,Sequencing Facility,TRUE,FALSE,
E194.1B.AX20,194,1,,FALSE,AX20,TN383 Axial 2020,09/14/20,,Nisk-06-16,6,16,Niskin; Sterivex 0.22µm filter,95% EtOH,Axial Seamount,NRZ,presumed top of plume (from J2-1294 MAPR data),1460.0,317,46˚ 07.182' N,129˚58.169' W,,,,6:21,,2000,2.5,,34.5,29.1905 μmol/kg,,0.0158;98.7,LSS;ORP,Emily Norton,,TRUE,,,Sent to OSU for Extraction and Sequencing in 2021,Sequencing Facility,TRUE,FALSE,
E194.2B.AX20,194,2,,FALSE,AX20,TN383 Axial 2020,09/14/20,,Nisk-06-17,6,17,Niskin; Sterivex 0.22µm filter,95% EtOH,Axial Seamount,NRZ,presumed top of plume (from J2-1294 MAPR data),1460.0,317,46˚ 07.182' N,129˚58.169' W,,,,6:21,,2000,2.5,,34.5,29.096 μmol/kg,,0.0156;98.6,LSS;ORP,Emily Norton,,TRUE,,,Sent to OSU for Extraction and Sequencing in 2021,Sequencing Facility,TRUE,FALSE,
E194.3B.AX20,194,3,,FALSE,AX20,TN383 Axial 2020,09/14/20,,Nisk-06-18,6,18,Niskin; Sterivex 0.22µm filter,95% EtOH,Axial Seamount,NRZ,presumed top of plume (from J2-1294 MAPR data),1460.0,317,46˚ 07.182' N,129˚58.169' W,,,,6:21,,2000,2.5,,34.5,29.1435 μmol/kg,,0.0200;98.7,LSS;ORP,Emily Norton,,TRUE,,,Sent to OSU for Extraction and Sequencing in 2021,Sequencing Facility,TRUE,FALSE,
E195.1B.AX20,195,1,,FALSE,AX20,TN383 Axial 2020,09/14/20,,Nisk-06-19,6,19,Niskin; Sterivex 0.22µm filter,95% EtOH,Axial Seamount,NRZ,,1400.0,377,46˚ 07.182' N,129˚58.169' W,,,,6:24,,2000,2.6,,34.5,24.3245 μmol/kg,,0.0147;99.0,LSS;ORP,Emily Norton,,TRUE,,,Sent to OSU for Extraction and Sequencing in 2021,Sequencing Facility,TRUE,FALSE,
E195.2B.AX20,195,2,,FALSE,AX20,TN383 Axial 2020,09/14/20,,Nisk-06-20,6,20,Niskin; Sterivex 0.22µm filter,95% EtOH,Axial Seamount,NRZ,,1400.0,377,46˚ 07.182' N,129˚58.169' W,,,,6:24,,2000,2.6,,34.5,24.338 μmol/kg,,0.0142;99.0,LSS;ORP,Emily Norton,,TRUE,,,Sent to OSU for Extraction and Sequencing in 2021,Sequencing Facility,TRUE,FALSE,
E196.1B.AX20,196,1,,FALSE,AX20,TN383 Axial 2020,09/14/20,,Nisk-06-21,6,21,Niskin; Sterivex 0.22µm filter,95% EtOH,Axial Seamount,NRZ,,1350.0,427,46˚ 07.182' N,129˚58.169' W,,,,6:26,,2000,2.7,,34.5,21.0185 μmol/kg,,0.0142;99.3,LSS;ORP,Emily Norton,,TRUE,,,Sent to OSU for Extraction and Sequencing in 2021,Sequencing Facility,TRUE,FALSE,
E196.2B.AX20,196,2,,FALSE,AX20,TN383 Axial 2020,09/14/20,,Nisk-06-22,6,22,Niskin; Sterivex 0.22µm filter,95% EtOH,Axial Seamount,NRZ,,1350.0,427,46˚ 07.182' N,129˚58.169' W,,,,6:26,,2000,2.7,,34.5,21.028 μmol/kg,,"0.0140;99,3",LSS;ORP,Emily Norton,,TRUE,,,Sent to OSU for Extraction and Sequencing in 2021,Sequencing Facility,TRUE,FALSE,
E197.1B.AX20,197,1,,FALSE,AX20,TN383 Axial 2020,09/14/20,,Nisk-06-23,6,23,Niskin; Sterivex 0.22µm filter,95% EtOH,Axial Seamount,NRZ,,1300.0,477,46˚ 07.182' N,129˚58.169' W,,,,6:28,,2000,2.8,,34.5,19.002 μmol/kg,,0.0142;99.5,LSS;ORP,Emily Norton,,TRUE,,,Sent to OSU for Extraction and Sequencing in 2021,Sequencing Facility,TRUE,FALSE,
E197.2B.AX20,197,2,,FALSE,AX20,TN383 Axial 2020,09/14/20,,Nisk-06-24,6,24,Niskin; Sterivex 0.22µm filter,95% EtOH,Axial Seamount,NRZ,,1300.0,477,46˚ 07.182' N,129˚58.169' W,,,,6:28,,2000,2.8,,34.5,18.9935 μmol/kg,,0.0152;99.5,LSS;ORP,Emily Norton,,TRUE,,,Sent to OSU for Extraction and Sequencing in 2021,Sequencing Facility,TRUE,FALSE,
E198.1B.AX20,198,1,,FALSE,AX20,TN383 Axial 2020,09/15/20,,Nisk-07-01,7,1,Niskin; Sterivex 0.22µm filter,95% EtOH,Axial Seamount,Dymond,near bottom,1960.0,11,45˚ 52.747' N,129˚ 48.200' W,,,,16:37,,2000,2.0,,34.6,57.3665 μmol/kg,,0.0258;104.6,LSS;ORP,Emily Norton,,TRUE,,,Sent to OSU for Extraction and Sequencing in 2021,Sequencing Facility,TRUE,FALSE,
E198.2B.AX20,198,2,,FALSE,AX20,TN383 Axial 2020,09/15/20,,Nisk-07-02,7,2,Niskin; Sterivex 0.22µm filter,95% EtOH,Axial Seamount,Dymond,near bottom,1960.0,11,45˚ 52.747' N,129˚ 48.200' W,,,,16:37,,2000,2.0,,34.6,57.362 μmol/kg,,0.0225;104.6,LSS;ORP,Emily Norton,,TRUE,,,Sent to OSU for Extraction and Sequencing in 2021,Sequencing Facility,TRUE,FALSE,
E198.3B.AX20,198,3,,FALSE,AX20,TN383 Axial 2020,09/15/20,,Nisk-07-03,7,3,Niskin; Sterivex 0.22µm filter,95% EtOH,Axial Seamount,Dymond,near bottom,1960.0,11,45˚ 52.747' N,129˚ 48.200' W,,,,16:37,,2000,2.0,,34.6,57.349 μmol/kg,,0.0206;104.8,LSS;ORP,Emily Norton,,TRUE,,,Sent to OSU for Extraction and Sequencing in 2021,Sequencing Facility,TRUE,FALSE,
E199.1B.AX20,199,1,,FALSE,AX20,TN383 Axial 2020,09/15/20,,Nisk-07-04,7,4,Niskin; Sterivex 0.22µm filter,95% EtOH,Axial Seamount,Dymond,in plume,1930.0,42,45˚ 52.747' N,129˚ 48.200' W,,,,16:40,,2000,2.0,,34.6,57.159 μmol/kg,,0.0204;105.1,LSS;ORP,Emily Norton,,TRUE,,,Sent to OSU for Extraction and Sequencing in 2021,Sequencing Facility,TRUE,FALSE,
E199.2B.AX20,199,2,,FALSE,AX20,TN383 Axial 2020,09/15/20,,Nisk-07-05,7,5,Niskin; Sterivex 0.22µm filter,95% EtOH,Axial Seamount,Dymond,in plume,1930.0,42,45˚ 52.747' N,129˚ 48.200' W,,,,16:40,,2000,2.0,,34.6,57.18 μmol/kg,,0.0212;105.1,LSS;ORP,Emily Norton,,TRUE,,,Sent to OSU for Extraction and Sequencing in 2021,Sequencing Facility,TRUE,FALSE,
E199.3B.AX20,199,3,,FALSE,AX20,TN383 Axial 2020,09/15/20,,Nisk-07-06,7,6,Niskin; Sterivex 0.22µm filter,95% EtOH,Axial Seamount,Dymond,in plume,1930.0,42,45˚ 52.747' N,129˚ 48.200' W,,,,16:40,,2000,2.0,,34.6,57.1695 μmol/kg,,0.0212;105.2,LSS;ORP,Emily Norton,,TRUE,,,Sent to OSU for Extraction and Sequencing in 2021,Sequencing Facility,TRUE,FALSE,
E200.1B.AX20,200,1,,FALSE,AX20,TN383 Axial 2020,09/15/20,,Nisk-07-07,7,7,Niskin; Sterivex 0.22µm filter,95% EtOH,Axial Seamount,Dymond,change in ORP signal,1890.0,82,45˚ 52.747' N,129˚ 48.200' W,,,,16:43,,2000,2.0,,34.6,55.4075 μmol/kg,,0.0173;105.7,LSS;ORP,Emily Norton,,TRUE,,,Sent to OSU for Extraction and Sequencing in 2021,Sequencing Facility,TRUE,FALSE,
E200.2B.AX20,200,2,,FALSE,AX20,TN383 Axial 2020,09/15/20,,Nisk-07-08,7,8,Niskin; Sterivex 0.22µm filter,95% EtOH,Axial Seamount,Dymond,change in ORP signal,1890.0,82,45˚ 52.747' N,129˚ 48.200' W,,,,16:43,,2000,2.0,,34.6,55.3015 μmol/kg,,0.0188;105.6,LSS;ORP,Emily Norton,,TRUE,,,Sent to OSU for Extraction and Sequencing in 2021,Sequencing Facility,TRUE,FALSE,
E201.1B.AX20,201,1,,FALSE,AX20,TN383 Axial 2020,09/15/20,,Nisk-07-09,7,9,Niskin; Sterivex 0.22µm filter,95% EtOH,Axial Seamount,Dymond,change in ORP 1830,1830.0,142,45˚ 52.747' N,129˚ 48.200' W,,,,16:46,,2000,2.1,,34.6,52.4565 μmol/kg,,0.0165;97.3,LSS;ORP,Emily Norton,,TRUE,,,Sent to OSU for Extraction and Sequencing in 2021,Sequencing Facility,TRUE,FALSE,
E201.2B.AX20,201,2,,FALSE,AX20,TN383 Axial 2020,09/15/20,,Nisk-07-10,7,10,Niskin; Sterivex 0.22µm filter,95% EtOH,Axial Seamount,Dymond,change in ORP 1830,1830.0,142,45˚ 52.747' N,129˚ 48.200' W,,,,16:46,,2000,2.1,,34.6,52.469 μmol/kg,,0.0150;97.1,LSS;ORP,Emily Norton,,TRUE,,,Sent to OSU for Extraction and Sequencing in 2021,Sequencing Facility,TRUE,FALSE,
E201.3B.AX20,201,3,,FALSE,AX20,TN383 Axial 2020,09/15/20,,Nisk-07-11,7,11,Niskin; Sterivex 0.22µm filter,95% EtOH,Axial Seamount,Dymond,change in ORP 1830,1830.0,142,45˚ 52.747' N,129˚ 48.200' W,,,,16:46,,2000,2.1,,34.6,52.423 μmol/kg,,0.0158;96.8,LSS;ORP,Emily Norton,,TRUE,,,Sent to OSU for Extraction and Sequencing in 2021,Sequencing Facility,TRUE,FALSE,
E202.1B.AX20,202,1,,FALSE,AX20,TN383 Axial 2020,09/15/20,,Nisk-07-12,7,12,Niskin; Sterivex 0.22µm filter,95% EtOH,Axial Seamount,Dymond,,1650.0,162,45˚ 52.747' N,129˚ 48.200' W,,,,16:53,,2000,2.2,,34.5,41.5215 μmol/kg,,0.0165;99.5,LSS;ORP,Emily Norton,,TRUE,,,Sent to OSU for Extraction and Sequencing in 2021,Sequencing Facility,TRUE,FALSE,
E202.2B.AX20,202,2,,FALSE,AX20,TN383 Axial 2020,09/15/20,,Nisk-07-13,7,13,Niskin; Sterivex 0.22µm filter,95% EtOH,Axial Seamount,Dymond,,1650.0,162,45˚ 52.747' N,129˚ 48.200' W,,,,16:53,,2000,2.2,,34.5,41.592 μmol/kg,,0.0167;99.5,LSS;ORP,Emily Norton,,TRUE,,,Sent to OSU for Extraction and Sequencing in 2021,Sequencing Facility,TRUE,FALSE,
E203.1B.AX20,203,1,,FALSE,AX20,TN383 Axial 2020,09/15/20,,Nisk-07-14,7,14,Niskin; Sterivex 0.22µm filter,95% EtOH,Axial Seamount,Dymond,small turbidity signal here,1500.0,212,45˚ 52.747' N,129˚ 48.200' W,,,,16:58,,2500,2.4,,34.5,31.8265 μmol/kg,,0.0210;101.2,LSS;ORP,Emily Norton,,TRUE,,,Sent to OSU for Extraction and Sequencing in 2021,Sequencing Facility,TRUE,FALSE,
E203.2B.AX20,203,2,,FALSE,AX20,TN383 Axial 2020,09/15/20,,Nisk-07-15,7,15,Niskin; Sterivex 0.22µm filter,95% EtOH,Axial Seamount,Dymond,small turbidity signal here,1500.0,212,45˚ 52.747' N,129˚ 48.200' W,,,,16:58,,2000,2.4,,34.5,31.7845 μmol/kg,,0.0233;101.3,LSS;ORP,Emily Norton,,TRUE,,,Sent to OSU for Extraction and Sequencing in 2021,Sequencing Facility,TRUE,FALSE,
E203.3B.AX20,203,3,,FALSE,AX20,TN383 Axial 2020,09/15/20,,Nisk-07-16,7,16,Niskin; Sterivex 0.22µm filter,95% EtOH,Axial Seamount,Dymond,small turbidity signal here,1500.0,212,45˚ 52.747' N,129˚ 48.200' W,,,,16:58,,2000,2.4,,34.5,31.749 μmol/kg,,0.0219;101.4,LSS;ORP,Emily Norton,,TRUE,,,Sent to OSU for Extraction and Sequencing in 2021,Sequencing Facility,TRUE,FALSE,
E204.1B.AX20,204,1,,FALSE,AX20,TN383 Axial 2020,09/15/20,,Nisk-07-17,7,17,Niskin; Sterivex 0.22µm filter,95% EtOH,Axial Seamount,Dymond,,1450.0,262,45˚ 52.747' N,129˚ 48.200' W,,,,17:01,,2000,2.5,,34.5,29.3235 μmol/kg,,0.0154;102.1,LSS;ORP,Emily Norton,,TRUE,,,Sent to OSU for Extraction and Sequencing in 2021,Sequencing Facility,TRUE,FALSE,
E204.2B.AX20,204,2,,FALSE,AX20,TN383 Axial 2020,09/15/20,,Nisk-07-18,7,18,Niskin; Sterivex 0.22µm filter,95% EtOH,Axial Seamount,Dymond,,1450.0,262,45˚ 52.747' N,129˚ 48.200' W,,,,17:01,,2000,2.5,,34.5,29.322 μmol/kg,,0.0155;102.2,LSS;ORP,Emily Norton,,TRUE,,,Sent to OSU for Extraction and Sequencing in 2021,Sequencing Facility,TRUE,FALSE,
E205.1B.AX20,205,1,,FALSE,AX20,TN383 Axial 2020,09/15/20,,Nisk-07-19,7,19,Niskin; Sterivex 0.22µm filter,95% EtOH,Axial Seamount,Dymond,,1400.0,312,45˚ 52.747' N,129˚ 48.200' W,,,,17:05,,2000,2.6,,34.5,26.058 μmol/kg,,0.0142;102.7,LSS;ORP,Emily Norton,,TRUE,,,Sent to OSU for Extraction and Sequencing in 2021,Sequencing Facility,TRUE,FALSE,
E205.2B.AX20,205,2,,FALSE,AX20,TN383 Axial 2020,09/15/20,,Nisk-07-20,7,20,Niskin; Sterivex 0.22µm filter,95% EtOH,Axial Seamount,Dymond,,1400.0,312,45˚ 52.747' N,129˚ 48.200' W,,,,17:05,,2000,2.6,,34.5,26.05 μmol/kg,,0.0182;102.8,LSS;ORP,Emily Norton,,TRUE,,,Sent to OSU for Extraction and Sequencing in 2021,Sequencing Facility,TRUE,FALSE,
E206.1B.AX20,206,1,,FALSE,AX20,TN383 Axial 2020,09/15/20,,Nisk-07-21,7,21,Niskin; Sterivex 0.22µm filter,95% EtOH,Axial Seamount,Dymond,,1350.0,362,45˚ 52.747' N,129˚ 48.200' W,,,,17:07,,2000,2.7,,34.5,22.068 μmol/kg,,0.0141;103.2,LSS;ORP,Emily Norton,,TRUE,,,Sent to OSU for Extraction and Sequencing in 2021,Sequencing Facility,TRUE,FALSE,
E206.2B.AX20,206,2,,FALSE,AX20,TN383 Axial 2020,09/15/20,,Nisk-07-22,7,22,Niskin; Sterivex 0.22µm filter,95% EtOH,Axial Seamount,Dymond,,1350.0,362,45˚ 52.747' N,129˚ 48.200' W,,,,17:07,,2000,2.7,,34.5,21.9385 μmol/kg,,0.0137;103.2,LSS;ORP,Emily Norton,,TRUE,,,Sent to OSU for Extraction and Sequencing in 2021,Sequencing Facility,TRUE,FALSE,
E207.1B.AX20,207,1,,FALSE,AX20,TN383 Axial 2020,09/15/20,,Nisk-07-23,7,23,Niskin; Sterivex 0.22µm filter,95% EtOH,Axial Seamount,Dymond,,1300.0,412,45˚ 52.747' N,129˚ 48.200' W,,,,17:09,,2000,2.8,,34.5,19.0825 μmol/kg,,0.0147;103.5,LSS;ORP,Emily Norton,,TRUE,,,Sent to OSU for Extraction and Sequencing in 2021,Sequencing Facility,TRUE,FALSE,
E207.2B.AX20,207,2,,FALSE,AX20,TN383 Axial 2020,09/15/20,,Nisk-07-24,7,24,Niskin; Sterivex 0.22µm filter,95% EtOH,Axial Seamount,Dymond,,1300.0,412,45˚ 52.747' N,129˚ 48.200' W,,,,17:09,,2000,2.8,,34.5,19.0675 μmol/kg,,0.0134;103.5,LSS;ORP,Emily Norton,,TRUE,,,Sent to OSU for Extraction and Sequencing in 2021,Sequencing Facility,TRUE,FALSE,
E208.1B.AX20,208,1,,FALSE,AX20,TN383 Axial 2020,09/16/20,,Nisk-08-01,8,1,Niskin; Sterivex 0.22µm filter,95% EtOH,Axial Seamount,Mid-NRZ Flow,near bottom,1715.0,8,46˚ 04.487' N,129˚ 59.649' W,,,,1:37,,2000,2.1,,34.6,49.4465 μmol/kg,,0.0216;118.4,LSS;ORP,Emily Norton,,TRUE,,,Sent to OSU for Extraction and Sequencing in 2021,Sequencing Facility,TRUE,FALSE,
E208.2B.AX20,208,2,,FALSE,AX20,TN383 Axial 2020,09/16/20,,Nisk-08-03,8,3,Niskin; Sterivex 0.22µm filter,95% EtOH,Axial Seamount,Mid-NRZ Flow,near bottom,1715.0,8,46˚ 04.487' N,129˚ 59.649' W,,,,1:37,,2000,2.1,,34.6,49.4635 μmol/kg,,0.0180;118.3,LSS;ORP,Emily Norton,,TRUE,,,Sent to OSU for Extraction and Sequencing in 2021,Sequencing Facility,TRUE,FALSE,
E209.1B.AX20,209,1,,FALSE,AX20,TN383 Axial 2020,09/16/20,,Nisk-08-04,8,4,Niskin; Sterivex 0.22µm filter,95% EtOH,Axial Seamount,Mid-NRZ Flow,in plume?,1690.0,34,46˚ 04.487' N,129˚ 59.649' W,,,,1:39,,2000,2.1,,34.6,48.041 μmol/kg,,0.0190;117.8,LSS;ORP,Emily Norton,,TRUE,,,Sent to OSU for Extraction and Sequencing in 2021,Sequencing Facility,TRUE,FALSE,
E209.2B.AX20,209,2,,FALSE,AX20,TN383 Axial 2020,09/16/20,,Nisk-08-05,8,5,Niskin; Sterivex 0.22µm filter,95% EtOH,Axial Seamount,Mid-NRZ Flow,in plume?,1690.0,34,46˚ 04.487' N,129˚ 59.649' W,,,,1:39,,2000,2.1,,34.6,47.747 μmol/kg,,0.0206;117.8,LSS;ORP,Emily Norton,,TRUE,,,Sent to OSU for Extraction and Sequencing in 2021,Sequencing Facility,TRUE,FALSE,
E209.3B.AX20,209,3,,FALSE,AX20,TN383 Axial 2020,09/16/20,,Nisk-08-06,8,6,Niskin; Sterivex 0.22µm filter,95% EtOH,Axial Seamount,Mid-NRZ Flow,in plume?,1690.0,34,46˚ 04.487' N,129˚ 59.649' W,,,,1:39,,2000,2.1,,34.6,47.5295 μmol/kg,,0.0202;117.8,LSS;ORP,Emily Norton,,TRUE,,,Sent to OSU for Extraction and Sequencing in 2021,Sequencing Facility,TRUE,FALSE,
E210.1B.AX20,210,1,,FALSE,AX20,TN383 Axial 2020,09/16/20,,Nisk-08-07,8,7,Niskin; Sterivex 0.22µm filter,95% EtOH,Axial Seamount,Mid-NRZ Flow,in plume?,1650.0,74,46˚ 04.487' N,129˚ 59.649' W,,,,1:42,,2000,2.2,,34.6,45.2675 μmol/kg,,0.0195;117.3,LSS;ORP,Emily Norton,,TRUE,,,Sent to OSU for Extraction and Sequencing in 2021,Sequencing Facility,TRUE,FALSE,
E210.2B.AX20,210,2,,FALSE,AX20,TN383 Axial 2020,09/16/20,,Nisk-08-08,8,8,Niskin; Sterivex 0.22µm filter,95% EtOH,Axial Seamount,Mid-NRZ Flow,in plume?,1650.0,74,46˚ 04.487' N,129˚ 59.649' W,,,,1:42,,2000,2.2,,34.6,45.243 μmol/kg,,0.0168;117.3,LSS;ORP,Emily Norton,,TRUE,,,Sent to OSU for Extraction and Sequencing in 2021,Sequencing Facility,TRUE,FALSE,
E210.3B.AX20,210,3,,FALSE,AX20,TN383 Axial 2020,09/16/20,,Nisk-08-09,8,9,Niskin; Sterivex 0.22µm filter,95% EtOH,Axial Seamount,Mid-NRZ Flow,in plume?,1650.0,74,46˚ 04.487' N,129˚ 59.649' W,,,,1:42,,2000,2.2,,34.6,45.2255 μmol/kg,,0.0190;117.3,LSS;ORP,Emily Norton,,TRUE,,,Sent to OSU for Extraction and Sequencing in 2021,Sequencing Facility,TRUE,FALSE,
E211.1B.AX20,211,1,,FALSE,AX20,TN383 Axial 2020,09/16/20,,Nisk-08-10,8,10,Niskin; Sterivex 0.22µm filter,95% EtOH,Axial Seamount,Mid-NRZ Flow,,1600.0,124,46˚ 04.487' N,129˚ 59.649' W,,,,1:45,,2000,2.3,,34.5,39.9 μmol/kg,,0.0176;117.3,LSS;ORP,Emily Norton,,TRUE,,,Sent to OSU for Extraction and Sequencing in 2021,Sequencing Facility,TRUE,FALSE,
E211.2B.AX20,211,2,,FALSE,AX20,TN383 Axial 2020,09/16/20,,Nisk-08-11,8,11,Niskin; Sterivex 0.22µm filter,95% EtOH,Axial Seamount,Mid-NRZ Flow,,1600.0,124,46˚ 04.487' N,129˚ 59.649' W,,,,1:45,,2000,2.3,,34.5,39.778 μmol/kg,,0.0170;117.3,LSS;ORP,Emily Norton,,TRUE,,,Sent to OSU for Extraction and Sequencing in 2021,Sequencing Facility,TRUE,FALSE,
E212.1B.AX20,212,1,,FALSE,AX20,TN383 Axial 2020,09/16/20,,Nisk-08-12,8,12,Niskin; Sterivex 0.22µm filter,95% EtOH,Axial Seamount,Mid-NRZ Flow,,1550.0,174,46˚ 04.487' N,129˚ 59.649' W,,,,1:47,,2000,2.3,,34.5,35.924 μmol/kg,,0.0162;117.6,LSS;ORP,Emily Norton,,TRUE,,,Sent to OSU for Extraction and Sequencing in 2021,Sequencing Facility,TRUE,FALSE,
E212.2B.AX20,212,2,,FALSE,AX20,TN383 Axial 2020,09/16/20,,Nisk-08-13,8,13,Niskin; Sterivex 0.22µm filter,95% EtOH,Axial Seamount,Mid-NRZ Flow,,1550.0,174,46˚ 04.487' N,129˚ 59.649' W,,,,1:47,,2000,2.3,,34.5,35.7955 μmol/kg,,0.0162;117.6,LSS;ORP,Emily Norton,,TRUE,,,Sent to OSU for Extraction and Sequencing in 2021,Sequencing Facility,TRUE,FALSE,
E213.1B.AX20,213,1,,FALSE,AX20,TN383 Axial 2020,09/16/20,,Nisk-08-14,8,14,Niskin; Sterivex 0.22µm filter,95% EtOH,Axial Seamount,Mid-NRZ Flow,,1500.0,224,46˚ 04.487' N,129˚ 59.649' W,,,,1:50,,2000,2.4,,34.5,31.938 μmol/kg,,0.0149;117.8,LSS;ORP,Emily Norton,,TRUE,,,Sent to OSU for Extraction and Sequencing in 2021,Sequencing Facility,TRUE,FALSE,
E213.2B.AX20,213,2,,FALSE,AX20,TN383 Axial 2020,09/16/20,,Nisk-08-15,8,15,Niskin; Sterivex 0.22µm filter,95% EtOH,Axial Seamount,Mid-NRZ Flow,,1500.0,224,46˚ 04.487' N,129˚ 59.649' W,,,,1:50,,2000,2.4,,34.5,31.8 μmol/kg,,0.0175;117.8,LSS;ORP,Emily Norton,,TRUE,,,Sent to OSU for Extraction and Sequencing in 2021,Sequencing Facility,TRUE,FALSE,
E214.1B.AX20,214,1,,FALSE,AX20,TN383 Axial 2020,09/16/20,,Nisk-08-16,8,16,Niskin; Sterivex 0.22µm filter,95% EtOH,Axial Seamount,Mid-NRZ Flow,,1460.0,264,46˚ 04.487' N,129˚ 59.649' W,,,,1:53,,2000,2.5,,34.5,28.1495 μmol/kg,,0.0151;117.8,LSS;ORP,Emily Norton,,TRUE,,,Sent to OSU for Extraction and Sequencing in 2021,Sequencing Facility,TRUE,FALSE,
E214.2B.AX20,214,2,,FALSE,AX20,TN383 Axial 2020,09/16/20,,Nisk-08-18,8,18,Niskin; Sterivex 0.22µm filter,95% EtOH,Axial Seamount,Mid-NRZ Flow,,1460.0,264,46˚ 04.487' N,129˚ 59.649' W,,,,1:53,,2000,2.5,,34.5,28.027 μmol/kg,,0.0136;117.9,LSS;ORP,Emily Norton,,TRUE,,,Sent to OSU for Extraction and Sequencing in 2021,Sequencing Facility,TRUE,FALSE,
E215.1B.AX20,215,1,,FALSE,AX20,TN383 Axial 2020,09/16/20,,Nisk-08-19,8,19,Niskin; Sterivex 0.22µm filter,95% EtOH,Axial Seamount,Mid-NRZ Flow,,1400.0,324,46˚ 04.487' N,129˚ 59.649' W,,,,1:56,,2000,2.6,,34.5,24.6685 μmol/kg,,0.0143;118.2,LSS;ORP,Emily Norton,,TRUE,,,Sent to OSU for Extraction and Sequencing in 2021,Sequencing Facility,TRUE,FALSE,
E215.2B.AX20,215,2,,FALSE,AX20,TN383 Axial 2020,09/16/20,,Nisk-08-20,8,20,Niskin; Sterivex 0.22µm filter,95% EtOH,Axial Seamount,Mid-NRZ Flow,,1400.0,324,46˚ 04.487' N,129˚ 59.649' W,,,,1:56,,2000,2.6,,34.5,24.5855 μmol/kg,,0.0146;118.2,LSS;ORP,Emily Norton,,TRUE,,,Sent to OSU for Extraction and Sequencing in 2021,Sequencing Facility,TRUE,FALSE,
E216.1B.AX20,216,1,,FALSE,AX20,TN383 Axial 2020,09/16/20,,Nisk-08-21,8,21,Niskin; Sterivex 0.22µm filter,95% EtOH,Axial Seamount,Mid-NRZ Flow,,1350.0,374,46˚ 04.487' N,129˚ 59.649' W,,,,1:58,,2000,2.7,,34.5,22.412 μmol/kg,,0.0132;118.2,LSS;ORP,Emily Norton,,TRUE,,,Sent to OSU for Extraction and Sequencing in 2021,Sequencing Facility,TRUE,FALSE,
E216.2B.AX20,216,2,,FALSE,AX20,TN383 Axial 2020,09/16/20,,Nisk-08-22,8,22,Niskin; Sterivex 0.22µm filter,95% EtOH,Axial Seamount,Mid-NRZ Flow,,1350.0,374,46˚ 04.487' N,129˚ 59.649' W,,,,1:58,,2000,2.7,,34.5,22.376 μmol/kg,,0.0143;118.2,LSS;ORP,Emily Norton,,TRUE,,,Sent to OSU for Extraction and Sequencing in 2021,Sequencing Facility,TRUE,FALSE,
E217.1B.AX20,217,1,,FALSE,AX20,TN383 Axial 2020,09/16/20,,Nisk-08-23,8,23,Niskin; Sterivex 0.22µm filter,95% EtOH,Axial Seamount,Mid-NRZ Flow,,1300.0,424,46˚ 04.487' N,129˚ 59.649' W,,,,2:01,,2000,2.7,,34.5,20.332 μmol/kg,,0.0139;118.3,LSS;ORP,Emily Norton,,TRUE,,,Sent to OSU for Extraction and Sequencing in 2021,Sequencing Facility,TRUE,FALSE,
E217.2B.AX20,217,2,,FALSE,AX20,TN383 Axial 2020,09/16/20,,Nisk-08-24,8,24,Niskin; Sterivex 0.22µm filter,95% EtOH,Axial Seamount,Mid-NRZ Flow,,1300.0,424,46˚ 04.487' N,129˚ 59.649' W,,,,2:01,,2000,2.7,,34.5,20.345 μmol/kg,,0.0153;118.3,LSS;ORP,Emily Norton,,TRUE,,,Sent to OSU for Extraction and Sequencing in 2021,Sequencing Facility,TRUE,FALSE,
E218.1B.AX20,218,1,,FALSE,AX20,TN383 Axial 2020,09/19/20,,Nisk-09-01,9,1,Niskin; Sterivex 0.22µm filter,95% EtOH,East of Axial 3 hours; En route to New Port,Background Cast,,1900.0,876,45˚ 31.296' N,129˚ 04.971' W,,,,16:46,,2000,2.0,,34.6,53.102 μmol/kg,,0.0146;109.3,LSS;ORP,Emily Norton,,TRUE,,,Sent to OSU for Extraction and Sequencing in 2021,Sequencing Facility,TRUE,FALSE,
E218.2B.AX20,218,2,,FALSE,AX20,TN383 Axial 2020,09/19/20,,Nisk-09-02,9,2,Niskin; Sterivex 0.22µm filter,95% EtOH,East of Axial 3 hours; En route to New Port,Background Cast,,1900.0,876,45˚ 31.296' N,129˚ 04.971' W,,,,16:46,,2000,2.0,,34.6,53.1055 μmol/kg,,0.0139;109.3,LSS;ORP,Emily Norton,,TRUE,,,Sent to OSU for Extraction and Sequencing in 2021,Sequencing Facility,TRUE,FALSE,
E219.1B.AX20,219,1,,FALSE,AX20,TN383 Axial 2020,09/19/20,,Nisk-09-03,9,3,Niskin; Sterivex 0.22µm filter,95% EtOH,East of Axial 3 hours; En route to New Port,Background Cast,,1700.0,1076,45˚ 31.296' N,129˚ 04.971' W,,,,16:53,,2000,2.2,,34.5,41.091 μmol/kg,,0.0159;109.0,LSS;ORP,Emily Norton,,TRUE,,,Sent to OSU for Extraction and Sequencing in 2021,Sequencing Facility,TRUE,FALSE,
E219.2B.AX20,219,2,,FALSE,AX20,TN383 Axial 2020,09/19/20,,Nisk-09-04,9,4,Niskin; Sterivex 0.22µm filter,95% EtOH,East of Axial 3 hours; En route to New Port,Background Cast,,1700.0,1076,45˚ 31.296' N,129˚ 04.971' W,,,,16:54,,2000,2.2,,34.5,40.9595 μmol/kg,,0.0153;109.0,LSS;ORP,Emily Norton,,TRUE,,,Sent to OSU for Extraction and Sequencing in 2021,Sequencing Facility,TRUE,FALSE,
E220.1B.AX20,220,1,,FALSE,AX20,TN383 Axial 2020,09/19/20,,Nisk-09-05,9,5,Niskin; Sterivex 0.22µm filter,95% EtOH,East of Axial 3 hours; En route to New Port,Background Cast,,1500.0,1276,45˚ 31.296' N,129˚ 04.971' W,,,,16:57,,2000,2.5,,34.5,28.7625 μmol/kg,,0.0138;109.0,LSS;ORP,Emily Norton,,TRUE,,,Sent to OSU for Extraction and Sequencing in 2021,Sequencing Facility,TRUE,FALSE,
E220.2B.AX20,220,2,,FALSE,AX20,TN383 Axial 2020,09/19/20,,Nisk-09-06,9,6,Niskin; Sterivex 0.22µm filter,95% EtOH,East of Axial 3 hours; En route to New Port,Background Cast,,1500.0,1276,45˚ 31.296' N,129˚ 04.971' W,,,,16:58,,2000,2.5,,34.5,28.7285 μmol/kg,,0.0153;109.0,LSS;ORP,Emily Norton,,TRUE,,,Sent to OSU for Extraction and Sequencing in 2021,Sequencing Facility,TRUE,FALSE,
E221.1B.AX20,221,1,,FALSE,AX20,TN383 Axial 2020,09/19/20,,Nisk-09-07,9,7,Niskin; Sterivex 0.22µm filter,95% EtOH,East of Axial 3 hours; En route to New Port,Background Cast,,1300.0,1476,45˚ 31.296' N,129˚ 04.971' W,,,,17:02,,2000,2.8,,34.5,19.064 μmol/kg,,0.0135;109.0,LSS;ORP,Emily Norton,,TRUE,,,Sent to OSU for Extraction and Sequencing in 2021,Sequencing Facility,TRUE,FALSE,
E221.2B.AX20,221,2,,FALSE,AX20,TN383 Axial 2020,09/19/20,,Nisk-09-08,9,8,Niskin; Sterivex 0.22µm filter,95% EtOH,East of Axial 3 hours; En route to New Port,Background Cast,,1300.0,1476,45˚ 31.296' N,129˚ 04.971' W,,,,17:02,,2000,2.8,,34.5,18.9015 μmol/kg,,0.0168;109.0,LSS;ORP,Emily Norton,,TRUE,,,Sent to OSU for Extraction and Sequencing in 2021,Sequencing Facility,TRUE,FALSE,
E222.NC.AX20,222,,,TRUE,AX20,TN383 Axial 2020,,09/01/20,Neg-01,,,Sterivex 0.22µm filter,95% EtOH,,,,-,-,-,-,-,-,-,-,-,2000,,,,,,,,Emily Norton,,TRUE,,,Sent to OSU for Extraction and Sequencing in 2021,Sequencing Facility,TRUE,FALSE,
E223.NC.AX20,223,,,TRUE,AX20,TN383 Axial 2020,,09/04/20,Neg-02,,,Sterivex 0.22µm filter,95% EtOH,,,,-,-,-,-,-,-,-,-,-,2000,,,,,,,,Emily Norton,,TRUE,,,Sent to OSU for Extraction and Sequencing in 2021,Sequencing Facility,TRUE,FALSE,
E224.NC.AX20,224,,,TRUE,AX20,TN383 Axial 2020,,09/07/20,Neg-03,,,Sterivex 0.22µm filter,95% EtOH,,,,-,-,-,-,-,-,-,-,-,2000,,,,,,,,Emily Norton,,TRUE,,,Sent to OSU for Extraction and Sequencing in 2021,Sequencing Facility,TRUE,FALSE,
E225.NC.AX20,225,,,TRUE,AX20,TN383 Axial 2020,,09/08/20,Neg-04,,,Sterivex 0.22µm filter,95% EtOH,,,,-,-,-,-,-,-,-,-,-,2000,,,,,,,,Emily Norton,,TRUE,,,Sent to OSU for Extraction and Sequencing in 2021,Sequencing Facility,TRUE,FALSE,
E226.NC.AX20,226,,,TRUE,AX20,TN383 Axial 2020,,09/08/20,Neg-05,,,Sterivex 0.22µm filter,95% EtOH,,,,-,-,-,-,-,-,-,-,-,2000,,,,,,,,Emily Norton,,TRUE,,,Sent to OSU for Extraction and Sequencing in 2021,Sequencing Facility,TRUE,FALSE,
E227.NC.AX20,227,,,TRUE,AX20,TN383 Axial 2020,,09/10/20,Neg-06,,,Sterivex 0.22µm filter,95% EtOH,,,,-,-,-,-,-,-,-,-,-,2000,,,,,,,,Emily Norton,,TRUE,,,Sent to OSU for Extraction and Sequencing in 2021,Sequencing Facility,TRUE,FALSE,
E228.NC.AX20,228,,,TRUE,AX20,TN383 Axial 2020,,09/14/20,Neg-07,,,Sterivex 0.22µm filter,95% EtOH,,,,-,-,-,-,-,-,-,-,-,2000,,,,,,,,Emily Norton,,TRUE,,,Sent to OSU for Extraction and Sequencing in 2021,Sequencing Facility,TRUE,FALSE,
E229.NC.AX20,229,,,TRUE,AX20,TN383 Axial 2020,,09/15/20,Neg-08,,,Sterivex 0.22µm filter,95% EtOH,,,,-,-,-,-,-,-,-,-,-,2000,,,,,,,,Emily Norton,,TRUE,,,Sent to OSU for Extraction and Sequencing in 2021,Sequencing Facility,TRUE,FALSE,
E230.NC.AX20,230,,,TRUE,AX20,TN383 Axial 2020,,09/16/20,Neg-09,,,Sterivex 0.22µm filter,95% EtOH,,,,-,-,-,-,-,-,-,-,-,2000,,,,,,,,Emily Norton,,TRUE,,,Sent to OSU for Extraction and Sequencing in 2021,Sequencing Facility,TRUE,FALSE,
E231.NC.AX20,231,,,TRUE,AX20,TN383 Axial 2020,,09/19/20,Neg-10,,,Sterivex 0.22µm filter,95% EtOH,,,,-,-,-,-,-,-,-,-,-,2000,,,,,,,,Emily Norton,,TRUE,,,Sent to OSU for Extraction and Sequencing in 2021,Sequencing Facility,TRUE,FALSE,
E232.NC.NO20,232,,,TRUE,NO20,Norseman 2020,,10/05/20,Control-1,,,Niskin; Sterivex 0.22µm filter,95% EtOH,,,,-,-,-,-,-,-,-,-,-,1000,,,,,,,,,,TRUE,,,Sent to OSU for Extraction and Sequencing in 2021,Lab Van -20˚C,TRUE,FALSE,18S/16S done; other markers pending (R3)
E233.1B.NO20,233,1,,FALSE,NO20,Norseman 2020,,10/05/20,CEO-BW-#1,,,Niskin; Sterivex 0.22µm filter,95% EtOH,,CEO,,41.1,,71˚ 35.909' N,161˚ 30.872' W,,,,,,1000,,,,,,,,,,TRUE,,,Sent to OSU for Extraction and Sequencing in 2021,Lab Van -20˚C,TRUE,FALSE,18S/16S done; other markers pending (R3)
E233.2B.NO20,233,2,,FALSE,NO20,Norseman 2020,,10/05/20,CEO-BW-#2,,,Niskin; Sterivex 0.22µm filter,95% EtOH,,CEO,,41.1,,71˚ 35.909' N,161˚ 30.872' W,,,,,,1000,,,,,,,,,,TRUE,,,Sent to OSU for Extraction and Sequencing in 2021,Lab Van -20˚C,TRUE,FALSE,18S/16S done; other markers pending (R3)
E234.1B.NO20,234,1,,FALSE,NO20,Norseman 2020,,10/05/20,CEO-SW-#1,,,Niskin; Sterivex 0.22µm filter,95% EtOH,,CEO,,5.1,,71˚ 35.909' N,161˚ 30.872' W,,,,,,1000,,,,,,,,,,TRUE,,,Sent to OSU for Extraction and Sequencing in 2021,Lab Van -20˚C,TRUE,FALSE,18S/16S done; other markers pending (R3)
E234.2B.NO20,234,2,,FALSE,NO20,Norseman 2020,,10/05/20,CEO-SW-#2,,,Niskin; Sterivex 0.22µm filter,95% EtOH,,CEO,,5.1,,71˚ 35.909' N,161˚ 30.872' W,,,,,,500,,,,,,,,,,TRUE,,,Sent to OSU for Extraction and Sequencing in 2021,Lab Van -20˚C,TRUE,FALSE,18S/16S done; other markers pending (R3)
E234.3B.NO20,234,3,,FALSE,NO20,Norseman 2020,,10/05/20,CEO-SW-#3,,,Niskin; Sterivex 0.22µm filter,95% EtOH,,CEO,,5.1,,71˚ 35.909' N,161˚ 30.872' W,,,,,,1000,,,,,,,,,,TRUE,,,Sent to OSU for Extraction and Sequencing in 2021,Lab Van -20˚C,TRUE,FALSE,18S/16S done; other markers pending (R3)
E235.1B.NO20,235,1,,FALSE,NO20,Norseman 2020,,10/05/20,DBO4.6-BW-#1,,,Niskin; Sterivex 0.22µm filter,95% EtOH,,DBO4-6,,40.0,,71˚50' N,162˚08' W,,,,,,1000,,,,,,,,,,TRUE,,,Sent to OSU for Extraction and Sequencing in 2021,Lab Van -20˚C,TRUE,FALSE,18S/16S done; other markers pending (R3)
E235.2B.NO20,235,2,,FALSE,NO20,Norseman 2020,,10/05/20,DBO4.6-BW-#2,,,Niskin; Sterivex 0.22µm filter,95% EtOH,,DBO4-6,,40.0,,71˚50' N,162˚08' W,,,,,,1000,,,,,,,,,,TRUE,,,Sent to OSU for Extraction and Sequencing in 2021,Lab Van -20˚C,TRUE,FALSE,18S/16S done; other markers pending (R3)
E235.3B.NO20,235,3,,FALSE,NO20,Norseman 2020,,10/05/20,DBO4.6-BW-#3,,,Niskin; Sterivex 0.22µm filter,95% EtOH,,DBO4-6,,40.0,,71˚50' N,162˚08' W,,,,,,1000,,,,,,,,,,TRUE,,,Sent to OSU for Extraction and Sequencing in 2021,Lab Van -20˚C,TRUE,FALSE,18S/16S done; other markers pending (R3)
E236.1B.NO20,236,1,,FALSE,NO20,Norseman 2020,,10/05/20,DBO4.6-SW-#1,,,Niskin; Sterivex 0.22µm filter,95% EtOH,,DBO4-6,,2.6,,71˚50' N,162˚08' W,,,,,,500,,,,,,,,,,TRUE,,,Sent to OSU for Extraction and Sequencing in 2021,Lab Van -20˚C,TRUE,FALSE,18S/16S done; other markers pending (R3)
E236.2B.NO20,236,2,,FALSE,NO20,Norseman 2020,,10/05/20,DBO4.6-SW-#2,,,Niskin; Sterivex 0.22µm filter,95% EtOH,,DBO4-6,,2.6,,71˚50' N,162˚08' W,,,,,,500,,,,,,,,,,TRUE,,,Sent to OSU for Extraction and Sequencing in 2021,Lab Van -20˚C,TRUE,FALSE,18S/16S done; other markers pending (R3)
E236.3B.NO20,236,3,,FALSE,NO20,Norseman 2020,,10/05/20,DBO4.6-SW-#3,,,Niskin; Sterivex 0.22µm filter,95% EtOH,,DBO4-6,,2.6,,71˚50' N,162˚08' W,,,,,,1000,,,,,,,,,,TRUE,,,Sent to OSU for Extraction and Sequencing in 2021,Lab Van -20˚C,TRUE,FALSE,18S/16S done; other markers pending (R3)
E237.1B.NO20,237,1,,FALSE,NO20,Norseman 2020,,10/05/20,DBO4.5-BW-#1,,,Niskin; Sterivex 0.22µm filter,95% EtOH,,DBO4-5n,,38.6,,71˚ 43' N,161˚ 46' W,,,,,,1000,,,,,,,,,,TRUE,,,Sent to OSU for Extraction and Sequencing in 2021,Lab Van -20˚C,TRUE,FALSE,18S/16S done; other markers pending (R3)
E237.2B.NO20,237,2,,FALSE,NO20,Norseman 2020,,10/05/20,DBO4.5-BW-#2,,,Niskin; Sterivex 0.22µm filter,95% EtOH,,DBO4-5n,,38.6,,71˚ 43' N,161˚ 46' W,,,,,,1000,,,,,,,,,,TRUE,,,Sent to OSU for Extraction and Sequencing in 2021,Lab Van -20˚C,TRUE,FALSE,18S/16S done; other markers pending (R3)
E238.1B.NO20,238,1,,FALSE,NO20,Norseman 2020,,10/05/20,DBO4.5-SW-#1,,,Niskin; Sterivex 0.22µm filter,95% EtOH,,DBO4-5n,,5.0,,71˚ 43' N,161˚ 46' W,,,,,,500,,,,,,,,,,TRUE,,,Sent to OSU for Extraction and Sequencing in 2021,Lab Van -20˚C,TRUE,FALSE,18S/16S done; other markers pending (R3)
E238.2B.NO20,238,2,,FALSE,NO20,Norseman 2020,,10/05/20,DBO4.5-SW-#2,,,Niskin; Sterivex 0.22µm filter,95% EtOH,,DBO4-5n,,5.0,,71˚ 43' N,161˚ 46' W,,,,,,1000,,,,,,,,,,TRUE,,,Sent to OSU for Extraction and Sequencing in 2021,Lab Van -20˚C,TRUE,FALSE,18S/16S done; other markers pending (R3)
E239.1B.NO20,239,1,,FALSE,NO20,Norseman 2020,,10/06/20,DBO4.4-BW-#1,,,Niskin; Sterivex 0.22µm filter,95% EtOH,,DBO4-4n,,41.4,,71˚ 35' N,161˚ 24' W,,,,,,1000,,,,,,,,,,TRUE,,,Sent to OSU for Extraction and Sequencing in 2021,Lab Van -20˚C,TRUE,FALSE,18S/16S done; other markers pending (R3)
E239.2B.NO20,239,2,,FALSE,NO20,Norseman 2020,,10/06/20,DBO4.4-BW-#2,,,Niskin; Sterivex 0.22µm filter,95% EtOH,,DBO4-4n,,41.4,,71˚ 35' N,161˚ 24' W,,,,,,1000,,,,,,,,,,TRUE,,,Sent to OSU for Extraction and Sequencing in 2021,Lab Van -20˚C,TRUE,FALSE,18S/16S done; other markers pending (R3)
E240.1B.NO20,240,1,,FALSE,NO20,Norseman 2020,,10/06/20,DBO4.4-SW-#1,,,Niskin; Sterivex 0.22µm filter,95% EtOH,,DBO4-4n,,5.5,,71˚ 35' N,161˚ 24' W,,,,,,1000,,,,,,,,,,TRUE,,,Sent to OSU for Extraction and Sequencing in 2021,Lab Van -20˚C,TRUE,FALSE,18S/16S done; other markers pending (R3)
E240.2B.NO20,240,2,,FALSE,NO20,Norseman 2020,,10/06/20,DBO4.4-SW-#2,,,Niskin; Sterivex 0.22µm filter,95% EtOH,,DBO4-4n,,5.5,,71˚ 35' N,161˚ 24' W,,,,,,1000,,,,,,,,,,TRUE,,,Sent to OSU for Extraction and Sequencing in 2021,Lab Van -20˚C,TRUE,FALSE,18S/16S done; other markers pending (R3)
E241.1B.NO20,241,1,,FALSE,NO20,Norseman 2020,,10/06/20,DBO4.3-BW-#1,,,Niskin; Sterivex 0.22µm filter,95% EtOH,,DBO4-3,,43.8,,71˚ 27' N,161˚ 02' W,,,,,,1000,,,,,,,,,,TRUE,,,Sent to OSU for Extraction and Sequencing in 2021,Lab Van -20˚C,TRUE,FALSE,18S/16S done; other markers pending (R3)
E241.2B.NO20,241,2,,FALSE,NO20,Norseman 2020,,10/06/20,DBO4.3-BW-#2,,,Niskin; Sterivex 0.22µm filter,95% EtOH,,DBO4-3,,43.8,,71˚ 27' N,161˚ 02' W,,,,,,1000,,,,,,,,,,TRUE,,,Sent to OSU for Extraction and Sequencing in 2021,Lab Van -20˚C,TRUE,FALSE,18S/16S done; other markers pending (R3)
E242.1B.NO20,242,1,,FALSE,NO20,Norseman 2020,,10/06/20,DBO4.3-SW-#1,,,Niskin; Sterivex 0.22µm filter,95% EtOH,,DBO4-3,,4.3,,71˚ 27' N,161˚ 02' W,,,,,,1000,,,,,,,,,,TRUE,,,Sent to OSU for Extraction and Sequencing in 2021,Lab Van -20˚C,TRUE,FALSE,18S/16S done; other markers pending (R3)
E242.2B.NO20,242,2,,FALSE,NO20,Norseman 2020,,10/06/20,DBO4.3-SW-#2,,,Niskin; Sterivex 0.22µm filter,95% EtOH,,DBO4-3,,4.3,,71˚ 27' N,161˚ 02' W,,,,,,1000,,,,,,,,,,TRUE,,,Sent to OSU for Extraction and Sequencing in 2021,Lab Van -20˚C,TRUE,FALSE,18S/16S done; other markers pending (R3)
E243.1B.NO20,243,1,,FALSE,NO20,Norseman 2020,,10/07/20,BarcC-BW-#1,,,Niskin; Sterivex 0.22µm filter,95% EtOH,,BarcC,,57.1,,71˚ 37.246' N,157˚ 55.667' W,,,,,,1000,,,,,,,,,,TRUE,,,Sent to OSU for Extraction and Sequencing in 2021,Lab Van -20˚C,TRUE,FALSE,18S/16S done; other markers pending (R3)
E243.2B.NO20,243,2,,FALSE,NO20,Norseman 2020,,10/07/20,BarcC-BW-#2,,,Niskin; Sterivex 0.22µm filter,95% EtOH,,BarcC,,57.1,,71˚ 37.246' N,157˚ 55.667' W,,,,,,1000,,,,,,,,,,TRUE,,,Sent to OSU for Extraction and Sequencing in 2021,Lab Van -20˚C,TRUE,FALSE,18S/16S done; other markers pending (R3)
E244.1B.NO20,244,1,,FALSE,NO20,Norseman 2020,,10/07/20,BarcC-SW-#1,,,Niskin; Sterivex 0.22µm filter,95% EtOH,,BarcC,,5.9,,71˚ 37.246' N,157˚ 55.667' W,,,,,,1000,,,,,,,,,,TRUE,,,Sent to OSU for Extraction and Sequencing in 2021,Lab Van -20˚C,TRUE,FALSE,18S/16S done; other markers pending (R3)
E244.2B.NO20,244,2,,FALSE,NO20,Norseman 2020,,10/07/20,BarcC-SW-#2,,,Niskin; Sterivex 0.22µm filter,95% EtOH,,BarcC,,5.9,,71˚ 37.246' N,157˚ 55.667' W,,,,,,1000,,,,,,,,,,TRUE,,,Sent to OSU for Extraction and Sequencing in 2021,Lab Van -20˚C,TRUE,FALSE,18S/16S done; other markers pending (R3)
E245.1B.NO20,245,1,,FALSE,NO20,Norseman 2020,,10/07/20,Barc9-BW-#1,,,Niskin; Sterivex 0.22µm filter,95% EtOH,,Barc9,,62.1,,71˚ 34.722' N,157˚ 50.251' W,,,,,,1000,,,,,,,,,,TRUE,,,Sent to OSU for Extraction and Sequencing in 2021,Lab Van -20˚C,TRUE,FALSE,18S/16S done; other markers pending (R3)
E245.2B.NO20,245,2,,FALSE,NO20,Norseman 2020,,10/07/20,Barc9-BW-#2,,,Niskin; Sterivex 0.22µm filter,95% EtOH,,Barc9,,62.1,,71˚ 34.722' N,157˚ 50.251' W,,,,,,1000,,,,,,,,,,TRUE,,,Sent to OSU for Extraction and Sequencing in 2021,Lab Van -20˚C,TRUE,FALSE,18S/16S done; other markers pending (R3)
E246.1B.NO20,246,1,,FALSE,NO20,Norseman 2020,,10/07/20,Barc9-SW-#1,,,Niskin; Sterivex 0.22µm filter,95% EtOH,,Barc9,,5.3,,71˚ 34.722' N,157˚ 50.251' W,,,,,,1000,,,,,,,,,,TRUE,,,Sent to OSU for Extraction and Sequencing in 2021,Lab Van -20˚C,TRUE,FALSE,18S/16S done; other markers pending (R3)
E246.2B.NO20,246,2,,FALSE,NO20,Norseman 2020,,10/07/20,Barc9-SW-#2,,,Niskin; Sterivex 0.22µm filter,95% EtOH,,Barc9,,5.3,,71˚ 34.722' N,157˚ 50.251' W,,,,,,500,,,,,,,,,,TRUE,,,Sent to OSU for Extraction and Sequencing in 2021,Lab Van -20˚C,TRUE,FALSE,18S/16S done; other markers pending (R3)
E247.1B.NO20,247,1,,FALSE,NO20,Norseman 2020,,10/07/20,Barc7-BW-#1,,,Niskin; Sterivex 0.22µm filter,95% EtOH,,Barc7,,78.6,,71˚ 30' N,157˚ 39' W,,,,,,1000,,,,,,,,,,TRUE,,,Sent to OSU for Extraction and Sequencing in 2021,Lab Van -20˚C,TRUE,FALSE,18S/16S done; other markers pending (R3)
E247.2B.NO20,247,2,,FALSE,NO20,Norseman 2020,,10/07/20,Barc7-BW-#2,,,Niskin; Sterivex 0.22µm filter,95% EtOH,,Barc7,,78.6,,71˚ 30' N,157˚ 39' W,,,,,,1000,,,,,,,,,,TRUE,,,Sent to OSU for Extraction and Sequencing in 2021,Lab Van -20˚C,TRUE,FALSE,18S/16S done; other markers pending (R3)
E248.1B.NO20,248,1,,FALSE,NO20,Norseman 2020,,10/07/20,Barc7-SW-#1,,,Niskin; Sterivex 0.22µm filter,95% EtOH,,Barc7,,3.7,,71˚ 30' N,157˚ 39' W,,,,,,1000,,,,,,,,,,TRUE,,,Sent to OSU for Extraction and Sequencing in 2021,Lab Van -20˚C,TRUE,FALSE,18S/16S done; other markers pending (R3)
E248.2B.NO20,248,2,,FALSE,NO20,Norseman 2020,,10/07/20,Barc7-SW-#2,,,Niskin; Sterivex 0.22µm filter,95% EtOH,,Barc7,,3.7,,71˚ 30' N,157˚ 39' W,,,,,,1000,,,,,,,,,,TRUE,,,Sent to OSU for Extraction and Sequencing in 2021,Lab Van -20˚C,TRUE,FALSE,18S/16S done; other markers pending (R3)
E249.1B.NO20,249,1,,FALSE,NO20,Norseman 2020,,10/07/20,Barc5-BW-#1,,,Niskin; Sterivex 0.22µm filter,95% EtOH,,Barc5,,120.5,,71˚ 24' N,157˚ 29' W,,,,,,1000,,,,,,,,,,TRUE,,,Sent to OSU for Extraction and Sequencing in 2021,Lab Van -20˚C,TRUE,FALSE,18S/16S done; other markers pending (R3)
E249.2B.NO20,249,2,,FALSE,NO20,Norseman 2020,,10/07/20,Barc5-BW-#2,,,Niskin; Sterivex 0.22µm filter,95% EtOH,,Barc5,,120.5,,71˚ 24' N,157˚ 29' W,,,,,,1000,,,,,,,,,,TRUE,,,Sent to OSU for Extraction and Sequencing in 2021,Lab Van -20˚C,TRUE,FALSE,18S/16S done; other markers pending (R3)
E250.1B.NO20,250,1,,FALSE,NO20,Norseman 2020,,10/07/20,Barc5-SW-#1,,,Niskin; Sterivex 0.22µm filter,95% EtOH,,Barc5,,2.1,,71˚ 24' N,157˚ 29' W,,,,,,1000,,,,,,,,,,TRUE,,,Sent to OSU for Extraction and Sequencing in 2021,Lab Van -20˚C,TRUE,FALSE,18S/16S done; other markers pending (R3)
E250.2B.NO20,250,2,,FALSE,NO20,Norseman 2020,,10/07/20,Barc5-SW-#2,,,Niskin; Sterivex 0.22µm filter,95% EtOH,,Barc5,,2.1,,71˚ 24' N,157˚ 29' W,,,,,,1000,,,,,,,,,,TRUE,,,Sent to OSU for Extraction and Sequencing in 2021,Lab Van -20˚C,TRUE,FALSE,18S/16S done; other markers pending (R3)
E251.1B.NO20,251,1,,FALSE,NO20,Norseman 2020,,10/07/20,Barc3-BW-#1,,,Niskin; Sterivex 0.22µm filter,95% EtOH,,Barc3,,85.0,,71˚ 19' N,157˚ 14' W,,,,,,1000,,,,,,,,,,TRUE,,,Sent to OSU for Extraction and Sequencing in 2021,Lab Van -20˚C,TRUE,FALSE,18S/16S done; other markers pending (R3)
E251.2B.NO20,251,2,,FALSE,NO20,Norseman 2020,,10/07/20,Barc3-BW-#2,,,Niskin; Sterivex 0.22µm filter,95% EtOH,,Barc3,,85.0,,71˚ 19' N,157˚ 14' W,,,,,,1000,,,,,,,,,,TRUE,,,Sent to OSU for Extraction and Sequencing in 2021,Lab Van -20˚C,TRUE,FALSE,18S/16S done; other markers pending (R3)
E252.1B.NO20,252,1,,FALSE,NO20,Norseman 2020,,10/07/20,Barc3-SW-#1,,,Niskin; Sterivex 0.22µm filter,95% EtOH,,Barc3,,3.0,,71˚ 19' N,157˚ 14' W,,,,,,1000,,,,,,,,,,TRUE,,,Sent to OSU for Extraction and Sequencing in 2021,Lab Van -20˚C,TRUE,FALSE,18S/16S done; other markers pending (R3)
E252.2B.NO20,252,2,,FALSE,NO20,Norseman 2020,,10/07/20,Barc3-SW-#2,,,Niskin; Sterivex 0.22µm filter,95% EtOH,,Barc3,,3.0,,71˚ 19' N,157˚ 14' W,,,,,,1000,,,,,,,,,,TRUE,,,Sent to OSU for Extraction and Sequencing in 2021,Lab Van -20˚C,TRUE,FALSE,18S/16S done; other markers pending (R3)
E253.NO20,253,,,FALSE,NO20,Norseman 2020,,10/07/20,Barc2-BW-#1,,,Niskin; Sterivex 0.22µm filter,95% EtOH,,Barc2,,49.9,,71˚ 17' N,157˚ 14' W,,,,,,1000,,,,,,,,,,TRUE,,,Sent to OSU for Extraction and Sequencing in 2021,Lab Van -20˚C,TRUE,FALSE,18S/16S done; other markers pending (R3)
E254.NO20,254,,,FALSE,NO20,Norseman 2020,,10/07/20,Barc2-SW-#1,,,Niskin; Sterivex 0.22µm filter,95% EtOH,,Barc2,,2.6,,71˚ 17' N,157˚ 14' W,,,,,,1000,,,,,,,,,,TRUE,,,Sent to OSU for Extraction and Sequencing in 2021,Lab Van -20˚C,TRUE,FALSE,18S/16S done; other markers pending (R3)
E255.1B.NO20,255,1,,FALSE,NO20,Norseman 2020,,10/07/20,Barc1-BW-#1,,,Niskin; Sterivex 0.22µm filter,95% EtOH,,Barc1,,46.5,,71˚ 14.845' N,157˚ 09.849' W,,,,,,1000,,,,,,,,,,TRUE,,,Sent to OSU for Extraction and Sequencing in 2021,Lab Van -20˚C,TRUE,FALSE,18S/16S done; other markers pending (R3)
E255.2B.NO20,255,2,,FALSE,NO20,Norseman 2020,,10/07/20,Barc1-BW-#2,,,Niskin; Sterivex 0.22µm filter,95% EtOH,,Barc1,,46.5,,71˚ 14.845' N,157˚ 09.849' W,,,,,,1000,,,,,,,,,,TRUE,,,Sent to OSU for Extraction and Sequencing in 2021,Lab Van -20˚C,TRUE,FALSE,18S/16S done; other markers pending (R3)
E256.1B.NO20,256,1,,FALSE,NO20,Norseman 2020,,10/07/20,Barc1-SW-#1,,,Niskin; Sterivex 0.22µm filter,95% EtOH,,Barc1,,6.1,,71˚ 14.845' N,157˚ 09.849' W,,,,,,1000,,,,,,,,,,TRUE,,,Sent to OSU for Extraction and Sequencing in 2021,Lab Van -20˚C,TRUE,FALSE,18S/16S done; other markers pending (R3)
E256.2B.NO20,256,2,,FALSE,NO20,Norseman 2020,,10/07/20,Barc1-SW-#2,,,Niskin; Sterivex 0.22µm filter,95% EtOH,,Barc1,,6.1,,71˚ 14.845' N,157˚ 09.849' W,,,,,,1000,,,,,,,,,,TRUE,,,Sent to OSU for Extraction and Sequencing in 2021,Lab Van -20˚C,TRUE,FALSE,18S/16S done; other markers pending (R3)
E257.1B.NO20,257,1,,FALSE,NO20,Norseman 2020,,10/09/20,SEC7-BW-#1,,,Niskin; Sterivex 0.22µm filter,95% EtOH,,SEC7/DBO3-2,,39.8,,68˚ 14.495' N,167˚ 07.289' W,,,,,,1000,,,,,,,,,,TRUE,,,Sent to OSU for Extraction and Sequencing in 2021,Lab Van -20˚C,TRUE,FALSE,18S/16S done; other markers pending (R3)
E257.2B.NO20,257,2,,FALSE,NO20,Norseman 2020,,10/09/20,SEC7-BW-#2,,,Niskin; Sterivex 0.22µm filter,95% EtOH,,SEC7/DBO3-2,,39.8,,68˚ 14.495' N,167˚ 07.289' W,,,,,,1000,,,,,,,,,,TRUE,,,Sent to OSU for Extraction and Sequencing in 2021,Lab Van -20˚C,TRUE,FALSE,18S/16S done; other markers pending (R3)
E258.1B.NO20,258,1,,FALSE,NO20,Norseman 2020,,10/09/20,SEC7-SW-#1,,,Niskin; Sterivex 0.22µm filter,95% EtOH,,SEC7/DBO3-2,,4.8,,68˚ 14.495' N,167˚ 07.289' W,,,,,,1000,,,,,,,,,,TRUE,,,Sent to OSU for Extraction and Sequencing in 2021,Lab Van -20˚C,TRUE,FALSE,18S/16S done; other markers pending (R3)
E258.2B.NO20,258,2,,FALSE,NO20,Norseman 2020,,10/09/20,SEC7-SW-#2,,,Niskin; Sterivex 0.22µm filter,95% EtOH,,SEC7/DBO3-2,,4.8,,68˚ 14.495' N,167˚ 07.289' W,,,,,,1000,,,,,,,,,,TRUE,,,Sent to OSU for Extraction and Sequencing in 2021,Lab Van -20˚C,TRUE,FALSE,18S/16S done; other markers pending (R3)
E259.1B.NO20,259,1,,FALSE,NO20,Norseman 2020,,10/09/20,SEC5-BW-#1,,,Niskin; Sterivex 0.22µm filter,95% EtOH,,SEC5/DBO3-4,,47.0,,68˚ 07.717' N,167˚ 29.759' W,,,,,,1000,,,,,,,,,,TRUE,,,Sent to OSU for Extraction and Sequencing in 2021,Lab Van -20˚C,TRUE,FALSE,18S/16S done; other markers pending (R3)
E259.2B.NO20,259,2,,FALSE,NO20,Norseman 2020,,10/09/20,SEC5-BW-#2,,,Niskin; Sterivex 0.22µm filter,95% EtOH,,SEC5/DBO3-4,,47.0,,68˚ 07.717' N,167˚ 29.759' W,,,,,,1000,,,,,,,,,,TRUE,,,Sent to OSU for Extraction and Sequencing in 2021,Lab Van -20˚C,TRUE,FALSE,18S/16S done; other markers pending (R3)
E260.1B.NO20,260,1,,FALSE,NO20,Norseman 2020,,10/09/20,SEC5-SW-#1,,,Niskin; Sterivex 0.22µm filter,95% EtOH,,SEC5/DBO3-4,,5.0,,68˚ 07.717' N,167˚ 29.759' W,,,,,,1000,,,,,,,,,,TRUE,,,Sent to OSU for Extraction and Sequencing in 2021,Lab Van -20˚C,TRUE,FALSE,18S/16S done; other markers pending (R3)
E260.2B.NO20,260,2,,FALSE,NO20,Norseman 2020,,10/09/20,SEC5-SW-#2,,,Niskin; Sterivex 0.22µm filter,95% EtOH,,SEC5/DBO3-4,,5.0,,68˚ 07.717' N,167˚ 29.759' W,,,,,,1000,,,,,,,,,,TRUE,,,Sent to OSU for Extraction and Sequencing in 2021,Lab Van -20˚C,TRUE,FALSE,18S/16S done; other markers pending (R3)
E261.1B.NO20,261,1,,FALSE,NO20,Norseman 2020,,10/09/20,SEC3-BW-#1,,,Niskin; Sterivex 0.22µm filter,95% EtOH,,SEC3/DBO3-6,,51.7,,67˚ 53.917' N,168˚ 14.038' W,,,,,,1000,,,,,,,,,,TRUE,,,Sent to OSU for Extraction and Sequencing in 2021,Lab Van -20˚C,TRUE,FALSE,18S/16S done; other markers pending (R3)
E261.2B.NO20,261,2,,FALSE,NO20,Norseman 2020,,10/09/20,SEC3-BW-#2,,,Niskin; Sterivex 0.22µm filter,95% EtOH,,SEC3/DBO3-6,,51.7,,67˚ 53.917' N,168˚ 14.038' W,,,,,,1000,,,,,,,,,,TRUE,,,Sent to OSU for Extraction and Sequencing in 2021,Lab Van -20˚C,TRUE,FALSE,18S/16S done; other markers pending (R3)
E262.1B.NO20,262,1,,FALSE,NO20,Norseman 2020,,10/09/20,SEC3-SW-#1,,,Niskin; Sterivex 0.22µm filter,95% EtOH,,SEC3/DBO3-6,,5.1,,67˚ 53.917' N,168˚ 14.038' W,,,,,,1000,,,,,,,,,,TRUE,,,Sent to OSU for Extraction and Sequencing in 2021,Lab Van -20˚C,TRUE,FALSE,18S/16S done; other markers pending (R3)
E262.2B.NO20,262,2,,FALSE,NO20,Norseman 2020,,10/09/20,SEC3-SW-#2,,,Niskin; Sterivex 0.22µm filter,95% EtOH,,SEC3/DBO3-6,,5.1,,67˚ 53.917' N,168˚ 14.038' W,,,,,,1000,,,,,,,,,,TRUE,,,Sent to OSU for Extraction and Sequencing in 2021,Lab Van -20˚C,TRUE,FALSE,18S/16S done; other markers pending (R3)
E263.1B.NO20,263,1,,FALSE,NO20,Norseman 2020,,10/10/20,SEC1-BW-#1,,,Niskin; Sterivex 0.22µm filter,95% EtOH,,SEC1/DBO3-8,,46.5,,67˚ 40.243' N,168˚ 55.708' W,,,,,,1000,,,,,,,,,,TRUE,,,Sent to OSU for Extraction and Sequencing in 2021,Lab Van -20˚C,TRUE,FALSE,18S/16S done; other markers pending (R3)
E263.2B.NO20,263,2,,FALSE,NO20,Norseman 2020,,10/10/20,SEC1-BW-#2,,,Niskin; Sterivex 0.22µm filter,95% EtOH,,SEC1/DBO3-8,,46.5,,67˚ 40.243' N,168˚ 55.708' W,,,,,,1000,,,,,,,,,,TRUE,,,Sent to OSU for Extraction and Sequencing in 2021,Lab Van -20˚C,TRUE,FALSE,18S/16S done; other markers pending (R3)
E264.1B.NO20,264,1,,FALSE,NO20,Norseman 2020,,10/10/20,SEC1-SW-#1,,,Niskin; Sterivex 0.22µm filter,95% EtOH,,SEC1/DBO3-8,,6.1,,67˚ 40.243' N,168˚ 55.708' W,,,,,,1000,,,,,,,,,,TRUE,,,Sent to OSU for Extraction and Sequencing in 2021,Lab Van -20˚C,TRUE,FALSE,18S/16S done; other markers pending (R3)
E264.2B.NO20,264,2,,FALSE,NO20,Norseman 2020,,10/10/20,SEC1-SW-#2,,,Niskin; Sterivex 0.22µm filter,95% EtOH,,SEC1/DBO3-8,,6.1,,67˚ 40.243' N,168˚ 55.708' W,,,,,,1000,,,,,,,,,,TRUE,,,Sent to OSU for Extraction and Sequencing in 2021,Lab Van -20˚C,TRUE,FALSE,18S/16S done; other markers pending (R3)
E265.1B.NO20,265,1,,FALSE,NO20,Norseman 2020,,10/10/20,UTN3-BW-#1,,,Niskin; Sterivex 0.22µm filter,95% EtOH,,UTN3,,42.0,,67˚ 19.89' N,168˚ 54.29' W,,,,,,1000,,,,,,,,,,TRUE,,,Sent to OSU for Extraction and Sequencing in 2021,Lab Van -20˚C,TRUE,FALSE,18S/16S done; other markers pending (R3)
E265.2B.NO20,265,2,,FALSE,NO20,Norseman 2020,,10/10/20,UTN3-BW-#2,,,Niskin; Sterivex 0.22µm filter,95% EtOH,,UTN3,,42.0,,67˚ 19.89' N,168˚ 54.29' W,,,,,,1000,,,,,,,,,,TRUE,,,Sent to OSU for Extraction and Sequencing in 2021,Lab Van -20˚C,TRUE,FALSE,18S/16S done; other markers pending (R3)
E266.1B.NO20,266,1,,FALSE,NO20,Norseman 2020,,10/10/20,UTN3-SW-#1,,,Niskin; Sterivex 0.22µm filter,95% EtOH,,UTN3,,2.9,,67˚ 19.89' N,168˚ 54.29' W,,,,,,1000,,,,,,,,,,TRUE,,,Sent to OSU for Extraction and Sequencing in 2021,Lab Van -20˚C,TRUE,FALSE,18S/16S done; other markers pending (R3)
E266.2B.NO20,266,2,,FALSE,NO20,Norseman 2020,,10/10/20,UTN3-SW-#2,,,Niskin; Sterivex 0.22µm filter,95% EtOH,,UTN3,,2.9,,67˚ 19.89' N,168˚ 54.29' W,,,,,,1000,,,,,,,,,,TRUE,,,Sent to OSU for Extraction and Sequencing in 2021,Lab Van -20˚C,TRUE,FALSE,18S/16S done; other markers pending (R3)
E267.1B.NO20,267,1,,FALSE,NO20,Norseman 2020,,10/10/20,UTN1-BW-#1,,,Niskin; Sterivex 0.22µm filter,95% EtOH,,UTN1,,27.7,,66˚ 42.45' N,168˚ 24' W,,,,,,1000,,,,,,,,,,TRUE,,,Sent to OSU for Extraction and Sequencing in 2021,Lab Van -20˚C,TRUE,FALSE,18S/16S done; other markers pending (R3)
E267.2B.NO20,267,2,,FALSE,NO20,Norseman 2020,,10/10/20,UTN1-BW-#2,,,Niskin; Sterivex 0.22µm filter,95% EtOH,,UTN1,,27.7,,66˚ 42.45' N,168˚ 24' W,,,,,,1000,,,,,,,,,,TRUE,,,Sent to OSU for Extraction and Sequencing in 2021,Lab Van -20˚C,TRUE,FALSE,18S/16S done; other markers pending (R3)
E268.1B.NO20,268,1,,FALSE,NO20,Norseman 2020,,10/10/20,UTN1-SW-#1,,,Niskin; Sterivex 0.22µm filter,95% EtOH,,UTN1,,4.9,,66˚ 42.45' N,168˚ 24' W,,,,,,1000,,,,,,,,,,TRUE,,,Sent to OSU for Extraction and Sequencing in 2021,Lab Van -20˚C,TRUE,FALSE,18S/16S done; other markers pending (R3)
E268.2B.NO20,268,2,,FALSE,NO20,Norseman 2020,,10/10/20,UTN1-SW-#2,,,Niskin; Sterivex 0.22µm filter,95% EtOH,,UTN1,,4.9,,66˚ 42.45' N,168˚ 24' W,,,,,,1000,,,,,,,,,,TRUE,,,Sent to OSU for Extraction and Sequencing in 2021,Lab Van -20˚C,TRUE,FALSE,18S/16S done; other markers pending (R3)
E269.1B.NO20,269,1,,FALSE,NO20,Norseman 2020,,10/11/20,BRS5-BW-#1,,,Niskin; Sterivex 0.22µm filter,95% EtOH,,BRS5,,42.9,,65˚ 42.97' N,168˚ 54.21' W,,,,,,1000,,,,,,,,,,TRUE,,,Sent to OSU for Extraction and Sequencing in 2021,Lab Van -20˚C,TRUE,FALSE,18S/16S done; other markers pending (R3)
E269.2B.NO20,269,2,,FALSE,NO20,Norseman 2020,,10/11/20,BRS5-BW-#2,,,Niskin; Sterivex 0.22µm filter,95% EtOH,,BRS5,,42.9,,65˚ 42.97' N,168˚ 54.21' W,,,,,,1000,,,,,,,,,,TRUE,,,Sent to OSU for Extraction and Sequencing in 2021,Lab Van -20˚C,TRUE,FALSE,18S/16S done; other markers pending (R3)
E270.1B.NO20,270,1,,FALSE,NO20,Norseman 2020,,10/11/20,BRS5-SW-#1,,,Niskin; Sterivex 0.22µm filter,95% EtOH,,BRS5,,5.1,,65˚ 42.97' N,168˚ 54.21' W,,,,,,1000,,,,,,,,,,TRUE,,,Sent to OSU for Extraction and Sequencing in 2021,Lab Van -20˚C,TRUE,FALSE,18S/16S done; other markers pending (R3)
E270.2B.NO20,270,2,,FALSE,NO20,Norseman 2020,,10/11/20,BRS5-SW-#2,,,Niskin; Sterivex 0.22µm filter,95% EtOH,,BRS5,,5.1,,65˚ 42.97' N,168˚ 54.21' W,,,,,,1000,,,,,,,,,,TRUE,,,Sent to OSU for Extraction and Sequencing in 2021,Lab Van -20˚C,TRUE,FALSE,18S/16S done; other markers pending (R3)
E271.1B.NO20,271,1,,FALSE,NO20,Norseman 2020,,10/11/20,BRS3-BW-#1,,,Niskin; Sterivex 0.22µm filter,95% EtOH,,BRS3,,46.9,,65˚ 40.79' N,168˚ 34.11' W,,,,,,1000,,,,,,,,,,TRUE,,,Sent to OSU for Extraction and Sequencing in 2021,Lab Van -20˚C,TRUE,FALSE,18S/16S done; other markers pending (R3)
E271.2B.NO20,271,2,,FALSE,NO20,Norseman 2020,,10/11/20,BRS3-BW-#2,,,Niskin; Sterivex 0.22µm filter,95% EtOH,,BRS3,,46.9,,65˚ 40.79' N,168˚ 34.11' W,,,,,,1000,,,,,,,,,,TRUE,,,Sent to OSU for Extraction and Sequencing in 2021,Lab Van -20˚C,TRUE,FALSE,18S/16S done; other markers pending (R3)
E272.1B.NO20,272,1,,FALSE,NO20,Norseman 2020,,10/11/20,BRS3-SW-#1,,,Niskin; Sterivex 0.22µm filter,95% EtOH,,BRS3,,4.2,,65˚ 40.79' N,168˚ 34.11' W,,,,,,1000,,,,,,,,,,TRUE,,,Sent to OSU for Extraction and Sequencing in 2021,Lab Van -20˚C,TRUE,FALSE,18S/16S done; other markers pending (R3)
E272.2B.NO20,272,2,,FALSE,NO20,Norseman 2020,,10/11/20,BRS3-SW-#2,,,Niskin; Sterivex 0.22µm filter,95% EtOH,,BRS3,,4.2,,65˚ 40.79' N,168˚ 34.11' W,,,,,,1000,,,,,,,,,,TRUE,,,Sent to OSU for Extraction and Sequencing in 2021,Lab Van -20˚C,TRUE,FALSE,18S/16S done; other markers pending (R3)
E273.1B.NO20,273,1,,FALSE,NO20,Norseman 2020,,10/11/20,BRS1-BW-#1,,,Niskin; Sterivex 0.22µm filter,95% EtOH,,BRS1,,36.1,,65˚ 39.28' N,168˚ 13.23' W,,,,,,1000,,,,,,,,,,TRUE,,,Sent to OSU for Extraction and Sequencing in 2021,Lab Van -20˚C,TRUE,FALSE,18S/16S done; other markers pending (R3)
E273.2B.NO20,273,2,,FALSE,NO20,Norseman 2020,,10/11/20,BRS1-BW-#2,,,Niskin; Sterivex 0.22µm filter,95% EtOH,,BRS1,,36.1,,65˚ 39.28' N,168˚ 13.23' W,,,,,,1000,,,,,,,,,,TRUE,,,Sent to OSU for Extraction and Sequencing in 2021,Lab Van -20˚C,TRUE,FALSE,18S/16S done; other markers pending (R3)
E274.1B.NO20,274,1,,FALSE,NO20,Norseman 2020,,10/11/20,BRS1-SW-#1,,,Niskin; Sterivex 0.22µm filter,95% EtOH,,BRS1,,4.5,,65˚ 39.28' N,168˚ 13.23' W,,,,,,1000,,,,,,,,,,TRUE,,,Sent to OSU for Extraction and Sequencing in 2021,Lab Van -20˚C,TRUE,FALSE,18S/16S done; other markers pending (R3)
E274.2B.NO20,274,2,,FALSE,NO20,Norseman 2020,,10/11/20,BRS1-SW-#2,,,Niskin; Sterivex 0.22µm filter,95% EtOH,,BRS1,,4.5,,65˚ 39.28' N,168˚ 13.23' W,,,,,,1000,,,,,,,,,,TRUE,,,Sent to OSU for Extraction and Sequencing in 2021,Lab Van -20˚C,TRUE,FALSE,18S/16S done; other markers pending (R3)
E275.1B.NO20,275,1,,FALSE,NO20,Norseman 2020,,10/13/20,M8-BW-#1,,,Niskin; Sterivex 0.22µm filter,95% EtOH,,M8,,67.0,,62˚ 12.13' N,174˚ 39.94' W,,,,,,1000,,,,,,,,,,TRUE,,,Sent to OSU for Extraction and Sequencing in 2021,Lab Van -20˚C,TRUE,FALSE,18S/16S done; other markers pending (R3)
E275.2B.NO20,275,2,,FALSE,NO20,Norseman 2020,,10/13/20,M8-BW-#2,,,Niskin; Sterivex 0.22µm filter,95% EtOH,,M8,,67.0,,62˚ 12.13' N,174˚ 39.94' W,,,,,,1000,,,,,,,,,,TRUE,,,Sent to OSU for Extraction and Sequencing in 2021,Lab Van -20˚C,TRUE,FALSE,18S/16S done; other markers pending (R3)
E276.1B.NO20,276,1,,FALSE,NO20,Norseman 2020,,10/13/20,M8-SW-#1,,,Niskin; Sterivex 0.22µm filter,95% EtOH,,M8,,4.3,,62˚ 12.13' N,174˚ 39.94' W,,,,,,1000,,,,,,,,,,TRUE,,,Sent to OSU for Extraction and Sequencing in 2021,Lab Van -20˚C,TRUE,FALSE,18S/16S done; other markers pending (R3)
E276.2B.NO20,276,2,,FALSE,NO20,Norseman 2020,,10/13/20,M8-SW-#2,,,Niskin; Sterivex 0.22µm filter,95% EtOH,,M8,,4.3,,62˚ 12.13' N,174˚ 39.94' W,,,,,,1000,,,,,,,,,,TRUE,,,Sent to OSU for Extraction and Sequencing in 2021,Lab Van -20˚C,TRUE,FALSE,18S/16S done; other markers pending (R3)
E277.1B.NO20,277,1,,FALSE,NO20,Norseman 2020,,10/13/20,SLIP2-BW-#1,,,Niskin; Sterivex 0.22µm filter,95% EtOH,,SLIP2/DBO1-2,,77.5,,62˚ 03.04' N,175˚ 12.48' W,,,,,,1000,,,,,,,,,,TRUE,,,Sent to OSU for Extraction and Sequencing in 2021,Lab Van -20˚C,TRUE,FALSE,18S/16S done; other markers pending (R3)
E277.2B.NO20,277,2,,FALSE,NO20,Norseman 2020,,10/13/20,SLIP2-BW-#2,,,Niskin; Sterivex 0.22µm filter,95% EtOH,,SLIP2/DBO1-2,,77.5,,62˚ 03.04' N,175˚ 12.48' W,,,,,,1000,,,,,,,,,,TRUE,,,Sent to OSU for Extraction and Sequencing in 2021,Lab Van -20˚C,TRUE,FALSE,18S/16S done; other markers pending (R3)
E277.3B.NO20,277,3,,FALSE,NO20,Norseman 2020,,10/13/20,SLIP2-BW-#3,,,Niskin; Sterivex 0.22µm filter,95% EtOH,,SLIP2/DBO1-2,,77.5,,62˚ 03.04' N,175˚ 12.48' W,,,,,,1000,,,,,,,,,,TRUE,,,Sent to OSU for Extraction and Sequencing in 2021,Lab Van -20˚C,TRUE,FALSE,18S/16S done; other markers pending (R3)
E278.1B.NO20,278,1,,FALSE,NO20,Norseman 2020,,10/13/20,SLIP2-SW-#1,,,Niskin; Sterivex 0.22µm filter,95% EtOH,,SLIP2/DBO1-2,,3.8,,62˚ 03.04' N,175˚ 12.48' W,,,,,,1000,,,,,,,,,,TRUE,,,Sent to OSU for Extraction and Sequencing in 2021,Lab Van -20˚C,TRUE,FALSE,18S/16S done; other markers pending (R3)
E278.2B.NO20,278,2,,FALSE,NO20,Norseman 2020,,10/13/20,SLIP2-SW-#2,,,Niskin; Sterivex 0.22µm filter,95% EtOH,,SLIP2/DBO1-2,,3.8,,62˚ 03.04' N,175˚ 12.48' W,,,,,,1000,,,,,,,,,,TRUE,,,Sent to OSU for Extraction and Sequencing in 2021,Lab Van -20˚C,TRUE,FALSE,18S/16S done; other markers pending (R3)
E278.3B.NO20,278,3,,FALSE,NO20,Norseman 2020,,10/13/20,SLIP2-SW-#3,,,Niskin; Sterivex 0.22µm filter,95% EtOH,,SLIP2/DBO1-2,,3.8,,62˚ 03.04' N,175˚ 12.48' W,,,,,,1000,,,,,,,,,,TRUE,,,Sent to OSU for Extraction and Sequencing in 2021,Lab Van -20˚C,TRUE,FALSE,18S/16S done; other markers pending (R3)
E279.1B.NO20,279,1,,FALSE,NO20,Norseman 2020,,10/13/20,SLIP3-BW-#1,,,Niskin; Sterivex 0.22µm filter,95% EtOH,,SLIP3,,65.0,,62˚ 23.41' N,174˚ 34.07' W,,,,,,1000,,,,,,,,,,TRUE,,,Sent to OSU for Extraction and Sequencing in 2021,Lab Van -20˚C,TRUE,FALSE,18S/16S done; other markers pending (R3)
E279.2B.NO20,279,2,,FALSE,NO20,Norseman 2020,,10/13/20,SLIP3-BW-#2,,,Niskin; Sterivex 0.22µm filter,95% EtOH,,SLIP3,,65.0,,62˚ 23.41' N,174˚ 34.07' W,,,,,,1000,,,,,,,,,,TRUE,,,Sent to OSU for Extraction and Sequencing in 2021,Lab Van -20˚C,TRUE,FALSE,18S/16S done; other markers pending (R3)
E280.1B.NO20,280,1,,FALSE,NO20,Norseman 2020,,10/13/20,SLIP3-SW-#1,,,Niskin; Sterivex 0.22µm filter,95% EtOH,,SLIP3,,4.6,,62˚ 23.41' N,174˚ 34.07' W,,,,,,1000,,,,,,,,,,TRUE,,,Sent to OSU for Extraction and Sequencing in 2021,Lab Van -20˚C,TRUE,FALSE,18S/16S done; other markers pending (R3)
E280.2B.NO20,280,2,,FALSE,NO20,Norseman 2020,,10/13/20,SLIP3-SW-#2,,,Niskin; Sterivex 0.22µm filter,95% EtOH,,SLIP3,,4.6,,62˚ 23.41' N,174˚ 34.07' W,,,,,,1000,,,,,,,,,,TRUE,,,Sent to OSU for Extraction and Sequencing in 2021,Lab Van -20˚C,TRUE,FALSE,18S/16S done; other markers pending (R3)
E280.3B.NO20,280,3,,FALSE,NO20,Norseman 2020,,10/13/20,SLIP3-SW-#3,,,Niskin; Sterivex 0.22µm filter,95% EtOH,,SLIP3,,4.6,,62˚ 23.41' N,174˚ 34.07' W,,,,,,1000,,,,,,,,,,TRUE,,,Sent to OSU for Extraction and Sequencing in 2021,Lab Van -20˚C,TRUE,FALSE,18S/16S done; other markers pending (R3)
E281.1B.NO20,281,1,,FALSE,NO20,Norseman 2020,,10/14/20,SLIP5-BW-#1,,,Niskin; Sterivex 0.22µm filter,95% EtOH,,SLIP5,,59.2,,62˚ 33.619' N,173˚ 33.069' W,,,,,,1000,,,,,,,,,,TRUE,,,Sent to OSU for Extraction and Sequencing in 2021,Lab Van -20˚C,TRUE,FALSE,18S/16S done; other markers pending (R3)
E281.2B.NO20,281,2,,FALSE,NO20,Norseman 2020,,10/14/20,SLIP5-BW-#2,,,Niskin; Sterivex 0.22µm filter,95% EtOH,,SLIP5,,59.2,,62˚ 33.619' N,173˚ 33.069' W,,,,,,1000,,,,,,,,,,TRUE,,,Sent to OSU for Extraction and Sequencing in 2021,Lab Van -20˚C,TRUE,FALSE,18S/16S done; other markers pending (R3)
E281.3B.NO20,281,3,,FALSE,NO20,Norseman 2020,,10/14/20,SLIP5-BW-#3,,,Niskin; Sterivex 0.22µm filter,95% EtOH,,SLIP5,,59.2,,62˚ 33.619' N,173˚ 33.069' W,,,,,,1000,,,,,,,,,,TRUE,,,Sent to OSU for Extraction and Sequencing in 2021,Lab Van -20˚C,TRUE,FALSE,18S/16S done; other markers pending (R3)
E282.1B.NO20,282,1,,FALSE,NO20,Norseman 2020,,10/14/20,SLIP5-SW-#1,,,Niskin; Sterivex 0.22µm filter,95% EtOH,,SLIP5,,6.0,,62˚ 33.619' N,173˚ 33.069' W,,,,,,1000,,,,,,,,,,TRUE,,,Sent to OSU for Extraction and Sequencing in 2021,Lab Van -20˚C,TRUE,FALSE,18S/16S done; other markers pending (R3)
E282.2B.NO20,282,2,,FALSE,NO20,Norseman 2020,,10/14/20,SLIP5-SW-#2,,,Niskin; Sterivex 0.22µm filter,95% EtOH,,SLIP5,,6.0,,62˚ 33.619' N,173˚ 33.069' W,,,,,,1000,,,,,,,,,,TRUE,,,Sent to OSU for Extraction and Sequencing in 2021,Lab Van -20˚C,TRUE,FALSE,18S/16S done; other markers pending (R3)
E282.3B.NO20,282,3,,FALSE,NO20,Norseman 2020,,10/14/20,SLIP5-SW-#3,,,Niskin; Sterivex 0.22µm filter,95% EtOH,,SLIP5,,6.0,,62˚ 33.619' N,173˚ 33.069' W,,,,,,1000,,,,,,,,,,TRUE,,,Sent to OSU for Extraction and Sequencing in 2021,Lab Van -20˚C,TRUE,FALSE,18S/16S done; other markers pending (R3)
E283.1B.NO20,283,1,,FALSE,NO20,Norseman 2020,,10/14/20,SLIP4-BW-#1,,,Niskin; Sterivex 0.22µm filter,95% EtOH,,SLIP4/DBO1-8,,67.7,,63˚ 01.752' N,173˚ 27.502' W,,,,,,1000,,,,,,,,,,TRUE,,,Sent to OSU for Extraction and Sequencing in 2021,Lab Van -20˚C,TRUE,FALSE,18S/16S done; other markers pending (R3)
E283.2B.NO20,283,2,,FALSE,NO20,Norseman 2020,,10/14/20,SLIP4-BW-#2,,,Niskin; Sterivex 0.22µm filter,95% EtOH,,SLIP4/DBO1-8,,67.7,,63˚ 01.752' N,173˚ 27.502' W,,,,,,1000,,,,,,,,,,TRUE,,,Sent to OSU for Extraction and Sequencing in 2021,Lab Van -20˚C,TRUE,FALSE,18S/16S done; other markers pending (R3)
E283.3B.NO20,283,3,,FALSE,NO20,Norseman 2020,,10/14/20,SLIP4-BW-#3,,,Niskin; Sterivex 0.22µm filter,95% EtOH,,SLIP4/DBO1-8,,67.7,,63˚ 01.752' N,173˚ 27.502' W,,,,,,1000,,,,,,,,,,TRUE,,,Sent to OSU for Extraction and Sequencing in 2021,Lab Van -20˚C,TRUE,FALSE,18S/16S done; other markers pending (R3)
E284.1B.NO20,284,1,,FALSE,NO20,Norseman 2020,,10/14/20,SLIP4-SW-#1,,,Niskin; Sterivex 0.22µm filter,95% EtOH,,SLIP4/DBO1-8,,6.1,,63˚ 01.752' N,173˚ 27.502' W,,,,,,1000,,,,,,,,,,TRUE,,,Sent to OSU for Extraction and Sequencing in 2021,Lab Van -20˚C,TRUE,FALSE,18S/16S done; other markers pending (R3)
E284.2B.NO20,284,2,,FALSE,NO20,Norseman 2020,,10/14/20,SLIP4-SW-#2,,,Niskin; Sterivex 0.22µm filter,95% EtOH,,SLIP4/DBO1-8,,6.1,,63˚ 01.752' N,173˚ 27.502' W,,,,,,1000,,,,,,,,,,TRUE,,,Sent to OSU for Extraction and Sequencing in 2021,Lab Van -20˚C,TRUE,FALSE,18S/16S done; other markers pending (R3)
E284.3B.NO20,284,3,,FALSE,NO20,Norseman 2020,,10/14/20,SLIP4-SW-#3,,,Niskin; Sterivex 0.22µm filter,95% EtOH,,SLIP4/DBO1-8,,6.1,,63˚ 01.752' N,173˚ 27.502' W,,,,,,1000,,,,,,,,,,TRUE,,,Sent to OSU for Extraction and Sequencing in 2021,Lab Van -20˚C,TRUE,FALSE,18S/16S done; other markers pending (R3)
E285.1B.NO20,285,1,,FALSE,NO20,Norseman 2020,,10/14/20,SLIP4C-BW-#1,,,Niskin; Sterivex 0.22µm filter,95% EtOH,,SLIP4C,,49.4,,63˚ 36.25' N,172˚ 35.42' W,,,,,,1000,,,,,,,,,,TRUE,,,Sent to OSU for Extraction and Sequencing in 2021,Lab Van -20˚C,TRUE,FALSE,18S/16S done; other markers pending (R3)
E285.2B.NO20,285,2,,FALSE,NO20,Norseman 2020,,10/14/20,SLIP4C-BW-#2,,,Niskin; Sterivex 0.22µm filter,95% EtOH,,SLIP4C,,49.4,,63˚ 36.25' N,172˚ 35.42' W,,,,,,1000,,,,,,,,,,TRUE,,,Sent to OSU for Extraction and Sequencing in 2021,Lab Van -20˚C,TRUE,FALSE,18S/16S done; other markers pending (R3)
E285.3B.NO20,285,3,,FALSE,NO20,Norseman 2020,,10/14/20,SLIP4C-BW-#3,,,Niskin; Sterivex 0.22µm filter,95% EtOH,,SLIP4C,,49.4,,63˚ 36.25' N,172˚ 35.42' W,,,,,,1000,,,,,,,,,,TRUE,,,Sent to OSU for Extraction and Sequencing in 2021,Lab Van -20˚C,TRUE,FALSE,18S/16S done; other markers pending (R3)
E286.1B.NO20,286,1,,FALSE,NO20,Norseman 2020,,10/14/20,SLIP4C-SW-#1,,,Niskin; Sterivex 0.22µm filter,95% EtOH,,SLIP4C,,2.2,,63˚ 36.25' N,172˚ 35.42' W,,,,,,1000,,,,,,,,,,TRUE,,,Sent to OSU for Extraction and Sequencing in 2021,Lab Van -20˚C,TRUE,FALSE,18S/16S done; other markers pending (R3)
E286.2B.NO20,286,2,,FALSE,NO20,Norseman 2020,,10/14/20,SLIP4C-SW-#2,,,Niskin; Sterivex 0.22µm filter,95% EtOH,,SLIP4C,,2.2,,63˚ 36.25' N,172˚ 35.42' W,,,,,,1000,,,,,,,,,,TRUE,,,Sent to OSU for Extraction and Sequencing in 2021,Lab Van -20˚C,TRUE,FALSE,18S/16S done; other markers pending (R3)
E286.3B.NO20,286,3,,FALSE,NO20,Norseman 2020,,10/14/20,SLIP4C-SW-#3,,,Niskin; Sterivex 0.22µm filter,95% EtOH,,SLIP4C,,2.2,,63˚ 36.25' N,172˚ 35.42' W,,,,,,1000,,,,,,,,,,TRUE,,,Sent to OSU for Extraction and Sequencing in 2021,Lab Van -20˚C,TRUE,FALSE,18S/16S done; other markers pending (R3)
E287.1B.NO20,287,1,,FALSE,NO20,Norseman 2020,,10/18/20,DBO2.3-BW-#1,,,Niskin; Sterivex 0.22µm filter,95% EtOH,,DBO2-3/UTBS 2A,,30.2,,64˚ 40.2' N,168˚ 14.08' W,,,,,,1000,,,,,,,,,,TRUE,,,Sent to OSU for Extraction and Sequencing in 2021,Lab Van -20˚C,TRUE,FALSE,18S/16S done; other markers pending (R3)
E287.2B.NO20,287,2,,FALSE,NO20,Norseman 2020,,10/18/20,DBO2.3-BW-#2,,,Niskin; Sterivex 0.22µm filter,95% EtOH,,DBO2-3/UTBS 2A,,30.2,,64˚ 40.2' N,168˚ 14.08' W,,,,,,1000,,,,,,,,,,TRUE,,,Sent to OSU for Extraction and Sequencing in 2021,Lab Van -20˚C,TRUE,FALSE,18S/16S done; other markers pending (R3)
E287.3B.NO20,287,3,,FALSE,NO20,Norseman 2020,,10/18/20,DBO2.3-BW-#3,,,Niskin; Sterivex 0.22µm filter,95% EtOH,,DBO2-3/UTBS 2A,,30.2,,64˚ 40.2' N,168˚ 14.08' W,,,,,,1000,,,,,,,,,,TRUE,,,Sent to OSU for Extraction and Sequencing in 2021,Lab Van -20˚C,TRUE,FALSE,18S/16S done; other markers pending (R3)
E288.1B.NO20,288,1,,FALSE,NO20,Norseman 2020,,10/18/20,DBO2.3-SW-#1,,,Niskin; Sterivex 0.22µm filter,95% EtOH,,DBO2-3/UTBS 2A,,3.6,,64˚ 40.2' N,168˚ 14.08' W,,,,,,1000,,,,,,,,,,TRUE,,,Sent to OSU for Extraction and Sequencing in 2021,Lab Van -20˚C,TRUE,FALSE,18S/16S done; other markers pending (R3)
E288.2B.NO20,288,2,,FALSE,NO20,Norseman 2020,,10/18/20,DBO2.3-SW-#2,,,Niskin; Sterivex 0.22µm filter,95% EtOH,,DBO2-3/UTBS 2A,,3.6,,64˚ 40.2' N,168˚ 14.08' W,,,,,,1000,,,,,,,,,,TRUE,,,Sent to OSU for Extraction and Sequencing in 2021,Lab Van -20˚C,TRUE,FALSE,18S/16S done; other markers pending (R3)
E289.1B.NO20,289,1,,FALSE,NO20,Norseman 2020,,10/18/20,DBO2.2-BW-#1,,,Niskin; Sterivex 0.22µm filter,95% EtOH,,DBO2-2/UTBS 2,,39.8,,64˚ 40.8' N,169˚ 05.94' W,,,,,,1000,,,,,,,,,,TRUE,,,Sent to OSU for Extraction and Sequencing in 2021,Lab Van -20˚C,TRUE,FALSE,18S/16S done; other markers pending (R3)
E289.2B.NO20,289,2,,FALSE,NO20,Norseman 2020,,10/18/20,DBO2.2-BW-#2,,,Niskin; Sterivex 0.22µm filter,95% EtOH,,DBO2-2/UTBS 2,,39.8,,64˚ 40.8' N,169˚ 05.94' W,,,,,,1000,,,,,,,,,,TRUE,,,Sent to OSU for Extraction and Sequencing in 2021,Lab Van -20˚C,TRUE,FALSE,18S/16S done; other markers pending (R3)
E289.3B.NO20,289,3,,FALSE,NO20,Norseman 2020,,10/18/20,DBO2.2-BW-#3,,,Niskin; Sterivex 0.22µm filter,95% EtOH,,DBO2-2/UTBS 2,,39.8,,64˚ 40.8' N,169˚ 05.94' W,,,,,,1000,,,,,,,,,,TRUE,,,Sent to OSU for Extraction and Sequencing in 2021,Lab Van -20˚C,TRUE,FALSE,18S/16S done; other markers pending (R3)
E290.1B.NO20,290,1,,FALSE,NO20,Norseman 2020,,10/18/20,DBO2.2-SW-#1,,,Niskin; Sterivex 0.22µm filter,95% EtOH,,DBO2-2/UTBS 2,,3.5,,64˚ 40.8' N,169˚ 05.94' W,,,,,,1000,,,,,,,,,,TRUE,,,Sent to OSU for Extraction and Sequencing in 2021,Lab Van -20˚C,TRUE,FALSE,18S/16S done; other markers pending (R3)
E290.2B.NO20,290,2,,FALSE,NO20,Norseman 2020,,10/18/20,DBO2.2-SW-#2,,,Niskin; Sterivex 0.22µm filter,95% EtOH,,DBO2-2/UTBS 2,,3.5,,64˚ 40.8' N,169˚ 05.94' W,,,,,,1000,,,,,,,,,,TRUE,,,Sent to OSU for Extraction and Sequencing in 2021,Lab Van -20˚C,TRUE,FALSE,18S/16S done; other markers pending (R3)
E290.3B.NO20,290,3,,FALSE,NO20,Norseman 2020,,10/18/20,DBO2.2-SW-#3,,,Niskin; Sterivex 0.22µm filter,95% EtOH,,DBO2-2/UTBS 2,,3.5,,64˚ 40.8' N,169˚ 05.94' W,,,,,,1000,,,,,,,,,,TRUE,,,Sent to OSU for Extraction and Sequencing in 2021,Lab Van -20˚C,TRUE,FALSE,18S/16S done; other markers pending (R3)
E291.1B.NO20,291,1,,FALSE,NO20,Norseman 2020,,10/18/20,DBO2.1-BW-#1,,,Niskin; Sterivex 0.22µm filter,95% EtOH,,DBO2-1/UTBS 5,,41.6,,64˚ 40.15' N,169˚ 55.25' W,,,,,,1000,,,,,,,,,,TRUE,,,Sent to OSU for Extraction and Sequencing in 2021,Lab Van -20˚C,TRUE,FALSE,18S/16S done; other markers pending (R3)
E291.2B.NO20,291,2,,FALSE,NO20,Norseman 2020,,10/18/20,DBO2.1-BW-#2,,,Niskin; Sterivex 0.22µm filter,95% EtOH,,DBO2-1/UTBS 5,,41.6,,64˚ 40.15' N,169˚ 55.25' W,,,,,,1000,,,,,,,,,,TRUE,,,Sent to OSU for Extraction and Sequencing in 2021,Lab Van -20˚C,TRUE,FALSE,18S/16S done; other markers pending (R3)
E291.3B.NO20,291,3,,FALSE,NO20,Norseman 2020,,10/18/20,DBO2.1-BW-#3,,,Niskin; Sterivex 0.22µm filter,95% EtOH,,DBO2-1/UTBS 5,,41.6,,64˚ 40.15' N,169˚ 55.25' W,,,,,,1000,,,,,,,,,,TRUE,,,Sent to OSU for Extraction and Sequencing in 2021,Lab Van -20˚C,TRUE,FALSE,18S/16S done; other markers pending (R3)
E292.1B.NO20,292,1,,FALSE,NO20,Norseman 2020,,10/18/20,DBO2.1-SW-#1,,,Niskin; Sterivex 0.22µm filter,95% EtOH,,DBO2-1/UTBS 5,,3.0,,64˚ 40.15' N,169˚ 55.25' W,,,,,,1000,,,,,,,,,,TRUE,,,Sent to OSU for Extraction and Sequencing in 2021,Lab Van -20˚C,TRUE,FALSE,18S/16S done; other markers pending (R3)
E292.2B.NO20,292,2,,FALSE,NO20,Norseman 2020,,10/18/20,DBO2.1-SW-#2,,,Niskin; Sterivex 0.22µm filter,95% EtOH,,DBO2-1/UTBS 5,,3.0,,64˚ 40.15' N,169˚ 55.25' W,,,,,,1000,,,,,,,,,,TRUE,,,Sent to OSU for Extraction and Sequencing in 2021,Lab Van -20˚C,TRUE,FALSE,18S/16S done; other markers pending (R3)
E292.3B.NO20,292,3,,FALSE,NO20,Norseman 2020,,10/18/20,DBO2.1-SW-#3,,,Niskin; Sterivex 0.22µm filter,95% EtOH,,DBO2-1/UTBS 5,,3.0,,64˚ 40.15' N,169˚ 55.25' W,,,,,,1000,,,,,,,,,,TRUE,,,Sent to OSU for Extraction and Sequencing in 2021,Lab Van -20˚C,TRUE,FALSE,18S/16S done; other markers pending (R3)
E293.1B.NO20,293,1,,FALSE,NO20,Norseman 2020,,10/18/20,DBO2.0-BW-#1,,,Niskin; Sterivex 0.22µm filter,95% EtOH,,DBO2-0/BCL6C,,42.7,,64˚ 40.31' N,170˚ 38.36' W,,,,,,1000,,,,,,,,,,TRUE,,,Sent to OSU for Extraction and Sequencing in 2021,Lab Van -20˚C,TRUE,FALSE,18S/16S done; other markers pending (R3)
E293.2B.NO20,293,2,,FALSE,NO20,Norseman 2020,,10/18/20,DBO2.0-BW-#2,,,Niskin; Sterivex 0.22µm filter,95% EtOH,,DBO2-0/BCL6C,,42.7,,64˚ 40.31' N,170˚ 38.36' W,,,,,,1000,,,,,,,,,,TRUE,,,Sent to OSU for Extraction and Sequencing in 2021,Lab Van -20˚C,TRUE,FALSE,18S/16S done; other markers pending (R3)
E293.3B.NO20,293,3,,FALSE,NO20,Norseman 2020,,10/18/20,DBO2.0-BW-#3,,,Niskin; Sterivex 0.22µm filter,95% EtOH,,DBO2-0/BCL6C,,42.7,,64˚ 40.31' N,170˚ 38.36' W,,,,,,1000,,,,,,,,,,TRUE,,,Sent to OSU for Extraction and Sequencing in 2021,Lab Van -20˚C,TRUE,FALSE,18S/16S done; other markers pending (R3)
E294.1B.NO20,294,1,,FALSE,NO20,Norseman 2020,,10/18/20,DBO2.0-SW-#1,,,Niskin; Sterivex 0.22µm filter,95% EtOH,,DBO2-0/BCL6C,,4.4,,64˚ 40.31' N,170˚ 38.36' W,,,,,,1000,,,,,,,,,,TRUE,,,Sent to OSU for Extraction and Sequencing in 2021,Lab Van -20˚C,TRUE,FALSE,18S/16S done; other markers pending (R3)
E294.2B.NO20,294,2,,FALSE,NO20,Norseman 2020,,10/18/20,DBO2.0-SW-#2,,,Niskin; Sterivex 0.22µm filter,95% EtOH,,DBO2-0/BCL6C,,4.4,,64˚ 40.31' N,170˚ 38.36' W,,,,,,1000,,,,,,,,,,TRUE,,,Sent to OSU for Extraction and Sequencing in 2021,Lab Van -20˚C,TRUE,FALSE,18S/16S done; other markers pending (R3)
E294.3B.NO20,294,3,,FALSE,NO20,Norseman 2020,,10/18/20,DBO2.0-SW-#3,,,Niskin; Sterivex 0.22µm filter,95% EtOH,,DBO2-0/BCL6C,,4.4,,64˚ 40.31' N,170˚ 38.36' W,,,,,,1000,,,,,,,,,,TRUE,,,Sent to OSU for Extraction and Sequencing in 2021,Lab Van -20˚C,TRUE,FALSE,18S/16S done; other markers pending (R3)
E295.1B.NO20,295,1,,FALSE,NO20,Norseman 2020,,10/19/20,DBO2.4-BW-#1,,,Niskin; Sterivex 0.22µm filter,95% EtOH,,DBO2-4/UTBS 4,,42.8,,64˚ 57.51' N,169˚ 53.38' W,,,,,,1000,,,,,,,,,,TRUE,,,Sent to OSU for Extraction and Sequencing in 2021,Lab Van -20˚C,TRUE,FALSE,18S/16S done; other markers pending (R3)
E295.2B.NO20,295,2,,FALSE,NO20,Norseman 2020,,10/19/20,DBO2.4-BW-#2,,,Niskin; Sterivex 0.22µm filter,95% EtOH,,DBO2-4/UTBS 4,,42.8,,64˚ 57.51' N,169˚ 53.38' W,,,,,,1000,,,,,,,,,,TRUE,,,Sent to OSU for Extraction and Sequencing in 2021,Lab Van -20˚C,TRUE,FALSE,18S/16S done; other markers pending (R3)
E295.3B.NO20,295,3,,FALSE,NO20,Norseman 2020,,10/19/20,DBO2.4-BW-#3,,,Niskin; Sterivex 0.22µm filter,95% EtOH,,DBO2-4/UTBS 4,,42.8,,64˚ 57.51' N,169˚ 53.38' W,,,,,,1000,,,,,,,,,,TRUE,,,Sent to OSU for Extraction and Sequencing in 2021,Lab Van -20˚C,TRUE,FALSE,18S/16S done; other markers pending (R3)
E296.1B.NO20,296,1,,FALSE,NO20,Norseman 2020,,10/19/20,DBO2.4-SW-#1,,,Niskin; Sterivex 0.22µm filter,95% EtOH,,DBO2-4/UTBS 4,,3.2,,64˚ 57.51' N,169˚ 53.38' W,,,,,,1000,,,,,,,,,,TRUE,,,Sent to OSU for Extraction and Sequencing in 2021,Lab Van -20˚C,TRUE,FALSE,18S/16S done; other markers pending (R3)
E296.2B.NO20,296,2,,FALSE,NO20,Norseman 2020,,10/19/20,DBO2.4-SW-#2,,,Niskin; Sterivex 0.22µm filter,95% EtOH,,DBO2-4/UTBS 4,,3.2,,64˚ 57.51' N,169˚ 53.38' W,,,,,,1000,,,,,,,,,,TRUE,,,Sent to OSU for Extraction and Sequencing in 2021,Lab Van -20˚C,TRUE,FALSE,18S/16S done; other markers pending (R3)
E296.3B.NO20,296,3,,FALSE,NO20,Norseman 2020,,10/19/20,DBO2.4-SW-#3,,,Niskin; Sterivex 0.22µm filter,95% EtOH,,DBO2-4/UTBS 4,,3.2,,64˚ 57.51' N,169˚ 53.38' W,,,,,,1000,,,,,,,,,,TRUE,,,Sent to OSU for Extraction and Sequencing in 2021,Lab Van -20˚C,TRUE,FALSE,18S/16S done; other markers pending (R3)
E297.1B.NO20,297,1,,FALSE,NO20,Norseman 2020,,10/19/20,DBO2.5-BW-#1,,,Niskin; Sterivex 0.22µm filter,95% EtOH,,DBO2-5/UTBS 1,,43.0,,64˚ 59.39' N,169˚ 08.49' W,,,,,,1000,,,,,,,,,,TRUE,,,Sent to OSU for Extraction and Sequencing in 2021,Lab Van -20˚C,TRUE,FALSE,18S/16S done; other markers pending (R3)
E297.2B.NO20,297,2,,FALSE,NO20,Norseman 2020,,10/19/20,DBO2.5-BW-#2,,,Niskin; Sterivex 0.22µm filter,95% EtOH,,DBO2-5/UTBS 1,,43.0,,64˚ 59.39' N,169˚ 08.49' W,,,,,,1000,,,,,,,,,,TRUE,,,Sent to OSU for Extraction and Sequencing in 2021,Lab Van -20˚C,TRUE,FALSE,18S/16S done; other markers pending (R3)
E297.3B.NO20,297,3,,FALSE,NO20,Norseman 2020,,10/19/20,DBO2.5-BW-#3,,,Niskin; Sterivex 0.22µm filter,95% EtOH,,DBO2-5/UTBS 1,,43.0,,64˚ 59.39' N,169˚ 08.49' W,,,,,,1000,,,,,,,,,,TRUE,,,Sent to OSU for Extraction and Sequencing in 2021,Lab Van -20˚C,TRUE,FALSE,18S/16S done; other markers pending (R3)
E298.1B.NO20,298,1,,FALSE,NO20,Norseman 2020,,10/19/20,DBO2.5-SW-#1,,,Niskin; Sterivex 0.22µm filter,95% EtOH,,DBO2-5/UTBS 1,,3.3,,64˚ 59.39' N,169˚ 08.49' W,,,,,,1000,,,,,,,,,,TRUE,,,Sent to OSU for Extraction and Sequencing in 2021,Lab Van -20˚C,TRUE,FALSE,18S/16S done; other markers pending (R3)
E298.2B.NO20,298,2,,FALSE,NO20,Norseman 2020,,10/19/20,DBO2.5-SW-#2,,,Niskin; Sterivex 0.22µm filter,95% EtOH,,DBO2-5/UTBS 1,,3.3,,64˚ 59.39' N,169˚ 08.49' W,,,,,,1000,,,,,,,,,,TRUE,,,Sent to OSU for Extraction and Sequencing in 2021,Lab Van -20˚C,TRUE,FALSE,18S/16S done; other markers pending (R3)
E298.3B.NO20,298,3,,FALSE,NO20,Norseman 2020,,10/19/20,DBO2.5-SW-#3,,,Niskin; Sterivex 0.22µm filter,95% EtOH,,DBO2-5/UTBS 1,,3.3,,64˚ 59.39' N,169˚ 08.49' W,,,,,,1000,,,,,,,,,,TRUE,,,Sent to OSU for Extraction and Sequencing in 2021,Lab Van -20˚C,TRUE,FALSE,18S/16S done; other markers pending (R3)
E299.1B.NO20,299,1,,FALSE,NO20,Norseman 2020,,10/19/20,DBO2.7-BW-#1,,,Niskin; Sterivex 0.22µm filter,95% EtOH,,DBO2-7,,41.7,,65˚ 00.04' N,168˚ 13.29' W,,,,,,1000,,,,,,,,,,TRUE,,,Sent to OSU for Extraction and Sequencing in 2021,Lab Van -20˚C,TRUE,FALSE,18S/16S done; other markers pending (R3)
E299.2B.NO20,299,2,,FALSE,NO20,Norseman 2020,,10/19/20,DBO2.7-BW-#2,,,Niskin; Sterivex 0.22µm filter,95% EtOH,,DBO2-7,,41.7,,65˚ 00.04' N,168˚ 13.29' W,,,,,,1000,,,,,,,,,,TRUE,,,Sent to OSU for Extraction and Sequencing in 2021,Lab Van -20˚C,TRUE,FALSE,18S/16S done; other markers pending (R3)
E299.3B.NO20,299,3,,FALSE,NO20,Norseman 2020,,10/19/20,DBO2.7-BW-#3,,,Niskin; Sterivex 0.22µm filter,95% EtOH,,DBO2-7,,41.7,,65˚ 00.04' N,168˚ 13.29' W,,,,,,1000,,,,,,,,,,TRUE,,,Sent to OSU for Extraction and Sequencing in 2021,Lab Van -20˚C,TRUE,FALSE,18S/16S done; other markers pending (R3)
E300.1B.NO20,300,1,,FALSE,NO20,Norseman 2020,,10/19/20,DBO2.7-SW-#1,,,Niskin; Sterivex 0.22µm filter,95% EtOH,,DBO2-7,,4.0,,65˚ 00.04' N,168˚ 13.29' W,,,,,,1000,,,,,,,,,,TRUE,,,Sent to OSU for Extraction and Sequencing in 2021,Lab Van -20˚C,TRUE,FALSE,18S/16S done; other markers pending (R3)
E300.2B.NO20,300,2,,FALSE,NO20,Norseman 2020,,10/19/20,DBO2.7-SW-#2,,,Niskin; Sterivex 0.22µm filter,95% EtOH,,DBO2-7,,4.0,,65˚ 00.04' N,168˚ 13.29' W,,,,,,1000,,,,,,,,,,TRUE,,,Sent to OSU for Extraction and Sequencing in 2021,Lab Van -20˚C,TRUE,FALSE,18S/16S done; other markers pending (R3)
E300.3B.NO20,300,3,,FALSE,NO20,Norseman 2020,,10/19/20,DBO2.7-SW-#3,,,Niskin; Sterivex 0.22µm filter,95% EtOH,,DBO2-7,,4.0,,65˚ 00.04' N,168˚ 13.29' W,,,,,,1000,,,,,,,,,,TRUE,,,Sent to OSU for Extraction and Sequencing in 2021,Lab Van -20˚C,TRUE,FALSE,18S/16S done; other markers pending (R3)
E301.NC.NO20,301,,,TRUE,NO20,Norseman 2020,,10/20/20,Control-2,,,Niskin; Sterivex 0.22µm filter,95% EtOH,,,,-,-,-,-,-,-,-,-,-,1000,,,,,,,,,,TRUE,,,Sent to OSU for Extraction and Sequencing in 2021,Lab Van -20˚C,TRUE,FALSE,18S/16S done; other markers pending (R3)
E302.RC56,302,,,FALSE,RC56,Carson Alki 2021,,06/08/21,Alki-01,RC56-V02,2,Niskin; Sterivex 0.22µm filter,95% EtOH,Salish Sea,"Alki Point Methane Seep, Mooring",,156.0,,47˚ 33.314' N,122˚ 25.027' W,,15:35,15:47,22:35,22:47,1000,9.9,,,6.6 mg/L,,,,Matt Galaska,,TRUE,,35.8,Extracted on 01/27/2022 - NanoDrop; Shannon Brown,Lab -20˚C,FALSE,FALSE,
E303.RC56,303,,,FALSE,RC56,Carson Alki 2021,,06/08/21,Alki-02,RC56-V02,4,Niskin; Sterivex 0.22µm filter,95% EtOH,Salish Sea,"Alki Point Methane Seep, Mooring",,150.0,,47˚ 33.314' N,122˚ 25.027' W,,15:35,15:48,22:35,22:48,1000,9.9,,,6.61 mg/L,,,,Matt Galaska,,TRUE,,43.8,Extracted on 01/27/2022 - NanoDrop; Shannon Brown,Lab -20˚C,FALSE,FALSE,
E304.RC56,304,,,FALSE,RC56,Carson Alki 2021,,06/08/21,Alki-03,RC56-V02,6,Niskin; Sterivex 0.22µm filter,95% EtOH,Salish Sea,"Alki Point Methane Seep, Mooring",,100.0,,47˚ 33.314' N,122˚ 25.027' W,,15:35,15:53,22:35,22:53,1000,9.9,,30.2,6.73 mg/L,,,,Matt Galaska,,TRUE,,86.8,Extracted on 01/27/2022 - NanoDrop; Shannon Brown,Lab -20˚C,FALSE,FALSE,
E305.RC56,305,,,FALSE,RC56,Carson Alki 2021,,06/08/21,Alki-04,RC56-V02,7,Niskin; Sterivex 0.22µm filter,95% EtOH,Salish Sea,"Alki Point Methane Seep, Mooring",,75.0,,47˚ 33.314' N,122˚ 25.027' W,,15:35,15:55,22:35,22:55,1000,9.9,,30.1,6.87 mg/L,,,,Matt Galaska,,TRUE,,136.7,Extracted on 01/27/2022 - NanoDrop; Shannon Brown,Lab -20˚C,FALSE,FALSE,
E306.RC56,306,,,FALSE,RC56,Carson Alki 2021,,06/08/21,Alki-05,RC56-V02,8,Niskin; Sterivex 0.22µm filter,95% EtOH,Salish Sea,"Alki Point Methane Seep, Mooring",,50.0,,47˚ 33.314' N,122˚ 25.027' W,,15:35,15:56,22:35,22:56,1000,10.0,,29.9,7.43 mg/L,,,,Matt Galaska,,TRUE,,35,Extracted on 01/28/2022 - NanoDrop; Shannon Brown,Lab -20˚C,FALSE,FALSE,
E307.RC56,307,,,FALSE,RC56,Carson Alki 2021,,06/08/21,Alki-06,RC56-V02,10,Niskin; Sterivex 0.22µm filter,95% EtOH,Salish Sea,"Alki Point Methane Seep, Mooring",,20.0,,47˚ 33.314' N,122˚ 25.027' W,,15:35,16:00,22:35,23:00,1000,10.5,,29.7,8.23 mg/L,,,,Matt Galaska,,TRUE,,29.8,Extracted on 01/28/2022 - NanoDrop; Shannon Brown,Lab -20˚C,FALSE,FALSE,
E308.RC56,308,,,FALSE,RC56,Carson Alki 2021,,06/08/21,Alki-07,RC56-V02,12,Niskin; Sterivex 0.22µm filter,95% EtOH,Salish Sea,"Alki Point Methane Seep, Mooring",,1.0,,47˚ 33.314' N,122˚ 25.027' W,,15:35,16:02,22:35,23:02,1000,11.1,,29.4,9.83 mg/L,,,,Matt Galaska,,TRUE,,20.4,Extracted on 01/28/2022 - NanoDrop; Shannon Brown,Lab -20˚C,FALSE,FALSE,
E309.NC.RC56,309,,,TRUE,RC56,Carson Alki 2021,,06/08/21,Neg-01,-,-,Sterivex 0.22µm filter,95% EtOH,,,,-,-,-,-,-,-,-,-,-,1000,,,,,,,,Matt Galaska,,FALSE,,,,Lab -20˚C,FALSE,FALSE,
E310.RC56,310,,,FALSE,RC56,Carson Alki 2021,,03/31/21,Alki-PPS-01,,1,PPS Unit; Programmed Sampling,95% EtOH,Salish Sea,"Alki Point Methane Seep, Mooring",,,,47˚ 33.425' N,122˚ 25.030' W,,13:47,13:57,20:47,20:57,1000,,,,,,,,Matt Galaska,,TRUE,,14,Extracted on 02/18/2022 - NanoDrop; Shannon Brown,Lab -20˚C,FALSE,FALSE,
E311.RC56,311,,,FALSE,RC56,Carson Alki 2021,,04/01/21,Alki-PPS-02,,2,PPS Unit; Programmed Sampling,95% EtOH,Salish Sea,"Alki Point Methane Seep, Mooring",,,,47˚ 33.425' N,122˚ 25.030' W,,07:43,07:43,14:43,14:43,1000,,,,,,,,Matt Galaska,Sudden flow obstruction,TRUE,,0.6,Extracted on 02/18/2022 - NanoDrop; Shannon Brown,Lab -20˚C,FALSE,FALSE,
E312.RC56,312,,,FALSE,RC56,Carson Alki 2021,,04/01/21,Alki-PPS-03,,3,PPS Unit; Programmed Sampling,95% EtOH,Salish Sea,"Alki Point Methane Seep, Mooring",,,,47˚ 33.425' N,122˚ 25.030' W,,14:34,14:44,21:34,21:44,1000,,,,,,,,Matt Galaska,,TRUE,,26.5,Extracted on 02/18/2022 - NanoDrop; Shannon Brown,Lab -20˚C,FALSE,FALSE,
E313.RC56,313,,,FALSE,RC56,Carson Alki 2021,,04/02/21,Alki-PPS-04,,4,PPS Unit; Programmed Sampling,95% EtOH,Salish Sea,"Alki Point Methane Seep, Mooring",,,,47˚ 33.425' N,122˚ 25.030' W,,08:23,08:33,15:23,15:33,1000,,,,,,,,Matt Galaska,,TRUE,,3.4,Extracted on 02/18/2022 - NanoDrop; Shannon Brown,Lab -20˚C,FALSE,FALSE,
E314.RC56,314,,,FALSE,RC56,Carson Alki 2021,,04/02/21,Alki-PPS-05,,5,PPS Unit; Programmed Sampling,95% EtOH,Salish Sea,"Alki Point Methane Seep, Mooring",,,,47˚ 33.425' N,122˚ 25.030' W,,15:26,15:26,22:26,22:26,1000,,,,,,,,Matt Galaska,Sudden pressure release,TRUE,,1,Extracted on 02/18/2022 - NanoDrop; Shannon Brown,Lab -20˚C,FALSE,FALSE,
E315.RC56,315,,,FALSE,RC56,Carson Alki 2021,,04/03/21,Alki-PPS-06,,6,PPS Unit; Programmed Sampling,95% EtOH,Salish Sea,"Alki Point Methane Seep, Mooring",,,,47˚ 33.425' N,122˚ 25.030' W,,09:11,09:21,16:11,16:21,1000,,,,,,,,Matt Galaska,,TRUE,,22.3,Extracted on 02/18/2022 - NanoDrop; Shannon Brown,Lab -20˚C,FALSE,FALSE,
E316.RC56,316,,,FALSE,RC56,Carson Alki 2021,,04/03/21,Alki-PPS-07,,7,PPS Unit; Programmed Sampling,95% EtOH,Salish Sea,"Alki Point Methane Seep, Mooring",,,,47˚ 33.425' N,122˚ 25.030' W,,16:22,16:23,23:22,23:23,1000,,,,,,,,Matt Galaska,Sudden pressure release,TRUE,,0.5,Extracted on 02/18/2022 - NanoDrop; Shannon Brown,Lab -20˚C,FALSE,FALSE,
E317.RC56,317,,,FALSE,RC56,Carson Alki 2021,,04/04/21,Alki-PPS-08,,8,PPS Unit; Programmed Sampling,95% EtOH,Salish Sea,"Alki Point Methane Seep, Mooring",,,,47˚ 33.425' N,122˚ 25.030' W,,10:14,10:24,17:14,17:24,1000,,,,,,,,Matt Galaska,,TRUE,,6.8,Extracted on 02/18/2022 - NanoDrop; Shannon Brown,Lab -20˚C,FALSE,FALSE,
E318.RC56,318,,,FALSE,RC56,Carson Alki 2021,,04/04/21,Alki-PPS-09,,9,PPS Unit; Programmed Sampling,95% EtOH,Salish Sea,"Alki Point Methane Seep, Mooring",,,,47˚ 33.425' N,122˚ 25.030' W,,17:28,17:38,0:28,00:38,1000,,,,,,,,Matt Galaska,,TRUE,,8.1,Extracted on 02/18/2022 - NanoDrop; Shannon Brown,Lab -20˚C,FALSE,FALSE,
E319.RC56,319,,,FALSE,RC56,Carson Alki 2021,,04/05/21,Alki-PPS-10,,10,PPS Unit; Programmed Sampling,95% EtOH,Salish Sea,"Alki Point Methane Seep, Mooring",,,,47˚ 33.425' N,122˚ 25.030' W,,11:37,11:37,18:37,18:37,1000,,,,,,,,Matt Galaska,Sudden pressure release,TRUE,,0.7,Extracted on 02/18/2022 - NanoDrop; Shannon Brown,Lab -20˚C,FALSE,FALSE,
E320.RC56,320,,,FALSE,RC56,Carson Alki 2021,,04/05/21,Alki-PPS-11,,11,PPS Unit; Programmed Sampling,95% EtOH,Salish Sea,"Alki Point Methane Seep, Mooring",,,,47˚ 33.425' N,122˚ 25.030' W,,18:41,18:51,1:41,01:51,1000,,,,,,,,Matt Galaska,,TRUE,,19.5,Extracted on 02/18/2022 - NanoDrop; Shannon Brown,Lab -20˚C,FALSE,FALSE,
E321.RC56,321,,,FALSE,RC56,Carson Alki 2021,,04/06/21,Alki-PPS-12,,12,PPS Unit; Programmed Sampling,95% EtOH,Salish Sea,"Alki Point Methane Seep, Mooring",,,,47˚ 33.425' N,122˚ 25.030' W,,13:08,13:08,20:08,20:08,1000,,,,,,,,Matt Galaska,Sudden pressure release,TRUE,,1.2,Extracted on 02/18/2022 - NanoDrop; Shannon Brown,Lab -20˚C,FALSE,FALSE,
E322.RC56,322,,,FALSE,RC56,Carson Alki 2021,,04/06/21,Alki-PPS-13,,13,PPS Unit; Programmed Sampling,95% EtOH,Salish Sea,"Alki Point Methane Seep, Mooring",,,,47˚ 33.425' N,122˚ 25.030' W,,19:51,20:01,2:51,03:01,1000,,,,,,,,Matt Galaska,,TRUE,,15,Extracted on 04/08/2022 - NanoDrop; Shannon Brown,Lab -20˚C,FALSE,FALSE,
E323.RC56,323,,,FALSE,RC56,Carson Alki 2021,,04/09/21,Alki-PPS-14,,14,PPS Unit; Programmed Sampling,95% EtOH,Salish Sea,"Alki Point Methane Seep, Mooring",,,,47˚ 33.425' N,122˚ 25.030' W,,04:45,04:45,11:45,11:45,1000,,,,,,,,Matt Galaska,Sudden pressure release,TRUE,,1.7,Extracted on 04/08/2022 - NanoDrop; Shannon Brown,Lab -20˚C,FALSE,FALSE,
E324.RC56,324,,,FALSE,RC56,Carson Alki 2021,,04/09/21,Alki-PPS-15,,15,PPS Unit; Programmed Sampling,95% EtOH,Salish Sea,"Alki Point Methane Seep, Mooring",,,,47˚ 33.425' N,122˚ 25.030' W,,10:56,11:06,17:56,18:06,1000,,,,,,,,Matt Galaska,,TRUE,,22.5,Extracted on 04/08/2022 - NanoDrop; Shannon Brown,Lab -20˚C,FALSE,FALSE,
E325.RC56,325,,,FALSE,RC56,Carson Alki 2021,,04/11/21,Alki-PPS-16,,16,PPS Unit; Programmed Sampling,95% EtOH,Salish Sea,"Alki Point Methane Seep, Mooring",,,,47˚ 33.425' N,122˚ 25.030' W,,05:25,05:25,12:25,12:25,1000,,,,,,,,Matt Galaska,Sudden flow obstruction,TRUE,,2.1,Extracted on 04/08/2022 - NanoDrop; Shannon Brown,Lab -20˚C,FALSE,FALSE,
E326.RC56,326,,,FALSE,RC56,Carson Alki 2021,,04/11/21,Alki-PPS-17,,17,PPS Unit; Programmed Sampling,95% EtOH,Salish Sea,"Alki Point Methane Seep, Mooring",,,,47˚ 33.425' N,122˚ 25.030' W,,11:50,12:00,18:50,19:00,1000,,,,,,,,Matt Galaska,,TRUE,,19.5,Extracted on 04/08/2022 - NanoDrop; Shannon Brown,Lab -20˚C,FALSE,FALSE,
E327.RC56,327,,,FALSE,RC56,Carson Alki 2021,,04/13/21,Alki-PPS-18,,18,PPS Unit; Programmed Sampling,95% EtOH,Salish Sea,"Alki Point Methane Seep, Mooring",,,,47˚ 33.425' N,122˚ 25.030' W,,06:06,06:07,13:06,13:07,1000,,,,,,,,Matt Galaska,Sudden pressure release,TRUE,,1.7,Extracted on 04/08/2022 - NanoDrop; Shannon Brown,Lab -20˚C,FALSE,FALSE,
E328.RC56,328,,,FALSE,RC56,Carson Alki 2021,,04/13/21,Alki-PPS-19,,19,PPS Unit; Programmed Sampling,95% EtOH,Salish Sea,"Alki Point Methane Seep, Mooring",,,,47˚ 33.425' N,122˚ 25.030' W,,12:42,12:52,19:42,19:52,1000,,,,,,,,Matt Galaska,,TRUE,,32.7,Extracted on 04/08/2022 - NanoDrop; Shannon Brown,Lab -20˚C,FALSE,FALSE,
E329.RC56,329,,,FALSE,RC56,Carson Alki 2021,,04/15/21,Alki-PPS-20,,20,PPS Unit; Programmed Sampling,95% EtOH,Salish Sea,"Alki Point Methane Seep, Mooring",,,,47˚ 33.425' N,122˚ 25.030' W,,06:58,06:58,13:58,13:58,1000,,,,,,,,Matt Galaska,Sudden flow obstruction,TRUE,,1.3,Extracted on 04/08/2022 - NanoDrop; Shannon Brown,Lab -20˚C,FALSE,FALSE,
E330.RC56,330,,,FALSE,RC56,Carson Alki 2021,,04/15/21,Alki-PPS-21,,21,PPS Unit; Programmed Sampling,95% EtOH,Salish Sea,"Alki Point Methane Seep, Mooring",,,,47˚ 33.425' N,122˚ 25.030' W,,13:45,13:55,20:45,20:55,1000,,,,,,,,Matt Galaska,,TRUE,,26.2,Extracted on 04/08/2022 - NanoDrop; Shannon Brown,Lab -20˚C,FALSE,FALSE,
E331.RC56,331,,,FALSE,RC56,Carson Alki 2021,,04/17/21,Alki-PPS-22,,22,PPS Unit; Programmed Sampling,95% EtOH,Salish Sea,"Alki Point Methane Seep, Mooring",,,,47˚ 33.425' N,122˚ 25.030' W,,07:56,07:56,14:56,14:56,1000,,,,,,,,Matt Galaska,Sudden pressure release,TRUE,,1,Extracted on 04/08/2022 - NanoDrop; Shannon Brown,Lab -20˚C,FALSE,FALSE,
E332.RC56,332,,,FALSE,RC56,Carson Alki 2021,,04/17/21,Alki-PPS-23,,23,PPS Unit; Programmed Sampling,95% EtOH,Salish Sea,"Alki Point Methane Seep, Mooring",,,,47˚ 33.425' N,122˚ 25.030' W,,15:04,15:14,22:04,22:14,1000,,,,,,,,Matt Galaska,,TRUE,,33.7,Extracted on 04/08/2022 - NanoDrop; Shannon Brown,Lab -20˚C,FALSE,FALSE,
E333.RC56,333,,,FALSE,RC56,Carson Alki 2021,,04/19/21,Alki-PPS-24,,24,PPS Unit; Programmed Sampling,95% EtOH,Salish Sea,"Alki Point Methane Seep, Mooring",,,,47˚ 33.425' N,122˚ 25.030' W,,09:19,09:19,16:19,16:19,1000,,,,,,,,Matt Galaska,Sudden pressure release,TRUE,,1.1,Extracted on 04/08/2022 - NanoDrop; Shannon Brown,Lab -20˚C,FALSE,FALSE,
E334.NC.RC50,334,,,TRUE,RC50,Carson Alki 2021,,03/31/21,RC50-NC,-,-,Sterivex 0.22µm filter,95% EtOH,-,-,-,-,-,-,-,-,-,-,-,-,1000,,,,,,,,Sean McAllister,,TRUE,,1.2,Extracted on 02/10/2022 - NanoDrop; Shannon Brown,Lab -20˚C,FALSE,FALSE,
E335.RC50,335,,,FALSE,RC50,Carson Alki 2021,,03/31/21,RC50-V1-1,1,1,Niskin; Sterivex 0.22µm filter,95% EtOH,Salish Sea,"Alki Point Methane Seep, Mooring",,149.8,,47° 33.420' N,-122°25.020' W,,09:15,,,,1000,8.2,,29.8,,,,,Sean McAllister,,TRUE,,4.3,Extracted on 02/3/2022 - NanoDrop; Shannon Brown,Lab -20˚C,FALSE,FALSE,
E336.RC50,336,,,FALSE,RC50,Carson Alki 2021,,03/31/21,RC50-V1-3,1,3,Niskin; Sterivex 0.22µm filter,95% EtOH,Salish Sea,"Alki Point Methane Seep, Mooring",,140.1,,47° 33.420' N,-122°25.020' W,,09:15,,,,1000,8.2,,29.8,,,,,Sean McAllister,,TRUE,,27.7,Extracted on 02/3/2022 - NanoDrop; Shannon Brown,Lab -20˚C,FALSE,FALSE,
E337.RC50,337,,,FALSE,RC50,Carson Alki 2021,,03/31/21,RC50-V1-5,1,5,Niskin; Sterivex 0.22µm filter,95% EtOH,Salish Sea,"Alki Point Methane Seep, Mooring",,125.0,,47° 33.420' N,-122°25.020' W,,09:15,,,,1000,8.2,,29.7,,,,,Sean McAllister,,TRUE,,6.4,Extracted on 02/3/2022 - NanoDrop; Shannon Brown,Lab -20˚C,FALSE,FALSE,
E338.RC50,338,,,FALSE,RC50,Carson Alki 2021,,03/31/21,RC50-V1-6,1,6,Niskin; Sterivex 0.22µm filter,95% EtOH,Salish Sea,"Alki Point Methane Seep, Mooring",,100.0,,47° 33.420' N,-122°25.020' W,,09:15,,,,1000,8.2,,29.6,,,,,Sean McAllister,,TRUE,,12.1,Extracted on 02/3/2022 - NanoDrop; Shannon Brown,Lab -20˚C,FALSE,FALSE,
E339.RC50,339,,,FALSE,RC50,Carson Alki 2021,,03/31/21,RC50-V1-7,1,7,Niskin; Sterivex 0.22µm filter,95% EtOH,Salish Sea,"Alki Point Methane Seep, Mooring",,75.0,,47° 33.420' N,-122°25.020' W,,09:15,,,,1000,8.2,,29.5,,,,,Sean McAllister,,TRUE,,15.2,Extracted on 02/3/2022 - NanoDrop; Shannon Brown,Lab -20˚C,FALSE,FALSE,
E340.RC50,340,,,FALSE,RC50,Carson Alki 2021,,03/31/21,RC50-V1-8,1,8,Niskin; Sterivex 0.22µm filter,95% EtOH,Salish Sea,"Alki Point Methane Seep, Mooring",,50.0,,47° 33.420' N,-122°25.020' W,,09:15,,,,1000,8.3,,29.3,,,,,Sean McAllister,,TRUE,,13.9,Extracted on 02/3/2022 - NanoDrop; Shannon Brown,Lab -20˚C,FALSE,FALSE,
E341.RC50,341,,,FALSE,RC50,Carson Alki 2021,,03/31/21,RC50-V1-9,1,9,Niskin; Sterivex 0.22µm filter,95% EtOH,Salish Sea,"Alki Point Methane Seep, Mooring",,25.0,,47° 33.420' N,-122°25.020' W,,09:15,,,,1000,8.4,,29.2,,,,,Sean McAllister,,TRUE,,16,Extracted on 02/3/2022 - NanoDrop; Shannon Brown,Lab -20˚C,FALSE,FALSE,
E342.RC50,342,,,FALSE,RC50,Carson Alki 2021,,03/31/21,RC50-V1-10,1,10,Niskin; Sterivex 0.22µm filter,95% EtOH,Salish Sea,"Alki Point Methane Seep, Mooring",,1.0,,47° 33.420' N,-122°25.020' W,,09:15,,,,1000,8.5,,29.1,,,,,Sean McAllister,,TRUE,,83.8,Extracted on 02/3/2022 - NanoDrop; Shannon Brown,Lab -20˚C,FALSE,FALSE,
E343.RC50,343,,,FALSE,RC50,Carson Alki 2021,,03/31/21,RC50-V2-1,2,1,Niskin; Sterivex 0.22µm filter,95% EtOH,Salish Sea,WOAC Station P29,Mid-Basin near Alki,216.9,,47˚ 33.360' N,122˚ 26.521' W,,11:34,,,,1000,8.2,,29.8,,,,,Sean McAllister,,TRUE,,5.1,Extracted on 02/3/2022 - NanoDrop; Shannon Brown,Lab -20˚C,FALSE,FALSE,
E344.RC50,344,,,FALSE,RC50,Carson Alki 2021,,03/31/21,RC50-V2-3,2,3,Niskin; Sterivex 0.22µm filter,95% EtOH,Salish Sea,WOAC Station P29,Mid-Basin near Alki,150.0,,47˚ 33.360' N,122˚ 26.521' W,,11:34,,,,1000,8.2,,29.7,,,,,Sean McAllister,,TRUE,,4.8,Extracted on 02/3/2022 - NanoDrop; Shannon Brown,Lab -20˚C,FALSE,FALSE,
E345.RC50,345,,,FALSE,RC50,Carson Alki 2021,,03/31/21,RC50-V2-6,2,6,Niskin; Sterivex 0.22µm filter,95% EtOH,Salish Sea,WOAC Station P29,Mid-Basin near Alki,100.0,,47˚ 33.360' N,122˚ 26.521' W,,11:34,,,,1000,8.3,,29.4,,,,,Sean McAllister,,TRUE,,11.5,Extracted on 02/3/2022 - NanoDrop; Shannon Brown,Lab -20˚C,FALSE,FALSE,
E346.RC50,346,,,FALSE,RC50,Carson Alki 2021,,03/31/21,RC50-V2-8,2,8,Niskin; Sterivex 0.22µm filter,95% EtOH,Salish Sea,WOAC Station P29,Mid-Basin near Alki,50.0,,47˚ 33.360' N,122˚ 26.521' W,,11:34,,,,1000,8.4,,29.2,,,,,Sean McAllister,,TRUE,,10.1,Extracted on 02/3/2022 - NanoDrop; Shannon Brown,Lab -20˚C,FALSE,FALSE,
E347.RC50,347,,,FALSE,RC50,Carson Alki 2021,,03/31/21,RC50-V2-9,2,9,Niskin; Sterivex 0.22µm filter,95% EtOH,Salish Sea,WOAC Station P29,Mid-Basin near Alki,25.0,,47˚ 33.360' N,122˚ 26.521' W,,11:34,,,,1000,8.4,,28.2,,,,,Sean McAllister,,TRUE,,15.7,Extracted on 02/3/2022 - NanoDrop; Shannon Brown,Lab -20˚C,FALSE,FALSE,
E348.RC50,348,,,FALSE,RC50,Carson Alki 2021,,03/31/21,RC50-V2-12,2,12,Niskin; Sterivex 0.22µm filter,95% EtOH,Salish Sea,WOAC Station P29,Mid-Basin near Alki,1.0,,47˚ 33.360' N,122˚ 26.521' W,,11:34,,,,1000,8.5,,29.1,,,,,Sean McAllister,,TRUE,,11.1,Extracted on 02/3/2022 - NanoDrop; Shannon Brown,Lab -20˚C,FALSE,FALSE,
E349.RC50,349,,,FALSE,RC50,Carson Alki 2021,,03/31/21,RC50-V3-1,3,1,Niskin; Sterivex 0.22µm filter,95% EtOH,Salish Sea,LSEP01 King Co Station,"Outer Elliot Bay, South TP outfall",183.0,,47˚ 36.116' N,122˚ 25.571' W,,13:13,,,,1000,8.2,,29.8,,,,,Sean McAllister,,TRUE,,6.8,"Extracted on 02/10/2022 - NanoDrop; Shannon Brown (ethanol was pulled vs pushed off filter, loss in DNA)",Lab -20˚C,FALSE,FALSE,
E350.RC50,350,,,FALSE,RC50,Carson Alki 2021,,03/31/21,RC50-V3-2,3,2,Niskin; Sterivex 0.22µm filter,95% EtOH,Salish Sea,LSEP01 King Co Station,"Outer Elliot Bay, South TP outfall",175.0,,47˚ 36.116' N,122˚ 25.571' W,,13:13,,,,1000,8.2,,29.7,,,,,Sean McAllister,,TRUE,,22.4,Extracted on 02/10/2022 - NanoDrop; Shannon Brown,Lab -20˚C,FALSE,FALSE,
E351.RC50,351,,,FALSE,RC50,Carson Alki 2021,,03/31/21,RC50-V3-4,3,4,Niskin; Sterivex 0.22µm filter,95% EtOH,Salish Sea,LSEP01 King Co Station,"Outer Elliot Bay, South TP outfall",150.0,,47˚ 36.116' N,122˚ 25.571' W,,13:13,,,,1000,8.2,,29.7,,,,,Sean McAllister,,TRUE,,7.3,Extracted on 02/10/2022 - NanoDrop; Shannon Brown,Lab -20˚C,FALSE,FALSE,
E352.RC50,352,,,FALSE,RC50,Carson Alki 2021,,03/31/21,RC50-V3-6,3,6,Niskin; Sterivex 0.22µm filter,95% EtOH,Salish Sea,LSEP01 King Co Station,"Outer Elliot Bay, South TP outfall",100.0,,47˚ 36.116' N,122˚ 25.571' W,,13:13,,,,1000,8.2,,29.6,,,,,Sean McAllister,,TRUE,,11,Extracted on 02/10/2022 - NanoDrop; Shannon Brown,Lab -20˚C,FALSE,FALSE,
E353.RC50,353,,,FALSE,RC50,Carson Alki 2021,,03/31/21,RC50-V3-8,3,8,Niskin; Sterivex 0.22µm filter,95% EtOH,Salish Sea,LSEP01 King Co Station,"Outer Elliot Bay, South TP outfall",50.0,,47˚ 36.116' N,122˚ 25.571' W,,13:13,,,,1000,8.4,,29.2,,,,,Sean McAllister,,TRUE,,18.5,Extracted on 02/10/2022 - NanoDrop; Shannon Brown,Lab -20˚C,FALSE,FALSE,
E354.RC50,354,,,FALSE,RC50,Carson Alki 2021,,03/31/21,RC50-V3-9,3,9,Niskin; Sterivex 0.22µm filter,95% EtOH,Salish Sea,LSEP01 King Co Station,"Outer Elliot Bay, South TP outfall",25.0,,47˚ 36.116' N,122˚ 25.571' W,,13:13,,,,1000,8.4,,29.2,,,,,Sean McAllister,,TRUE,,19.6,Extracted on 02/10/2022 - NanoDrop; Shannon Brown,Lab -20˚C,FALSE,FALSE,
E355.RC50,355,,,FALSE,RC50,Carson Alki 2021,,03/31/21,RC50-V3-11,3,11,Niskin; Sterivex 0.22µm filter,95% EtOH,Salish Sea,LSEP01 King Co Station,"Outer Elliot Bay, South TP outfall",1.0,,47˚ 36.116' N,122˚ 25.571' W,,13:13,,,,1000,8.7,,29.1,,,,,Sean McAllister,,TRUE,,79.4,Extracted on 02/10/2022 - NanoDrop; Shannon Brown,Lab -20˚C,FALSE,FALSE,
E356.RC50,356,,,FALSE,RC50,Carson Alki 2021,,03/31/21,RC50-V4-1,4,1,Niskin; Sterivex 0.22µm filter,95% EtOH,Salish Sea,Kingston Plumes,,150.6,,47˚ 48.466' N,122˚ 27.749' W,,16:03,,,,1000,8.3,,29.6,,,,,Sean McAllister,,TRUE,,28.4,Extracted on 02/11/2022 - NanoDrop; Shannon Brown,Lab -20˚C,FALSE,FALSE,
E357.RC50,357,,,FALSE,RC50,Carson Alki 2021,,03/31/21,RC50-V4-3,4,3,Niskin; Sterivex 0.22µm filter,95% EtOH,Salish Sea,Kingston Plumes,,140.0,,47˚ 48.466' N,122˚ 27.749' W,,16:03,,,,1000,8.3,,29.6,,,,,Sean McAllister,,TRUE,,30.4,Extracted on 02/11/2022 - NanoDrop; Shannon Brown,Lab -20˚C,FALSE,FALSE,
E358.RC50,358,,,FALSE,RC50,Carson Alki 2021,,03/31/21,RC50-V4-5,4,5,Niskin; Sterivex 0.22µm filter,95% EtOH,Salish Sea,Kingston Plumes,,125.0,,47˚ 48.466' N,122˚ 27.749' W,,16:03,,,,1000,8.3,,29.6,,,,,Sean McAllister,,TRUE,,38.5,Extracted on 02/11/2022 - NanoDrop; Shannon Brown,Lab -20˚C,FALSE,FALSE,
E359.RC50,359,,,FALSE,RC50,Carson Alki 2021,,03/31/21,RC50-V4-6,4,6,Niskin; Sterivex 0.22µm filter,95% EtOH,Salish Sea,Kingston Plumes,,100.0,,47˚ 48.466' N,122˚ 27.749' W,,16:03,,,,1000,8.3,,29.6,,,,,Sean McAllister,,TRUE,,23.7,Extracted on 02/11/2022 - NanoDrop; Shannon Brown,Lab -20˚C,FALSE,FALSE,
E360.RC50,360,,,FALSE,RC50,Carson Alki 2021,,03/31/21,RC50-V4-7,4,7,Niskin; Sterivex 0.22µm filter,95% EtOH,Salish Sea,Kingston Plumes,,75.0,,47˚ 48.466' N,122˚ 27.749' W,,16:03,,,,1000,8.3,,29.5,,,,,Sean McAllister,,TRUE,,63.9,Extracted on 02/11/2022 - NanoDrop; Shannon Brown,Lab -20˚C,FALSE,FALSE,
E361.RC50,361,,,FALSE,RC50,Carson Alki 2021,,03/31/21,RC50-V4-8,4,8,Niskin; Sterivex 0.22µm filter,95% EtOH,Salish Sea,Kingston Plumes,,50.0,,47˚ 48.466' N,122˚ 27.749' W,,16:03,,,,1000,8.4,,29.4,,,,,Sean McAllister,,TRUE,,45,Extracted on 02/11/2022 - NanoDrop; Shannon Brown,Lab -20˚C,FALSE,FALSE,
E362.RC50,362,,,FALSE,RC50,Carson Alki 2021,,03/31/21,RC50-V4-9,4,9,Niskin; Sterivex 0.22µm filter,95% EtOH,Salish Sea,Kingston Plumes,,25.0,,47˚ 48.466' N,122˚ 27.749' W,,16:03,,,,1000,8.5,,29.0,,,,,Sean McAllister,,TRUE,,58.5,Extracted on 02/11/2022 - NanoDrop; Shannon Brown,Lab -20˚C,FALSE,FALSE,
E363.RC50,363,,,FALSE,RC50,Carson Alki 2021,,03/31/21,RC50-V4-10,4,10,Niskin; Sterivex 0.22µm filter,95% EtOH,Salish Sea,Kingston Plumes,,10.0,,47˚ 48.466' N,122˚ 27.749' W,,16:03,,,,1000,8.6,,28.8,,,,,Sean McAllister,,TRUE,,73.6,Extracted on 02/11/2022 - NanoDrop; Shannon Brown,Lab -20˚C,FALSE,FALSE,
E364.RC50,364,,,FALSE,RC50,Carson Alki 2021,,03/31/21,RC50-V4-12,4,12,Niskin; Sterivex 0.22µm filter,95% EtOH,Salish Sea,Kingston Plumes,,1.0,,47˚ 48.466' N,122˚ 27.749' W,,16:03,,,,1000,9.0,,28.5,,,,,Sean McAllister,,TRUE,,93.5,Extracted on 02/11/2022 - NanoDrop; Shannon Brown,Lab -20˚C,FALSE,FALSE,
E365.,365,,,FALSE,,,,,,,,,,,,,,,,,,,,,,,,,,,,,,,,FALSE,,,,,FALSE,FALSE,
E366.NC.WCOA21,366,,,TRUE,WCOA21,WCOA 2021,06/24/21,,NA,NA,NA,Sterivex 0.22µm filter,95% EtOH,-,-,-,,,,,,17:15,-,,-,1000,,,,,,,,Sean McAllister,,TRUE,,,,Hallway -20˚C,FALSE,FALSE,
E367.1T.WCOA21,367,,1,FALSE,WCOA21,WCOA 2021,06/25/21,,10102,QC85,2,Niskin; Sterivex 0.22µm filter,95% EtOH,,,,1335.0,10.00,51.46,-130.85,,,,2:39,,1000,2.75,7.30,34.46,20.1 µmol/kg,3.34,,,Sean McAllister,,FALSE,,,,Hallway -20˚C,FALSE,FALSE,
E367.2T.WCOA21,367,,2,FALSE,WCOA21,WCOA 2021,06/25/21,,10102,QC85,2,Niskin; Sterivex 0.22µm filter,95% EtOH,,,,1335.0,10.00,51.46,-130.85,,,,2:39,,1000,2.75,7.30,34.46,20.1 µmol/kg,3.34,,,Sean McAllister,,FALSE,,,,Hallway -20˚C,FALSE,FALSE,
E367.3T.WCOA21,367,,3,FALSE,WCOA21,WCOA 2021,06/25/21,,10102,QC85,2,Niskin; Sterivex 0.22µm filter,95% EtOH,,,,1335.0,10.00,51.46,-130.85,,,,2:39,,1000,2.75,7.30,34.46,20.1 µmol/kg,3.34,,,Sean McAllister,,FALSE,,,,Hallway -20˚C,FALSE,FALSE,
E368.1T.WCOA21,368,,1,FALSE,WCOA21,WCOA 2021,06/25/21,,10109,QC85,9,Niskin; Sterivex 0.22µm filter,95% EtOH,,,,100.7,1244.30,51.46,-130.85,,,,3:18,,1000,7.17,7.58,32.94,209.1 µmol/kg,3.96,,,Sean McAllister,,FALSE,,,,Hallway -20˚C,FALSE,FALSE,
E368.2T.WCOA21,368,,2,FALSE,WCOA21,WCOA 2021,06/25/21,,10109,QC85,9,Niskin; Sterivex 0.22µm filter,95% EtOH,,,,100.7,1244.30,51.46,-130.85,,,,3:18,,1000,7.17,7.58,32.94,209.1 µmol/kg,3.96,,,Sean McAllister,,FALSE,,568,,Hallway -20˚C,FALSE,FALSE,
E368.3T.WCOA21,368,,3,FALSE,WCOA21,WCOA 2021,06/25/21,,10109,QC85,9,Niskin; Sterivex 0.22µm filter,95% EtOH,,,,100.7,1244.30,51.46,-130.85,,,,3:18,,1000,7.17,7.58,32.94,209.1 µmol/kg,3.96,,,Sean McAllister,,FALSE,,,,Hallway -20˚C,FALSE,FALSE,
E369.1B.WCOA21,369,1,,FALSE,WCOA21,WCOA 2021,06/25/21,,10119,QC85,19,Niskin; Sterivex 0.22µm filter,95% EtOH,,,,6.0,1339.00,51.46,-130.85,,,,3:38,,1000,13.19,7.82,31.95,282.4 µmol/kg,4.47,,,Sean McAllister,,FALSE,,,,Hallway -20˚C,FALSE,FALSE,
E369.2B.WCOA21,369,2,,FALSE,WCOA21,WCOA 2021,06/25/21,,10120,QC85,20,Niskin; Sterivex 0.22µm filter,95% EtOH,,,,5.2,1339.80,51.46,-130.85,,,,3:39,,1000,13.42,7.82,31.96,282.6 µmol/kg,4.47,,,Sean McAllister,,FALSE,,,,Hallway -20˚C,FALSE,FALSE,
E369.3B.WCOA21,369,3,,FALSE,WCOA21,WCOA 2021,06/25/21,,10121,QC85,21,Niskin; Sterivex 0.22µm filter,95% EtOH,,,,5.0,1340.00,51.46,-130.85,,,,3:39,,1000,13.51,7.82,31.96,282.6 µmol/kg,4.47,,,Sean McAllister,,FALSE,,,,Hallway -20˚C,FALSE,FALSE,
E370.WCOA21,370,,,FALSE,WCOA21,WCOA 2021,06/25/21,,20102,QC74,2,Niskin; Sterivex 0.22µm filter,95% EtOH,,,,876.7,10.3,51.711,-130.642,,,,13:58,,1000,4.1,7.278,34.2,21.4 µmol/kg,2.95,,,Sean McAllister,,TRUE,,,,Hallway -20˚C,FALSE,FALSE,
E371.WCOA21,371,,,FALSE,WCOA21,WCOA 2021,06/25/21,,20103,QC74,3,Niskin; Sterivex 0.22µm filter,95% EtOH,,,,744.6,142.4,51.711,-130.642,,,,14:04,,1000,4.2,7.2785,34.2,24.5 µmol/kg,2.67,,,Sean McAllister,,FALSE,,,,Hallway -20˚C,FALSE,FALSE,
E372.WCOA21,372,,,FALSE,WCOA21,WCOA 2021,06/25/21,,20111,QC74,11,Niskin; Sterivex 0.22µm filter,95% EtOH,,,,100.4,786.6,51.714,-130.645,,,,14:42,,1000,6.6,7.482,33.2,154.6 µmol/kg,4.16,,,Sean McAllister,,FALSE,,,,Hallway -20˚C,FALSE,FALSE,
E373.WCOA21,373,,,FALSE,WCOA21,WCOA 2021,06/25/21,,20124,QC74,24,Niskin; Sterivex 0.22µm filter,95% EtOH,,,,3.6,883.4,51.716,-130.644,,,,15:01,,1000,10.0,7.7318,32.0,261.6 µmol/kg,4.53,,,Sean McAllister,,TRUE,,,,Hallway -20˚C,FALSE,FALSE,
E374.WCOA21,374,,,FALSE,WCOA21,WCOA 2021,06/25/21,,30102,QC62,2,Niskin; Sterivex 0.22µm filter,95% EtOH,,,,202.6,10.4,51.83,-130.374,,,,17:06,,1000,5.6,7.3537,33.9,84.6 µmol/kg,3.13,,,Sean McAllister,,FALSE,,,,Hallway -20˚C,FALSE,FALSE,
E375.WCOA21,375,,,FALSE,WCOA21,WCOA 2021,06/25/21,,30103,QC62,3,Niskin; Sterivex 0.22µm filter,95% EtOH,,,,149.8,63.2,51.83,-130.373,,,,17:11,,1000,6.3,7.4282,33.5,127 µmol/kg,3.08,,,Sean McAllister,,FALSE,,,,Hallway -20˚C,FALSE,FALSE,
E376.WCOA21,376,,,FALSE,WCOA21,WCOA 2021,06/25/21,,30106,QC62,6,Niskin; Sterivex 0.22µm filter,95% EtOH,,,,98.3,114.7,51.83,-130.373,,,,17:17,,1000,6.7,7.4812,33.3,154.2 µmol/kg,3.84,,,Sean McAllister,,FALSE,,,,Hallway -20˚C,FALSE,FALSE,
E377.WCOA21,377,,,FALSE,WCOA21,WCOA 2021,06/25/21,,30116,QC62,16,Niskin; Sterivex 0.22µm filter,95% EtOH,,,,3.9,209.1,51.83,-130.371,,,,17:37,,1000,13.5,7.9205,31.6,294.7 µmol/kg,4.01,,,Sean McAllister,,FALSE,,,,Hallway -20˚C,FALSE,FALSE,
E378.WCOA21,378,,,FALSE,WCOA21,WCOA 2021,06/25/21,,40102,QC2,2,Niskin; Sterivex 0.22µm filter,95% EtOH,,,,35.0,10,52.399,-129.051,,,,22:56,,1000,9.6,7.7716,31.9,258 µmol/kg,4.25,,,Sean McAllister,,TRUE,,,,Hallway -20˚C,FALSE,FALSE,
E379.WCOA21,379,,,FALSE,WCOA21,WCOA 2021,06/25/21,,40104,QC2,4,Niskin; Sterivex 0.22µm filter,95% EtOH,,,,10.1,34.9,52.398,-129.051,,,,23:01,,1000,12.9,7.9199,30.4,306 µmol/kg,4.81,,,Sean McAllister,,FALSE,,,,Hallway -20˚C,FALSE,FALSE,
E380.WCOA21,380,,,FALSE,WCOA21,WCOA 2021,06/25/21,,40107,QC2,7,Niskin; Sterivex 0.22µm filter,95% EtOH,,,,3.6,41.4,52.398,-129.052,,,,23:04,,1000,12.9,7.9227,30.4,306.3 µmol/kg,4.91,,,Sean McAllister,,TRUE,,,,Hallway -20˚C,FALSE,FALSE,
E381.WCOA21,381,,,FALSE,WCOA21,WCOA 2021,06/26/21,,50102,QC18,2,Niskin; Sterivex 0.22µm filter,95% EtOH,,,,149.7,10.3,52.249,-129.402,,,,1:07,,1000,5.7,7.3781,33.8,93.5 µmol/kg,3,,,Sean McAllister,,FALSE,,,,Hallway -20˚C,FALSE,FALSE,
E382.WCOA21,382,,,FALSE,WCOA21,WCOA 2021,06/26/21,,50106,QC18,6,Niskin; Sterivex 0.22µm filter,95% EtOH,,,,99.4,60.6,52.249,-129.402,,,,1:16,,1000,7.2,7.5797,32.6,206.8 µmol/kg,3.79,,,Sean McAllister,,FALSE,,,,Hallway -20˚C,FALSE,FALSE,
E383.WCOA21,383,,,FALSE,WCOA21,WCOA 2021,06/26/21,,50116,QC18,16,Niskin; Sterivex 0.22µm filter,95% EtOH,,,,3.3,156.7,52.248,-129.403,,,,1:36,,1000,13.8,7.9478,31.6,304.6 µmol/kg,4.52,,,Sean McAllister,,FALSE,,,,Hallway -20˚C,FALSE,FALSE,
E384.1T.WCOA21,384,,1,FALSE,WCOA21,WCOA 2021,06/26/21,,60102,QC43,2,Niskin; Sterivex 0.22µm filter,95% EtOH,,,,119.5,10.5,52.018,-129.971,,,,4:15,,1000,6.7,7.4485,33.3,140.1 µmol/kg,3.22,,,Sean McAllister,,TRUE,,,,Hallway -20˚C,FALSE,FALSE,
E384.2T.WCOA21,384,,2,FALSE,WCOA21,WCOA 2021,06/26/21,,60102,QC43,2,Niskin; Sterivex 0.22µm filter,95% EtOH,,,,119.5,10.5,52.018,-129.971,,,,4:15,,1000,6.7,7.4485,33.3,140.1 µmol/kg,3.22,,,Sean McAllister,,TRUE,,,,Hallway -20˚C,FALSE,FALSE,
E384.3B.WCOA21,384,3,,FALSE,WCOA21,WCOA 2021,06/26/21,,60101,QC43,1,Niskin; Sterivex 0.22µm filter,95% EtOH,,,,119.8,10.2,52.018,-129.971,,,,4:14,,1000,6.7,7.4485,33.3,140.1 µmol/kg,3.22,,,Sean McAllister,,TRUE,,,,Hallway -20˚C,FALSE,FALSE,
E385.1T.WCOA21,385,,1,FALSE,WCOA21,WCOA 2021,06/26/21,,60106,QC43,6,Niskin; Sterivex 0.22µm filter,95% EtOH,,,,60.0,70,52.018,-129.971,,,,4:25,,1000,7.6,7.6158,32.4,223.5 µmol/kg,4,,,Sean McAllister,,FALSE,,,,Hallway -20˚C,FALSE,FALSE,
E385.2T.WCOA21,385,,2,FALSE,WCOA21,WCOA 2021,06/26/21,,60106,QC43,6,Niskin; Sterivex 0.22µm filter,95% EtOH,,,,60.0,70,52.018,-129.971,,,,4:25,,1000,7.6,7.6158,32.4,223.5 µmol/kg,4,,,Sean McAllister,,FALSE,,,,Hallway -20˚C,FALSE,FALSE,
E385.3T.WCOA21,385,,3,FALSE,WCOA21,WCOA 2021,06/26/21,,60106,QC43,6,Niskin; Sterivex 0.22µm filter,95% EtOH,,,,60.0,70,52.018,-129.971,,,,4:25,,1000,7.6,7.6158,32.4,223.5 µmol/kg,4,,,Sean McAllister,,FALSE,,,,Hallway -20˚C,FALSE,FALSE,
E386.1B.WCOA21,386,1,,FALSE,WCOA21,WCOA 2021,06/26/21,,60115,QC43,15,Niskin; Sterivex 0.22µm filter,95% EtOH,,,,4.1,125.9,52.017,-129.971,,,,4:38,,1000,13.3,7.9115,31.7,289.3 µmol/kg,4.44,,,Sean McAllister,,TRUE,,,,Hallway -20˚C,FALSE,FALSE,
E386.2B.WCOA21,386,2,,FALSE,WCOA21,WCOA 2021,06/26/21,,60116,QC43,16,Niskin; Sterivex 0.22µm filter,95% EtOH,,,,3.9,126.1,52.017,-129.971,,,,4:38,,1000,13.4,7.9115,31.6,288.3 µmol/kg,4.44,,,Sean McAllister,,TRUE,,,,Hallway -20˚C,FALSE,FALSE,
E386.3B.WCOA21,386,3,,FALSE,WCOA21,WCOA 2021,06/26/21,,60117,QC43,17,Niskin; Sterivex 0.22µm filter,95% EtOH,,,,3.9,126.1,52.017,-129.971,,,,4:38,,1000,13.4,7.9115,31.6,288.3 µmol/kg,4.44,,,Sean McAllister,,TRUE,,,,Hallway -20˚C,FALSE,FALSE,
E387.NC.WCOA21,387,,,TRUE,WCOA21,WCOA 2021,06/26/21,,NA,NA,NA,Sterivex 0.22µm filter,95% EtOH,-,-,-,,,,,,-,-,,-,1000,,,,,,,,Sean McAllister,,TRUE,,,,Hallway -20˚C,FALSE,FALSE,
E388.1B.WCOA21,388,1,,FALSE,WCOA21,WCOA 2021,06/27/21,,70101,BS64,1,Niskin; Sterivex 0.22µm filter,95% EtOH,,,,2467.9,10.10,48.19,-126.60,,,,12:51,,1000,1.78,7.44,34.64,75.1 µmol/kg,1.41,,,Sean McAllister,,TRUE,,,,Hallway -20˚C,FALSE,FALSE,
E388.2T.WCOA21,388,,2,FALSE,WCOA21,WCOA 2021,06/27/21,,70102,BS64,2,Niskin; Sterivex 0.22µm filter,95% EtOH,,,,2467.8,10.20,48.19,-126.60,,,,12:51,,1000,1.78,7.44,34.64,74.8 µmol/kg,1.41,,,Sean McAllister,,TRUE,,,,Hallway -20˚C,FALSE,FALSE,
E388.3T.WCOA21,388,,3,FALSE,WCOA21,WCOA 2021,06/27/21,,70102,BS64,2,Niskin; Sterivex 0.22µm filter,95% EtOH,,,,2467.8,10.20,48.19,-126.60,,,,12:51,,1000,1.78,7.44,34.64,74.8 µmol/kg,1.41,,,Sean McAllister,,TRUE,,,,Hallway -20˚C,FALSE,FALSE,
E389.1B.WCOA21,389,1,,FALSE,WCOA21,WCOA 2021,06/27/21,,70110,BS64,10,Niskin; Sterivex 0.22µm filter,95% EtOH,,,,100.0,2378.00,48.19,-126.59,,,,13:53,,1000,7.69,7.53,32.86,181.6 µmol/kg,8.31,,,Sean McAllister,,FALSE,,,,Hallway -20˚C,FALSE,FALSE,
E389.2T.WCOA21,389,,2,FALSE,WCOA21,WCOA 2021,06/27/21,,70111,BS64,11,Niskin; Sterivex 0.22µm filter,95% EtOH,,,,100.1,2377.90,48.19,-126.59,,,,13:53,,1000,7.68,7.53,32.86,181.6 µmol/kg,8.31,,,Sean McAllister,,FALSE,,,,Hallway -20˚C,FALSE,FALSE,
E389.3T.WCOA21,389,,3,FALSE,WCOA21,WCOA 2021,06/27/21,,70111,BS64,11,Niskin; Sterivex 0.22µm filter,95% EtOH,,,,100.1,2377.90,48.19,-126.59,,,,13:53,,1000,7.68,7.53,32.86,181.6 µmol/kg,8.31,,,Sean McAllister,,FALSE,,,,Hallway -20˚C,FALSE,FALSE,
E390.1B.WCOA21,390,1,,FALSE,WCOA21,WCOA 2021,06/27/21,,70122,BS64,22,Niskin; Sterivex 0.22µm filter,95% EtOH,,,,3.8,2474.20,48.19,-126.59,,,,14:11,,1000,15.05,7.89,32.00,270.4 µmol/kg,3.61,,,Sean McAllister,,FALSE,,,,Hallway -20˚C,FALSE,FALSE,
E390.2B.WCOA21,390,2,,FALSE,WCOA21,WCOA 2021,06/27/21,,70123,BS64,23,Niskin; Sterivex 0.22µm filter,95% EtOH,,,,3.9,2474.10,48.19,-126.59,,,,14:11,,1000,15.05,7.89,32.00,270.4 µmol/kg,3.61,,,Sean McAllister,,FALSE,,,,Hallway -20˚C,FALSE,FALSE,
E390.3B.WCOA21,390,3,,FALSE,WCOA21,WCOA 2021,06/27/21,,70124,BS64,24,Niskin; Sterivex 0.22µm filter,95% EtOH,,,,3.8,2474.20,48.19,-126.59,,,,14:11,,1000,15.06,7.89,31.99,269.2 µmol/kg,3.61,,,Sean McAllister,,FALSE,,,,Hallway -20˚C,FALSE,FALSE,
E391.NC.WCOA21,391,,,TRUE,WCOA21,WCOA 2021,06/27/21,,NA,NA,NA,Sterivex 0.22µm filter,95% EtOH,-,-,-,,,,,,-,-,,-,1000,,,,,,,,Sean McAllister,,TRUE,,,,Hallway -20˚C,FALSE,FALSE,
E392.WCOA21,392,,,FALSE,WCOA21,WCOA 2021,06/27/21,,80102,BS48,2,Niskin; Sterivex 0.22µm filter,95% EtOH,,,,1275.1,9.90,48.36,-126.31,,,,16:39,,1000,3.04,7.31,34.47,22.3 µmol/kg,2.36,,,Sean McAllister,,TRUE,,,,Hallway -20˚C,FALSE,FALSE,
E393.WCOA21,393,,,FALSE,WCOA21,WCOA 2021,06/27/21,,80103,BS48,3,Niskin; Sterivex 0.22µm filter,95% EtOH,,,,990.2,294.80,48.36,-126.31,,,,16:48,,1000,3.78,7.29,34.37,13.3 µmol/kg,3.15,,,Sean McAllister,,FALSE,,,,Hallway -20˚C,FALSE,FALSE,
E394.WCOA21,394,,,FALSE,WCOA21,WCOA 2021,06/27/21,,80112,BS48,12,Niskin; Sterivex 0.22µm filter,95% EtOH,,,,99.4,1185.60,48.36,-126.31,,,,17:23,,1000,7.54,7.54,33.21,189.8 µmol/kg,4.45,,,Sean McAllister,,TRUE,,,,Hallway -20˚C,FALSE,FALSE,
E395.WCOA21,395,,,FALSE,WCOA21,WCOA 2021,06/27/21,,80121,BS48,21,Niskin; Sterivex 0.22µm filter,95% EtOH,,,,4.2,1280.80,48.36,-126.31,,,,17:40,,1000,14.84,7.93,31.71,275.6 µmol/kg,4.65,,,Sean McAllister,,TRUE,,,,Hallway -20˚C,FALSE,FALSE,
E396.WCOA21,396,,,FALSE,WCOA21,WCOA 2021,06/27/21,,90102,BS43,2,Niskin; Sterivex 0.22µm filter,95% EtOH,,,,586.1,10.90,48.43,-126.23,,,,19:17,,1000,4.78,7.28,34.17,22.6 µmol/kg,18.85,,,Sean McAllister,,TRUE,,,,Hallway -20˚C,FALSE,FALSE,
E397.WCOA21,397,,,FALSE,WCOA21,WCOA 2021,06/27/21,,90103,BS43,3,Niskin; Sterivex 0.22µm filter,95% EtOH,,,,396.3,200.70,48.43,-126.23,,,,19:22,,1000,5.54,7.31,34.04,51 µmol/kg,2.25,,,Sean McAllister,,FALSE,,,,Hallway -20˚C,FALSE,FALSE,
E398.WCOA21,398,,,FALSE,WCOA21,WCOA 2021,06/27/21,,90110,BS43,10,Niskin; Sterivex 0.22µm filter,95% EtOH,,,,99.4,497.60,48.43,-126.23,,,,19:42,,1000,7.77,7.51,33.37,165.3 µmol/kg,4.54,,,Sean McAllister,,FALSE,,,,Hallway -20˚C,FALSE,FALSE,
E399.WCOA21,399,,,FALSE,WCOA21,WCOA 2021,06/27/21,,90120,BS43,20,Niskin; Sterivex 0.22µm filter,95% EtOH,,,,3.6,593.40,48.43,-126.23,,,,20:01,,1000,14.63,7.94,31.75,286.4 µmol/kg,4.56,,,Sean McAllister,,FALSE,,,,Hallway -20˚C,FALSE,FALSE,
E400.WCOA21,400,,,FALSE,WCOA21,WCOA 2021,07/17/21,,1100101,80-70,1,,,,,,3617.0,10,33.817,-121.844,,,,14:34,,1000,1.6,7.5364,34.7,127.8 µmol/kg,1.12,,,Sean McAllister,"Originally named E796, but that was already taken. Reassigned to E400. Corrected here, on omics log, and CTD log.",TRUE,,,,Hallway -20˚C,FALSE,FALSE,
E404.WCOA21,404,,,FALSE,WCOA21,WCOA 2021,06/27/21,,100102,BS32,2,Niskin; Sterivex 0.22µm filter,95% EtOH,,,,114.0,10.00,48.54,-126.00,,,,21:34,,1000,7.13,7.32,33.64,73.2 µmol/kg,67.33,,,Sean McAllister,Note: 400-403 null due to dropped station,TRUE,,,,Hallway -20˚C,FALSE,FALSE,
E405.WCOA21,405,,,FALSE,WCOA21,WCOA 2021,06/27/21,,100106,BS32,6,Niskin; Sterivex 0.22µm filter,95% EtOH,,,,59.3,64.70,48.54,-126.00,,,,21:42,,1000,7.87,7.40,32.90,126 µmol/kg,16.71,,,Sean McAllister,,TRUE,,,,Hallway -20˚C,FALSE,FALSE,
E406.WCOA21,406,,,FALSE,WCOA21,WCOA 2021,06/27/21,,100113,BS32,13,Niskin; Sterivex 0.22µm filter,95% EtOH,,,,3.4,120.60,48.54,-126.00,,,,21:55,,1000,16.76,7.97,31.73,290.5 µmol/kg,5.92,,,Sean McAllister,,TRUE,,,,Hallway -20˚C,FALSE,FALSE,
E408.WCOA21,408,,,FALSE,WCOA21,WCOA 2021,06/27/21,,110102,BS20,2,Niskin; Sterivex 0.22µm filter,95% EtOH,,,,56.7,10.30,48.66,-125.78,,,,23:22,,1000,8.33,7.43,32.91,127.9 µmol/kg,32.48,,,Sean McAllister,,TRUE,,,,Hallway -20˚C,FALSE,FALSE,
E409.WCOA21,409,,,FALSE,WCOA21,WCOA 2021,06/27/21,,110105,BS20,5,Niskin; Sterivex 0.22µm filter,95% EtOH,,,,20.1,46.90,48.66,-125.78,,,,23:27,,1000,9.77,7.63,32.22,205.2 µmol/kg,12.96,,,Sean McAllister,,FALSE,,,,Hallway -20˚C,FALSE,FALSE,
E410.WCOA21,410,,,FALSE,WCOA21,WCOA 2021,06/27/21,,110109,BS20,9,Niskin; Sterivex 0.22µm filter,95% EtOH,,,,3.3,63.70,48.66,-125.78,,,,23:33,,1000,13.20,7.91,31.72,292.3 µmol/kg,8.04,,,Sean McAllister,,FALSE,,,,Hallway -20˚C,FALSE,FALSE,
E411.1T.WCOA21,411,,1,FALSE,WCOA21,WCOA 2021,06/28/21,,120102,BS14,2,Niskin; Sterivex 0.22µm filter,95% EtOH,,,,156.6,10.40,48.72,-125.68,,,,1:31,,1000,7.71,7.37,33.31,100.2 µmol/kg,38.07,,,Sean McAllister,,TRUE,,,,Hallway -20˚C,FALSE,FALSE,
E411.2T.WCOA21,411,,2,FALSE,WCOA21,WCOA 2021,06/28/21,,120102,BS14,2,Niskin; Sterivex 0.22µm filter,95% EtOH,,,,156.6,10.40,48.72,-125.68,,,,1:31,,1000,7.71,7.37,33.31,100.2 µmol/kg,38.07,,,Sean McAllister,,TRUE,,,,Hallway -20˚C,FALSE,FALSE,
E411.3T.WCOA21,411,,3,FALSE,WCOA21,WCOA 2021,06/28/21,,120102,BS14,2,Niskin; Sterivex 0.22µm filter,95% EtOH,,,,156.6,10.40,48.72,-125.68,,,,1:31,,1000,7.71,7.37,33.31,100.2 µmol/kg,38.07,,,Sean McAllister,,TRUE,,,,Hallway -20˚C,FALSE,FALSE,
E412.1B.WCOA21,412,1,,FALSE,WCOA21,WCOA 2021,06/28/21,,120105,BS14,5,Niskin; Sterivex 0.22µm filter,95% EtOH,,,,79.0,88.00,48.72,-125.68,,,,1:39,,1000,8.24,7.44,33.03,125.3 µmol/kg,23.46,,,Sean McAllister,,TRUE,,,,Hallway -20˚C,FALSE,FALSE,
E412.2T.WCOA21,412,,2,FALSE,WCOA21,WCOA 2021,06/28/21,,120106,BS14,6,Niskin; Sterivex 0.22µm filter,95% EtOH,,,,79.0,88.00,48.72,-125.68,,,,1:39,,1000,8.24,7.44,33.03,124.9 µmol/kg,23.46,,,Sean McAllister,,TRUE,,,,Hallway -20˚C,FALSE,FALSE,
E412.3T.WCOA21,412,,3,FALSE,WCOA21,WCOA 2021,06/28/21,,120106,BS14,6,Niskin; Sterivex 0.22µm filter,95% EtOH,,,,79.0,88.00,48.72,-125.68,,,,1:39,,1000,8.24,7.44,33.03,124.9 µmol/kg,23.46,,,Sean McAllister,,TRUE,,,,Hallway -20˚C,FALSE,FALSE,
E413.1B.WCOA21,413,1,,FALSE,WCOA21,WCOA 2021,06/28/21,,120116,BS14,16,Niskin; Sterivex 0.22µm filter,95% EtOH,,,,3.1,163.90,48.72,-125.68,,,,1:54,,1000,17.60,8.08,31.50,346.1 µmol/kg,7.90,,,Sean McAllister,,TRUE,,,,Hallway -20˚C,FALSE,FALSE,
E413.2B.WCOA21,413,2,,FALSE,WCOA21,WCOA 2021,06/28/21,,120117,BS14,17,Niskin; Sterivex 0.22µm filter,95% EtOH,,,,3.1,163.90,48.72,-125.68,,,,1:54,,1000,17.72,8.08,31.49,346.2 µmol/kg,7.90,,,Sean McAllister,,TRUE,,,,Hallway -20˚C,FALSE,FALSE,
E413.3B.WCOA21,413,3,,FALSE,WCOA21,WCOA 2021,06/28/21,,120118,BS14,18,Niskin; Sterivex 0.22µm filter,95% EtOH,,,,3.1,163.90,48.72,-125.68,,,,1:54,,1000,17.75,8.08,31.49,346.2 µmol/kg,7.90,,,Sean McAllister,,TRUE,,,,Hallway -20˚C,FALSE,FALSE,
E414.WCOA21,414,,,FALSE,WCOA21,WCOA 2021,06/28/21,,130102,BS9,2,Niskin; Sterivex 0.22µm filter,95% EtOH,,,,132.1,9.90,48.78,-125.58,,,,5:04,,1000,7.72,7.38,33.33,101.8 µmol/kg,25.39,,,Sean McAllister,,FALSE,,,,Hallway -20˚C,FALSE,FALSE,
E415.WCOA21,415,,,FALSE,WCOA21,WCOA 2021,06/28/21,,130106,BS9,6,Niskin; Sterivex 0.22µm filter,95% EtOH,,,,59.8,82.20,48.78,-125.58,,,,5:14,,1000,8.55,7.46,32.82,140.1 µmol/kg,19.42,,,Sean McAllister,,FALSE,,,,Hallway -20˚C,FALSE,FALSE,
E416.WCOA21,416,,,FALSE,WCOA21,WCOA 2021,06/28/21,,130114,BS9,14,Niskin; Sterivex 0.22µm filter,95% EtOH,,,,3.7,138.30,48.78,-125.58,,,,5:30,,1000,16.34,8.10,31.36,360.2 µmol/kg,9.09,,,Sean McAllister,,FALSE,,,,Hallway -20˚C,FALSE,FALSE,
E417.1B.WCOA21,417,1,,FALSE,WCOA21,WCOA 2021,06/28/21,,140101,BS6,1,Niskin; Sterivex 0.22µm filter,95% EtOH,,,,102.0,10.00,48.81,-125.52,,,,9:46,,1000,7.74,7.38,33.32,103.3 µmol/kg,27.10,,,Sean McAllister,,FALSE,,,,Hallway -20˚C,FALSE,FALSE,
E417.2T.WCOA21,417,,2,FALSE,WCOA21,WCOA 2021,06/28/21,,140102,BS6,2,Niskin; Sterivex 0.22µm filter,95% EtOH,,,,102.3,9.70,48.81,-125.52,,,,9:46,,1000,7.72,7.38,33.33,103.1 µmol/kg,27.10,,,Sean McAllister,,FALSE,,,,Hallway -20˚C,FALSE,FALSE,
E417.3T.WCOA21,417,,3,FALSE,WCOA21,WCOA 2021,06/28/21,,140102,BS6,2,Niskin; Sterivex 0.22µm filter,95% EtOH,,,,102.3,9.70,48.81,-125.52,,,,9:46,,1000,7.72,7.38,33.33,103.1 µmol/kg,27.10,,,Sean McAllister,,FALSE,,,,Hallway -20˚C,FALSE,FALSE,
E418.1B.WCOA21,418,1,,FALSE,WCOA21,WCOA 2021,06/28/21,,140105,BS6,5,Niskin; Sterivex 0.22µm filter,95% EtOH,,,,50.3,61.70,48.81,-125.52,,,,9:53,,1000,8.42,7.44,32.75,136.5 µmol/kg,23.02,,,Sean McAllister,,TRUE,,,,Hallway -20˚C,FALSE,FALSE,
E418.2T.WCOA21,418,,2,FALSE,WCOA21,WCOA 2021,06/28/21,,140106,BS6,6,Niskin; Sterivex 0.22µm filter,95% EtOH,,,,50.7,61.30,48.81,-125.52,,,,9:53,,1000,8.40,7.44,32.76,136.5 µmol/kg,23.02,,,Sean McAllister,,TRUE,,,,Hallway -20˚C,FALSE,FALSE,
E418.3T.WCOA21,418,,3,FALSE,WCOA21,WCOA 2021,06/28/21,,140106,BS6,6,Niskin; Sterivex 0.22µm filter,95% EtOH,,,,50.7,61.30,48.81,-125.52,,,,9:53,,1000,8.40,7.44,32.76,136.5 µmol/kg,23.02,,,Sean McAllister,,TRUE,,,,Hallway -20˚C,FALSE,FALSE,
E419.1B.WCOA21,419,1,,FALSE,WCOA21,WCOA 2021,06/28/21,,140116,BS6,16,Niskin; Sterivex 0.22µm filter,95% EtOH,,,,3.5,108.50,48.81,-125.52,,,,10:08,,1000,16.06,8.11,31.02,380.7 µmol/kg,10.51,,,Sean McAllister,,TRUE,,,,Hallway -20˚C,FALSE,FALSE,
E419.2B.WCOA21,419,2,,FALSE,WCOA21,WCOA 2021,06/28/21,,140117,BS6,17,Niskin; Sterivex 0.22µm filter,95% EtOH,,,,3.4,108.60,48.81,-125.52,,,,10:08,,1000,16.12,8.11,31.02,380.8 µmol/kg,10.51,,,Sean McAllister,,TRUE,,,,Hallway -20˚C,FALSE,FALSE,
E419.3B.WCOA21,419,3,,FALSE,WCOA21,WCOA 2021,06/28/21,,140118,BS6,18,Niskin; Sterivex 0.22µm filter,95% EtOH,,,,3.2,108.80,48.81,-125.52,,,,10:08,,1000,16.13,8.11,31.02,380.8 µmol/kg,10.51,,,Sean McAllister,,TRUE,,,,Hallway -20˚C,FALSE,FALSE,
E420.WCOA21,420,,,FALSE,WCOA21,WCOA 2021,06/28/21,,150102,BS4,2,Niskin; Sterivex 0.22µm filter,95% EtOH,,,,87.1,10.90,48.84,-125.46,,,,11:33,,1000,8.01,7.41,33.15,114.9 µmol/kg,26.68,,,Sean McAllister,,FALSE,,,,Hallway -20˚C,FALSE,FALSE,
E421.WCOA21,421,,,FALSE,WCOA21,WCOA 2021,06/28/21,,150106,BS4,6,Niskin; Sterivex 0.22µm filter,95% EtOH,,,,50.1,47.90,48.84,-125.46,,,,11:40,,1000,8.61,7.45,32.68,140 µmol/kg,23.52,,,Sean McAllister,,FALSE,,,,Hallway -20˚C,FALSE,FALSE,
E422.WCOA21,422,,,FALSE,WCOA21,WCOA 2021,06/28/21,,150113,BS4,13,Niskin; Sterivex 0.22µm filter,95% EtOH,,,,3.2,94.80,48.84,-125.46,,,,11:52,,1000,15.79,8.14,30.84,349.2 µmol/kg,10.31,,,Sean McAllister,,FALSE,,,,Hallway -20˚C,FALSE,FALSE,
E423.WCOA21,423,,,FALSE,WCOA21,WCOA 2021,06/28/21,,160102,BS2,2,Niskin; Sterivex 0.22µm filter,95% EtOH,,,,43.5,10.50,48.87,-125.43,,,,13:01,,1000,9.22,7.50,32.36,148.2 µmol/kg,30.18,,,Sean McAllister,,TRUE,,,,Hallway -20˚C,FALSE,FALSE,
E424.WCOA21,424,,,FALSE,WCOA21,WCOA 2021,06/28/21,,160103,BS2,3,Niskin; Sterivex 0.22µm filter,95% EtOH,,,,20.5,33.50,48.87,-125.43,,,,13:05,,1000,9.83,7.57,32.20,187.7 µmol/kg,31.29,,,Sean McAllister,,TRUE,,,,Hallway -20˚C,FALSE,FALSE,
E425.WCOA21,425,,,FALSE,WCOA21,WCOA 2021,06/28/21,,160107,BS2,7,Niskin; Sterivex 0.22µm filter,95% EtOH,,,,3.3,50.70,48.87,-125.43,,,,13:10,,1000,16.58,8.04,29.79,346.3 µmol/kg,10.26,,,Sean McAllister,,TRUE,,,,Hallway -20˚C,FALSE,FALSE,
E426.NC.WCOA21,426,,,TRUE,WCOA21,WCOA 2021,after E425,,NA,NA,NA,Sterivex 0.22µm filter,95% EtOH,-,-,-,,,,,,-,-,,-,1000,,,,,,,,Sean McAllister,,TRUE,,,,Hallway -20˚C,FALSE,FALSE,
E427.WCOA21,427,,,FALSE,WCOA21,WCOA 2021,06/28/21,,170102,JF20,2,Niskin; Sterivex 0.22µm filter,95% EtOH,,,,170.4,10.60,48.36,-125.22,,,,16:25,,1000,6.28,7.29,33.96,51.6 µmol/kg,35.89,,,Sean McAllister,,TRUE,,,,Hallway -20˚C,FALSE,FALSE,
E428.WCOA21,428,,,FALSE,WCOA21,WCOA 2021,06/28/21,,170103,JF20,3,Niskin; Sterivex 0.22µm filter,95% EtOH,,,,149.1,31.90,48.36,-125.22,,,,16:27,,1000,6.47,7.29,33.92,50.7 µmol/kg,24.04,,,Sean McAllister,,TRUE,,,,Hallway -20˚C,FALSE,FALSE,
E429.WCOA21,429,,,FALSE,WCOA21,WCOA 2021,06/28/21,,170106,JF20,6,Niskin; Sterivex 0.22µm filter,95% EtOH,,,,99.1,81.90,48.36,-125.22,,,,16:32,,1000,6.52,7.26,33.91,41 µmol/kg,22.65,,,Sean McAllister,,TRUE,,,,Hallway -20˚C,FALSE,FALSE,
E430.WCOA21,430,,,FALSE,WCOA21,WCOA 2021,06/28/21,,170116,JF20,16,Niskin; Sterivex 0.22µm filter,95% EtOH,,,,3.3,177.70,48.36,-125.22,,,,16:52,,1000,12.82,8.01,32.11,379 µmol/kg,15.36,,,Sean McAllister,,TRUE,,,,Hallway -20˚C,FALSE,FALSE,
E431.WCOA21,431,,,FALSE,WCOA21,WCOA 2021,06/28/21,,180102,JF9,2,Niskin; Sterivex 0.22µm filter,95% EtOH,,,,108.0,10.00,48.37,-124.95,,,,18:51,,1000,6.61,7.29,33.87,55.5 µmol/kg,25.43,,,Sean McAllister,,TRUE,,,,Hallway -20˚C,FALSE,FALSE,
E432.WCOA21,432,,,FALSE,WCOA21,WCOA 2021,06/28/21,,180103,JF9,3,Niskin; Sterivex 0.22µm filter,95% EtOH,,,,99.2,18.80,48.37,-124.95,,,,18:53,,1000,6.62,7.29,33.86,56.4 µmol/kg,25.33,,,Sean McAllister,,TRUE,,,,Hallway -20˚C,FALSE,FALSE,
E433.WCOA21,433,,,FALSE,WCOA21,WCOA 2021,06/28/21,,180107,JF9,7,Niskin; Sterivex 0.22µm filter,95% EtOH,,,,49.8,68.20,48.37,-124.95,,,,19:01,,1000,7.74,7.42,33.01,132 µmol/kg,14.23,,,Sean McAllister,,TRUE,,,,Hallway -20˚C,FALSE,FALSE,
E434.WCOA21,434,,,FALSE,WCOA21,WCOA 2021,06/28/21,,180114,JF9,14,Niskin; Sterivex 0.22µm filter,95% EtOH,,,,3.4,114.60,48.37,-124.95,,,,19:13,,1000,13.10,7.96,31.72,335.5 µmol/kg,16.00,,,Sean McAllister,,TRUE,,,,Hallway -20˚C,FALSE,FALSE,
E435.WCOA21,435,,,FALSE,WCOA21,WCOA 2021,06/28/21,,190102,JF2.5,2,Niskin; Sterivex 0.22µm filter,95% EtOH,,,,67.3,9.70,48.37,-124.79,,,,20:36,,1000,6.95,7.35,33.88,82.8 µmol/kg,29.23,,,Sean McAllister,,TRUE,,,,Hallway -20˚C,FALSE,FALSE,
E436.WCOA21,436,,,FALSE,WCOA21,WCOA 2021,06/28/21,,190106,JF2.5,6,Niskin; Sterivex 0.22µm filter,95% EtOH,,,,39.5,37.50,48.37,-124.79,,,,20:42,,1000,6.96,7.35,33.83,82.5 µmol/kg,26.80,,,Sean McAllister,,TRUE,,,,Hallway -20˚C,FALSE,FALSE,
E437.WCOA21,437,,,FALSE,WCOA21,WCOA 2021,06/28/21,,190112,JF2.5,12,Niskin; Sterivex 0.22µm filter,95% EtOH,,,,3.1,73.90,48.37,-124.79,,,,20:51,,1000,8.24,7.42,33.31,124.5 µmol/kg,26.99,,,Sean McAllister,,TRUE,,,,Hallway -20˚C,FALSE,FALSE,
E438.WCOA21,438,,,FALSE,WCOA21,WCOA 2021,06/28/21,,200102,JF23,2,Niskin; Sterivex 0.22µm filter,95% EtOH,,,,249.4,10.60,48.13,-125.18,,,,23:21,,1000,6.43,7.34,33.99,69.3 µmol/kg,12.95,,,Sean McAllister,,TRUE,,,,Hallway -20˚C,FALSE,FALSE,
E439.WCOA21,439,,,FALSE,WCOA21,WCOA 2021,06/28/21,,200104,JF23,4,Niskin; Sterivex 0.22µm filter,95% EtOH,,,,198.5,61.50,48.13,-125.18,,,,23:24,,1000,6.66,7.35,33.97,74.1 µmol/kg,15.54,,,Sean McAllister,,FALSE,,,,Hallway -20˚C,FALSE,FALSE,
E440.WCOA21,440,,,FALSE,WCOA21,WCOA 2021,06/28/21,,200108,JF23,8,Niskin; Sterivex 0.22µm filter,95% EtOH,,,,99.8,160.20,48.13,-125.18,,,,23:32,,1000,6.99,7.39,33.90,92.3 µmol/kg,19.31,,,Sean McAllister,,TRUE,,,,Hallway -20˚C,FALSE,FALSE,
E441.WCOA21,441,,,FALSE,WCOA21,WCOA 2021,06/28/21,,200118,JF23,18,Niskin; Sterivex 0.22µm filter,95% EtOH,,,,3.0,257.00,48.13,-125.17,,,,23:50,,1000,14.96,8.28,32.08,473.3 µmol/kg,14.95,,,Sean McAllister,,TRUE,,,,Hallway -20˚C,FALSE,FALSE,
E442.WCOA21,442,,,FALSE,WCOA21,WCOA 2021,06/29/21,,210102,JF35,2,Niskin; Sterivex 0.22µm filter,95% EtOH,,,,492.0,11.00,47.96,-125.33,,,,2:46,,1000,5.43,7.30,34.07,42.6 µmol/kg,24.46,,,Sean McAllister,,TRUE,,,,Hallway -20˚C,FALSE,FALSE,
E443.WCOA21,443,,,FALSE,WCOA21,WCOA 2021,06/29/21,,210103,JF35,3,Niskin; Sterivex 0.22µm filter,95% EtOH,,,,396.3,106.70,47.96,-125.33,,,,2:51,,1000,5.60,7.31,34.05,47.6 µmol/kg,16.47,,,Sean McAllister,,FALSE,,,,Hallway -20˚C,FALSE,FALSE,
E444.WCOA21,444,,,FALSE,WCOA21,WCOA 2021,06/29/21,,210109,JF35,9,Niskin; Sterivex 0.22µm filter,95% EtOH,,,,99.8,403.20,47.96,-125.33,,,,3:11,,1000,7.55,7.46,33.74,133.3 µmol/kg,3.51,,,Sean McAllister,,TRUE,,,,Hallway -20˚C,FALSE,FALSE,
E445.WCOA21,445,,,FALSE,WCOA21,WCOA 2021,06/29/21,,210119,JF35,19,Niskin; Sterivex 0.22µm filter,95% EtOH,,,,3.4,499.60,47.96,-125.33,,,,3:33,,1000,14.44,8.10,31.53,374.5 µmol/kg,14.59,,,Sean McAllister,,TRUE,,,,Hallway -20˚C,FALSE,FALSE,
E446.1B.WCOA21,446,1,,FALSE,WCOA21,WCOA 2021,06/29/21,,220101,ChaBa,1,Niskin; Sterivex 0.22µm filter,95% EtOH,,,,77.1,9.90,47.95,-124.91,,,,9:24,,1000,7.33,7.33,33.73,75.7 µmol/kg,263.75,,,Sean McAllister,,TRUE,,,,Hallway -20˚C,FALSE,FALSE,
E446.2B.WCOA21,446,2,,FALSE,WCOA21,WCOA 2021,06/29/21,,220102,ChaBa,2,Niskin; Sterivex 0.22µm filter,95% EtOH,,,,76.2,10.80,47.95,-124.91,,,,9:24,,1000,7.35,7.33,33.72,75.7 µmol/kg,263.75,,,Sean McAllister,,TRUE,,,,Hallway -20˚C,FALSE,FALSE,
E446.3B.WCOA21,446,3,,FALSE,WCOA21,WCOA 2021,06/29/21,,220103,ChaBa,3,Niskin; Sterivex 0.22µm filter,95% EtOH,,,,76.5,10.50,47.95,-124.91,,,,9:24,,1000,7.34,7.33,33.72,75.7 µmol/kg,263.75,,,Sean McAllister,,TRUE,,,,Hallway -20˚C,FALSE,FALSE,
E447.1B.WCOA21,447,1,,FALSE,WCOA21,WCOA 2021,06/29/21,,220110,ChaBa,10,Niskin; Sterivex 0.22µm filter,95% EtOH,,,,10.8,76.20,47.95,-124.91,,,,9:39,,1000,15.44,7.95,31.78,278.5 µmol/kg,32.60,,,Sean McAllister,Mid samples changed to DCM. No deployed niskins at 50-20m range with enough water for replicates.,TRUE,,,,Hallway -20˚C,FALSE,FALSE,
E447.2B.WCOA21,447,2,,FALSE,WCOA21,WCOA 2021,06/29/21,,220111,ChaBa,11,Niskin; Sterivex 0.22µm filter,95% EtOH,,,,10.8,76.20,47.95,-124.91,,,,9:39,,1000,15.48,7.95,31.77,278.5 µmol/kg,32.60,,,Sean McAllister,,TRUE,,,,Hallway -20˚C,FALSE,FALSE,
E447.3B.WCOA21,447,3,,FALSE,WCOA21,WCOA 2021,06/29/21,,220112,ChaBa,12,Niskin; Sterivex 0.22µm filter,95% EtOH,,,,10.8,76.20,47.95,-124.91,,,,9:39,,1000,15.45,7.95,31.78,278.5 µmol/kg,32.60,,,Sean McAllister,,TRUE,,,,Hallway -20˚C,FALSE,FALSE,
E448.1B.WCOA21,448,1,,FALSE,WCOA21,WCOA 2021,06/29/21,,220114,ChaBa,14,Niskin; Sterivex 0.22µm filter,95% EtOH,,,,3.3,83.70,47.95,-124.91,,,,9:41,,1000,15.51,7.97,31.77,278.2 µmol/kg,32.22,,,Sean McAllister,,TRUE,,,,Hallway -20˚C,FALSE,FALSE,
E448.2B.WCOA21,448,2,,FALSE,WCOA21,WCOA 2021,06/29/21,,220115,ChaBa,15,Niskin; Sterivex 0.22µm filter,95% EtOH,,,,2.9,84.10,47.95,-124.91,,,,9:41,,1000,15.50,7.97,31.77,278.2 µmol/kg,32.22,,,Sean McAllister,,TRUE,,,,Hallway -20˚C,FALSE,FALSE,
E448.3B.WCOA21,448,3,,FALSE,WCOA21,WCOA 2021,06/29/21,,220116,ChaBa,16,Niskin; Sterivex 0.22µm filter,95% EtOH,,,,3.1,83.90,47.95,-124.91,,,,9:41,,1000,15.50,7.97,31.77,278.2 µmol/kg,32.22,,,Sean McAllister,,TRUE,,,,Hallway -20˚C,FALSE,FALSE,
E449.1B.WCOA21,449,1,,FALSE,WCOA21,WCOA 2021,06/29/21,,230101,Sokul,1,Niskin; Sterivex 0.22µm filter,95% EtOH,,,,25.7,10.30,47.95,-124.75,,,,11:47,,1000,8.27,7.25,33.45,50.3 µmol/kg,65.97,,,Sean McAllister,,TRUE,,,,Hallway -20˚C,FALSE,FALSE,
E449.2B.WCOA21,449,2,,FALSE,WCOA21,WCOA 2021,06/29/21,,230102,Sokul,2,Niskin; Sterivex 0.22µm filter,95% EtOH,,,,25.3,10.70,47.95,-124.75,,,,11:47,,1000,8.27,7.25,33.44,50.3 µmol/kg,65.97,,,Sean McAllister,,TRUE,,,,Hallway -20˚C,FALSE,FALSE,
E449.3B.WCOA21,449,3,,FALSE,WCOA21,WCOA 2021,06/29/21,,230103,Sokul,3,Niskin; Sterivex 0.22µm filter,95% EtOH,,,,26.0,10.00,47.95,-124.75,,,,11:47,,1000,8.27,7.25,33.45,48.5 µmol/kg,65.97,,,Sean McAllister,,TRUE,,,,Hallway -20˚C,FALSE,FALSE,
E450.1B.WCOA21,450,1,,FALSE,WCOA21,WCOA 2021,06/29/21,,230110,Sokul,10,Niskin; Sterivex 0.22µm filter,95% EtOH,,,,3.1,32.90,47.95,-124.75,,,,11:56,,1000,16.38,8.34,32.07,418.5 µmol/kg,12.26,,,Sean McAllister,,TRUE,,,,Hallway -20˚C,FALSE,FALSE,
E450.2B.WCOA21,450,2,,FALSE,WCOA21,WCOA 2021,06/29/21,,230111,Sokul,11,Niskin; Sterivex 0.22µm filter,95% EtOH,,,,3.6,32.40,47.95,-124.75,,,,11:56,,1000,16.38,8.34,32.07,418.5 µmol/kg,12.26,,,Sean McAllister,,TRUE,,,,Hallway -20˚C,FALSE,FALSE,
E450.3B.WCOA21,450,3,,FALSE,WCOA21,WCOA 2021,06/29/21,,230112,Sokul,12,Niskin; Sterivex 0.22µm filter,95% EtOH,,,,3.6,32.40,47.95,-124.75,,,,11:56,,1000,16.37,8.34,32.07,418.5 µmol/kg,12.26,,,Sean McAllister,,TRUE,,,,Hallway -20˚C,FALSE,FALSE,
E451.WCOA21,451,,,FALSE,WCOA21,WCOA 2021,06/29/21,,240101,JF54,1,Niskin; Sterivex 0.22µm filter,95% EtOH,,,,1232.8,10.20,47.68,-125.58,,,,16:26,,1000,3.27,7.31,34.45,19.4 µmol/kg,3.86,,,Sean McAllister,,TRUE,,,,Hallway -20˚C,FALSE,FALSE,
E452.WCOA21,452,,,FALSE,WCOA21,WCOA 2021,06/29/21,,240103,JF54,3,Niskin; Sterivex 0.22µm filter,95% EtOH,,,,988.6,254.40,47.68,-125.58,,,,16:33,,1000,3.73,7.29,34.39,14 µmol/kg,2.25,,,Sean McAllister,,FALSE,,,,Hallway -20˚C,FALSE,FALSE,
E453.WCOA21,453,,,FALSE,WCOA21,WCOA 2021,06/29/21,,240112,JF54,12,Niskin; Sterivex 0.22µm filter,95% EtOH,,,,99.4,1143.60,47.68,-125.58,,,,17:04,,1000,7.62,7.57,33.05,200.1 µmol/kg,4.84,,,Sean McAllister,,TRUE,,,,Hallway -20˚C,FALSE,FALSE,
E454.WCOA21,454,,,FALSE,WCOA21,WCOA 2021,06/29/21,,240123,JF54,23,Niskin; Sterivex 0.22µm filter,95% EtOH,,,,3.8,1239.20,47.68,-125.58,,,,17:25,,1000,16.55,7.90,31.89,259.9 µmol/kg,4.24,,,Sean McAllister,,TRUE,,,,Hallway -20˚C,FALSE,FALSE,
E455.WCOA21,455,,,FALSE,WCOA21,WCOA 2021,06/29/21,,250102,Kalaloch,2,Niskin; Sterivex 0.22µm filter,95% EtOH,,,,14.0,10.00,47.64,-124.49,,,,21:39,,1000,12.33,8.19,32.28,410.1 µmol/kg,12.88,,,Sean McAllister,,TRUE,,,,Hallway -20˚C,FALSE,FALSE,
E456.WCOA21,456,,,FALSE,WCOA21,WCOA 2021,06/29/21,,250106,Kalaloch,6,Niskin; Sterivex 0.22µm filter,95% EtOH,,,,3.3,20.70,47.64,-124.49,,,,21:44,,1000,15.63,8.19,31.76,318.2 µmol/kg,8.63,,,Sean McAllister,,FALSE,,,,Hallway -20˚C,FALSE,FALSE,
E457.NC.WCOA21,457,,,TRUE,WCOA21,WCOA 2021,06/29/21,,NA,NA,NA,Sterivex 0.22µm filter,95% EtOH,-,-,-,,,,,,-,-,,-,1000,,,,,,,,Sean McAllister,,TRUE,,,,Hallway -20˚C,FALSE,FALSE,
E458.1B.WCOA21,458,1,,FALSE,WCOA21,WCOA 2021,06/30/21,,260101,CR40,1,Niskin; Sterivex 0.22µm filter,95% EtOH,,,,1288.1,9.90,46.13,-124.91,,,,10:14,,1000,3.04,7.32,34.48,25.4 µmol/kg,12.33,,,Sean McAllister,,TRUE,,,,Hallway -20˚C,FALSE,FALSE,
E458.2T.WCOA21,458,,2,FALSE,WCOA21,WCOA 2021,06/30/21,,260102,CR40,2,Niskin; Sterivex 0.22µm filter,95% EtOH,,,,1286.3,11.70,46.13,-124.91,,,,10:14,,1000,3.04,7.32,34.48,25.3 µmol/kg,12.33,,,Sean McAllister,,TRUE,,,,Hallway -20˚C,FALSE,FALSE,
E458.3T.WCOA21,458,,3,FALSE,WCOA21,WCOA 2021,06/30/21,,260102,CR40,2,Niskin; Sterivex 0.22µm filter,95% EtOH,,,,1286.3,11.70,46.13,-124.91,,,,10:14,,1000,3.04,7.32,34.48,25.3 µmol/kg,12.33,,,Sean McAllister,,TRUE,,,,Hallway -20˚C,FALSE,FALSE,
E459.WCOA21,459,,,FALSE,WCOA21,WCOA 2021,06/30/21,,260103,CR40,3,Niskin; Sterivex 0.22µm filter,95% EtOH,,,,988.6,309.40,46.13,-124.91,,,,10:20,,1000,3.83,7.29,34.37,14.6 µmol/kg,6.34,,,Sean McAllister,,FALSE,,,,Hallway -20˚C,FALSE,FALSE,
E460.WCOA21,460,,,FALSE,WCOA21,WCOA 2021,06/30/21,,260104,CR40,4,Niskin; Sterivex 0.22µm filter,95% EtOH,,,,744.2,553.80,46.13,-124.91,,,,10:26,,1000,4.44,7.28,34.26,14.6 µmol/kg,2.87,,,Sean McAllister,,FALSE,,,,Hallway -20˚C,FALSE,FALSE,
E461.WCOA21,461,,,FALSE,WCOA21,WCOA 2021,06/30/21,,260106,CR40,6,Niskin; Sterivex 0.22µm filter,95% EtOH,,,,397.0,901.00,46.13,-124.91,,,,10:35,,1000,5.64,7.32,34.04,53.9 µmol/kg,3.78,,,Sean McAllister,,FALSE,,,,Hallway -20˚C,FALSE,FALSE,
E462.WCOA21,462,,,FALSE,WCOA21,WCOA 2021,06/30/21,,260108,CR40,8,Niskin; Sterivex 0.22µm filter,95% EtOH,,,,199.2,1098.80,46.13,-124.91,,,,10:44,,1000,7.23,7.46,33.91,125.6 µmol/kg,3.15,,,Sean McAllister,,FALSE,,,,Hallway -20˚C,FALSE,FALSE,
E463.WCOA21,463,,,FALSE,WCOA21,WCOA 2021,06/30/21,,260111,CR40,11,Niskin; Sterivex 0.22µm filter,95% EtOH,,,,100.7,1197.30,46.13,-124.91,,,,10:53,,1000,8.06,7.59,33.07,201 µmol/kg,5.17,,,Sean McAllister,,TRUE,,,,Hallway -20˚C,FALSE,FALSE,
E464.WCOA21,464,,,FALSE,WCOA21,WCOA 2021,06/30/21,,260117,CR40,17,Niskin; Sterivex 0.22µm filter,95% EtOH,,,,45.0,1253.00,46.13,-124.91,,,,11:03,,1000,9.55,7.82,32.30,304.4 µmol/kg,NA,,,Sean McAllister,,TRUE,,,,Hallway -20˚C,FALSE,FALSE,
E465.WCOA21,465,,,FALSE,WCOA21,WCOA 2021,06/30/21,,260120,CR40,20,Niskin; Sterivex 0.22µm filter,95% EtOH,,,,10.4,1287.60,46.13,-124.91,,,,11:11,,1000,16.27,7.89,31.96,255.4 µmol/kg,3.29,,,Sean McAllister,,TRUE,,,,Hallway -20˚C,FALSE,FALSE,
E466.1B.WCOA21,466,1,,FALSE,WCOA21,WCOA 2021,06/30/21,,260122,CR40,22,Niskin; Sterivex 0.22µm filter,95% EtOH,,,,3.1,1294.90,46.13,-124.91,,,,11:13,,1000,16.27,7.89,31.96,255.1 µmol/kg,3.37,,,Sean McAllister,,TRUE,,,,Hallway -20˚C,FALSE,FALSE,
E466.2B.WCOA21,466,2,,FALSE,WCOA21,WCOA 2021,06/30/21,,260123,CR40,23,Niskin; Sterivex 0.22µm filter,95% EtOH,,,,3.3,1294.70,46.13,-124.91,,,,11:14,,1000,16.27,7.89,31.96,255.1 µmol/kg,3.37,,,Sean McAllister,,TRUE,,,,Hallway -20˚C,FALSE,FALSE,
E466.3B.WCOA21,466,3,,FALSE,WCOA21,WCOA 2021,06/30/21,,260124,CR40,24,Niskin; Sterivex 0.22µm filter,95% EtOH,,,,3.8,1294.20,46.13,-124.91,,,,11:14,,1000,16.27,7.89,31.96,255.1 µmol/kg,3.37,,,Sean McAllister,,TRUE,,,,Hallway -20˚C,FALSE,FALSE,
E467.WCOA21,467,,,FALSE,WCOA21,WCOA 2021,06/30/21,,270103,CR0,3,Niskin; Sterivex 0.22µm filter,95% EtOH,,,,12.8,10.20,46.24,-124.12,,,,18:30,,1000,15.78,8.04,29.08,296.6 µmol/kg,18.44,,,Sean McAllister,,TRUE,,,,Hallway -20˚C,FALSE,FALSE,
E468.WCOA21,468,,,FALSE,WCOA21,WCOA 2021,06/30/21,,270106,CR0,6,Niskin; Sterivex 0.22µm filter,95% EtOH,,,,10.0,13.00,46.24,-124.12,,,,18:33,,1000,15.91,8.05,28.73,294.9 µmol/kg,17.19,,,Sean McAllister,,FALSE,,,,Hallway -20˚C,FALSE,FALSE,
E469.WCOA21,469,,,FALSE,WCOA21,WCOA 2021,06/30/21,,270111,CR0,11,Niskin; Sterivex 0.22µm filter,95% EtOH,,,,3.6,19.40,46.25,-124.12,,,,18:38,,1000,17.18,NA,17.46,276.2 µmol/kg,98.41,,,Sean McAllister,"Niskins 9-13 all deemed ""surface"" due to rough sampling water when tripping",TRUE,,,,Hallway -20˚C,FALSE,FALSE,
E470.WCOA21,470,,,FALSE,WCOA21,WCOA 2021,06/30/21,,280110,CR-1,10,Niskin; Sterivex 0.22µm filter,95% EtOH,,,,2.9,21.10,46.25,-124.00,,,,19:52,,750,20.01,7.73,4.57,257.6 µmol/kg,96.66,,,Sean McAllister,Only 750 mL filtered until plugged,TRUE,,,,Hallway -20˚C,FALSE,FALSE,
E471.WCOA21,471,,,FALSE,WCOA21,WCOA 2021,06/30/21,,280103,CR-1,3,Niskin; Sterivex 0.22µm filter,95% EtOH,,,,14.1,9.90,46.25,-124.00,,,,19:45,,750,18.78,7.81,9.74,269.9 µmol/kg,101.51,,,Sean McAllister,Only 750 mL filtered until plugged,TRUE,,,,Hallway -20˚C,FALSE,FALSE,
E472.WCOA21,472,,,FALSE,WCOA21,WCOA 2021,06/30/21,,290103,CR-2,3,Niskin; Sterivex 0.22µm filter,95% EtOH,,,,10.6,10.40,46.19,-123.91,,,,22:17,,1000,20.08,7.64,5.31,272.2 µmol/kg,193.64,,,Sean McAllister,Filtered 500 mL onto each of two filters,TRUE,,,,Hallway -20˚C,FALSE,FALSE,
E473.WCOA21,473,,,FALSE,WCOA21,WCOA 2021,06/30/21,,290106,CR-2,6,Niskin; Sterivex 0.22µm filter,95% EtOH,,,,5.9,15.10,46.19,-123.91,,,,22:20,,1000,20.71,7.66,3.26,260 µmol/kg,213.84,,,Sean McAllister,Filtered 500 mL onto each of two filters,FALSE,,,,Hallway -20˚C,FALSE,FALSE,
E474.WCOA21,474,,,FALSE,WCOA21,WCOA 2021,06/30/21,,290110,CR-2,10,Niskin; Sterivex 0.22µm filter,95% EtOH,,,,2.8,18.20,46.19,-123.91,,,,22:24,,1000,20.88,7.65,2.75,273.7 µmol/kg,232.66,,,Sean McAllister,Filtered 500 mL onto each of two filters,TRUE,,,,Hallway -20˚C,FALSE,FALSE,
E475.WCOA21,475,,,FALSE,WCOA21,WCOA 2021,07/01/21,,300102,CR3,2,Niskin; Sterivex 0.22µm filter,95% EtOH,,,,19.7,10.30,46.13,-124.03,,,,0:45,,1000,14.01,8.04,31.51,323.9 µmol/kg,18.55,,,Sean McAllister,,TRUE,,,,Hallway -20˚C,FALSE,FALSE,
E476.WCOA21,476,,,FALSE,WCOA21,WCOA 2021,07/01/21,,300103,CR3,3,Niskin; Sterivex 0.22µm filter,95% EtOH,,,,14.0,16.00,46.13,-124.03,,,,0:48,,1000,15.26,8.09,30.51,336.8 µmol/kg,12.06,,,Sean McAllister,,TRUE,,,,Hallway -20˚C,FALSE,FALSE,
E477.WCOA21,477,,,FALSE,WCOA21,WCOA 2021,07/01/21,,300104,CR3,4,Niskin; Sterivex 0.22µm filter,95% EtOH,,,,9.7,20.30,46.13,-124.03,,,,0:49,,1000,16.48,8.07,29.24,302.9 µmol/kg,9.66,,,Sean McAllister,,TRUE,,,,Hallway -20˚C,FALSE,FALSE,
E478.WCOA21,478,,,FALSE,WCOA21,WCOA 2021,07/01/21,,300106,CR3,6,Niskin; Sterivex 0.22µm filter,95% EtOH,,,,4.8,25.20,46.13,-124.03,,,,0:52,,1000,16.56,8.04,28.53,289.3 µmol/kg,10.07,,,Sean McAllister,,TRUE,,,,Hallway -20˚C,FALSE,FALSE,
E479.WCOA21,479,,,FALSE,WCOA21,WCOA 2021,07/01/21,,300108,CR3,8,Niskin; Sterivex 0.22µm filter,95% EtOH,,,,4.1,25.90,46.13,-124.03,,,,0:53,,1000,16.56,8.04,28.52,289.2 µmol/kg,10.15,,,Sean McAllister,,TRUE,,,,Hallway -20˚C,FALSE,FALSE,
E480.WCOA21,480,,,FALSE,WCOA21,WCOA 2021,07/01/21,,310102,CR6,2,Niskin; Sterivex 0.22µm filter,95% EtOH,,,,36.0,11.00,46.13,-124.09,,,,1:53,,1000,8.00,7.36,33.32,104.4 µmol/kg,16.82,,,Sean McAllister,,FALSE,,,,Hallway -20˚C,FALSE,FALSE,
E481.WCOA21,481,,,FALSE,WCOA21,WCOA 2021,07/01/21,,310103,CR6,3,Niskin; Sterivex 0.22µm filter,95% EtOH,,,,19.8,27.20,46.13,-124.09,,,,1:57,,1000,12.43,7.94,32.21,321.5 µmol/kg,22.12,,,Sean McAllister,,FALSE,,,,Hallway -20˚C,FALSE,FALSE,
E482.WCOA21,482,,,FALSE,WCOA21,WCOA 2021,07/01/21,,310104,CR6,4,Niskin; Sterivex 0.22µm filter,95% EtOH,,,,14.5,32.50,46.13,-124.09,,,,1:59,,1000,14.76,8.09,30.49,359.6 µmol/kg,12.56,,,Sean McAllister,,FALSE,,,,Hallway -20˚C,FALSE,FALSE,
E483.WCOA21,483,,,FALSE,WCOA21,WCOA 2021,07/01/21,,310106,CR6,6,Niskin; Sterivex 0.22µm filter,95% EtOH,,,,9.7,37.30,46.13,-124.09,,,,2:00,,1000,16.26,8.06,28.91,301.7 µmol/kg,10.93,,,Sean McAllister,,FALSE,,,,Hallway -20˚C,FALSE,FALSE,
E484.WCOA21,484,,,FALSE,WCOA21,WCOA 2021,07/01/21,,310107,CR6,7,Niskin; Sterivex 0.22µm filter,95% EtOH,,,,5.5,41.50,46.13,-124.09,,,,2:02,,1000,16.44,8.04,28.87,301.6 µmol/kg,10.43,,,Sean McAllister,,FALSE,,,,Hallway -20˚C,FALSE,FALSE,
E485.WCOA21,485,,,FALSE,WCOA21,WCOA 2021,07/01/21,,310109,CR6,9,Niskin; Sterivex 0.22µm filter,95% EtOH,,,,3.3,43.70,46.13,-124.09,,,,2:04,,1000,16.49,8.04,28.86,288.3 µmol/kg,9.17,,,Sean McAllister,,FALSE,,,,Hallway -20˚C,FALSE,FALSE,
E486.WCOA21,486,,,FALSE,WCOA21,WCOA 2021,07/01/21,,320102,CR13,2,Niskin; Sterivex 0.22µm filter,95% EtOH,,,,87.7,10.30,46.13,-124.27,,,,3:21,,1000,7.34,7.31,33.92,60.7 µmol/kg,7.37,,,Sean McAllister,,TRUE,,,,Hallway -20˚C,FALSE,FALSE,
E487.WCOA21,487,,,FALSE,WCOA21,WCOA 2021,07/01/21,,320103,CR13,3,Niskin; Sterivex 0.22µm filter,95% EtOH,,,,78.2,19.80,46.13,-124.27,,,,3:23,,1000,7.34,7.31,33.92,60.8 µmol/kg,8.17,,,Sean McAllister,,TRUE,,,,Hallway -20˚C,FALSE,FALSE,
E488.WCOA21,488,,,FALSE,WCOA21,WCOA 2021,07/01/21,,320106,CR13,6,Niskin; Sterivex 0.22µm filter,95% EtOH,,,,51.0,47.00,46.13,-124.27,,,,3:29,,1000,7.62,7.35,33.66,88.1 µmol/kg,11.06,,,Sean McAllister,,TRUE,,,,Hallway -20˚C,FALSE,FALSE,
E489.WCOA21,489,,,FALSE,WCOA21,WCOA 2021,07/01/21,,320108,CR13,8,Niskin; Sterivex 0.22µm filter,95% EtOH,,,,32.6,65.40,46.13,-124.27,,,,3:32,,1000,7.86,7.42,33.18,132.2 µmol/kg,11.33,,,Sean McAllister,,TRUE,,,,Hallway -20˚C,FALSE,FALSE,
E490.WCOA21,490,,,FALSE,WCOA21,WCOA 2021,07/01/21,,320111,CR13,11,Niskin; Sterivex 0.22µm filter,95% EtOH,,,,10.8,87.20,46.13,-124.27,,,,3:38,,1000,13.10,7.95,31.81,263.4 µmol/kg,7.62,,,Sean McAllister,,TRUE,,,,Hallway -20˚C,FALSE,FALSE,
E491.WCOA21,491,,,FALSE,WCOA21,WCOA 2021,07/01/21,,320113,CR13,13,Niskin; Sterivex 0.22µm filter,95% EtOH,,,,3.3,94.70,46.13,-124.27,,,,3:40,,1000,15.45,8.01,30.06,288.8 µmol/kg,11.39,,,Sean McAllister,,TRUE,,,,Hallway -20˚C,FALSE,FALSE,
E492.1B.WCOA21,492,1,,FALSE,WCOA21,WCOA 2021,07/01/21,,330101,CR24,1,Niskin; Sterivex 0.22µm filter,95% EtOH,,,,131.0,10.00,46.13,-124.53,,,,5:15,,1000,6.74,7.26,33.99,37 µmol/kg,10.88,,,Sean McAllister,,TRUE,,,,Hallway -20˚C,FALSE,FALSE,
E492.2B.WCOA21,492,2,,FALSE,WCOA21,WCOA 2021,07/01/21,,330102,CR24,2,Niskin; Sterivex 0.22µm filter,95% EtOH,,,,130.4,10.60,46.13,-124.53,,,,5:15,,1000,6.75,7.26,33.99,36.9 µmol/kg,10.88,,,Sean McAllister,,TRUE,,,,Hallway -20˚C,FALSE,FALSE,
E492.3B.WCOA21,492,3,,FALSE,WCOA21,WCOA 2021,07/01/21,,330103,CR24,3,Niskin; Sterivex 0.22µm filter,95% EtOH,,,,131.0,10.00,46.13,-124.53,,,,5:16,,1000,6.74,7.26,33.99,37 µmol/kg,10.88,,,Sean McAllister,,TRUE,,,,Hallway -20˚C,FALSE,FALSE,
E493.WCOA21,493,,,FALSE,WCOA21,WCOA 2021,07/01/21,,330106,CR24,6,Niskin; Sterivex 0.22µm filter,95% EtOH,,,,100.2,40.80,46.13,-124.53,,,,5:20,,1000,6.94,7.27,33.96,45 µmol/kg,8.39,,,Sean McAllister,,FALSE,,,,Hallway -20˚C,FALSE,FALSE,
E494.WCOA21,494,,,FALSE,WCOA21,WCOA 2021,07/01/21,,330107,CR24,7,Niskin; Sterivex 0.22µm filter,95% EtOH,,,,79.7,61.30,46.13,-124.53,,,,5:23,,1000,7.54,7.31,33.75,74.2 µmol/kg,7.51,,,Sean McAllister,,TRUE,,,,Hallway -20˚C,FALSE,FALSE,
E495.WCOA21,495,,,FALSE,WCOA21,WCOA 2021,07/01/21,,330108,CR24,8,Niskin; Sterivex 0.22µm filter,95% EtOH,,,,60.4,80.60,46.13,-124.53,,,,5:26,,1000,7.73,7.49,33.26,162.5 µmol/kg,4.78,,,Sean McAllister,,TRUE,,,,Hallway -20˚C,FALSE,FALSE,
E496.1T.WCOA21,496,,1,FALSE,WCOA21,WCOA 2021,07/01/21,,330113,CR24,13,Niskin; Sterivex 0.22µm filter,95% EtOH,,,,20.5,120.50,46.13,-124.53,,,,5:36,,1000,13.36,NA,31.80,309.3 µmol/kg,NA,,,Sean McAllister,,TRUE,,,,Hallway -20˚C,FALSE,FALSE,
E496.2T.WCOA21,496,,2,FALSE,WCOA21,WCOA 2021,07/01/21,,330113,CR24,13,Niskin; Sterivex 0.22µm filter,95% EtOH,,,,20.5,120.50,46.13,-124.53,,,,5:36,,1000,13.36,NA,31.80,309.3 µmol/kg,NA,,,Sean McAllister,,TRUE,,,,Hallway -20˚C,FALSE,FALSE,
E496.3B.WCOA21,496,3,,FALSE,WCOA21,WCOA 2021,07/01/21,,330114,CR24,14,Niskin; Sterivex 0.22µm filter,95% EtOH,,,,20.3,120.70,46.13,-124.53,,,,5:36,,1000,13.56,NA,31.78,309.5 µmol/kg,NA,,,Sean McAllister,,TRUE,,,,Hallway -20˚C,FALSE,FALSE,
E497.WCOA21,497,,,FALSE,WCOA21,WCOA 2021,07/01/21,,330116,CR24,16,Niskin; Sterivex 0.22µm filter,95% EtOH,,,,10.7,130.30,46.13,-124.53,,,,5:39,,1000,16.53,7.99,31.59,264.4 µmol/kg,3.19,,,Sean McAllister,,TRUE,,,,Hallway -20˚C,FALSE,FALSE,
E498.1B.WCOA21,498,1,,FALSE,WCOA21,WCOA 2021,07/01/21,,330118,CR24,18,Niskin; Sterivex 0.22µm filter,95% EtOH,,,,3.2,137.80,46.13,-124.53,,,,5:41,,350,16.53,7.98,31.59,264.1 µmol/kg,3.56,,,Sean McAllister,Ran out; only ~350 mL total,TRUE,,,,Hallway -20˚C,FALSE,FALSE,
E498.2B.WCOA21,498,2,,FALSE,WCOA21,WCOA 2021,07/01/21,,330119,CR24,19,Niskin; Sterivex 0.22µm filter,95% EtOH,,,,3.2,137.80,46.13,-124.53,,,,5:41,,1000,16.53,7.98,31.59,264.1 µmol/kg,3.56,,,Sean McAllister,,TRUE,,,,Hallway -20˚C,FALSE,FALSE,
E498.3B.WCOA21,498,3,,FALSE,WCOA21,WCOA 2021,07/01/21,,330120,CR24,20,Niskin; Sterivex 0.22µm filter,95% EtOH,,,,3.2,137.80,46.13,-124.53,,,,5:42,,1000,16.53,7.98,31.59,264.1 µmol/kg,3.56,,,Sean McAllister,,TRUE,,,,Hallway -20˚C,FALSE,FALSE,
E499.WCOA21,499,,,FALSE,WCOA21,WCOA 2021,07/01/21,,340102,CR30,2,Niskin; Sterivex 0.22µm filter,95% EtOH,,,,345.2,9.80,46.13,-124.67,,,,10:30,,1000,6.46,7.28,34.01,40.3 µmol/kg,31.00,,,Sean McAllister,,TRUE,,,,Hallway -20˚C,FALSE,FALSE,
E500.WCOA21,500,,,FALSE,WCOA21,WCOA 2021,07/01/21,,340104,CR30,4,Niskin; Sterivex 0.22µm filter,95% EtOH,,,,298.2,56.80,46.13,-124.67,,,,10:34,,1000,6.49,7.28,34.01,40.1 µmol/kg,26.32,,,Sean McAllister,,FALSE,,,,Hallway -20˚C,FALSE,FALSE,
E501.WCOA21,501,,,FALSE,WCOA21,WCOA 2021,07/01/21,,340106,CR30,6,Niskin; Sterivex 0.22µm filter,95% EtOH,,,,199.4,155.60,46.13,-124.67,,,,10:38,,1000,6.61,7.27,34.00,39.1 µmol/kg,26.73,,,Sean McAllister,,TRUE,,,,Hallway -20˚C,FALSE,FALSE,
E502.WCOA21,502,,,FALSE,WCOA21,WCOA 2021,07/01/21,,340110,CR30,10,Niskin; Sterivex 0.22µm filter,95% EtOH,,,,99.7,255.30,46.13,-124.67,,,,10:47,,1000,7.68,7.35,33.71,83.6 µmol/kg,11.99,,,Sean McAllister,,TRUE,,,,Hallway -20˚C,FALSE,FALSE,
E503.WCOA21,503,,,FALSE,WCOA21,WCOA 2021,07/01/21,,340117,CR30,17,Niskin; Sterivex 0.22µm filter,95% EtOH,,,,25.7,329.30,46.13,-124.67,,,,11:01,,1000,10.65,7.81,31.99,270.1 µmol/kg,5.51,,,Sean McAllister,,TRUE,,,,Hallway -20˚C,FALSE,FALSE,
E504.WCOA21,504,,,FALSE,WCOA21,WCOA 2021,07/01/21,,340119,CR30,19,Niskin; Sterivex 0.22µm filter,95% EtOH,,,,10.9,344.10,46.13,-124.67,,,,11:05,,1000,16.14,7.93,31.34,271.7 µmol/kg,3.78,,,Sean McAllister,,TRUE,,,,Hallway -20˚C,FALSE,FALSE,
E505.WCOA21,505,,,FALSE,WCOA21,WCOA 2021,07/01/21,,340123,CR30,23,Niskin; Sterivex 0.22µm filter,95% EtOH,,,,3.5,351.50,46.13,-124.67,,,,11:07,,1000,17.03,7.94,31.13,254.1 µmol/kg,3.29,,,Sean McAllister,,TRUE,,,,Hallway -20˚C,FALSE,FALSE,
E506.WCOA21,506,,,FALSE,WCOA21,WCOA 2021,07/01/21,,350102,CR50,2,Niskin; Sterivex 0.22µm filter,95% EtOH,,,,1350.6,10.40,46.13,-125.19,,,,14:06,,1000,2.92,7.32,34.49,27.1 µmol/kg,3.78,,,Sean McAllister,,TRUE,,,,Hallway -20˚C,FALSE,FALSE,
E507.WCOA21,507,,,FALSE,WCOA21,WCOA 2021,07/01/21,,350103,CR50,3,Niskin; Sterivex 0.22µm filter,95% EtOH,,,,1236.8,124.20,46.13,-125.19,,,,14:12,,1000,3.11,7.31,34.47,22.1 µmol/kg,2.97,,,Sean McAllister,,FALSE,,,,Hallway -20˚C,FALSE,FALSE,
E508.WCOA21,508,,,FALSE,WCOA21,WCOA 2021,07/01/21,,350104,CR50,4,Niskin; Sterivex 0.22µm filter,95% EtOH,,,,990.2,370.80,46.13,-125.19,,,,14:24,,1000,3.69,7.29,34.40,14.4 µmol/kg,0.00,,,Sean McAllister,,FALSE,,,,Hallway -20˚C,FALSE,FALSE,
E509.WCOA21,509,,,FALSE,WCOA21,WCOA 2021,07/01/21,,350107,CR50,7,Niskin; Sterivex 0.22µm filter,95% EtOH,,,,396.6,964.40,46.13,-125.19,,,,14:46,,1000,5.31,7.32,33.98,64.8 µmol/kg,2.32,,,Sean McAllister,,FALSE,,,,Hallway -20˚C,FALSE,FALSE,
E510.WCOA21,510,,,FALSE,WCOA21,WCOA 2021,07/01/21,,350109,CR50,9,Niskin; Sterivex 0.22µm filter,95% EtOH,,,,198.6,1162.40,46.13,-125.19,,,,14:57,,1000,7.30,7.47,33.91,132.3 µmol/kg,3.38,,,Sean McAllister,,FALSE,,,,Hallway -20˚C,FALSE,FALSE,
E511.WCOA21,511,,,FALSE,WCOA21,WCOA 2021,07/01/21,,350113,CR50,13,Niskin; Sterivex 0.22µm filter,95% EtOH,,,,99.6,1261.40,46.13,-125.19,,,,15:08,,1000,8.29,7.58,32.99,201.5 µmol/kg,5.35,,,Sean McAllister,,FALSE,,,,Hallway -20˚C,FALSE,FALSE,
E512.WCOA21,512,,,FALSE,WCOA21,WCOA 2021,07/01/21,,350116,CR50,16,Niskin; Sterivex 0.22µm filter,95% EtOH,,,,49.3,1311.70,46.13,-125.19,,,,15:17,,1000,9.10,7.79,32.26,300.5 µmol/kg,4.32,,,Sean McAllister,,FALSE,,,,Hallway -20˚C,FALSE,FALSE,
E513.WCOA21,513,,,FALSE,WCOA21,WCOA 2021,07/01/21,,350121,CR50,21,Niskin; Sterivex 0.22µm filter,95% EtOH,,,,10.3,1350.70,46.13,-125.19,,,,15:26,,1000,15.85,7.91,31.89,267.7 µmol/kg,4.80,,,Sean McAllister,,FALSE,,,,Hallway -20˚C,FALSE,FALSE,
E514.WCOA21,514,,,FALSE,WCOA21,WCOA 2021,07/01/21,,350124,CR50,24,Niskin; Sterivex 0.22µm filter,95% EtOH,,,,4.1,1356.90,46.13,-125.19,,,,15:28,,1000,16.44,7.91,31.64,260.1 µmol/kg,3.46,,,Sean McAllister,,FALSE,,,,Hallway -20˚C,FALSE,FALSE,
E515.NC.WCOA21,515,,,TRUE,WCOA21,WCOA 2021,after E519,,NA,NA,NA,Sterivex 0.22µm filter,95% EtOH,-,-,-,,,,,,-,-,,,1000,,,,,,,,Sean McAllister,,TRUE,,,,Hallway -20˚C,FALSE,FALSE,
E516.WCOA21,516,,,FALSE,WCOA21,WCOA 2021,07/01/21,,360102,C77,2,Niskin; Sterivex 0.22µm filter,95% EtOH,,,,2471.9,10.10,47.12,-126.09,,,,23:21,,1000,1.8,7.4456,34.6,76.6 µmol/kg,1.67,,,Sean McAllister,,TRUE,,,,Hallway -20˚C,FALSE,FALSE,
E517.WCOA21,517,,,FALSE,WCOA21,WCOA 2021,07/01/21,,360103,C77,3,Niskin; Sterivex 0.22µm filter,95% EtOH,,,,1974.9,507.10,47.12,-126.09,,,,23:37,,1000,2.0,7.4052,34.6,63 µmol/kg,1.52,,,Sean McAllister,,FALSE,,,,Hallway -20˚C,FALSE,FALSE,
E518.WCOA21,518,,,FALSE,WCOA21,WCOA 2021,07/02/21,,360113,C77,13,Niskin; Sterivex 0.22µm filter,95% EtOH,,,,99.0,2383.00,47.12,-126.09,,,,0:34,,1000,7.8,7.6066,33.0,215.1 µmol/kg,4.23,,,Sean McAllister,,FALSE,,,,Hallway -20˚C,FALSE,FALSE,
E519.WCOA21,519,,,FALSE,WCOA21,WCOA 2021,07/02/21,,360123,C77,23,Niskin; Sterivex 0.22µm filter,95% EtOH,,,,3.9,2478.10,47.12,-126.09,,,,0:51,,1000,16.2,7.8922,32.0,263 µmol/kg,3.41,,,Sean McAllister,,FALSE,,,,Hallway -20˚C,FALSE,FALSE,
E520.1B.WCOA21,520,1,,FALSE,WCOA21,WCOA 2021,07/02/21,,370101,C41,1,Niskin; Sterivex 0.22µm filter,95% EtOH,,,,1548.0,10.00,47.12,-125.20,,,,5:34,,1000,2.6,7.3506,34.5,37.8 µmol/kg,3.17,,,Sean McAllister,,TRUE,,,,Hallway -20˚C,FALSE,FALSE,
E520.2B.WCOA21,520,2,,FALSE,WCOA21,WCOA 2021,07/02/21,,370102,C41,2,Niskin; Sterivex 0.22µm filter,95% EtOH,,,,1546.7,11.30,47.12,-125.20,,,,5:34,,1000,2.6,7.3506,34.5,37.7 µmol/kg,3.17,,,Sean McAllister,,TRUE,,,,Hallway -20˚C,FALSE,FALSE,
E520.3B.WCOA21,520,3,,FALSE,WCOA21,WCOA 2021,07/02/21,,370103,C41,3,Niskin; Sterivex 0.22µm filter,95% EtOH,,,,1548.0,10.00,47.12,-125.20,,,,5:34,,1000,2.6,7.3506,34.5,37.8 µmol/kg,3.17,,,Sean McAllister,,TRUE,,,,Hallway -20˚C,FALSE,FALSE,
E521.WCOA21,521,,,FALSE,WCOA21,WCOA 2021,07/02/21,,370104,C41,4,Niskin; Sterivex 0.22µm filter,95% EtOH,,,,989.4,568.60,47.12,-125.20,,,,5:46,,1000,3.7,7.2948,34.4,15.5 µmol/kg,3.22,,,Sean McAllister,,FALSE,,,,Hallway -20˚C,FALSE,FALSE,
E522.1B.WCOA21,522,1,,FALSE,WCOA21,WCOA 2021,07/02/21,,370112,C41,12,Niskin; Sterivex 0.22µm filter,95% EtOH,,,,99.4,1458.60,47.12,-125.20,,,,6:25,,1000,7.7,7.4889,33.6,149.2 µmol/kg,1.04,,,Sean McAllister,,TRUE,,,,Hallway -20˚C,FALSE,FALSE,
E522.2T.WCOA21,522,,2,FALSE,WCOA21,WCOA 2021,07/02/21,,370113,C41,13,Niskin; Sterivex 0.22µm filter,95% EtOH,,,,99.8,1458.20,47.12,-125.20,,,,6:25,,1000,7.7,7.4889,33.6,149.7 µmol/kg,1.04,,,Sean McAllister,,TRUE,,,,Hallway -20˚C,FALSE,FALSE,
E522.3T.WCOA21,522,,3,FALSE,WCOA21,WCOA 2021,07/02/21,,370113,C41,13,Niskin; Sterivex 0.22µm filter,95% EtOH,,,,99.8,1458.20,47.12,-125.20,,,,6:25,,1000,7.7,7.4889,33.6,149.7 µmol/kg,1.04,,,Sean McAllister,,TRUE,,,,Hallway -20˚C,FALSE,FALSE,
E523.1B.WCOA21,523,1,,FALSE,WCOA21,WCOA 2021,07/02/21,,370122,C41,22,Niskin; Sterivex 0.22µm filter,95% EtOH,,,,3.8,1554.20,47.12,-125.20,,,,6:42,,1000,15.9,7.9548,31.8,273.4 µmol/kg,3.73,,,Sean McAllister,,TRUE,,,,Hallway -20˚C,FALSE,FALSE,
E523.2B.WCOA21,523,2,,FALSE,WCOA21,WCOA 2021,07/02/21,,370123,C41,23,Niskin; Sterivex 0.22µm filter,95% EtOH,,,,4.0,1554.00,47.12,-125.20,,,,6:42,,1000,15.9,7.9548,31.8,272 µmol/kg,3.73,,,Sean McAllister,,TRUE,,,,Hallway -20˚C,FALSE,FALSE,
E523.3B.WCOA21,523,3,,FALSE,WCOA21,WCOA 2021,07/02/21,,370124,C41,24,Niskin; Sterivex 0.22µm filter,95% EtOH,,,,3.9,1554.10,47.12,-125.20,,,,6:42,,1000,15.9,7.9548,31.8,272 µmol/kg,3.73,,,Sean McAllister,,TRUE,,,,Hallway -20˚C,FALSE,FALSE,
E524.WCOA21,524,,,FALSE,WCOA21,WCOA 2021,07/02/21,,380102,C35,2,Niskin; Sterivex 0.22µm filter,95% EtOH,,,,1077.0,12.00,47.12,-125.05,,,,11:04,,1000,3.6,7.3099,34.4,18 µmol/kg,6.49,,,Sean McAllister,,TRUE,,,,Hallway -20˚C,FALSE,FALSE,
E525.WCOA21,525,,,FALSE,WCOA21,WCOA 2021,07/02/21,,380103,C35,3,Niskin; Sterivex 0.22µm filter,95% EtOH,,,,990.2,98.80,47.12,-125.05,,,,11:08,,1000,3.7,7.298,34.4,17.1 µmol/kg,4.73,,,Sean McAllister,,FALSE,,,,Hallway -20˚C,FALSE,FALSE,
E526.WCOA21,526,,,FALSE,WCOA21,WCOA 2021,07/02/21,,380113,C35,13,Niskin; Sterivex 0.22µm filter,95% EtOH,,,,100.0,989.00,47.12,-125.06,,,,11:49,,1000,7.6,7.4308,33.8,119.3 µmol/kg,5.34,,,Sean McAllister,,FALSE,,,,Hallway -20˚C,FALSE,FALSE,
E527.WCOA21,527,,,FALSE,WCOA21,WCOA 2021,07/02/21,,380123,C35,23,Niskin; Sterivex 0.22µm filter,95% EtOH,,,,3.8,1085.20,47.11,-125.06,,,,12:09,,1000,16.1,8.0257,31.6,281.7 µmol/kg,3.85,,,Sean McAllister,,FALSE,,,,Hallway -20˚C,FALSE,FALSE,
E528.WCOA21,528,,,FALSE,WCOA21,WCOA 2021,07/02/21,,390102,C32,2,Niskin; Sterivex 0.22µm filter,95% EtOH,,,,391.6,11.40,47.12,-124.98,,,,13:29,,1000,6.2,7.3322,34.0,58.8 µmol/kg,9.25,,,Sean McAllister,,TRUE,,,,Hallway -20˚C,FALSE,FALSE,
E529.WCOA21,529,,,FALSE,WCOA21,WCOA 2021,07/02/21,,390104,C32,4,Niskin; Sterivex 0.22µm filter,95% EtOH,,,,298.4,104.60,47.12,-124.98,,,,13:33,,1000,6.6,7.3389,34.0,65.9 µmol/kg,12.4,,,Sean McAllister,,TRUE,,,,Hallway -20˚C,FALSE,FALSE,
E530.WCOA21,530,,,FALSE,WCOA21,WCOA 2021,07/02/21,,390110,C32,10,Niskin; Sterivex 0.22µm filter,95% EtOH,,,,101.9,301.10,47.12,-124.98,,,,13:47,,1000,7.5,7.3974,33.9,100.6 µmol/kg,7.82,,,Sean McAllister,,FALSE,,,,Hallway -20˚C,FALSE,FALSE,
E531.WCOA21,531,,,FALSE,WCOA21,WCOA 2021,07/02/21,,390121,C32,21,Niskin; Sterivex 0.22µm filter,95% EtOH,,,,3.6,399.40,47.12,-124.98,,,,14:09,,1000,16.2,8.0253,31.6,279.8 µmol/kg,4.68,,,Sean McAllister,,TRUE,,,,Hallway -20˚C,FALSE,FALSE,
E532.WCOA21,532,,,FALSE,WCOA21,WCOA 2021,07/02/21,,400102,C26,2,Niskin; Sterivex 0.22µm filter,95% EtOH,,,,130.1,9.90,47.11,-124.82,,,,15:27,,1000,6.7,7.2801,34.0,44.3 µmol/kg,55.81,,,Sean McAllister,,TRUE,,,,Hallway -20˚C,FALSE,FALSE,
E533.WCOA21,533,,,FALSE,WCOA21,WCOA 2021,07/02/21,,400103,C26,3,Niskin; Sterivex 0.22µm filter,95% EtOH,,,,99.1,40.90,47.11,-124.82,,,,15:31,,1000,7.1,7.2749,33.9,50.9 µmol/kg,19.98,,,Sean McAllister,,TRUE,,,,Hallway -20˚C,FALSE,FALSE,
E534.WCOA21,534,,,FALSE,WCOA21,WCOA 2021,07/02/21,,400106,C26,6,Niskin; Sterivex 0.22µm filter,95% EtOH,,,,59.7,80.30,47.11,-124.82,,,,15:37,,1000,7.6,7.4301,33.5,124.9 µmol/kg,7.12,,,Sean McAllister,,TRUE,,,,Hallway -20˚C,FALSE,FALSE,
E535.WCOA21,535,,,FALSE,WCOA21,WCOA 2021,07/02/21,,400116,C26,16,Niskin; Sterivex 0.22µm filter,95% EtOH,,,,3.6,136.40,47.11,-124.82,,,,15:53,,1000,15.8,7.9943,31.9,291 µmol/kg,4.86,,,Sean McAllister,,TRUE,,,,Hallway -20˚C,FALSE,FALSE,
E536.WCOA21,536,,,FALSE,WCOA21,WCOA 2021,07/02/21,,410102,C19,2,Niskin; Sterivex 0.22µm filter,95% EtOH,,,,82.8,10.20,47.12,-124.65,,,,17:24,,1000,7.1,7.273,33.9,47.5 µmol/kg,46.18,,,Sean McAllister,,TRUE,,,,Hallway -20˚C,FALSE,FALSE,
E537.WCOA21,537,,,FALSE,WCOA21,WCOA 2021,07/02/21,,410103,C19,3,Niskin; Sterivex 0.22µm filter,95% EtOH,,,,59.1,33.90,47.12,-124.65,,,,17:28,,1000,7.4,7.3485,33.8,82.3 µmol/kg,34.28,,,Sean McAllister,,TRUE,,,,Hallway -20˚C,FALSE,FALSE,
E538.WCOA21,538,,,FALSE,WCOA21,WCOA 2021,07/02/21,,410106,C19,6,Niskin; Sterivex 0.22µm filter,95% EtOH,,,,40.8,52.20,47.12,-124.65,,,,17:33,,1000,7.6,7.3539,33.5,99.1 µmol/kg,20.88,,,Sean McAllister,,TRUE,,,,Hallway -20˚C,FALSE,FALSE,
E539.WCOA21,539,,,FALSE,WCOA21,WCOA 2021,07/02/21,,410114,C19,14,Niskin; Sterivex 0.22µm filter,95% EtOH,,,,3.2,89.80,47.12,-124.65,,,,17:45,,1000,16.8,8.0916,31.6,282.5 µmol/kg,5.17,,,Sean McAllister,,TRUE,,,,Hallway -20˚C,FALSE,FALSE,
E540.WCOA21,540,,,FALSE,WCOA21,WCOA 2021,07/02/21,,420102,C8,2,Niskin; Sterivex 0.22µm filter,95% EtOH,,,,40.5,9.50,47.12,-124.38,,,,19:32,,1000,7.5,7.2372,33.7,45.2 µmol/kg,35.23,,,Sean McAllister,,TRUE,,,,Hallway -20˚C,FALSE,FALSE,
E541.WCOA21,541,,,FALSE,WCOA21,WCOA 2021,07/02/21,,420106,C8,6,Niskin; Sterivex 0.22µm filter,95% EtOH,,,,20.0,30.00,47.12,-124.38,,,,19:38,,1000,11.8,7.7166,32.3,230.5 µmol/kg,35.72,,,Sean McAllister,,TRUE,,,,Hallway -20˚C,FALSE,FALSE,
E542.WCOA21,542,,,FALSE,WCOA21,WCOA 2021,07/02/21,,420110,C8,10,Niskin; Sterivex 0.22µm filter,95% EtOH,,,,4.2,45.80,47.12,-124.38,,,,19:43,,1000,16.8,8.172,27.2,330.1 µmol/kg,15.69,,,Sean McAllister,,TRUE,,,,Hallway -20˚C,FALSE,FALSE,
E543.WCOA21,543,,,FALSE,WCOA21,WCOA 2021,07/02/21,,430102,C2.5,2,Niskin; Sterivex 0.22µm filter,95% EtOH,,,,17.4,9.60,47.12,-124.25,,,,20:48,,1000,14.9,7.9747,31.4,283 µmol/kg,15.44,,,Sean McAllister,,TRUE,,,,Hallway -20˚C,FALSE,FALSE,
E544.WCOA21,544,,,FALSE,WCOA21,WCOA 2021,07/02/21,,430104,C2.5,4,Niskin; Sterivex 0.22µm filter,95% EtOH,,,,10.3,16.70,47.11,-124.25,,,,20:51,,1000,16.9,8.1202,28.4,337 µmol/kg,14.67,,,Sean McAllister,,TRUE,,,,Hallway -20˚C,FALSE,FALSE,
E545.WCOA21,545,,,FALSE,WCOA21,WCOA 2021,07/02/21,,430109,C2.5,9,Niskin; Sterivex 0.22µm filter,95% EtOH,,,,3.8,23.20,47.11,-124.25,,,,20:56,,1000,17.0,8.1993,27.7,311.8 µmol/kg,16.78,,,Sean McAllister,,TRUE,,,,Hallway -20˚C,FALSE,FALSE,
E546.NC.WCOA21,546,,,TRUE,WCOA21,WCOA 2021,07/02/21,,NA,NA,NA,Sterivex 0.22µm filter,95% EtOH,-,-,-,,,,,,-,-,,,1000,,,,,,,,Sean McAllister,,FALSE,,,,Hallway -20˚C,FALSE,FALSE,
E547.1B.WCOA21,547,1,,FALSE,WCOA21,WCOA 2021,07/03/21,,440101,Ecola,1,Niskin; Sterivex 0.22µm filter,95% EtOH,,,,68.3,9.70,45.92,-124.09,,,,4:37,,1000,7.6,7.282,33.8,58.6 µmol/kg,9.57,,,Sean McAllister,,FALSE,,,,Hallway -20˚C,FALSE,FALSE,
E547.2B.WCOA21,547,2,,FALSE,WCOA21,WCOA 2021,07/03/21,,440102,Ecola,2,Niskin; Sterivex 0.22µm filter,95% EtOH,,,,68.3,9.70,45.92,-124.09,,,,4:37,,1000,7.6,7.282,33.8,58.6 µmol/kg,9.57,,,Sean McAllister,,FALSE,,,,Hallway -20˚C,FALSE,FALSE,
E547.3B.WCOA21,547,3,,FALSE,WCOA21,WCOA 2021,07/03/21,,440103,Ecola,3,Niskin; Sterivex 0.22µm filter,95% EtOH,,,,68.1,9.90,45.92,-124.09,,,,4:37,,1000,7.6,7.282,33.8,58.5 µmol/kg,9.57,,,Sean McAllister,,FALSE,,,,Hallway -20˚C,FALSE,FALSE,
E548.WCOA21,548,,,FALSE,WCOA21,WCOA 2021,07/03/21,,440104,Ecola,4,Niskin; Sterivex 0.22µm filter,95% EtOH,,,,50.3,27.70,45.92,-124.09,,,,4:40,,1000,7.8,7.2934,33.8,67.7 µmol/kg,9.42,,,Sean McAllister,,FALSE,,,,Hallway -20˚C,FALSE,FALSE,
E549.1B.WCOA21,549,1,,FALSE,WCOA21,WCOA 2021,07/03/21,,440107,Ecola,7,Niskin; Sterivex 0.22µm filter,95% EtOH,,,,25.6,52.40,45.92,-124.09,,,,4:47,,1000,10.0,7.5394,33.1,170.4 µmol/kg,11.23,,,Sean McAllister,,FALSE,,,,Hallway -20˚C,FALSE,FALSE,
E549.2B.WCOA21,549,2,,FALSE,WCOA21,WCOA 2021,07/03/21,,440108,Ecola,8,Niskin; Sterivex 0.22µm filter,95% EtOH,,,,25.5,52.50,45.92,-124.09,,,,4:47,,1000,10.0,7.5394,33.1,170.4 µmol/kg,11.23,,,Sean McAllister,,FALSE,,,,Hallway -20˚C,FALSE,FALSE,
E549.3B.WCOA21,549,3,,FALSE,WCOA21,WCOA 2021,07/03/21,,440109,Ecola,9,Niskin; Sterivex 0.22µm filter,95% EtOH,,,,25.5,52.50,45.92,-124.09,,,,4:47,,1000,10.1,7.5394,33.1,170.5 µmol/kg,11.23,,,Sean McAllister,,FALSE,,,,Hallway -20˚C,FALSE,FALSE,
E550.WCOA21,550,,,FALSE,WCOA21,WCOA 2021,07/03/21,,440112,Ecola,12,Niskin; Sterivex 0.22µm filter,95% EtOH,,,,10.9,67.10,45.92,-124.09,,,,4:51,,1000,11.4,7.8808,32.2,272.4 µmol/kg,10.76,,,Sean McAllister,,FALSE,,,,Hallway -20˚C,FALSE,FALSE,
E551.1B.WCOA21,551,1,,FALSE,WCOA21,WCOA 2021,07/03/21,,440113,Ecola,13,Niskin; Sterivex 0.22µm filter,95% EtOH,,,,3.1,74.90,45.92,-124.09,,,,4:53,,1000,17.0,8.126,29.4,313 µmol/kg,NA,,,Sean McAllister,,FALSE,,,,Hallway -20˚C,FALSE,FALSE,
E551.2B.WCOA21,551,2,,FALSE,WCOA21,WCOA 2021,07/03/21,,440114,Ecola,14,Niskin; Sterivex 0.22µm filter,95% EtOH,,,,3.4,74.60,45.92,-124.09,,,,4:53,,1000,17.0,8.126,29.4,313 µmol/kg,NA,,,Sean McAllister,,FALSE,,,,Hallway -20˚C,FALSE,FALSE,
E551.3B.WCOA21,551,3,,FALSE,WCOA21,WCOA 2021,07/03/21,,440115,Ecola,15,Niskin; Sterivex 0.22µm filter,95% EtOH,,,,3.4,74.60,45.92,-124.09,,,,4:53,,1000,17.0,8.126,29.4,313 µmol/kg,NA,,,Sean McAllister,,FALSE,,,,Hallway -20˚C,FALSE,FALSE,
E552.WCOA21,552,,,FALSE,WCOA21,WCOA 2021,07/03/21,,450102,NH55,2,Niskin; Sterivex 0.22µm filter,95% EtOH,,,,2848.8,11.20,44.65,-125.37,,,,16:10,,1000,1.7,7.4587,34.7,85.4 µmol/kg,1.82,,,Sean McAllister,,TRUE,,,,Hallway -20˚C,FALSE,FALSE,
E553.WCOA21,553,,,FALSE,WCOA21,WCOA 2021,07/03/21,,450114,NH55,14,Niskin; Sterivex 0.22µm filter,95% EtOH,,,,100.2,2759.80,44.65,-125.37,,,,17:27,,1000,8.0,7.4721,33.5,141.6 µmol/kg,5.68,,,Sean McAllister,,FALSE,,,,Hallway -20˚C,FALSE,FALSE,
E554.WCOA21,554,,,FALSE,WCOA21,WCOA 2021,07/03/21,,450124,NH55,24,Niskin; Sterivex 0.22µm filter,95% EtOH,,,,4.2,2855.80,44.65,-125.37,,,,17:45,,1000,15.9,7.9366,31.4,267.9 µmol/kg,4.31,,,Sean McAllister,,FALSE,,,,Hallway -20˚C,FALSE,FALSE,
E555.WCOA21,555,,,FALSE,WCOA21,WCOA 2021,07/03/21,,460102,NH45,2,Niskin; Sterivex 0.22µm filter,95% EtOH,,,,710.2,9.80,44.65,-125.12,,,,19:46,,1000,4.4,7.2839,34.3,16.3 µmol/kg,4.83,,,Sean McAllister,,TRUE,,,,Hallway -20˚C,FALSE,FALSE,
E556.WCOA21,556,,,FALSE,WCOA21,WCOA 2021,07/03/21,,460110,NH45,10,Niskin; Sterivex 0.22µm filter,95% EtOH,,,,98.9,621.10,44.65,-125.12,,,,20:12,,1000,8.2,7.4691,33.6,137.9 µmol/kg,9.29,,,Sean McAllister,,FALSE,,,,Hallway -20˚C,FALSE,FALSE,
E557.WCOA21,557,,,FALSE,WCOA21,WCOA 2021,07/03/21,,460120,NH45,20,Niskin; Sterivex 0.22µm filter,95% EtOH,,,,3.4,716.60,44.65,-125.12,,,,20:30,,1000,15.9,7.9407,31.3,265 µmol/kg,3.76,,,Sean McAllister,,TRUE,,,,Hallway -20˚C,FALSE,FALSE,
E558.WCOA21,558,,,FALSE,WCOA21,WCOA 2021,07/03/21,,460103,NH45,3,Niskin; Sterivex 0.22µm filter,95% EtOH,,,,495.8,224.20,44.65,-125.12,,,,19:52,,1000,5.4,7.3006,34.1,33.6 µmol/kg,7.17,,,Sean McAllister,,FALSE,,,,Hallway -20˚C,FALSE,FALSE,
E559.WCOA21,559,,,FALSE,WCOA21,WCOA 2021,07/03/21,,460106,NH45,6,Niskin; Sterivex 0.22µm filter,95% EtOH,,,,198.0,522.00,44.65,-125.12,,,,20:02,,1000,7.3,7.4473,34.0,116.7 µmol/kg,5.25,,,Sean McAllister,,FALSE,,,,Hallway -20˚C,FALSE,FALSE,
E560.WCOA21,560,,,FALSE,WCOA21,WCOA 2021,07/03/21,,470102,NH35,2,Niskin; Sterivex 0.22µm filter,95% EtOH,,,,425.5,10.50,44.65,-124.88,,,,22:20,,1000,6.3,7.3274,34.1,50 µmol/kg,24.89,,,Sean McAllister,,TRUE,,,,Hallway -20˚C,FALSE,FALSE,
E561.WCOA21,561,,,FALSE,WCOA21,WCOA 2021,07/03/21,,470104,NH35,4,Niskin; Sterivex 0.22µm filter,95% EtOH,,,,297.0,139.00,44.65,-124.88,,,,22:25,,1000,6.8,7.3463,34.0,64.9 µmol/kg,19.68,,,Sean McAllister,,TRUE,,,,Hallway -20˚C,FALSE,FALSE,
E562.WCOA21,562,,,FALSE,WCOA21,WCOA 2021,07/03/21,,470105,NH35,5,Niskin; Sterivex 0.22µm filter,95% EtOH,,,,197.9,238.10,44.65,-124.88,,,,22:29,,1000,7.1,7.355,34.0,74.6 µmol/kg,18.63,,,Sean McAllister,,TRUE,,,,Hallway -20˚C,FALSE,FALSE,
E563.WCOA21,563,,,FALSE,WCOA21,WCOA 2021,07/03/21,,470109,NH35,9,Niskin; Sterivex 0.22µm filter,95% EtOH,,,,100.0,336.00,44.65,-124.88,,,,22:37,,1000,8.0,7.4412,33.7,122.3 µmol/kg,7.25,,,Sean McAllister,,TRUE,,,,Hallway -20˚C,FALSE,FALSE,
E564.WCOA21,564,,,FALSE,WCOA21,WCOA 2021,07/03/21,,470119,NH35,19,Niskin; Sterivex 0.22µm filter,95% EtOH,,,,3.4,432.60,44.65,-124.88,,,,22:55,,1000,15.9,7.9461,31.2,271.6 µmol/kg,3.99,,,Sean McAllister,,TRUE,,,,Hallway -20˚C,FALSE,FALSE,
E565.WCOA21,565,,,FALSE,WCOA21,WCOA 2021,07/04/21,,480102,NH30,2,Niskin; Sterivex 0.22µm filter,95% EtOH,,,,245.4,11.60,44.65,-124.78,,,,1:26,,1000,6.9,7.3463,34.0,67.3 µmol/kg,27.77,,,Sean McAllister,,TRUE,,,,Hallway -20˚C,FALSE,FALSE,
E566.WCOA21,566,,,FALSE,WCOA21,WCOA 2021,07/04/21,,480104,NH30,4,Niskin; Sterivex 0.22µm filter,95% EtOH,,,,197.9,59.10,44.65,-124.78,,,,1:31,,1000,7.0,7.3525,34.0,69.9 µmol/kg,28.47,,,Sean McAllister,,TRUE,,,,Hallway -20˚C,FALSE,FALSE,
E567.WCOA21,567,,,FALSE,WCOA21,WCOA 2021,07/04/21,,480108,NH30,8,Niskin; Sterivex 0.22µm filter,95% EtOH,,,,99.5,157.50,44.65,-124.78,,,,1:40,,1000,7.6,7.3801,33.8,93.3 µmol/kg,10.06,,,Sean McAllister,,TRUE,,,,Hallway -20˚C,FALSE,FALSE,
E568.WCOA21,568,,,FALSE,WCOA21,WCOA 2021,07/04/21,,480118,NH30,18,Niskin; Sterivex 0.22µm filter,95% EtOH,,,,4.1,252.90,44.65,-124.78,,,,1:59,,1000,15.8,7.9814,31.0,279.2 µmol/kg,4.75,,,Sean McAllister,,TRUE,,,,Hallway -20˚C,FALSE,FALSE,
E569.WCOA21,569,,,FALSE,WCOA21,WCOA 2021,07/04/21,,490102,NH25,2,Niskin; Sterivex 0.22µm filter,95% EtOH,,,,283.1,9.90,44.65,-124.65,,,,3:35,,1000,6.9,7.3511,34.0,67.6 µmol/kg,24.25,,,Sean McAllister,,TRUE,,,,Hallway -20˚C,FALSE,FALSE,
E570.WCOA21,570,,,FALSE,WCOA21,WCOA 2021,07/04/21,,490103,NH25,3,Niskin; Sterivex 0.22µm filter,95% EtOH,,,,199.4,93.60,44.65,-124.65,,,,3:41,,1000,7.0,7.3613,34.0,74.2 µmol/kg,15.04,,,Sean McAllister,,TRUE,,,,Hallway -20˚C,FALSE,FALSE,
E571.WCOA21,571,,,FALSE,WCOA21,WCOA 2021,07/04/21,,490107,NH25,7,Niskin; Sterivex 0.22µm filter,95% EtOH,,,,99.7,193.30,44.65,-124.65,,,,3:51,,1000,7.5,7.3673,33.9,85.4 µmol/kg,11.06,,,Sean McAllister,,TRUE,,,,Hallway -20˚C,FALSE,FALSE,
E572.WCOA21,572,,,FALSE,WCOA21,WCOA 2021,07/04/21,,490117,NH25,17,Niskin; Sterivex 0.22µm filter,95% EtOH,,,,3.4,289.60,44.65,-124.66,,,,4:12,,1000,15.5,8.0194,31.3,290.7 µmol/kg,3.53,,,Sean McAllister,,TRUE,,,,Hallway -20˚C,FALSE,FALSE,
E573.1B.WCOA21,573,1,,FALSE,WCOA21,WCOA 2021,07/04/21,,500101,NH10,1,Niskin; Sterivex 0.22µm filter,95% EtOH,,,,70.4,10.60,44.65,-124.30,,,,9:46,,1000,7.4,7.2555,33.9,40.3 µmol/kg,12.11,,,Sean McAllister,,TRUE,,,,Hallway -20˚C,FALSE,FALSE,
E573.2B.WCOA21,573,2,,FALSE,WCOA21,WCOA 2021,07/04/21,,500102,NH10,2,Niskin; Sterivex 0.22µm filter,95% EtOH,,,,71.1,9.90,44.65,-124.30,,,,9:46,,1000,7.3,7.2555,33.9,39.2 µmol/kg,12.11,,,Sean McAllister,,TRUE,,,,Hallway -20˚C,FALSE,FALSE,
E573.3B.WCOA21,573,3,,FALSE,WCOA21,WCOA 2021,07/04/21,,500103,NH10,3,Niskin; Sterivex 0.22µm filter,95% EtOH,,,,70.5,10.50,44.65,-124.30,,,,9:46,,1000,7.3,7.2555,33.9,39.2 µmol/kg,12.11,,,Sean McAllister,,TRUE,,,,Hallway -20˚C,FALSE,FALSE,
E574.1B.WCOA21,574,1,,FALSE,WCOA21,WCOA 2021,07/04/21,,500106,NH10,6,Niskin; Sterivex 0.22µm filter,95% EtOH,,,,40.6,40.40,44.65,-124.30,,,,9:53,,1000,7.6,7.3326,33.7,80.9 µmol/kg,10.82,,,Sean McAllister,,TRUE,,,,Hallway -20˚C,FALSE,FALSE,
E574.2B.WCOA21,574,2,,FALSE,WCOA21,WCOA 2021,07/04/21,,500107,NH10,7,Niskin; Sterivex 0.22µm filter,95% EtOH,,,,39.6,41.40,44.65,-124.30,,,,9:53,,1000,7.6,7.3326,33.7,80.9 µmol/kg,10.82,,,Sean McAllister,,TRUE,,,,Hallway -20˚C,FALSE,FALSE,
E574.3B.WCOA21,574,3,,FALSE,WCOA21,WCOA 2021,07/04/21,,500108,NH10,8,Niskin; Sterivex 0.22µm filter,95% EtOH,,,,40.4,40.60,44.65,-124.30,,,,9:53,,1000,7.6,7.3326,33.7,80.9 µmol/kg,10.82,,,Sean McAllister,,TRUE,,,,Hallway -20˚C,FALSE,FALSE,
E575.1B.WCOA21,575,1,,FALSE,WCOA21,WCOA 2021,07/04/21,,500115,NH10,15,Niskin; Sterivex 0.22µm filter,95% EtOH,,,,4.0,77.00,44.65,-124.30,,,,10:03,,1000,13.6,7.9876,32.7,323.6 µmol/kg,5.34,,,Sean McAllister,,TRUE,,,,Hallway -20˚C,FALSE,FALSE,
E575.2B.WCOA21,575,2,,FALSE,WCOA21,WCOA 2021,07/04/21,,500116,NH10,16,Niskin; Sterivex 0.22µm filter,95% EtOH,,,,4.4,76.60,44.65,-124.30,,,,10:03,,1000,13.7,7.9876,32.7,323.6 µmol/kg,5.34,,,Sean McAllister,,TRUE,,,,Hallway -20˚C,FALSE,FALSE,
E575.3B.WCOA21,575,3,,FALSE,WCOA21,WCOA 2021,07/04/21,,500117,NH10,17,Niskin; Sterivex 0.22µm filter,95% EtOH,,,,4.0,77.00,44.65,-124.30,,,,10:03,,1000,13.6,7.9876,32.7,323.6 µmol/kg,5.34,,,Sean McAllister,,TRUE,,,,Hallway -20˚C,FALSE,FALSE,
E576.WCOA21,576,,,FALSE,WCOA21,WCOA 2021,07/04/21,,510103,NH5,3,Niskin; Sterivex 0.22µm filter,95% EtOH,,,,47.7,10.30,44.65,-124.18,,,,11:19,,1000,8.0,7.2783,33.8,64.6 µmol/kg,11.59,,,Sean McAllister,,FALSE,,,,Hallway -20˚C,FALSE,FALSE,
E577.WCOA21,577,,,FALSE,WCOA21,WCOA 2021,07/04/21,,510108,NH5,8,Niskin; Sterivex 0.22µm filter,95% EtOH,,,,23.0,35.00,44.65,-124.18,,,,11:26,,1000,12.7,7.8717,33.0,295.3 µmol/kg,6.62,,,Sean McAllister,,FALSE,,,,Hallway -20˚C,FALSE,FALSE,
E578.WCOA21,578,,,FALSE,WCOA21,WCOA 2021,07/04/21,,510114,NH5,14,Niskin; Sterivex 0.22µm filter,95% EtOH,,,,3.2,54.80,44.65,-124.18,,,,11:34,,1000,12.9,7.9037,33.0,299.2 µmol/kg,5.9,,,Sean McAllister,,FALSE,,,,Hallway -20˚C,FALSE,FALSE,
E579.WCOA21,579,,,FALSE,WCOA21,WCOA 2021,07/04/21,,520102,NH1,2,Niskin; Sterivex 0.22µm filter,95% EtOH,,,,25.1,9.90,44.65,-124.10,,,,13:41,,1000,9.0,7.42,33.6,117.9 µmol/kg,12.04,,,Sean McAllister,,TRUE,,,,Hallway -20˚C,FALSE,FALSE,
E580.WCOA21,580,,,FALSE,WCOA21,WCOA 2021,07/04/21,,520105,NH1,5,Niskin; Sterivex 0.22µm filter,95% EtOH,,,,10.8,24.20,44.65,-124.10,,,,13:45,,1000,11.0,7.6237,33.3,221.4 µmol/kg,9.69,,,Sean McAllister,,TRUE,,,,Hallway -20˚C,FALSE,FALSE,
E581.WCOA21,581,,,FALSE,WCOA21,WCOA 2021,07/04/21,,520109,NH1,9,Niskin; Sterivex 0.22µm filter,95% EtOH,,,,3.7,31.30,44.65,-124.10,,,,13:49,,1000,11.2,7.6579,33.3,227.8 µmol/kg,8.99,,,Sean McAllister,,TRUE,,,,Hallway -20˚C,FALSE,FALSE,
E582.NC.WCOA21,582,,,TRUE,WCOA21,WCOA 2021,07/04/21,,NA,NA,NA,Sterivex 0.22µm filter,95% EtOH,-,-,-,,,,,,-,-,,,1000,,,,,,,,Sean McAllister,,TRUE,,,,Hallway -20˚C,FALSE,FALSE,
E583.WCOA21,583,,,FALSE,WCOA21,WCOA 2021,07/04/21,,530102,HH42,2,Niskin; Sterivex 0.22µm filter,95% EtOH,,,,1418.0,10.00,44.00,-125.11,,,,21:19,,1000,2.6,7.3472,34.5,36.7 µmol/kg,8.44,,,Sean McAllister,,TRUE,,,,Hallway -20˚C,FALSE,FALSE,
E584.WCOA21,584,,,FALSE,WCOA21,WCOA 2021,07/04/21,,530103,HH42,3,Niskin; Sterivex 0.22µm filter,95% EtOH,,,,988.6,439.40,44.00,-125.11,,,,21:28,,1000,3.8,7.2979,34.4,15.8 µmol/kg,4.91,,,Sean McAllister,,FALSE,,,,Hallway -20˚C,FALSE,FALSE,
E585.WCOA21,585,,,FALSE,WCOA21,WCOA 2021,07/04/21,,530108,HH42,8,Niskin; Sterivex 0.22µm filter,95% EtOH,,,,198.1,1229.90,44.00,-125.11,,,,21:51,,1000,7.4,7.3924,34.0,90.8 µmol/kg,9.09,,,Sean McAllister,,FALSE,,,,Hallway -20˚C,FALSE,FALSE,
E586.WCOA21,586,,,FALSE,WCOA21,WCOA 2021,07/04/21,,530112,HH42,12,Niskin; Sterivex 0.22µm filter,95% EtOH,,,,99.2,1328.80,44.00,-125.11,,,,21:58,,1000,8.2,7.4769,33.6,142.3 µmol/kg,7.33,,,Sean McAllister,,FALSE,,,,Hallway -20˚C,FALSE,FALSE,
E587.WCOA21,587,,,FALSE,WCOA21,WCOA 2021,07/04/21,,530122,HH42,22,Niskin; Sterivex 0.22µm filter,95% EtOH,,,,3.5,1424.50,44.00,-125.11,,,,22:17,,1000,15.6,7.963,31.1,270.9 µmol/kg,4.31,,,Sean McAllister,,FALSE,,,,Hallway -20˚C,FALSE,FALSE,
E588.WCOA21,588,,,FALSE,WCOA21,WCOA 2021,07/05/21,,540102,HH37,2,Niskin; Sterivex 0.22µm filter,95% EtOH,,,,923.5,10.50,44.00,-125.00,,,,1:02,,1000,4.0,7.2927,34.4,14.7 µmol/kg,3.78,,,Sean McAllister,,TRUE,,,,Hallway -20˚C,FALSE,FALSE,
E589.WCOA21,589,,,FALSE,WCOA21,WCOA 2021,07/05/21,,540103,HH37,3,Niskin; Sterivex 0.22µm filter,95% EtOH,,,,743.1,190.90,44.00,-125.00,,,,1:08,,1000,4.6,7.2854,34.3,16.9 µmol/kg,2.77,,,Sean McAllister,,FALSE,,,,Hallway -20˚C,FALSE,FALSE,
E590.WCOA21,590,,,FALSE,WCOA21,WCOA 2021,07/05/21,,540104,HH37,4,Niskin; Sterivex 0.22µm filter,95% EtOH,,,,496.3,437.70,44.00,-125.00,,,,1:15,,1000,6.3,7.3123,34.2,35.4 µmol/kg,16.22,,,Sean McAllister,,TRUE,,,,Hallway -20˚C,FALSE,FALSE,
E591.WCOA21,591,,,FALSE,WCOA21,WCOA 2021,07/05/21,,540107,HH37,7,Niskin; Sterivex 0.22µm filter,95% EtOH,,,,198.2,735.80,44.00,-125.00,,,,1:29,,1000,7.2,7.3556,34.0,83 µmol/kg,13.03,,,Sean McAllister,,FALSE,,,,Hallway -20˚C,FALSE,FALSE,
E592.WCOA21,592,,,FALSE,WCOA21,WCOA 2021,07/05/21,,540111,HH37,11,Niskin; Sterivex 0.22µm filter,95% EtOH,,,,99.3,834.70,44.00,-125.00,,,,1:38,,1000,7.9,7.4101,33.8,107.8 µmol/kg,10.22,,,Sean McAllister,,TRUE,,,,Hallway -20˚C,FALSE,FALSE,
E593.WCOA21,593,,,FALSE,WCOA21,WCOA 2021,07/05/21,,540121,HH37,21,Niskin; Sterivex 0.22µm filter,95% EtOH,,,,4.3,929.70,44.00,-125.00,,,,1:55,,1000,14.8,8.0078,31.6,297 µmol/kg,4.43,,,Sean McAllister,,TRUE,,,,Hallway -20˚C,FALSE,FALSE,
E594.WCOA21,594,,,FALSE,WCOA21,WCOA 2021,07/05/21,,550102,HH29,2,Niskin; Sterivex 0.22µm filter,95% EtOH,,,,100.5,10.50,44.00,-124.80,,,,3:33,,1000,7.5,7.3371,33.9,70.9 µmol/kg,28.31,,,Sean McAllister,,TRUE,,,,Hallway -20˚C,FALSE,FALSE,
E595.WCOA21,595,,,FALSE,WCOA21,WCOA 2021,07/05/21,,550104,HH29,4,Niskin; Sterivex 0.22µm filter,95% EtOH,,,,80.2,30.80,44.00,-124.80,,,,3:36,,1000,7.6,7.3543,33.8,81.5 µmol/kg,39.73,,,Sean McAllister,,TRUE,,,,Hallway -20˚C,FALSE,FALSE,
E596.WCOA21,596,,,FALSE,WCOA21,WCOA 2021,07/05/21,,550107,HH29,7,Niskin; Sterivex 0.22µm filter,95% EtOH,,,,50.5,60.50,44.00,-124.80,,,,3:42,,1000,8.1,7.4947,33.2,158.5 µmol/kg,13,,,Sean McAllister,,TRUE,,,,Hallway -20˚C,FALSE,FALSE,
E597.WCOA21,597,,,FALSE,WCOA21,WCOA 2021,07/05/21,,550114,HH29,14,Niskin; Sterivex 0.22µm filter,95% EtOH,,,,3.4,107.60,44.00,-124.80,,,,3:55,,1000,13.2,7.9936,32.1,310 µmol/kg,6.37,,,Sean McAllister,,TRUE,,,,Hallway -20˚C,FALSE,FALSE,
E598.1B.WCOA21,598,1,,FALSE,WCOA21,WCOA 2021,07/05/21,,560101,HH20,1,Niskin; Sterivex 0.22µm filter,95% EtOH,,,,144.2,9.80,44.00,-124.60,,,,5:42,,1000,7.4,7.3365,34.0,70.2 µmol/kg,30.93,,,Sean McAllister,,TRUE,,,,Hallway -20˚C,FALSE,FALSE,
E598.2B.WCOA21,598,2,,FALSE,WCOA21,WCOA 2021,07/05/21,,560102,HH20,2,Niskin; Sterivex 0.22µm filter,95% EtOH,,,,143.3,10.70,44.00,-124.60,,,,5:42,,1000,7.4,7.3365,34.0,70.6 µmol/kg,30.93,,,Sean McAllister,,TRUE,,,,Hallway -20˚C,FALSE,FALSE,
E598.3B.WCOA21,598,3,,FALSE,WCOA21,WCOA 2021,07/05/21,,560103,HH20,3,Niskin; Sterivex 0.22µm filter,95% EtOH,,,,143.5,10.50,44.00,-124.60,,,,5:42,,1000,7.4,7.3365,34.0,70.4 µmol/kg,30.93,,,Sean McAllister,,TRUE,,,,Hallway -20˚C,FALSE,FALSE,
E599.WCOA21,599,,,FALSE,WCOA21,WCOA 2021,07/05/21,,560107,HH20,7,Niskin; Sterivex 0.22µm filter,95% EtOH,,,,59.6,94.40,44.00,-124.60,,,,5:57,,1000,7.6,7.3474,33.9,76.8 µmol/kg,15.48,,,Sean McAllister,,TRUE,,,,Hallway -20˚C,FALSE,FALSE,
E600.1B.WCOA21,600,1,,FALSE,WCOA21,WCOA 2021,07/05/21,,560117,HH20,17,Niskin; Sterivex 0.22µm filter,95% EtOH,,,,3.7,150.30,44.00,-124.60,,,,6:11,,1000,14.2,8.0205,32.2,299.6 µmol/kg,5.13,,,Sean McAllister,,TRUE,,,,Hallway -20˚C,FALSE,FALSE,
E600.2B.WCOA21,600,2,,FALSE,WCOA21,WCOA 2021,07/05/21,,560118,HH20,18,Niskin; Sterivex 0.22µm filter,95% EtOH,,,,3.8,150.20,44.00,-124.60,,,,6:11,,1000,14.2,8.0205,32.2,299.7 µmol/kg,5.13,,,Sean McAllister,,TRUE,,,,Hallway -20˚C,FALSE,FALSE,
E600.3B.WCOA21,600,3,,FALSE,WCOA21,WCOA 2021,07/05/21,,560119,HH20,19,Niskin; Sterivex 0.22µm filter,95% EtOH,,,,3.7,150.30,44.00,-124.60,,,,6:11,,1000,14.2,8.0205,32.2,299.6 µmol/kg,5.13,,,Sean McAllister,,TRUE,,,,Hallway -20˚C,FALSE,FALSE,
E601.WCOA21,601,,,FALSE,WCOA21,WCOA 2021,07/05/21,,570102,HH10,2,Niskin; Sterivex 0.22µm filter,95% EtOH,,,,108.1,9.90,44.00,-124.39,,,,11:35,,1000,7.4,7.3008,34.0,54.8 µmol/kg,24.76,,,Sean McAllister,,TRUE,,,,Hallway -20˚C,FALSE,FALSE,
E602.WCOA21,602,,,FALSE,WCOA21,WCOA 2021,07/05/21,,570106,HH10,6,Niskin; Sterivex 0.22µm filter,95% EtOH,,,,50.0,68.00,44.00,-124.39,,,,11:46,,1000,7.6,7.3482,33.8,78.2 µmol/kg,14.17,,,Sean McAllister,,TRUE,,,,Hallway -20˚C,FALSE,FALSE,
E603.WCOA21,603,,,FALSE,WCOA21,WCOA 2021,07/05/21,,570114,HH10,14,Niskin; Sterivex 0.22µm filter,95% EtOH,,,,4.1,113.90,44.00,-124.39,,,,12:01,,1000,12.4,7.9446,32.6,280.5 µmol/kg,5.82,,,Sean McAllister,,TRUE,,,,Hallway -20˚C,FALSE,FALSE,
E604.WCOA21,604,,,FALSE,WCOA21,WCOA 2021,07/05/21,,580102,HH3,2,Niskin; Sterivex 0.22µm filter,95% EtOH,,,,44.9,10.10,44.00,-124.20,,,,13:26,,1000,7.6,7.2972,33.9,54.6 µmol/kg,15.9,,,Sean McAllister,,TRUE,,,,Hallway -20˚C,FALSE,FALSE,
E605.WCOA21,605,,,FALSE,WCOA21,WCOA 2021,07/05/21,,580105,HH3,5,Niskin; Sterivex 0.22µm filter,95% EtOH,,,,20.3,34.70,44.00,-124.20,,,,13:32,,1000,7.9,7.3622,33.6,97.4 µmol/kg,20.55,,,Sean McAllister,,TRUE,,,,Hallway -20˚C,FALSE,FALSE,
E606.WCOA21,606,,,FALSE,WCOA21,WCOA 2021,07/05/21,,580110,HH3,10,Niskin; Sterivex 0.22µm filter,95% EtOH,,,,3.6,51.40,44.00,-124.20,,,,13:38,,1000,10.5,7.5644,33.0,212.8 µmol/kg,16.78,,,Sean McAllister,,TRUE,,,,Hallway -20˚C,FALSE,FALSE,
E607.WCOA21,607,,,FALSE,WCOA21,WCOA 2021,07/05/21,,590102,CB06,2,Niskin; Sterivex 0.22µm filter,95% EtOH,,,,80.1,9.90,43.30,-124.50,,,,17:40,,1000,8.0,7.368,33.9,106.7 µmol/kg,25.58,,,Sean McAllister,,TRUE,,,,Hallway -20˚C,FALSE,FALSE,
E608.WCOA21,608,,,FALSE,WCOA21,WCOA 2021,07/05/21,,590106,CB06,6,Niskin; Sterivex 0.22µm filter,95% EtOH,,,,39.7,50.30,43.30,-124.50,,,,17:48,,1000,8.5,7.4137,33.9,138.1 µmol/kg,20.32,,,Sean McAllister,,FALSE,,,,Hallway -20˚C,FALSE,FALSE,
E609.WCOA21,609,,,FALSE,WCOA21,WCOA 2021,07/05/21,,590113,CB06,13,Niskin; Sterivex 0.22µm filter,95% EtOH,,,,3.6,86.40,43.30,-124.50,,,,17:57,,1000,12.2,7.7262,33.2,250.7 µmol/kg,8.5,,,Sean McAllister,,TRUE,,,,Hallway -20˚C,FALSE,FALSE,
E610.NC.WCOA21,610,,,TRUE,WCOA21,WCOA 2021,07/05/21,,NA,NA,NA,Sterivex 0.22µm filter,95% EtOH,-,-,-,,,,,,-,-,,,1000,,,,,,,,Sean McAllister,,TRUE,,,,Hallway -20˚C,FALSE,FALSE,
E611.1B.WCOA21,611,1,,FALSE,WCOA21,WCOA 2021,07/06/21,,600101,B66,1,Niskin; Sterivex 0.22µm filter,95% EtOH,,,,2881.4,9.60,41.72,-125.66,,,,4:10,,1000,1.7,7.4692,34.7,91.6 µmol/kg,2.11,,,Sean McAllister,,TRUE,,,,Hallway -20˚C,FALSE,FALSE,
E611.2T.WCOA21,611,,2,FALSE,WCOA21,WCOA 2021,07/06/21,,600102,B66,2,Niskin; Sterivex 0.22µm filter,95% EtOH,,,,2881.2,9.80,41.72,-125.66,,,,4:11,,1000,1.7,7.4692,34.7,91.6 µmol/kg,2.11,,,Sean McAllister,,TRUE,,,,Hallway -20˚C,FALSE,FALSE,
E611.3T.WCOA21,611,,3,FALSE,WCOA21,WCOA 2021,07/06/21,,600102,B66,2,Niskin; Sterivex 0.22µm filter,95% EtOH,,,,2881.2,9.80,41.72,-125.66,,,,4:11,,1000,1.7,7.4692,34.7,91.6 µmol/kg,2.11,,,Sean McAllister,,TRUE,,,,Hallway -20˚C,FALSE,FALSE,
E612.WCOA21,612,,,FALSE,WCOA21,WCOA 2021,07/06/21,,600113,B66,13,Niskin; Sterivex 0.22µm filter,95% EtOH,,,,100.2,2790.80,41.72,-125.66,,,,5:29,,1000,9.1,7.7105,32.6,248.5 µmol/kg,4.18,,,Sean McAllister,,FALSE,,,,Hallway -20˚C,FALSE,FALSE,
E613.1B.WCOA21,613,1,,FALSE,WCOA21,WCOA 2021,07/06/21,,600122,B66,22,Niskin; Sterivex 0.22µm filter,95% EtOH,,,,4.0,2887.00,41.72,-125.66,,,,5:47,,1000,15.1,7.9076,32.0,266.6 µmol/kg,NA,,,Sean McAllister,,FALSE,,,,Hallway -20˚C,FALSE,FALSE,
E613.2B.WCOA21,613,2,,FALSE,WCOA21,WCOA 2021,07/06/21,,600123,B66,23,Niskin; Sterivex 0.22µm filter,95% EtOH,,,,3.6,2887.40,41.72,-125.66,,,,5:47,,1000,15.1,7.9076,32.0,266.5 µmol/kg,NA,,,Sean McAllister,,FALSE,,,,Hallway -20˚C,FALSE,FALSE,
E613.3B.WCOA21,613,3,,FALSE,WCOA21,WCOA 2021,07/06/21,,600124,B66,24,Niskin; Sterivex 0.22µm filter,95% EtOH,,,,4.2,2886.80,41.72,-125.66,,,,5:47,,1000,15.1,7.9076,32.0,266.6 µmol/kg,NA,,,Sean McAllister,Potential droplettes from sample on 1…chemists,FALSE,,,,Hallway -20˚C,FALSE,FALSE,
E614.WCOA21,614,,,FALSE,WCOA21,WCOA 2021,07/06/21,,610102,B38,2,Niskin; Sterivex 0.22µm filter,95% EtOH,,,,1174.0,10.00,41.85,-125.05,,,,13:48,,1000,3.4,7.3217,34.5,24.7 µmol/kg,12.76,,,Sean McAllister,,TRUE,,,,Hallway -20˚C,FALSE,FALSE,
E615.WCOA21,615,,,FALSE,WCOA21,WCOA 2021,07/06/21,,610103,B38,3,Niskin; Sterivex 0.22µm filter,95% EtOH,,,,990.6,193.40,41.85,-125.05,,,,13:56,,1000,3.9,7.2999,34.4,16.4 µmol/kg,4.21,,,Sean McAllister,,FALSE,,,,Hallway -20˚C,FALSE,FALSE,
E616.WCOA21,616,,,FALSE,WCOA21,WCOA 2021,07/06/21,,610108,B38,8,Niskin; Sterivex 0.22µm filter,95% EtOH,,,,198.7,985.30,41.85,-125.05,,,,14:24,,1000,7.3,7.4005,34.0,91.4 µmol/kg,5.82,,,Sean McAllister,,FALSE,,,,Hallway -20˚C,FALSE,FALSE,
E617.WCOA21,617,,,FALSE,WCOA21,WCOA 2021,07/06/21,,610112,B38,12,Niskin; Sterivex 0.22µm filter,95% EtOH,,,,99.6,1084.40,41.85,-125.05,,,,14:34,,1000,8.3,7.4921,33.8,151.5 µmol/kg,7.28,,,Sean McAllister,,FALSE,,,,Hallway -20˚C,FALSE,FALSE,
E618.WCOA21,618,,,FALSE,WCOA21,WCOA 2021,07/06/21,,610123,B38,23,Niskin; Sterivex 0.22µm filter,95% EtOH,,,,4.6,1179.40,41.85,-125.05,,,,14:58,,1000,13.0,7.8077,33.0,267.7 µmol/kg,3.79,,,Sean McAllister,,FALSE,,,,Hallway -20˚C,FALSE,FALSE,
E619.WCOA21,619,,,FALSE,WCOA21,WCOA 2021,07/06/21,,620102,B26,2,Niskin; Sterivex 0.22µm filter,95% EtOH,,,,687.2,9.80,41.90,-124.80,,,,16:42,,1000,4.9,7.2909,34.3,13.8 µmol/kg,15.69,,,Sean McAllister,,TRUE,,,,Hallway -20˚C,FALSE,FALSE,
E620.WCOA21,620,,,FALSE,WCOA21,WCOA 2021,07/06/21,,620104,B26,4,Niskin; Sterivex 0.22µm filter,95% EtOH,,,,496.2,200.80,41.90,-124.79,,,,16:47,,1000,5.7,7.3041,34.2,30.3 µmol/kg,9.29,,,Sean McAllister,,FALSE,,,,Hallway -20˚C,FALSE,FALSE,
E621.WCOA21,621,,,FALSE,WCOA21,WCOA 2021,07/06/21,,620108,B26,8,Niskin; Sterivex 0.22µm filter,95% EtOH,,,,198.7,498.30,41.90,-124.80,,,,17:02,,1000,7.6,7.3806,34.1,71.5 µmol/kg,3.98,,,Sean McAllister,,FALSE,,,,Hallway -20˚C,FALSE,FALSE,
E622.WCOA21,622,,,FALSE,WCOA21,WCOA 2021,07/06/21,,620112,B26,12,Niskin; Sterivex 0.22µm filter,95% EtOH,,,,99.4,597.60,41.90,-124.80,,,,17:12,,1000,8.3,7.5048,33.8,159 µmol/kg,6.65,,,Sean McAllister,,TRUE,,,,Hallway -20˚C,FALSE,FALSE,
E623.WCOA21,623,,,FALSE,WCOA21,WCOA 2021,07/06/21,,620123,B26,23,Niskin; Sterivex 0.22µm filter,95% EtOH,,,,4.2,692.80,41.90,-124.80,,,,17:32,,1000,11.8,7.7744,33.1,263.9 µmol/kg,5.25,,,Sean McAllister,,TRUE,,,,Hallway -20˚C,FALSE,FALSE,
E624.WCOA21,624,,,FALSE,WCOA21,WCOA 2021,07/06/21,,630102,B17,2,Niskin; Sterivex 0.22µm filter,95% EtOH,,,,426.0,11.00,41.94,-124.60,,,,19:10,,1000,6.5,7.3313,34.1,44.4 µmol/kg,9.17,,,Sean McAllister,,TRUE,,,,Hallway -20˚C,FALSE,FALSE,
E625.WCOA21,625,,,FALSE,WCOA21,WCOA 2021,07/06/21,,630104,B17,4,Niskin; Sterivex 0.22µm filter,95% EtOH,,,,396.4,40.60,41.94,-124.60,,,,19:14,,1000,6.7,7.3383,34.1,49 µmol/kg,10.46,,,Sean McAllister,,FALSE,,,,Hallway -20˚C,FALSE,FALSE,
E626.WCOA21,626,,,FALSE,WCOA21,WCOA 2021,07/06/21,,630110,B17,10,Niskin; Sterivex 0.22µm filter,95% EtOH,,,,99.2,337.80,41.94,-124.60,,,,19:32,,1000,8.2,7.4464,34.0,114.3 µmol/kg,11.09,,,Sean McAllister,,TRUE,,,,Hallway -20˚C,FALSE,FALSE,
E627.WCOA21,627,,,FALSE,WCOA21,WCOA 2021,07/06/21,,630121,B17,21,Niskin; Sterivex 0.22µm filter,95% EtOH,,,,3.6,433.40,41.94,-124.60,,,,19:51,,1000,11.6,7.8329,33.3,254 µmol/kg,5.8,,,Sean McAllister,,TRUE,,,,Hallway -20˚C,FALSE,FALSE,
E628.WCOA21,628,,,FALSE,WCOA21,WCOA 2021,07/06/21,,640102,B15,2,Niskin; Sterivex 0.22µm filter,95% EtOH,,,,168.1,10.90,41.95,-124.56,,,,21:15,,1000,7.8,7.3899,34.0,82.5 µmol/kg,16.32,,,Sean McAllister,Sterivex on inlet,FALSE,,,,Hallway -20˚C,FALSE,FALSE,
E629.WCOA21,629,,,FALSE,WCOA21,WCOA 2021,07/06/21,,640104,B15,4,Niskin; Sterivex 0.22µm filter,95% EtOH,,,,149.2,29.80,41.95,-124.56,,,,21:17,,1000,7.9,7.4082,34.0,92.6 µmol/kg,13.43,,,Sean McAllister,Sterivex on inlet,FALSE,,,,Hallway -20˚C,FALSE,FALSE,
E630.WCOA21,630,,,FALSE,WCOA21,WCOA 2021,07/06/21,,640108,B15,8,Niskin; Sterivex 0.22µm filter,95% EtOH,,,,79.6,99.40,41.95,-124.56,,,,21:25,,1000,8.3,7.4568,33.9,126.6 µmol/kg,13.87,,,Sean McAllister,Sterivex on inlet,FALSE,,,,Hallway -20˚C,FALSE,FALSE,
E631.WCOA21,631,,,FALSE,WCOA21,WCOA 2021,07/06/21,,640117,B15,17,Niskin; Sterivex 0.22µm filter,95% EtOH,,,,3.8,175.20,41.95,-124.56,,,,21:39,,1000,11.4,7.872,33.3,280.5 µmol/kg,6.27,,,Sean McAllister,Sterivex on inlet,FALSE,,,,Hallway -20˚C,FALSE,FALSE,
E632.WCOA21,632,,,FALSE,WCOA21,WCOA 2021,07/06/21,,650102,B9,2,Niskin; Sterivex 0.22µm filter,95% EtOH,,,,78.4,9.60,41.98,-124.42,,,,23:01,,1000,8.3,7.4475,33.9,117.5 µmol/kg,29.79,,,Sean McAllister,Sterivex on inlet,TRUE,,,,Hallway -20˚C,FALSE,FALSE,
E633.WCOA21,633,,,FALSE,WCOA21,WCOA 2021,07/06/21,,650106,B9,6,Niskin; Sterivex 0.22µm filter,95% EtOH,,,,39.4,48.60,41.98,-124.42,,,,23:08,,1000,8.6,7.4986,33.8,152 µmol/kg,13.23,,,Sean McAllister,Sterivex on inlet,TRUE,,,,Hallway -20˚C,FALSE,FALSE,
E634.WCOA21,634,,,FALSE,WCOA21,WCOA 2021,07/06/21,,650112,B9,12,Niskin; Sterivex 0.22µm filter,95% EtOH,,,,3.8,84.20,41.98,-124.42,,,,23:17,,1000,10.9,7.8252,33.5,270.5 µmol/kg,9.86,,,Sean McAllister,Sterivex on inlet,TRUE,,,,Hallway -20˚C,FALSE,FALSE,
E635.WCOA21,635,,,FALSE,WCOA21,WCOA 2021,07/07/21,,660102,B5,2,Niskin; Sterivex 0.22µm filter,95% EtOH,,,,36.4,9.60,41.99,-124.33,,,,0:41,,1000,9.4,7.5372,33.8,149.5 µmol/kg,17.75,,,Sean McAllister,Sterivex on inlet,TRUE,,,,Hallway -20˚C,FALSE,FALSE,
E636.WCOA21,636,,,FALSE,WCOA21,WCOA 2021,07/07/21,,660104,B5,4,Niskin; Sterivex 0.22µm filter,95% EtOH,,,,19.5,26.50,41.99,-124.33,,,,0:44,,1000,9.8,7.6123,33.5,217.1 µmol/kg,10.78,,,Sean McAllister,Sterivex on inlet,TRUE,,,,Hallway -20˚C,FALSE,FALSE,
E637.WCOA21,637,,,FALSE,WCOA21,WCOA 2021,07/07/21,,660108,B5,8,Niskin; Sterivex 0.22µm filter,95% EtOH,,,,3.6,42.40,41.99,-124.33,,,,0:51,,1000,13.5,8.0748,33.3,355.5 µmol/kg,8.44,,,Sean McAllister,,TRUE,,,,Hallway -20˚C,FALSE,FALSE,
E638.WCOA21,638,,,FALSE,WCOA21,WCOA 2021,07/07/21,,670102,B2.5,2,Niskin; Sterivex 0.22µm filter,95% EtOH,,,,26.1,9.90,42.00,-124.28,,,,1:45,,1000,10.1,7.8575,33.5,247.7 µmol/kg,9.88,,,Sean McAllister,Sterivex on inlet,TRUE,,,,Hallway -20˚C,FALSE,FALSE,
E639.WCOA21,639,,,FALSE,WCOA21,WCOA 2021,07/07/21,,670105,B2.5,5,Niskin; Sterivex 0.22µm filter,95% EtOH,,,,10.4,25.60,42.00,-124.28,,,,1:49,,1000,12.9,7.9829,33.3,368.6 µmol/kg,9.93,,,Sean McAllister,,TRUE,,,,Hallway -20˚C,FALSE,FALSE,
E640.WCOA21,640,,,FALSE,WCOA21,WCOA 2021,07/07/21,,670108,B2.5,8,Niskin; Sterivex 0.22µm filter,95% EtOH,,,,3.1,32.90,42.00,-124.28,,,,1:52,,1000,13.3,8.0243,33.3,375.6 µmol/kg,9.27,,,Sean McAllister,,TRUE,,,,Hallway -20˚C,FALSE,FALSE,
E641.1B.WCOA21,641,1,,FALSE,WCOA21,WCOA 2021,07/07/21,,680101,FKC,1,Niskin; Sterivex 0.22µm filter,95% EtOH,,,,25.2,9.80,41.60,-124.15,,,,5:13,,1000,9.8,7.6853,33.5,214.4 µmol/kg,6.98,,,Sean McAllister,Sterivex on inlet,FALSE,,,,Hallway -20˚C,FALSE,FALSE,
E641.2B.WCOA21,641,2,,FALSE,WCOA21,WCOA 2021,07/07/21,,680102,FKC,2,Niskin; Sterivex 0.22µm filter,95% EtOH,,,,24.9,10.10,41.60,-124.15,,,,5:13,,1000,9.8,7.6853,33.4,214.4 µmol/kg,6.98,,,Sean McAllister,Sterivex on inlet,FALSE,,,,Hallway -20˚C,FALSE,FALSE,
E641.3B.WCOA21,641,3,,FALSE,WCOA21,WCOA 2021,07/07/21,,680103,FKC,3,Niskin; Sterivex 0.22µm filter,95% EtOH,,,,25.1,9.90,41.60,-124.15,,,,5:13,,800,9.8,7.6853,33.5,214.4 µmol/kg,6.98,,,Sean McAllister,Sterivex on inlet; 800 mL filtered only,FALSE,,,,Hallway -20˚C,FALSE,FALSE,
E642.1B.WCOA21,642,1,,FALSE,WCOA21,WCOA 2021,07/07/21,,680105,FKC,5,Niskin; Sterivex 0.22µm filter,95% EtOH,,,,10.6,24.40,41.60,-124.15,,,,5:18,,1000,12.9,7.8915,33.2,319.1 µmol/kg,9.08,,,Sean McAllister,,FALSE,,,,Hallway -20˚C,FALSE,FALSE,
E642.2B.WCOA21,642,2,,FALSE,WCOA21,WCOA 2021,07/07/21,,680106,FKC,6,Niskin; Sterivex 0.22µm filter,95% EtOH,,,,10.6,24.40,41.60,-124.15,,,,5:18,,1000,12.9,7.8915,33.2,316.2 µmol/kg,9.08,,,Sean McAllister,,FALSE,,,,Hallway -20˚C,FALSE,FALSE,
E642.3B.WCOA21,642,3,,FALSE,WCOA21,WCOA 2021,07/07/21,,680107,FKC,7,Niskin; Sterivex 0.22µm filter,95% EtOH,,,,10.5,24.50,41.60,-124.15,,,,5:18,,1000,12.9,7.8915,33.2,319.1 µmol/kg,9.08,,,Sean McAllister,,FALSE,,,,Hallway -20˚C,FALSE,FALSE,
E643.1B.WCOA21,643,1,,FALSE,WCOA21,WCOA 2021,07/07/21,,680109,FKC,9,Niskin; Sterivex 0.22µm filter,95% EtOH,,,,4.0,31.00,41.60,-124.15,,,,5:21,,1000,13.0,7.9212,33.2,331.8 µmol/kg,7.3,,,Sean McAllister,,FALSE,,,,Hallway -20˚C,FALSE,FALSE,
E643.2B.WCOA21,643,2,,FALSE,WCOA21,WCOA 2021,07/07/21,,680110,FKC,10,Niskin; Sterivex 0.22µm filter,95% EtOH,,,,4.1,30.90,41.60,-124.15,,,,5:21,,1000,13.0,7.9212,33.2,331.8 µmol/kg,7.3,,,Sean McAllister,,FALSE,,,,Hallway -20˚C,FALSE,FALSE,
E643.3B.WCOA21,643,3,,FALSE,WCOA21,WCOA 2021,07/07/21,,680111,FKC,11,Niskin; Sterivex 0.22µm filter,95% EtOH,,,,3.9,31.10,41.60,-124.15,,,,5:22,,1000,13.0,7.9212,33.2,331.8 µmol/kg,7.3,,,Sean McAllister,,FALSE,,,,Hallway -20˚C,FALSE,FALSE,
E644.NC.WCOA21,644,,,TRUE,WCOA21,WCOA 2021,07/06/21,,NA,NA,NA,Sterivex 0.22µm filter,95% EtOH,-,-,-,,,,,,-,-,,,1000,,,,,,,,Sean McAllister,Sterivex on inlet,TRUE,,,,Hallway -20˚C,FALSE,FALSE,
E645.WCOA21,645,,,FALSE,WCOA21,WCOA 2021,07/07/21,,690102,CM45,2,Niskin; Sterivex 0.22µm filter,95% EtOH,,,,1974.7,11.30,39.89,-125.20,,,,17:42,,1000,2.0,7.4217,34.6,70.7 µmol/kg,1.9,,,Sean McAllister,Sterivex on inlet,TRUE,,,,Hallway -20˚C,FALSE,FALSE,
E646.WCOA21,646,,,FALSE,WCOA21,WCOA 2021,07/07/21,,690113,CM45,13,Niskin; Sterivex 0.22µm filter,95% EtOH,,,,98.8,1887.20,39.89,-125.20,,,,18:39,,1000,9.7,7.5985,33.6,207.7 µmol/kg,9.42,,,Sean McAllister,Sterivex on inlet,FALSE,,,,Hallway -20˚C,FALSE,FALSE,
E647.WCOA21,647,,,FALSE,WCOA21,WCOA 2021,07/07/21,,690124,CM45,24,Niskin; Sterivex 0.22µm filter,95% EtOH,,,,3.9,1982.10,39.89,-125.20,,,,18:56,,860,13.4,7.8356,32.7,268.1 µmol/kg,3.68,,,Sean McAllister,Sterivex on inlet; 860 mL filtered only,FALSE,,,,Hallway -20˚C,FALSE,FALSE,
E648.WCOA21,648,,,FALSE,WCOA21,WCOA 2021,07/07/21,,700102,CM30,2,Niskin; Sterivex 0.22µm filter,95% EtOH,,,,1472.8,10.20,40.00,-124.94,,,,21:39,,900,2.5,7.3767,34.6,49 µmol/kg,0.9,,,Sean McAllister,Sterivex on inlet; 900 mL filtered only,TRUE,,,,Hallway -20˚C,FALSE,FALSE,
E649.WCOA21,649,,,FALSE,WCOA21,WCOA 2021,07/07/21,,700112,CM30,12,Niskin; Sterivex 0.22µm filter,95% EtOH,,,,99.3,1383.70,40.00,-124.94,,,,22:13,,1000,10.0,7.6177,33.5,214.7 µmol/kg,6.11,,,Sean McAllister,Sterivex on inlet,TRUE,,,,Hallway -20˚C,FALSE,FALSE,
E650.WCOA21,650,,,FALSE,WCOA21,WCOA 2021,07/07/21,,700122,CM30,22,Niskin; Sterivex 0.22µm filter,95% EtOH,,,,4.2,1478.80,40.00,-124.94,,,,22:28,,1000,13.4,7.8315,32.7,269.5 µmol/kg,3.98,,,Sean McAllister,Sterivex on inlet,TRUE,,,,Hallway -20˚C,FALSE,FALSE,
E651.WCOA21,651,,,FALSE,WCOA21,WCOA 2021,07/08/21,,710102,CM20,2,Niskin; Sterivex 0.22µm filter,95% EtOH,,,,924.6,10.40,40.10,-124.72,,,,0:17,,1000,4.3,7.3027,34.4,15.9 µmol/kg,1.9,,,Sean McAllister,,TRUE,,,,Hallway -20˚C,FALSE,FALSE,
E652.WCOA21,652,,,FALSE,WCOA21,WCOA 2021,07/08/21,,710103,CM20,3,Niskin; Sterivex 0.22µm filter,95% EtOH,,,,742.1,192.90,40.10,-124.72,,,,0:21,,1000,4.6,7.2917,34.3,14.4 µmol/kg,0,,,Sean McAllister,,FALSE,,,,Hallway -20˚C,FALSE,FALSE,
E653.WCOA21,653,,,FALSE,WCOA21,WCOA 2021,07/08/21,,710111,CM20,11,Niskin; Sterivex 0.22µm filter,95% EtOH,,,,99.4,835.60,40.10,-124.72,,,,0:39,,1000,8.9,7.5146,33.7,169 µmol/kg,8.79,,,Sean McAllister,,TRUE,,,,Hallway -20˚C,FALSE,FALSE,
E654.WCOA21,654,,,FALSE,WCOA21,WCOA 2021,07/08/21,,710121,CM20,21,Niskin; Sterivex 0.22µm filter,95% EtOH,,,,4.0,931.00,40.10,-124.72,,,,0:53,,1000,14.2,7.8575,32.8,270.2 µmol/kg,3.74,,,Sean McAllister,,TRUE,,,,Hallway -20˚C,FALSE,FALSE,
E655.WCOA21,655,,,FALSE,WCOA21,WCOA 2021,07/09/21,,720103,CM3,3,Niskin; Sterivex 0.22µm filter,95% EtOH,,,,86.4,9.60,40.23,-124.41,,,,8:38,,1000,8.4,7.4,34.0,91.8 µmol/kg,9.07,,,Sean McAllister,Samples rinsed with niskin water (not RO),TRUE,,,,Hallway -20˚C,FALSE,FALSE,
E656.WCOA21,656,,,FALSE,WCOA21,WCOA 2021,07/09/21,,720109,CM3,9,Niskin; Sterivex 0.22µm filter,95% EtOH,,,,30.0,66.00,40.23,-124.41,,,,8:47,,1000,9.0,7.445,34.0,146.3 µmol/kg,35.38,,,Sean McAllister,Samples rinsed with niskin water (not RO),TRUE,,,,Hallway -20˚C,FALSE,FALSE,
E657.WCOA21,657,,,FALSE,WCOA21,WCOA 2021,07/09/21,,720116,CM3,16,Niskin; Sterivex 0.22µm filter,95% EtOH,,,,5.2,90.80,40.23,-124.41,,,,8:55,,1000,9.0,7.4509,34.0,142.2 µmol/kg,40.01,,,Sean McAllister,Samples rinsed with niskin water (not RO),TRUE,,,,Hallway -20˚C,FALSE,FALSE,
E658.1B.WCOA21,658,1,,FALSE,WCOA21,WCOA 2021,07/09/21,,730101,CM1,1,Niskin; Sterivex 0.22µm filter,95% EtOH,,,,45.9,10.10,40.25,-124.39,,,,10:16,,1000,8.2,7.3881,34.1,84.9 µmol/kg,8.15,,,Sean McAllister,,TRUE,,,,Hallway -20˚C,FALSE,FALSE,
E658.2T.WCOA21,658,,2,FALSE,WCOA21,WCOA 2021,07/09/21,,730102,CM1,2,Niskin; Sterivex 0.22µm filter,95% EtOH,,,,46.0,10.00,40.25,-124.39,,,,10:16,,1000,8.2,7.3881,34.1,84.9 µmol/kg,8.15,,,Sean McAllister,,TRUE,,,,Hallway -20˚C,FALSE,FALSE,
E658.3T.WCOA21,658,,3,FALSE,WCOA21,WCOA 2021,07/09/21,,730102,CM1,2,Niskin; Sterivex 0.22µm filter,95% EtOH,,,,46.0,10.00,40.25,-124.39,,,,10:16,,1000,8.2,7.3881,34.1,84.9 µmol/kg,8.15,,,Sean McAllister,,TRUE,,,,Hallway -20˚C,FALSE,FALSE,
E659.1B.WCOA21,659,1,,FALSE,WCOA21,WCOA 2021,07/09/21,,730104,CM1,4,Niskin; Sterivex 0.22µm filter,95% EtOH,,,,25.5,30.50,40.25,-124.39,,,,10:21,,1000,8.5,7.4075,34.0,106.3 µmol/kg,14.2,,,Sean McAllister,,TRUE,,,,Hallway -20˚C,FALSE,FALSE,
E659.2B.WCOA21,659,2,,FALSE,WCOA21,WCOA 2021,07/09/21,,730105,CM1,5,Niskin; Sterivex 0.22µm filter,95% EtOH,,,,25.4,30.60,40.25,-124.39,,,,10:21,,1000,8.6,7.4075,34.0,150.9 µmol/kg,14.2,,,Sean McAllister,,TRUE,,,,Hallway -20˚C,FALSE,FALSE,
E659.3B.WCOA21,659,3,,FALSE,WCOA21,WCOA 2021,07/09/21,,730106,CM1,6,Niskin; Sterivex 0.22µm filter,95% EtOH,,,,25.5,30.50,40.25,-124.39,,,,10:21,,1000,8.6,7.4075,34.0,157.1 µmol/kg,14.2,,,Sean McAllister,,TRUE,,,,Hallway -20˚C,FALSE,FALSE,
E660.1B.WCOA21,660,1,,FALSE,WCOA21,WCOA 2021,07/09/21,,730110,CM1,10,Niskin; Sterivex 0.22µm filter,95% EtOH,,,,5.3,50.70,40.25,-124.39,,,,10:29,,1000,9.1,7.4479,34.0,202.7 µmol/kg,48.45,,,Sean McAllister,,TRUE,,,,Hallway -20˚C,FALSE,FALSE,
E660.2B.WCOA21,660,2,,FALSE,WCOA21,WCOA 2021,07/09/21,,730111,CM1,11,Niskin; Sterivex 0.22µm filter,95% EtOH,,,,5.2,50.80,40.25,-124.39,,,,10:29,,1000,9.1,7.4479,34.0,202.7 µmol/kg,48.45,,,Sean McAllister,,TRUE,,,,Hallway -20˚C,FALSE,FALSE,
E660.3B.WCOA21,660,3,,FALSE,WCOA21,WCOA 2021,07/09/21,,730112,CM1,12,Niskin; Sterivex 0.22µm filter,95% EtOH,,,,5.0,51.00,40.25,-124.39,,,,10:29,,1000,9.1,7.4479,34.0,202.7 µmol/kg,48.45,,,Sean McAllister,,TRUE,,,,Hallway -20˚C,FALSE,FALSE,
E661.WCOA21,661,,,FALSE,WCOA21,WCOA 2021,07/09/21,,740102,CM5,2,Niskin; Sterivex 0.22µm filter,95% EtOH,,,,118.2,9.80,40.22,-124.45,,,,12:47,,1000,8.0,7.377,34.1,77.3 µmol/kg,17.17,,,Sean McAllister,Samples rinsed with niskin water (not RO),TRUE,,,,Hallway -20˚C,FALSE,FALSE,
E662.WCOA21,662,,,FALSE,WCOA21,WCOA 2021,07/09/21,,740107,CM5,7,Niskin; Sterivex 0.22µm filter,95% EtOH,,,,59.9,68.10,40.22,-124.45,,,,12:58,,1000,8.2,7.3854,34.1,87.6 µmol/kg,18.64,,,Sean McAllister,,FALSE,,,,Hallway -20˚C,FALSE,FALSE,
E663.WCOA21,663,,,FALSE,WCOA21,WCOA 2021,07/09/21,,740116,CM5,16,Niskin; Sterivex 0.22µm filter,95% EtOH,,,,4.9,123.10,40.22,-124.46,,,,13:13,,1000,9.3,7.4799,33.9,158.2 µmol/kg,53.68,,,Sean McAllister,Samples rinsed with niskin water (not RO),TRUE,,,,Hallway -20˚C,FALSE,FALSE,
E664.WCOA21,664,,,FALSE,WCOA21,WCOA 2021,07/09/21,,750102,CM7,2,Niskin; Sterivex 0.22µm filter,95% EtOH,,,,310.5,10.50,40.20,-124.49,,,,14:27,,1000,7.3,7.3415,34.1,48.1 µmol/kg,4.62,,,Sean McAllister,Samples rinsed with niskin water (not RO),TRUE,,,,Hallway -20˚C,FALSE,FALSE,
E665.WCOA21,665,,,FALSE,WCOA21,WCOA 2021,07/09/21,,750103,CM7,3,Niskin; Sterivex 0.22µm filter,95% EtOH,,,,199.1,121.90,40.20,-124.49,,,,14:32,,1000,8.3,7.3893,34.0,89.3 µmol/kg,12.16,,,Sean McAllister,,FALSE,,,,Hallway -20˚C,FALSE,FALSE,
E666.WCOA21,666,,,FALSE,WCOA21,WCOA 2021,07/09/21,,750107,CM7,7,Niskin; Sterivex 0.22µm filter,95% EtOH,,,,100.2,220.80,40.20,-124.49,,,,14:44,,1000,8.9,7.439,34.0,133.4 µmol/kg,37.02,,,Sean McAllister,Samples rinsed with niskin water (not RO),TRUE,,,,Hallway -20˚C,FALSE,FALSE,
E667.WCOA21,667,,,FALSE,WCOA21,WCOA 2021,07/09/21,,750118,CM7,18,Niskin; Sterivex 0.22µm filter,95% EtOH,,,,5.3,315.70,40.20,-124.50,,,,15:04,,1000,9.1,7.4628,34.0,144.4 µmol/kg,42.81,,,Sean McAllister,Samples rinsed with niskin water (not RO),TRUE,,,,Hallway -20˚C,FALSE,FALSE,
E668.WCOA21,668,,,FALSE,WCOA21,WCOA 2021,07/09/21,,760102,PA19,2,Niskin; Sterivex 0.22µm filter,95% EtOH,,,,2044.8,10.20,38.78,-124.09,,,,23:40,,1000,2.0,7.4351,34.6,76.9 µmol/kg,1.22,,,Sean McAllister,Samples rinsed with niskin water (not RO); Sterivex on inlet,TRUE,,,,Hallway -20˚C,FALSE,FALSE,
E669.WCOA21,669,,,FALSE,WCOA21,WCOA 2021,07/10/21,,760113,PA19,13,Niskin; Sterivex 0.22µm filter,95% EtOH,,,,99.6,1955.40,38.78,-124.09,,,,0:31,,1000,9.3,7.5178,33.9,172.4 µmol/kg,4.75,,,Sean McAllister,Samples rinsed with niskin water (not RO); Sterivex on inlet,FALSE,,,,Hallway -20˚C,FALSE,FALSE,
E670.WCOA21,670,,,FALSE,WCOA21,WCOA 2021,07/10/21,,760123,PA19,23,Niskin; Sterivex 0.22µm filter,95% EtOH,,,,4.0,2051.00,38.78,-124.09,,,,0:50,,1000,12.9,7.8003,33.3,266.6 µmol/kg,4.02,,,Sean McAllister,Samples rinsed with niskin water (not RO); Sterivex on inlet,FALSE,,,,Hallway -20˚C,FALSE,FALSE,
E671.WCOA21,671,,,FALSE,WCOA21,WCOA 2021,07/10/21,,770102,PA9,2,Niskin; Sterivex 0.22µm filter,95% EtOH,,,,246.7,10.30,38.85,-123.91,,,,2:23,,1000,8.0,7.3959,34.1,74.5 µmol/kg,3.55,,,Sean McAllister,Samples rinsed with niskin water (not RO),TRUE,,,,Hallway -20˚C,FALSE,FALSE,
E672.WCOA21,672,,,FALSE,WCOA21,WCOA 2021,07/10/21,,770103,PA9,3,Niskin; Sterivex 0.22µm filter,95% EtOH,,,,246.6,10.40,38.85,-123.91,,,,2:23,,1000,8.0,7.3959,34.1,74.5 µmol/kg,3.29,,,Sean McAllister,,FALSE,,,,Hallway -20˚C,FALSE,FALSE,
E673.WCOA21,673,,,FALSE,WCOA21,WCOA 2021,07/10/21,,770107,PA9,7,Niskin; Sterivex 0.22µm filter,95% EtOH,,,,100.0,157.00,38.85,-123.91,,,,2:33,,1000,8.7,7.4499,34.0,118.5 µmol/kg,5.45,,,Sean McAllister,Samples rinsed with niskin water (not RO),FALSE,,,,Hallway -20˚C,FALSE,FALSE,
E674.WCOA21,674,,,FALSE,WCOA21,WCOA 2021,07/10/21,,770118,PA9,18,Niskin; Sterivex 0.22µm filter,95% EtOH,,,,3.7,253.30,38.85,-123.91,,,,2:52,,1000,11.6,7.7197,33.6,247.8 µmol/kg,4.86,,,Sean McAllister,Samples rinsed with niskin water (not RO),FALSE,,,,Hallway -20˚C,FALSE,FALSE,
E675.1B.WCOA21,675,1,,FALSE,WCOA21,WCOA 2021,07/10/21,,780101,PA3,1,Niskin; Sterivex 0.22µm filter,95% EtOH,,,,89.9,10.10,38.90,-123.79,,,,4:28,,1000,8.7,7.4067,34.0,85.8 µmol/kg,5.26,,,Sean McAllister,Sterivex on inlet,TRUE,,,,Hallway -20˚C,FALSE,FALSE,
E675.2B.WCOA21,675,2,,FALSE,WCOA21,WCOA 2021,07/10/21,,780102,PA3,2,Niskin; Sterivex 0.22µm filter,95% EtOH,,,,88.6,11.40,38.90,-123.79,,,,4:28,,1000,8.7,7.4067,34.0,87.6 µmol/kg,5.26,,,Sean McAllister,Samples rinsed with niskin water (not RO); Sterivex on inlet,TRUE,,,,Hallway -20˚C,FALSE,FALSE,
E675.3B.WCOA21,675,3,,FALSE,WCOA21,WCOA 2021,07/10/21,,780103,PA3,3,Niskin; Sterivex 0.22µm filter,95% EtOH,,,,90.4,9.60,38.90,-123.79,,,,4:28,,1000,8.7,7.4067,34.0,86.2 µmol/kg,5.26,,,Sean McAllister,Samples rinsed with niskin water (not RO); Sterivex on inlet,TRUE,,,,Hallway -20˚C,FALSE,FALSE,
E676.1B.WCOA21,676,1,,FALSE,WCOA21,WCOA 2021,07/10/21,,780110,PA3,10,Niskin; Sterivex 0.22µm filter,95% EtOH,,,,39.9,60.10,38.90,-123.79,,,,4:39,,1000,9.8,7.5707,33.9,185.3 µmol/kg,4.85,,,Sean McAllister,Sterivex on inlet,FALSE,,,,Hallway -20˚C,FALSE,FALSE,
E676.2B.WCOA21,676,2,,FALSE,WCOA21,WCOA 2021,07/10/21,,780111,PA3,11,Niskin; Sterivex 0.22µm filter,95% EtOH,,,,40.0,60.00,38.90,-123.79,,,,4:39,,1000,9.8,7.5707,33.9,185.3 µmol/kg,4.85,,,Sean McAllister,Samples rinsed with niskin water (not RO); Sterivex on inlet,FALSE,,,,Hallway -20˚C,FALSE,FALSE,
E676.3B.WCOA21,676,3,,FALSE,WCOA21,WCOA 2021,07/10/21,,780112,PA3,12,Niskin; Sterivex 0.22µm filter,95% EtOH,,,,39.4,60.60,38.90,-123.79,,,,4:39,,1000,9.8,7.5707,33.9,185.3 µmol/kg,4.85,,,Sean McAllister,Samples rinsed with niskin water (not RO); Sterivex on inlet,FALSE,,,,Hallway -20˚C,FALSE,FALSE,
E677.1B.WCOA21,677,1,,FALSE,WCOA21,WCOA 2021,07/10/21,,780122,PA3,22,Niskin; Sterivex 0.22µm filter,95% EtOH,,,,2.9,97.10,38.90,-123.79,,,,4:48,,1000,10.6,7.675,33.9,252.1 µmol/kg,5.09,,,Sean McAllister,Samples rinsed with niskin water (not RO); Sterivex on inlet,FALSE,,,,Hallway -20˚C,FALSE,FALSE,
E677.2B.WCOA21,677,2,,FALSE,WCOA21,WCOA 2021,07/10/21,,780123,PA3,23,Niskin; Sterivex 0.22µm filter,95% EtOH,,,,3.4,96.60,38.90,-123.79,,,,4:48,,1000,10.5,7.675,33.9,252.1 µmol/kg,5.09,,,Sean McAllister,Samples rinsed with niskin water (not RO); Sterivex on inlet,FALSE,,,,Hallway -20˚C,FALSE,FALSE,
E677.3B.WCOA21,677,3,,FALSE,WCOA21,WCOA 2021,07/10/21,,780124,PA3,24,Niskin; Sterivex 0.22µm filter,95% EtOH,,,,3.3,96.70,38.90,-123.79,,,,4:48,,1000,10.5,7.675,33.9,252.1 µmol/kg,5.09,,,Sean McAllister,Samples rinsed with niskin water (not RO); Sterivex on inlet,FALSE,,,,Hallway -20˚C,FALSE,FALSE,
E678.WCOA21,678,,,FALSE,WCOA21,WCOA 2021,07/10/21,,790102,PR28,2,Niskin; Sterivex 0.22µm filter,95% EtOH,,,,1139.7,10.30,37.75,-123.32,,,,20:14,,1000,3.8,7.3243,34.5,23.7 µmol/kg,1.49,,,Sean McAllister,Samples rinsed with niskin water (not RO); Sterivex on inlet,TRUE,,,,Hallway -20˚C,FALSE,FALSE,
E679.WCOA21,679,,,FALSE,WCOA21,WCOA 2021,07/10/21,,790103,PR28,3,Niskin; Sterivex 0.22µm filter,95% EtOH,,,,990.7,159.30,37.75,-123.32,,,,20:18,,1000,4.2,7.3159,34.4,19.9 µmol/kg,1.7,,,Sean McAllister,,FALSE,,,,Hallway -20˚C,FALSE,FALSE,
E680.WCOA21,680,,,FALSE,WCOA21,WCOA 2021,07/10/21,,790112,PR28,12,Niskin; Sterivex 0.22µm filter,95% EtOH,,,,100.0,1050.00,37.75,-123.32,,,,20:50,,1000,9.9,7.4855,33.9,123.3 µmol/kg,12.6,,,Sean McAllister,Samples rinsed with niskin water (not RO); Sterivex on inlet,TRUE,,,,Hallway -20˚C,FALSE,FALSE,
E681.WCOA21,681,,,FALSE,WCOA21,WCOA 2021,07/10/21,,790122,PR28,22,Niskin; Sterivex 0.22µm filter,95% EtOH,,,,4.8,1145.20,37.75,-123.32,,,,21:05,,1000,13.1,7.9213,33.8,296.3 µmol/kg,5.29,,,Sean McAllister,Samples rinsed with niskin water (not RO); Sterivex on inlet,TRUE,,,,Hallway -20˚C,FALSE,FALSE,
E682.WCOA21,682,,,FALSE,WCOA21,WCOA 2021,07/10/21,,800102,PR20,2,Niskin; Sterivex 0.22µm filter,95% EtOH,,,,68.6,10.40,37.81,-123.17,,,,22:39,,1000,9.7,7.4322,33.9,106 µmol/kg,8.97,,,Sean McAllister,Sterivex on inlet,FALSE,,,,Hallway -20˚C,FALSE,FALSE,
E683.WCOA21,683,,,FALSE,WCOA21,WCOA 2021,07/10/21,,800110,PR20,10,Niskin; Sterivex 0.22µm filter,95% EtOH,,,,30.3,48.70,37.81,-123.17,,,,22:47,,1000,10.8,7.6048,33.8,183.4 µmol/kg,6.37,,,Sean McAllister,Sterivex on inlet,FALSE,,,,Hallway -20˚C,FALSE,FALSE,
E684.WCOA21,684,,,FALSE,WCOA21,WCOA 2021,07/10/21,,800116,PR20,16,Niskin; Sterivex 0.22µm filter,95% EtOH,,,,4.0,75.00,37.81,-123.17,,,,22:55,,1000,12.5,7.8633,33.8,301.5 µmol/kg,5,,,Sean McAllister,Sterivex on inlet,FALSE,,,,Hallway -20˚C,FALSE,FALSE,
E685.WCOA21,685,,,FALSE,WCOA21,WCOA 2021,07/11/21,,810102,PR10,2,Niskin; Sterivex 0.22µm filter,95% EtOH,,,,69.6,10.40,37.89,-123.00,,,,1:39,,750,9.3,7.3903,33.9,89.4 µmol/kg,8.28,,,Sean McAllister,Sterivex on inlet; 750 mL,FALSE,,,,Hallway -20˚C,FALSE,FALSE,
E686.WCOA21,686,,,FALSE,WCOA21,WCOA 2021,07/11/21,,810108,PR10,8,Niskin; Sterivex 0.22µm filter,95% EtOH,,,,29.5,50.50,37.89,-123.00,,,,1:46,,1000,10.3,7.434,33.9,123.4 µmol/kg,10.48,,,Sean McAllister,Sterivex on inlet,TRUE,,,,Hallway -20˚C,FALSE,FALSE,
E687.WCOA21,687,,,FALSE,WCOA21,WCOA 2021,07/11/21,,810114,PR10,14,Niskin; Sterivex 0.22µm filter,95% EtOH,,,,4.0,76.00,37.89,-123.00,,,,1:53,,1000,12.1,7.8432,33.8,285.9 µmol/kg,6.8,,,Sean McAllister,Whales! Sterivex on inlet,TRUE,,,,Hallway -20˚C,FALSE,FALSE,
E688.WCOA21,688,,,FALSE,WCOA21,WCOA 2021,07/11/21,,820102,PR1,2,Niskin; Sterivex 0.22µm filter,95% EtOH,,,,29.0,10.00,37.97,-122.83,,,,3:31,,1000,10.2,7.4654,33.9,129.9 µmol/kg,19.01,,,Sean McAllister,Sterivex on inlet unless otherwise indicated,TRUE,,,,Hallway -20˚C,FALSE,FALSE,
E689.WCOA21,689,,,FALSE,WCOA21,WCOA 2021,07/11/21,,820106,PR1,6,Niskin; Sterivex 0.22µm filter,95% EtOH,,,,14.9,24.10,37.97,-122.83,,,,3:35,,1000,11.1,7.5268,33.9,187.3 µmol/kg,13.4,,,Sean McAllister,,TRUE,,,,Hallway -20˚C,FALSE,FALSE,
E690.WCOA21,690,,,FALSE,WCOA21,WCOA 2021,07/11/21,,820110,PR1,10,Niskin; Sterivex 0.22µm filter,95% EtOH,,,,3.6,35.40,37.97,-122.83,,,,3:39,,1000,12.1,7.5996,33.8,202 µmol/kg,21.82,,,Sean McAllister,,TRUE,,,,Hallway -20˚C,FALSE,FALSE,
E691.1B.WCOA21,691,1,,FALSE,WCOA21,WCOA 2021,07/11/21,,830101,PR4,1,Niskin; Sterivex 0.22µm filter,95% EtOH,,,,44.5,10.50,37.94,-122.88,,,,4:38,,1000,9.5,7.4157,34.0,81.4 µmol/kg,7.72,,,Sean McAllister,,TRUE,,,,Hallway -20˚C,FALSE,FALSE,
E691.2B.WCOA21,691,2,,FALSE,WCOA21,WCOA 2021,07/11/21,,830102,PR4,2,Niskin; Sterivex 0.22µm filter,95% EtOH,,,,44.2,10.80,37.94,-122.88,,,,4:38,,1000,9.5,7.4157,34.0,82.9 µmol/kg,7.72,,,Sean McAllister,,TRUE,,,,Hallway -20˚C,FALSE,FALSE,
E691.3B.WCOA21,691,3,,FALSE,WCOA21,WCOA 2021,07/11/21,,830103,PR4,3,Niskin; Sterivex 0.22µm filter,95% EtOH,,,,44.3,10.70,37.94,-122.88,,,,4:38,,1000,9.5,7.4157,34.0,81.2 µmol/kg,7.72,,,Sean McAllister,,TRUE,,,,Hallway -20˚C,FALSE,FALSE,
E692.1B.WCOA21,692,1,,FALSE,WCOA21,WCOA 2021,07/11/21,,830110,PR4,10,Niskin; Sterivex 0.22µm filter,95% EtOH,,,,15.0,40.00,37.94,-122.88,,,,4:46,,1000,10.1,7.5491,33.8,170.8 µmol/kg,6.23,,,Sean McAllister,,TRUE,,,,Hallway -20˚C,FALSE,FALSE,
E692.2B.WCOA21,692,2,,FALSE,WCOA21,WCOA 2021,07/11/21,,830111,PR4,11,Niskin; Sterivex 0.22µm filter,95% EtOH,,,,15.0,40.00,37.94,-122.88,,,,4:46,,1000,10.1,7.5491,33.8,170.8 µmol/kg,6.23,,,Sean McAllister,,TRUE,,,,Hallway -20˚C,FALSE,FALSE,
E692.3B.WCOA21,692,3,,FALSE,WCOA21,WCOA 2021,07/11/21,,830112,PR4,12,Niskin; Sterivex 0.22µm filter,95% EtOH,,,,15.4,39.60,37.94,-122.88,,,,4:46,,1000,10.1,7.5491,33.8,166.7 µmol/kg,6.23,,,Sean McAllister,,TRUE,,,,Hallway -20˚C,FALSE,FALSE,
E693.1B.WCOA21,693,1,,FALSE,WCOA21,WCOA 2021,07/11/21,,830117,PR4,17,Niskin; Sterivex 0.22µm filter,95% EtOH,,,,4.0,51.00,37.94,-122.88,,,,4:49,,1000,12.8,7.7408,33.8,248.7 µmol/kg,15.58,,,Sean McAllister,,TRUE,,,,Hallway -20˚C,FALSE,FALSE,
E693.2B.WCOA21,693,2,,FALSE,WCOA21,WCOA 2021,07/11/21,,830118,PR4,18,Niskin; Sterivex 0.22µm filter,95% EtOH,,,,4.0,51.00,37.94,-122.88,,,,4:49,,1000,12.8,7.7408,33.8,248.7 µmol/kg,15.58,,,Sean McAllister,,TRUE,,,,Hallway -20˚C,FALSE,FALSE,
E693.3B.WCOA21,693,3,,FALSE,WCOA21,WCOA 2021,07/11/21,,830119,PR4,19,Niskin; Sterivex 0.22µm filter,95% EtOH,,,,4.0,51.00,37.94,-122.88,,,,4:50,,1000,12.8,7.7408,33.8,248.7 µmol/kg,15.58,,,Sean McAllister,,TRUE,,,,Hallway -20˚C,FALSE,FALSE,
E694.1B.WCOA21,694,1,,FALSE,WCOA21,WCOA 2021,07/11/21,,840101,PR15,1,Niskin; Sterivex 0.22µm filter,95% EtOH,,,,84.8,10.20,37.86,-123.07,,,,11:19,,1000,9.4,7.4459,34.0,99.9 µmol/kg,9.86,,,Sean McAllister,,TRUE,,,,Hallway -20˚C,FALSE,FALSE,
E694.2B.WCOA21,694,2,,FALSE,WCOA21,WCOA 2021,07/11/21,,840102,PR15,2,Niskin; Sterivex 0.22µm filter,95% EtOH,,,,84.4,10.60,37.86,-123.07,,,,11:19,,1000,9.4,7.4459,34.0,100.9 µmol/kg,9.86,,,Sean McAllister,Samples rinsed with niskin water (not RO),TRUE,,,,Hallway -20˚C,FALSE,FALSE,
E694.3B.WCOA21,694,3,,FALSE,WCOA21,WCOA 2021,07/11/21,,840103,PR15,3,Niskin; Sterivex 0.22µm filter,95% EtOH,,,,84.6,10.40,37.86,-123.07,,,,11:19,,1000,9.4,7.4459,34.0,99.8 µmol/kg,9.86,,,Sean McAllister,Samples rinsed with niskin water (not RO),TRUE,,,,Hallway -20˚C,FALSE,FALSE,
E695.1B.WCOA21,695,1,,FALSE,WCOA21,WCOA 2021,07/11/21,,840107,PR15,7,Niskin; Sterivex 0.22µm filter,95% EtOH,,,,50.4,44.60,37.86,-123.07,,,,11:25,,1000,9.7,7.4837,33.9,121.3 µmol/kg,10.22,,,Sean McAllister,,TRUE,,,,Hallway -20˚C,FALSE,FALSE,
E695.2B.WCOA21,695,2,,FALSE,WCOA21,WCOA 2021,07/11/21,,840108,PR15,8,Niskin; Sterivex 0.22µm filter,95% EtOH,,,,49.7,45.30,37.86,-123.07,,,,11:25,,1000,9.7,7.4837,33.9,121.3 µmol/kg,10.22,,,Sean McAllister,Samples rinsed with niskin water (not RO),TRUE,,,,Hallway -20˚C,FALSE,FALSE,
E695.3B.WCOA21,695,3,,FALSE,WCOA21,WCOA 2021,07/11/21,,840109,PR15,9,Niskin; Sterivex 0.22µm filter,95% EtOH,,,,50.0,45.00,37.86,-123.07,,,,11:25,,1000,9.7,7.4837,33.9,121.3 µmol/kg,10.22,,,Sean McAllister,Samples rinsed with niskin water (not RO),TRUE,,,,Hallway -20˚C,FALSE,FALSE,
E696.1B.WCOA21,696,1,,FALSE,WCOA21,WCOA 2021,07/11/21,,840122,PR15,22,Niskin; Sterivex 0.22µm filter,95% EtOH,,,,3.9,91.10,37.86,-123.07,,,,11:38,,1000,11.6,7.7358,33.9,259.9 µmol/kg,5.21,,,Sean McAllister,,TRUE,,,,Hallway -20˚C,FALSE,FALSE,
E696.2B.WCOA21,696,2,,FALSE,WCOA21,WCOA 2021,07/11/21,,840123,PR15,23,Niskin; Sterivex 0.22µm filter,95% EtOH,,,,4.3,90.70,37.86,-123.07,,,,11:38,,1000,11.6,7.7358,33.9,259.9 µmol/kg,5.21,,,Sean McAllister,,TRUE,,,,Hallway -20˚C,FALSE,FALSE,
E696.3B.WCOA21,696,3,,FALSE,WCOA21,WCOA 2021,07/11/21,,840124,PR15,24,Niskin; Sterivex 0.22µm filter,95% EtOH,,,,4.3,90.70,37.86,-123.07,,,,11:38,,1000,11.6,7.7358,33.9,259.9 µmol/kg,5.21,,,Sean McAllister,,TRUE,,,,Hallway -20˚C,FALSE,FALSE,
E697.WCOA21,697,,,FALSE,WCOA21,WCOA 2021,07/11/21,,850102,PR37,2,Niskin; Sterivex 0.22µm filter,95% EtOH,,,,2789.7,10.30,37.67,-123.49,,,,15:48,,1000,1.7,7.5048,34.7,109.6 µmol/kg,2.33,,,Sean McAllister,Samples rinsed with niskin water (not RO),TRUE,,,,Hallway -20˚C,FALSE,FALSE,
E698.WCOA21,698,,,FALSE,WCOA21,WCOA 2021,07/11/21,,850103,PR37,3,Niskin; Sterivex 0.22µm filter,95% EtOH,,,,2466.5,333.50,37.67,-123.49,,,,15:56,,1000,1.8,7.4791,34.6,96.3 µmol/kg,2.88,,,Sean McAllister,,FALSE,,,,Hallway -20˚C,FALSE,FALSE,
E699.WCOA21,699,,,FALSE,WCOA21,WCOA 2021,07/11/21,,850114,PR37,14,Niskin; Sterivex 0.22µm filter,95% EtOH,,,,99.9,2700.10,37.67,-123.49,,,,17:01,,1000,10.3,7.5167,33.9,141.1 µmol/kg,15.07,,,Sean McAllister,,TRUE,,,,Hallway -20˚C,FALSE,FALSE,
E700.WCOA21,700,,,FALSE,WCOA21,WCOA 2021,07/11/21,,850124,PR37,24,Niskin; Sterivex 0.22µm filter,95% EtOH,,,,4.7,2795.30,37.67,-123.49,,,,17:16,,1000,12.8,7.8021,33.7,249.4 µmol/kg,5.68,,,Sean McAllister,Samples rinsed with niskin water (not RO),TRUE,,,,Hallway -20˚C,FALSE,FALSE,
E701.NC.WCOA21,701,,,TRUE,WCOA21,WCOA 2021,after E700,,NA,NA,NA,Sterivex 0.22µm filter,95% EtOH,-,-,-,,,,,,-,-,,,1000,,,,,,,,Sean McAllister,,TRUE,,,,Hallway -20˚C,FALSE,FALSE,
E702.WCOA21,702,,,FALSE,WCOA21,WCOA 2021,07/12/21,,860102,GGTX7,2,Niskin; Sterivex 0.22µm filter,95% EtOH,,,,18.4,9.60,37.82,-122.39,,,,16:10,,1000,18.4,7.7282,32.2,219.9 µmol/kg,30.96,,,Sean McAllister,Sterivex on outlet; Very silty all of these in San Fran Bay (most with 2 filters),FALSE,,,,Hallway -20˚C,FALSE,FALSE,
E703.WCOA21,703,,,FALSE,WCOA21,WCOA 2021,07/12/21,,860109,GGTX7,9,Niskin; Sterivex 0.22µm filter,95% EtOH,,,,3.7,24.30,37.82,-122.39,,,,16:15,,1000,18.4,7.733,32.2,219.4 µmol/kg,29.28,,,Sean McAllister,Sterivex on outlet,FALSE,,,,Hallway -20˚C,FALSE,FALSE,
E704.WCOA21,704,,,FALSE,WCOA21,WCOA 2021,07/12/21,,870102,Station 18 Point Blunt,2,Niskin; Sterivex 0.22µm filter,95% EtOH,,,,40.0,10.00,37.85,-122.42,,,,17:16,,1000,16.6,7.6892,32.7,217.9 µmol/kg,24.98,,,Sean McAllister,Samples rinsed with niskin water (not RO); Sterivex on outlet,FALSE,,,,Hallway -20˚C,FALSE,FALSE,
E705.WCOA21,705,,,FALSE,WCOA21,WCOA 2021,07/12/21,,870105,Station 18 Point Blunt,5,Niskin; Sterivex 0.22µm filter,95% EtOH,,,,14.8,35.20,37.85,-122.42,,,,17:22,,900,16.7,7.6902,32.6,217 µmol/kg,25.34,,,Sean McAllister,Sterivex on outlet; 900 mL only,FALSE,,,,Hallway -20˚C,FALSE,FALSE,
E706.WCOA21,706,,,FALSE,WCOA21,WCOA 2021,07/12/21,,870110,Station 18 Point Blunt,10,Niskin; Sterivex 0.22µm filter,95% EtOH,,,,3.7,46.30,37.85,-122.42,,,,17:26,,1000,17.2,7.6974,32.3,216.8 µmol/kg,30.42,,,Sean McAllister,Samples rinsed with niskin water (not RO); Sterivex on outlet,FALSE,,,,Hallway -20˚C,FALSE,FALSE,
E707.WCOA21,707,,,FALSE,WCOA21,WCOA 2021,07/12/21,,880102,CMap RTC CO2 Buoy,2,Niskin; Sterivex 0.22µm filter,95% EtOH,,,,18.3,9.70,37.89,-122.44,,,,18:50,,750,18.2,7.7134,31.3,215.1 µmol/kg,44.94,,,Sean McAllister,750 mL only; Sterivex on outlet; sterivex popped off,TRUE,,,,Hallway -20˚C,FALSE,FALSE,
E708.WCOA21,708,,,FALSE,WCOA21,WCOA 2021,07/12/21,,880104,CMap RTC CO2 Buoy,4,Niskin; Sterivex 0.22µm filter,95% EtOH,,,,10.0,18.00,37.89,-122.44,,,,18:52,,1000,18.7,7.6937,30.6,215 µmol/kg,45.95,,,Sean McAllister,Sterivex on outlet,FALSE,,,,Hallway -20˚C,FALSE,FALSE,
E709.WCOA21,709,,,FALSE,WCOA21,WCOA 2021,07/12/21,,880108,CMap RTC CO2 Buoy,8,Niskin; Sterivex 0.22µm filter,95% EtOH,,,,3.4,24.60,37.89,-122.44,,,,18:56,,1000,18.9,7.709,30.4,214.1 µmol/kg,44.21,,,Sean McAllister,Sterivex on outlet,TRUE,,,,Hallway -20˚C,FALSE,FALSE,
E710.WCOA21,710,,,FALSE,WCOA21,WCOA 2021,07/12/21,,890102,GGTX6,2,Niskin; Sterivex 0.22µm filter,95% EtOH,,,,23.3,9.70,37.83,-122.45,,,,20:09,,1000,15.8,7.7004,33.0,217 µmol/kg,20.51,,,Sean McAllister,Sterivex on outlet,FALSE,,,,Hallway -20˚C,FALSE,FALSE,
E711.WCOA21,711,,,FALSE,WCOA21,WCOA 2021,07/12/21,,890106,GGTX6,6,Niskin; Sterivex 0.22µm filter,95% EtOH,,,,9.9,23.10,37.83,-122.44,,,,20:13,,1000,15.8,7.6984,33.0,216.6 µmol/kg,21.62,,,Sean McAllister,Sterivex on outlet,FALSE,,,,Hallway -20˚C,FALSE,FALSE,
E712.WCOA21,712,,,FALSE,WCOA21,WCOA 2021,07/12/21,,890110,GGTX6,10,Niskin; Sterivex 0.22µm filter,95% EtOH,,,,3.1,29.90,37.83,-122.44,,,,20:16,,1000,15.8,7.7017,33.0,216.4 µmol/kg,22.12,,,Sean McAllister,Sterivex on outlet,FALSE,,,,Hallway -20˚C,FALSE,FALSE,
E713.WCOA21,713,,,FALSE,WCOA21,WCOA 2021,07/12/21,,900102,GGTX5,2,Niskin; Sterivex 0.22µm filter,95% EtOH,,,,31.6,10.40,37.81,-122.52,,,,21:40,,1000,15.0,7.7097,33.2,223.9 µmol/kg,18.9,,,Sean McAllister,Sterivex on outlet,TRUE,,,,Hallway -20˚C,FALSE,FALSE,
E714.WCOA21,714,,,FALSE,WCOA21,WCOA 2021,07/12/21,,900106,GGTX5,6,Niskin; Sterivex 0.22µm filter,95% EtOH,,,,9.7,32.30,37.81,-122.52,,,,21:44,,1000,15.8,7.7069,33.0,220.9 µmol/kg,21.05,,,Sean McAllister,Sterivex on outlet,FALSE,,,,Hallway -20˚C,FALSE,FALSE,
E715.WCOA21,715,,,FALSE,WCOA21,WCOA 2021,07/12/21,,900110,GGTX5,10,Niskin; Sterivex 0.22µm filter,95% EtOH,,,,3.4,38.60,37.81,-122.52,,,,21:48,,1000,15.9,7.7108,33.0,219.3 µmol/kg,21.99,,,Sean McAllister,Sterivex on outlet,TRUE,,,,Hallway -20˚C,FALSE,FALSE,
E716.WCOA21,716,,,FALSE,WCOA21,WCOA 2021,07/12/21,,910102,GGTX4,2,Niskin; Sterivex 0.22µm filter,95% EtOH,,,,18.2,9.80,37.79,-122.56,,,,22:43,,1000,12.6,7.6177,33.7,180.6 µmol/kg,15.31,,,Sean McAllister,Sterivex on outlet,TRUE,,,,Hallway -20˚C,FALSE,FALSE,
E717.WCOA21,717,,,FALSE,WCOA21,WCOA 2021,07/12/21,,910106,GGTX4,6,Niskin; Sterivex 0.22µm filter,95% EtOH,,,,4.3,23.70,37.79,-122.56,,,,22:46,,1000,14.6,7.7069,33.3,214.9 µmol/kg,23.17,,,Sean McAllister,Sterivex on outlet,FALSE,,,,Hallway -20˚C,FALSE,FALSE,
E718.WCOA21,718,,,FALSE,WCOA21,WCOA 2021,07/12/21,,910110,GGTX4,10,Niskin; Sterivex 0.22µm filter,95% EtOH,,,,4.1,23.90,37.79,-122.56,,,,22:48,,1000,14.6,7.7035,33.3,218 µmol/kg,17.11,,,Sean McAllister,Sterivex on outlet,TRUE,,,,Hallway -20˚C,FALSE,FALSE,
E719.WCOA21,719,,,FALSE,WCOA21,WCOA 2021,07/13/21,,920102,GGTX3,2,Niskin; Sterivex 0.22µm filter,95% EtOH,,,,12.8,10.20,37.77,-122.63,,,,0:01,,1000,11.1,7.5721,33.8,157.2 µmol/kg,13.44,,,Sean McAllister,Sterivex on outlet,FALSE,,,,Hallway -20˚C,FALSE,FALSE,
E720.WCOA21,720,,,FALSE,WCOA21,WCOA 2021,07/13/21,,920106,GGTX3,6,Niskin; Sterivex 0.22µm filter,95% EtOH,,,,3.7,19.30,37.77,-122.63,,,,0:05,,1000,12.8,7.7906,33.7,211.8 µmol/kg,12.13,,,Sean McAllister,Sterivex on outlet,FALSE,,,,Hallway -20˚C,FALSE,FALSE,
E721.WCOA21,721,,,FALSE,WCOA21,WCOA 2021,07/13/21,,930102,GGTX2,2,Niskin; Sterivex 0.22µm filter,95% EtOH,,,,50.3,10.70,37.72,-122.82,,,,1:58,,1000,9.5,7.4042,33.9,94.8 µmol/kg,10.12,,,Sean McAllister,Thiamine sampling (slow flow and collect outflow); Sterivex on outlet,TRUE,,,,Hallway -20˚C,FALSE,FALSE,
E722.WCOA21,722,,,FALSE,WCOA21,WCOA 2021,07/13/21,,930106,GGTX2,6,Niskin; Sterivex 0.22µm filter,95% EtOH,,,,19.9,41.10,37.72,-122.82,,,,2:02,,1000,12.2,7.6972,33.8,282.3 µmol/kg,NA,,,Sean McAllister,Sterivex on outlet,FALSE,,,,Hallway -20˚C,FALSE,FALSE,
E723.WCOA21,723,,,FALSE,WCOA21,WCOA 2021,07/13/21,,930108,GGTX2,8,Niskin; Sterivex 0.22µm filter,95% EtOH,,,,9.8,51.20,37.72,-122.82,,,,2:05,,1000,12.3,7.8333,33.8,286.8 µmol/kg,6.72,,,Sean McAllister,Thiamine sampling (slow flow and collect outflow); Sterivex on outlet,FALSE,,,,Hallway -20˚C,FALSE,FALSE,
E724.WCOA21,724,,,FALSE,WCOA21,WCOA 2021,07/13/21,,930110,GGTX2,10,Niskin; Sterivex 0.22µm filter,95% EtOH,,,,3.8,57.20,37.72,-122.82,,,,2:07,,1000,12.3,7.8381,33.8,286.6 µmol/kg,7.15,,,Sean McAllister,Thiamine sampling (slow flow and collect outflow); Sterivex on outlet,TRUE,,,,Hallway -20˚C,FALSE,FALSE,
E725.1B.WCOA21,725,1,,FALSE,WCOA21,WCOA 2021,07/13/21,,940101,GGTX1,1,Niskin; Sterivex 0.22µm filter,95% EtOH,,,,79.6,10.40,37.66,-123.00,,,,3:44,,1000,9.5,7.3914,34.0,85.3 µmol/kg,10.89,,,Sean McAllister,Thiamine sampling (slow flow and collect outflow); Sterivex on outlet,TRUE,,,,Hallway -20˚C,FALSE,FALSE,
E725.2B.WCOA21,725,2,,FALSE,WCOA21,WCOA 2021,07/13/21,,940102,GGTX1,2,Niskin; Sterivex 0.22µm filter,95% EtOH,,,,79.6,10.40,37.66,-123.00,,,,3:44,,1000,9.5,7.3914,34.0,85.3 µmol/kg,10.89,,,Sean McAllister,Back to sterivex on inlet,TRUE,,,,Hallway -20˚C,FALSE,FALSE,
E725.3B.WCOA21,725,3,,FALSE,WCOA21,WCOA 2021,07/13/21,,940103,GGTX1,3,Niskin; Sterivex 0.22µm filter,95% EtOH,,,,80.2,9.80,37.66,-123.00,,,,3:44,,1000,9.5,7.3914,34.0,85.6 µmol/kg,10.89,,,Sean McAllister,,TRUE,,,,Hallway -20˚C,FALSE,FALSE,
E726.WCOA21,726,,,FALSE,WCOA21,WCOA 2021,07/13/21,,940105,GGTX1,5,Niskin; Sterivex 0.22µm filter,95% EtOH,,,,60.1,29.90,37.66,-123.00,,,,3:48,,1000,9.6,7.4107,34.0,90.7 µmol/kg,11.75,,,Sean McAllister,,FALSE,,,,Hallway -20˚C,FALSE,FALSE,
E727.1B.WCOA21,727,1,,FALSE,WCOA21,WCOA 2021,07/13/21,,940110,GGTX1,10,Niskin; Sterivex 0.22µm filter,95% EtOH,,,,40.1,49.90,37.66,-123.00,,,,3:53,,1000,9.7,7.4394,34.0,102.3 µmol/kg,11.68,,,Sean McAllister,,FALSE,,,,Hallway -20˚C,FALSE,FALSE,
E727.2B.WCOA21,727,2,,FALSE,WCOA21,WCOA 2021,07/13/21,,940111,GGTX1,11,Niskin; Sterivex 0.22µm filter,95% EtOH,,,,40.1,49.90,37.66,-123.00,,,,3:53,,1000,9.7,7.4394,34.0,102.3 µmol/kg,11.68,,,Sean McAllister,,FALSE,,,,Hallway -20˚C,FALSE,FALSE,
E727.3B.WCOA21,727,3,,FALSE,WCOA21,WCOA 2021,07/13/21,,940112,GGTX1,12,Niskin; Sterivex 0.22µm filter,95% EtOH,,,,40.0,50.00,37.66,-123.00,,,,3:53,,1000,9.7,7.4394,34.0,102.3 µmol/kg,11.68,,,Sean McAllister,,FALSE,,,,Hallway -20˚C,FALSE,FALSE,
E728.WCOA21,728,,,FALSE,WCOA21,WCOA 2021,07/13/21,,940117,GGTX1,17,Niskin; Sterivex 0.22µm filter,95% EtOH,,,,19.9,70.10,37.66,-123.00,,,,3:57,,1000,11.4,7.6992,33.8,229.3 µmol/kg,6.77,,,Sean McAllister,Thiamine sampling (slow flow and collect outflow); Sterivex on outlet,FALSE,,,,Hallway -20˚C,FALSE,FALSE,
E729.WCOA21,729,,,FALSE,WCOA21,WCOA 2021,07/13/21,,940119,GGTX1,19,Niskin; Sterivex 0.22µm filter,95% EtOH,,,,10.4,79.60,37.66,-123.00,,,,3:59,,1000,11.8,7.8556,33.8,303.7 µmol/kg,5.51,,,Sean McAllister,Thiamine sampling (slow flow and collect outflow); Sterivex on outlet,FALSE,,,,Hallway -20˚C,FALSE,FALSE,
E730.1B.WCOA21,730,1,,FALSE,WCOA21,WCOA 2021,07/13/21,,940121,GGTX1,21,Niskin; Sterivex 0.22µm filter,95% EtOH,,,,4.7,85.30,37.66,-123.00,,,,4:01,,1000,11.8,7.8689,33.8,302.7 µmol/kg,5.18,,,Sean McAllister,Thiamine sampling (slow flow and collect outflow); Sterivex on outlet,TRUE,,,,Hallway -20˚C,FALSE,FALSE,
E730.2B.WCOA21,730,2,,FALSE,WCOA21,WCOA 2021,07/13/21,,940122,GGTX1,22,Niskin; Sterivex 0.22µm filter,95% EtOH,,,,4.7,85.30,37.66,-123.00,,,,4:02,,1000,11.8,7.8689,33.8,302.7 µmol/kg,5.18,,,Sean McAllister,,TRUE,,,,Hallway -20˚C,FALSE,FALSE,
E730.3B.WCOA21,730,3,,FALSE,WCOA21,WCOA 2021,07/13/21,,940123,GGTX1,23,Niskin; Sterivex 0.22µm filter,95% EtOH,,,,4.8,85.20,37.66,-123.00,,,,4:02,,1000,11.8,7.8689,33.8,302.7 µmol/kg,5.18,,,Sean McAllister,,TRUE,,,,Hallway -20˚C,FALSE,FALSE,
E731.WCOA21,731,,,FALSE,WCOA21,WCOA 2021,07/13/21,,950101,ML126,1,Niskin; Sterivex 0.22µm filter,95% EtOH,,,,3877.8,10.20,35.91,-123.93,,,,19:33,,250,1.5,7.5549,34.7,138.1 µmol/kg,0.84,,,Sean McAllister,250 mL only (bottle empty); Sterivex on inlet,TRUE,,,,Hallway -20˚C,FALSE,FALSE,
E732.WCOA21,732,,,FALSE,WCOA21,WCOA 2021,07/13/21,,950115,ML126,15,Niskin; Sterivex 0.22µm filter,95% EtOH,,,,99.8,3788.20,35.91,-123.93,,,,21:10,,1000,9.4,7.5459,33.6,178.2 µmol/kg,6.35,,,Sean McAllister,Sterivex on inlet,FALSE,,,,Hallway -20˚C,FALSE,FALSE,
E733.WCOA21,733,,,FALSE,WCOA21,WCOA 2021,07/13/21,,950124,ML126,24,Niskin; Sterivex 0.22µm filter,95% EtOH,,,,4.3,3883.70,35.91,-123.93,,,,21:31,,1000,15.0,7.8628,33.3,259.5 µmol/kg,3.78,,,Sean McAllister,Sterivex on inlet,TRUE,,,,Hallway -20˚C,FALSE,FALSE,
E734.NC.WCOA21,734,,,TRUE,WCOA21,WCOA 2021,07/13/21,,NA,NA,NA,Sterivex 0.22µm filter,95% EtOH,-,-,-,,,,,,-,-,,,1000,,,,,,,,Sean McAllister,,TRUE,,,,Hallway -20˚C,FALSE,FALSE,
E735.WCOA21,735,,,FALSE,WCOA21,WCOA 2021,07/14/21,,960101,ML82,1,Niskin; Sterivex 0.22µm filter,95% EtOH,,,,3238.1,9.9,36.287,-123.132,,,,2:54,,1000,1.6,7.5261,34.7,119.9 µmol/kg,2.01,,,Sean McAllister,,TRUE,,,,Hallway -20˚C,FALSE,FALSE,
E736.WCOA21,736,,,FALSE,WCOA21,WCOA 2021,07/14/21,,960114,ML82,14,Niskin; Sterivex 0.22µm filter,95% EtOH,,,,99.4,3148.6,36.287,-123.132,,,,4:24,,1000,9.4,7.4755,33.9,110.5 µmol/kg,6.95,,,Sean McAllister,,FALSE,,,,Hallway -20˚C,FALSE,FALSE,
E737.WCOA21,737,,,FALSE,WCOA21,WCOA 2021,07/14/21,,960124,ML82,24,Niskin; Sterivex 0.22µm filter,95% EtOH,,,,4.6,3243.4,36.287,-123.133,,,,4:42,,1000,14.0,7.8299,33.7,268.3 µmol/kg,7.12,,,Sean McAllister,,TRUE,,,,Hallway -20˚C,FALSE,FALSE,
E738.1B.WCOA21,738,1,,FALSE,WCOA21,WCOA 2021,07/14/21,,970101,ML60,1,Niskin; Sterivex 0.22µm filter,95% EtOH,,,,2945.0,10,36.46,-122.782,,,,10:44,,1000,1.6,7.513,34.7,113.7 µmol/kg,2.98,,,Sean McAllister,,TRUE,,,,Hallway -20˚C,FALSE,FALSE,
E738.2T.WCOA21,738,,2,FALSE,WCOA21,WCOA 2021,07/14/21,,970102,ML60,2,Niskin; Sterivex 0.22µm filter,95% EtOH,,,,2944.8,10.2,36.46,-122.782,,,,10:44,,1000,1.6,7.513,34.7,113.1 µmol/kg,2.98,,,Sean McAllister,Airlocked with ~500 mL left. Split into 2 filters,TRUE,,,,Hallway -20˚C,FALSE,FALSE,
E738.3T.WCOA21,738,,3,FALSE,WCOA21,WCOA 2021,07/14/21,,970102,ML60,2,Niskin; Sterivex 0.22µm filter,95% EtOH,,,,2944.8,10.2,36.46,-122.782,,,,10:44,,1000,1.6,7.513,34.7,113.1 µmol/kg,2.98,,,Sean McAllister,,TRUE,,,,Hallway -20˚C,FALSE,FALSE,
E739.WCOA21,739,,,FALSE,WCOA21,WCOA 2021,07/14/21,,970103,ML60,3,Niskin; Sterivex 0.22µm filter,95% EtOH,,,,2467.9,487.1,36.46,-122.783,,,,10:58,,1000,1.8,7.4811,34.6,97.6 µmol/kg,2.3,,,Sean McAllister,,FALSE,,,,Hallway -20˚C,FALSE,FALSE,
E740.WCOA21,740,,,FALSE,WCOA21,WCOA 2021,07/14/21,,970111,ML60,11,Niskin; Sterivex 0.22µm filter,95% EtOH,,,,199.5,2755.5,36.459,-122.783,,,,11:58,,1000,8.3,7.4149,34.1,79 µmol/kg,2.95,,,Sean McAllister,,FALSE,,,,Hallway -20˚C,FALSE,FALSE,
E741.WCOA21,741,,,FALSE,WCOA21,WCOA 2021,07/14/21,,970113,ML60,13,Niskin; Sterivex 0.22µm filter,95% EtOH,,,,100.0,2855,36.459,-122.783,,,,12:05,,1000,9.6,7.4671,34.0,116.5 µmol/kg,8.72,,,Sean McAllister,,FALSE,,,,Hallway -20˚C,FALSE,FALSE,
E742.1B.WCOA21,742,1,,FALSE,WCOA21,WCOA 2021,07/14/21,,970123,ML60,23,Niskin; Sterivex 0.22µm filter,95% EtOH,,,,3.7,2951.3,36.459,-122.783,,,,12:22,,1000,14.6,7.8492,33.6,261.9 µmol/kg,4.97,,,Sean McAllister,,TRUE,,,,Hallway -20˚C,FALSE,FALSE,
E742.2T.WCOA21,742,,2,FALSE,WCOA21,WCOA 2021,07/14/21,,970124,ML60,24,Niskin; Sterivex 0.22µm filter,95% EtOH,,,,3.7,2951.3,36.459,-122.783,,,,12:22,,1000,14.6,7.8492,33.6,261.9 µmol/kg,4.97,,,Sean McAllister,,TRUE,,,,Hallway -20˚C,FALSE,FALSE,
E742.3T.WCOA21,742,,3,FALSE,WCOA21,WCOA 2021,07/14/21,,970124,ML60,24,Niskin; Sterivex 0.22µm filter,95% EtOH,,,,3.7,2951.3,36.459,-122.783,,,,12:22,,1000,14.6,7.8492,33.6,261.9 µmol/kg,4.97,,,Sean McAllister,,TRUE,,,,Hallway -20˚C,FALSE,FALSE,
E743.WCOA21,743,,,FALSE,WCOA21,WCOA 2021,07/14/21,,980102,ML38,2,Niskin; Sterivex 0.22µm filter,95% EtOH,,,,2743.0,11,36.62,-122.416,,,,15:36,,1000,1.7,7.5054,34.7,110.8 µmol/kg,2.47,,,Sean McAllister,,TRUE,,,,Hallway -20˚C,FALSE,FALSE,
E744.WCOA21,744,,,FALSE,WCOA21,WCOA 2021,07/14/21,,980103,ML38,3,Niskin; Sterivex 0.22µm filter,95% EtOH,,,,2466.5,287.5,36.62,-122.416,,,,15:45,,1000,1.8,7.4802,34.6,97.8 µmol/kg,2.74,,,Sean McAllister,,FALSE,,,,Hallway -20˚C,FALSE,FALSE,
E745.WCOA21,745,,,FALSE,WCOA21,WCOA 2021,07/14/21,,980111,ML38,11,Niskin; Sterivex 0.22µm filter,95% EtOH,,,,198.0,2556,36.619,-122.416,,,,16:57,,1000,9.2,7.406,34.1,65.9 µmol/kg,8.84,,,Sean McAllister,,FALSE,,,,Hallway -20˚C,FALSE,FALSE,
E746.WCOA21,746,,,FALSE,WCOA21,WCOA 2021,07/14/21,,980114,ML38,14,Niskin; Sterivex 0.22µm filter,95% EtOH,,,,98.5,2655.5,36.619,-122.416,,,,17:09,,1000,9.6,7.464,34.0,95 µmol/kg,13.67,,,Sean McAllister,Thiamine sampling (slow flow and collect outflow); Sterivex on outlet,TRUE,,,,Hallway -20˚C,FALSE,FALSE,
E747.WCOA21,747,,,FALSE,WCOA21,WCOA 2021,07/14/21,,980122,ML38,22,Niskin; Sterivex 0.22µm filter,95% EtOH,,,,9.5,2744.5,36.619,-122.416,,,,17:32,,1000,13.2,7.7879,33.8,257.8 µmol/kg,11.03,,,Sean McAllister,Thiamine sampling (slow flow and collect outflow); Sterivex on outlet; DCM is very shallow,TRUE,,,,Hallway -20˚C,FALSE,FALSE,
E748.WCOA21,748,,,FALSE,WCOA21,WCOA 2021,07/14/21,,980124,ML38,24,Niskin; Sterivex 0.22µm filter,95% EtOH,,,,3.6,2750.4,36.619,-122.416,,,,17:34,,1000,13.3,7.8313,33.8,256.9 µmol/kg,9.8,,,Sean McAllister,Thiamine sampling (slow flow and collect outflow); Sterivex on outlet,TRUE,,,,Hallway -20˚C,FALSE,FALSE,
E749.WCOA21,749,,,FALSE,WCOA21,WCOA 2021,07/14/21,,980120,ML38,20,Niskin; Sterivex 0.22µm filter,95% EtOH,,,,19.9,2734.1,36.619,-122.416,,,,17:28,,1000,13.1,7.7687,33.8,254.7 µmol/kg,13.12,,,Sean McAllister,Thiamine sampling (slow flow and collect outflow); Sterivex on outlet; Added due to shallow DCM,TRUE,,,,Hallway -20˚C,FALSE,FALSE,
E750.WCOA21,750,,,FALSE,WCOA21,WCOA 2021,07/14/21,,990102,ML8,2,Niskin; Sterivex 0.22µm filter,95% EtOH,,,,99.4,10.6,36.758,-121.927,,,,20:57,,1000,9.7,7.4648,34.0,102 µmol/kg,18.08,,,Sean McAllister,Dana collected due to time crunch,TRUE,,,,Hallway -20˚C,FALSE,FALSE,
E751.WCOA21,751,,,FALSE,WCOA21,WCOA 2021,07/14/21,,990103,ML8,3,Niskin; Sterivex 0.22µm filter,95% EtOH,,,,79.2,30.8,36.758,-121.927,,,,20:59,,1000,9.9,7.4704,34.0,108.2 µmol/kg,20.06,,,Sean McAllister,Dana collected due to time crunch,FALSE,,,,Hallway -20˚C,FALSE,FALSE,
E752.WCOA21,752,,,FALSE,WCOA21,WCOA 2021,07/14/21,,990105,ML8,5,Niskin; Sterivex 0.22µm filter,95% EtOH,,,,50.0,60,36.758,-121.927,,,,21:04,,1000,10.5,7.5095,33.9,139.2 µmol/kg,21.72,,,Sean McAllister,Dana collected due to time crunch,FALSE,,,,Hallway -20˚C,FALSE,FALSE,
E753.WCOA21,753,,,FALSE,WCOA21,WCOA 2021,07/14/21,,990114,ML8,14,Niskin; Sterivex 0.22µm filter,95% EtOH,,,,3.7,106.3,36.758,-121.927,,,,21:16,,1000,13.6,7.8465,33.8,244.9 µmol/kg,13.4,,,Sean McAllister,Dana collected due to time crunch,TRUE,,,,Hallway -20˚C,FALSE,FALSE,
E754.WCOA21,754,,,FALSE,WCOA21,WCOA 2021,07/14/21,,1000102,ML3,2,Niskin; Sterivex 0.22µm filter,95% EtOH,,,,276.4,10.6,36.795,-121.847,,,,22:45,,1000,7.7,7.3623,34.2,49.1 µmol/kg,13,,,Sean McAllister,,TRUE,,,,Hallway -20˚C,FALSE,FALSE,
E755.WCOA21,755,,,FALSE,WCOA21,WCOA 2021,07/14/21,,1000103,ML3,3,Niskin; Sterivex 0.22µm filter,95% EtOH,,,,245.1,41.9,36.795,-121.847,,,,22:47,,1000,8.1,7.3813,34.1,58.9 µmol/kg,16.44,,,Sean McAllister,,FALSE,,,,Hallway -20˚C,FALSE,FALSE,
E756.WCOA21,756,,,FALSE,WCOA21,WCOA 2021,07/14/21,,1000108,ML3,8,Niskin; Sterivex 0.22µm filter,95% EtOH,,,,99.0,188,36.795,-121.847,,,,22:56,,1000,9.9,7.4608,34.0,107.2 µmol/kg,25.83,,,Sean McAllister,,TRUE,,,,Hallway -20˚C,FALSE,FALSE,
E757.WCOA21,757,,,FALSE,WCOA21,WCOA 2021,07/14/21,,1000123,ML3,23,Niskin; Sterivex 0.22µm filter,95% EtOH,,,,3.5,283.5,36.794,-121.847,,,,23:11,,1000,13.6,7.8805,33.8,288.2 µmol/kg,13.63,,,Sean McAllister,,TRUE,,,,Hallway -20˚C,FALSE,FALSE,
E758.WCOA21,758,,,FALSE,WCOA21,WCOA 2021,07/15/21,,1010102,ML1,2,Niskin; Sterivex 0.22µm filter,95% EtOH,,,,31.7,10.3,36.809,-121.818,,,,0:46,,1000,10.6,7.5088,33.9,131.1 µmol/kg,24.49,,,Sean McAllister,,TRUE,,,,Hallway -20˚C,FALSE,FALSE,
E759.WCOA21,759,,,FALSE,WCOA21,WCOA 2021,07/15/21,,1010106,ML1,6,Niskin; Sterivex 0.22µm filter,95% EtOH,,,,14.9,27.1,36.809,-121.818,,,,0:50,,1000,10.9,7.5281,33.9,145 µmol/kg,24.06,,,Sean McAllister,,TRUE,,,,Hallway -20˚C,FALSE,FALSE,
E760.WCOA21,760,,,FALSE,WCOA21,WCOA 2021,07/15/21,,1010112,ML1,12,Niskin; Sterivex 0.22µm filter,95% EtOH,,,,3.5,38.5,36.809,-121.818,,,,0:54,,1000,14.9,7.8893,33.8,282 µmol/kg,12.71,,,Sean McAllister,,TRUE,,,,Hallway -20˚C,FALSE,FALSE,
E761.WCOA21,761,,,FALSE,WCOA21,WCOA 2021,07/15/21,,1020102,ML5,2,Niskin; Sterivex 0.22µm filter,95% EtOH,,,,133.7,10.3,36.783,-121.871,,,,2:25,,1000,9.9,7.466,34.0,107.2 µmol/kg,24.49,,,Sean McAllister,,TRUE,,,,Hallway -20˚C,FALSE,FALSE,
E762.WCOA21,762,,,FALSE,WCOA21,WCOA 2021,07/15/21,,1020104,ML5,4,Niskin; Sterivex 0.22µm filter,95% EtOH,,,,119.2,24.8,36.783,-121.871,,,,2:27,,1000,10.0,7.4704,34.0,111.7 µmol/kg,22.79,,,Sean McAllister,,FALSE,,,,Hallway -20˚C,FALSE,FALSE,
E763.WCOA21,763,,,FALSE,WCOA21,WCOA 2021,07/15/21,,1020106,ML5,6,Niskin; Sterivex 0.22µm filter,95% EtOH,,,,100.2,43.8,36.783,-121.871,,,,2:30,,1000,10.1,7.4731,33.9,113.6 µmol/kg,23.02,,,Sean McAllister,Thiamine sampling (slow flow and collect outflow); Sterivex on outlet,FALSE,,,,Hallway -20˚C,FALSE,FALSE,
E764.WCOA21,764,,,FALSE,WCOA21,WCOA 2021,07/15/21,,1020114,ML5,14,Niskin; Sterivex 0.22µm filter,95% EtOH,,,,39.8,104.2,36.782,-121.871,,,,2:41,,1000,10.9,7.5408,33.9,159.9 µmol/kg,19.15,,,Sean McAllister,Thiamine sampling (slow flow and collect outflow); Sterivex on outlet,FALSE,,,,Hallway -20˚C,FALSE,FALSE,
E765.WCOA21,765,,,FALSE,WCOA21,WCOA 2021,07/15/21,,1020119,ML5,19,Niskin; Sterivex 0.22µm filter,95% EtOH,,,,10.3,133.7,36.782,-121.871,,,,2:47,,1000,12.7,7.7202,33.8,221.6 µmol/kg,17.17,,,Sean McAllister,Thiamine sampling (slow flow and collect outflow); Sterivex on outlet,FALSE,,,,Hallway -20˚C,FALSE,FALSE,
E766.WCOA21,766,,,FALSE,WCOA21,WCOA 2021,07/15/21,,1020121,ML5,21,Niskin; Sterivex 0.22µm filter,95% EtOH,,,,5.5,138.5,36.782,-121.871,,,,2:49,,1000,13.4,7.848,33.8,277.7 µmol/kg,14.92,,,Sean McAllister,Thiamine sampling (slow flow and collect outflow); Sterivex on outlet,FALSE,,,,Hallway -20˚C,FALSE,FALSE,
E767.WCOA21,767,,,FALSE,WCOA21,WCOA 2021,07/15/21,,1020123,ML5,23,Niskin; Sterivex 0.22µm filter,95% EtOH,,,,3.1,140.9,36.782,-121.871,,,,2:50,,1000,13.4,7.8573,33.8,273.5 µmol/kg,14.5,,,Sean McAllister,Thiamine sampling (slow flow and collect outflow); Sterivex on outlet,FALSE,,,,Hallway -20˚C,FALSE,FALSE,
E768.1B.WCOA21,768,1,,FALSE,WCOA21,WCOA 2021,07/15/21,,1030101,ML11,1,Niskin; Sterivex 0.22µm filter,95% EtOH,,,,110.9,10.1,36.736,-121.968,,,,4:08,,1000,10.1,7.4934,33.9,113.6 µmol/kg,19.98,,,Sean McAllister,,TRUE,,,,Hallway -20˚C,FALSE,FALSE,
E768.2T.WCOA21,768,,2,FALSE,WCOA21,WCOA 2021,07/15/21,,1030102,ML11,2,Niskin; Sterivex 0.22µm filter,95% EtOH,,,,111.3,9.7,36.736,-121.968,,,,4:08,,1000,10.1,7.4934,33.9,113.6 µmol/kg,20.69,,,Sean McAllister,,TRUE,,,,Hallway -20˚C,FALSE,FALSE,
E768.3T.WCOA21,768,,3,FALSE,WCOA21,WCOA 2021,07/15/21,,1030102,ML11,2,Niskin; Sterivex 0.22µm filter,95% EtOH,,,,111.3,9.7,36.736,-121.968,,,,4:08,,1000,10.1,7.4934,33.9,113.6 µmol/kg,20.69,,,Sean McAllister,,TRUE,,,,Hallway -20˚C,FALSE,FALSE,
E769.1B.WCOA21,769,1,,FALSE,WCOA21,WCOA 2021,07/15/21,,1030103,ML11,3,Niskin; Sterivex 0.22µm filter,95% EtOH,,,,99.7,21.3,36.736,-121.968,,,,4:10,,1000,10.1,7.4963,33.9,116.3 µmol/kg,20.58,,,Sean McAllister,Thiamine sampling (slow flow and collect outflow); Sterivex on outlet,TRUE,,,,Hallway -20˚C,FALSE,FALSE,
E769.2T.WCOA21,769,,2,FALSE,WCOA21,WCOA 2021,07/15/21,,1030104,ML11,4,Niskin; Sterivex 0.22µm filter,95% EtOH,,,,99.7,21.3,36.736,-121.968,,,,4:11,,1000,10.1,7.4963,33.9,116.3 µmol/kg,20.58,,,Sean McAllister,,TRUE,,,,Hallway -20˚C,FALSE,FALSE,
E769.3T.WCOA21,769,,3,FALSE,WCOA21,WCOA 2021,07/15/21,,1030104,ML11,4,Niskin; Sterivex 0.22µm filter,95% EtOH,,,,99.7,21.3,36.736,-121.968,,,,4:11,,1000,10.1,7.4963,33.9,116.3 µmol/kg,20.58,,,Sean McAllister,,TRUE,,,,Hallway -20˚C,FALSE,FALSE,
E770.WCOA21,770,,,FALSE,WCOA21,WCOA 2021,07/15/21,,1030116,ML11,16,Niskin; Sterivex 0.22µm filter,95% EtOH,,,,20.2,100.8,36.736,-121.968,,,,4:25,,1000,11.6,7.5584,33.9,180.2 µmol/kg,21.34,,,Sean McAllister,Thiamine sampling (slow flow and collect outflow); Sterivex on outlet,TRUE,,,,Hallway -20˚C,FALSE,FALSE,
E771.WCOA21,771,,,FALSE,WCOA21,WCOA 2021,07/15/21,,1030119,ML11,19,Niskin; Sterivex 0.22µm filter,95% EtOH,,,,10.3,110.7,36.736,-121.968,,,,4:28,,1000,13.8,7.7147,33.8,263.9 µmol/kg,18.28,,,Sean McAllister,Thiamine sampling (slow flow and collect outflow); Sterivex on outlet,TRUE,,,,Hallway -20˚C,FALSE,FALSE,
E772.1B.WCOA21,772,1,,FALSE,WCOA21,WCOA 2021,07/15/21,,1030122,ML11,22,Niskin; Sterivex 0.22µm filter,95% EtOH,,,,3.1,117.9,36.736,-121.968,,,,4:31,,1000,14.2,7.879,33.8,280.5 µmol/kg,12.43,,,Sean McAllister,,TRUE,,,,Hallway -20˚C,FALSE,FALSE,
E772.2B.WCOA21,772,2,,FALSE,WCOA21,WCOA 2021,07/15/21,,1030123,ML11,23,Niskin; Sterivex 0.22µm filter,95% EtOH,,,,3.0,118,36.736,-121.968,,,,4:31,,1000,14.2,7.879,33.8,280.5 µmol/kg,12.16,,,Sean McAllister,,TRUE,,,,Hallway -20˚C,FALSE,FALSE,
E772.3B.WCOA21,772,3,,FALSE,WCOA21,WCOA 2021,07/15/21,,1030124,ML11,24,Niskin; Sterivex 0.22µm filter,95% EtOH,,,,3.1,117.9,36.736,-121.968,,,,4:31,,1000,14.2,7.879,33.8,280.5 µmol/kg,12.16,,,Sean McAllister,Thiamine sampling (slow flow and collect outflow); Sterivex on outlet,TRUE,,,,Hallway -20˚C,FALSE,FALSE,
E773.WCOA21,773,,,FALSE,WCOA21,WCOA 2021,07/15/21,,1040102,CC73.3-50,2,Niskin; Sterivex 0.22µm filter,95% EtOH,,,,77.9,10.1,35.631,-121.292,,,,16:48,,1000,10.8,7.5537,33.8,136.6 µmol/kg,27.5,,,Sean McAllister,,TRUE,,,,Hallway -20˚C,FALSE,FALSE,
E774.WCOA21,774,,,FALSE,WCOA21,WCOA 2021,07/15/21,,1040106,CC73.3-50,6,Niskin; Sterivex 0.22µm filter,95% EtOH,,,,39.4,48.6,35.631,-121.292,,,,16:56,,1000,11.9,7.6445,33.7,173.9 µmol/kg,35.52,,,Sean McAllister,,TRUE,,,,Hallway -20˚C,FALSE,FALSE,
E775.WCOA21,775,,,FALSE,WCOA21,WCOA 2021,07/15/21,,1040112,CC73.3-50,12,Niskin; Sterivex 0.22µm filter,95% EtOH,,,,3.4,84.6,35.632,-121.292,,,,17:04,,1000,14.0,7.8351,33.7,244.8 µmol/kg,31.65,,,Sean McAllister,,TRUE,,,,Hallway -20˚C,FALSE,FALSE,
E776.NC.WCOA21,776,,,TRUE,WCOA21,WCOA 2021,After E775,,NA,NA,NA,Sterivex 0.22µm filter,95% EtOH,-,-,-,,,,,,-,-,,,1000,,,,,,,,Sean McAllister,,TRUE,,,,Hallway -20˚C,FALSE,FALSE,
E777.WCOA21,777,,,FALSE,WCOA21,WCOA 2021,07/15/21,,1050102,CC73.3-55,2,Niskin; Sterivex 0.22µm filter,95% EtOH,,,,981.0,10,35.477,-121.612,,,,19:22,,1000,4.2,7.3353,34.4,16.8 µmol/kg,1.07,,,Sean McAllister,,TRUE,,,,Hallway -20˚C,FALSE,FALSE,
E778.WCOA21,778,,,FALSE,WCOA21,WCOA 2021,07/15/21,,1050103,CC73.3-55,3,Niskin; Sterivex 0.22µm filter,95% EtOH,,,,743.8,247.2,35.476,-121.613,,,,19:28,,1000,5.2,7.3104,34.4,12.2 µmol/kg,0.87,,,Sean McAllister,,FALSE,,,,Hallway -20˚C,FALSE,FALSE,
E779.WCOA21,779,,,FALSE,WCOA21,WCOA 2021,07/15/21,,1050107,CC73.3-55,7,Niskin; Sterivex 0.22µm filter,95% EtOH,,,,197.6,793.4,35.476,-121.613,,,,19:46,,1000,9.2,7.4317,34.1,77.9 µmol/kg,10.29,,,Sean McAllister,,FALSE,,,,Hallway -20˚C,FALSE,FALSE,
E780.WCOA21,780,,,FALSE,WCOA21,WCOA 2021,07/15/21,,1050111,CC73.3-55,11,Niskin; Sterivex 0.22µm filter,95% EtOH,,,,99.7,891.3,35.476,-121.613,,,,19:54,,1000,10.0,7.4992,33.9,111.6 µmol/kg,14.97,,,Sean McAllister,,TRUE,,,,Hallway -20˚C,FALSE,FALSE,
E781.WCOA21,781,,,FALSE,WCOA21,WCOA 2021,07/15/21,,1050121,CC73.3-55,21,Niskin; Sterivex 0.22µm filter,95% EtOH,,,,3.7,987.3,35.475,-121.614,,,,20:11,,1000,14.3,7.8478,33.7,241.5 µmol/kg,34.36,,,Sean McAllister,,TRUE,,,,Hallway -20˚C,FALSE,FALSE,
E782.WCOA21,782,,,FALSE,WCOA21,WCOA 2021,07/15/21,,1060102,CC73.3-60,2,Niskin; Sterivex 0.22µm filter,95% EtOH,,,,2459.6,10.4,35.31,-121.963,,,,23:08,,1000,1.8,7.4824,34.6,98.6 µmol/kg,0,,,Sean McAllister,,TRUE,,,,Hallway -20˚C,FALSE,FALSE,
E783.WCOA21,783,,,FALSE,WCOA21,WCOA 2021,07/15/21,,1060103,CC73.3-60,3,Niskin; Sterivex 0.22µm filter,95% EtOH,,,,1976.1,493.9,35.31,-121.963,,,,23:20,,1000,2.1,7.4266,34.6,73.3 µmol/kg,1.44,,,Sean McAllister,,FALSE,,,,Hallway -20˚C,FALSE,FALSE,
E784.WCOA21,784,,,FALSE,WCOA21,WCOA 2021,07/16/21,,1060114,CC73.3-60,14,Niskin; Sterivex 0.22µm filter,95% EtOH,,,,99.7,2370.3,35.31,-121.964,,,,0:18,,1000,9.7,7.4811,34.0,105.9 µmol/kg,4.28,,,Sean McAllister,,TRUE,,,,Hallway -20˚C,FALSE,FALSE,
E785.WCOA21,785,,,FALSE,WCOA21,WCOA 2021,07/16/21,,1060124,CC73.3-60,24,Niskin; Sterivex 0.22µm filter,95% EtOH,,,,4.5,2465.5,35.309,-121.965,,,,0:36,,1000,15.4,7.8844,33.6,258.2 µmol/kg,16.27,,,Sean McAllister,,TRUE,,,,Hallway -20˚C,FALSE,FALSE,
E786.WCOA21,786,,,FALSE,WCOA21,WCOA 2021,07/16/21,,1070101,CC73.3-70,1,Niskin; Sterivex 0.22µm filter,95% EtOH,,,,4042.9,10.1,34.976,-122.666,,,,5:56,,1000,1.5,7.5538,34.7,137.2 µmol/kg,0,,,Sean McAllister,Not enough water for replicates on bottom or 100m,TRUE,,,,Hallway -20˚C,FALSE,FALSE,
E787.WCOA21,787,,,FALSE,WCOA21,WCOA 2021,07/16/21,,1070111,CC73.3-70,11,Niskin; Sterivex 0.22µm filter,95% EtOH,,,,100.3,3952.7,34.975,-122.667,,,,7:36,,1000,9.3,7.5004,33.9,130.2 µmol/kg,4.33,,,Sean McAllister,Not enough water for replicates on bottom or 100m,FALSE,,,,Hallway -20˚C,FALSE,FALSE,
E788.1B.WCOA21,788,1,,FALSE,WCOA21,WCOA 2021,07/16/21,,1070122,CC73.3-70,22,Niskin; Sterivex 0.22µm filter,95% EtOH,,,,3.2,4049.8,34.974,-122.668,,,,7:55,,1000,15.1,7.8615,33.7,261.8 µmol/kg,5.93,,,Sean McAllister,,TRUE,,,,Hallway -20˚C,FALSE,FALSE,
E788.2B.WCOA21,788,2,,FALSE,WCOA21,WCOA 2021,07/16/21,,1070123,CC73.3-70,23,Niskin; Sterivex 0.22µm filter,95% EtOH,,,,3.4,4049.6,34.974,-122.668,,,,7:55,,1000,15.1,7.8615,33.7,261.8 µmol/kg,5.58,,,Sean McAllister,,TRUE,,,,Hallway -20˚C,FALSE,FALSE,
E788.3B.WCOA21,788,3,,FALSE,WCOA21,WCOA 2021,07/16/21,,1070124,CC73.3-70,24,Niskin; Sterivex 0.22µm filter,95% EtOH,,,,2.8,4050.2,34.974,-122.668,,,,7:55,,1000,15.1,7.8615,33.7,261.8 µmol/kg,5.93,,,Sean McAllister,,TRUE,,,,Hallway -20˚C,FALSE,FALSE,
E789.WCOA21,789,,,FALSE,WCOA21,WCOA 2021,07/16/21,,1070116,CC73.3-70,16,Niskin; Sterivex 0.22µm filter,95% EtOH,,,,30.4,4022.6,34.975,-122.668,,,,7:47,,1000,14.9,7.8223,33.7,256.4 µmol/kg,7.26,,,Sean McAllister,,TRUE,,,,Hallway -20˚C,FALSE,FALSE,
E790.WCOA21,790,,,FALSE,WCOA21,WCOA 2021,07/16/21,,1080101,CC73.3-80,1,Niskin; Sterivex 0.22µm filter,95% EtOH,,,,4131.7,10.3,34.643,-123.366,,,,16:55,,1000,1.5,7.557,34.7,139 µmol/kg,0.77,,,Sean McAllister,,TRUE,,,,Hallway -20˚C,FALSE,FALSE,
E791.WCOA21,791,,,FALSE,WCOA21,WCOA 2021,07/16/21,,1080115,CC73.3-80,15,Niskin; Sterivex 0.22µm filter,95% EtOH,,,,99.3,4042.7,34.642,-123.368,,,,18:45,,1000,10.6,7.6499,33.5,197.1 µmol/kg,5.08,,,Sean McAllister,,FALSE,,,,Hallway -20˚C,FALSE,FALSE,
E792.WCOA21,792,,,FALSE,WCOA21,WCOA 2021,Jul 16 2021,,1080124,CC73.3-80,24,Niskin; Sterivex 0.22µm filter,95% EtOH,,,,3.7,4138.3,34.642,-123.369,,,,19:03,,1000,14.2,7.8632,32.8,261.9 µmol/kg,3.33,,,Sean McAllister,,TRUE,,,,Hallway -20˚C,FALSE,FALSE,
E793.NC.WCOA21,793,,,TRUE,WCOA21,WCOA 2021,07/17/21,,NA,NA,NA,Sterivex 0.22µm filter,95% EtOH,,,,,,,,,,,,,,,,,,,,,Sean McAllister,,TRUE,,,,Hallway -20˚C,FALSE,FALSE,
E794.WCOA21,794,,,FALSE,WCOA21,WCOA 2021,07/17/21,,1090101,CCE1,1,Niskin; Sterivex 0.22µm filter,95% EtOH,,,,3972.1,9.9,33.483,-122.533,,,,3:36,,1000,1.5,7.5524,34.7,136.1 µmol/kg,0.57,,,Sean McAllister,Not enough water for relicates on bottom,TRUE,,,,Hallway -20˚C,FALSE,FALSE,
E795.1B.WCOA21,795,1,,FALSE,WCOA21,WCOA 2021,07/17/21,,1090111,CCE1,11,Niskin; Sterivex 0.22µm filter,95% EtOH,,,,100.0,3882,33.483,-122.533,,,,5:13,,1000,9.9,7.6034,33.6,181.3 µmol/kg,4.78,,,Sean McAllister,,FALSE,,,,Hallway -20˚C,FALSE,FALSE,
E795.2T.WCOA21,795,,2,FALSE,WCOA21,WCOA 2021,07/17/21,,1090112,CCE1,12,Niskin; Sterivex 0.22µm filter,95% EtOH,,,,99.9,3882.1,33.483,-122.533,,,,5:13,,1000,10.0,7.6034,33.6,181.3 µmol/kg,4.78,,,Sean McAllister,,FALSE,,,,Hallway -20˚C,FALSE,FALSE,
E795.3T.WCOA21,795,,3,FALSE,WCOA21,WCOA 2021,07/17/21,,1090112,CCE1,12,Niskin; Sterivex 0.22µm filter,95% EtOH,,,,99.9,3882.1,33.483,-122.533,,,,5:13,,1000,10.0,7.6034,33.6,181.3 µmol/kg,4.78,,,Sean McAllister,,FALSE,,,,Hallway -20˚C,FALSE,FALSE,
E796.1B.WCOA21,796,1,,FALSE,WCOA21,WCOA 2021,07/17/21,,1090122,CCE1,22,Niskin; Sterivex 0.22µm filter,95% EtOH,,,,4.3,3977.7,33.483,-122.533,,,,5:32,,1000,16.8,7.8973,33.1,252 µmol/kg,3.37,,,Sean McAllister,,FALSE,,,,Hallway -20˚C,FALSE,FALSE,
E796.2B.WCOA21,796,2,,FALSE,WCOA21,WCOA 2021,07/17/21,,1090123,CCE1,23,Niskin; Sterivex 0.22µm filter,95% EtOH,,,,4.4,3977.6,33.483,-122.533,,,,5:32,,1000,16.8,7.8973,33.1,252 µmol/kg,3.37,,,Sean McAllister,Water splash from 22 pH (also surface at least),FALSE,,,,Hallway -20˚C,FALSE,FALSE,
E796.3B.WCOA21,796,3,,FALSE,WCOA21,WCOA 2021,07/17/21,,1090124,CCE1,24,Niskin; Sterivex 0.22µm filter,95% EtOH,,,,3.6,3978.4,33.483,-122.533,,,,5:32,,1000,16.8,7.8973,33.1,252 µmol/kg,3.37,,,Sean McAllister,,FALSE,,,,Hallway -20˚C,FALSE,FALSE,
E797.WCOA21,797,,,FALSE,WCOA21,WCOA 2021,07/17/21,,1100105,80-70,5,Niskin; Sterivex 0.22µm filter,95% EtOH,,,,1975.6,1651.4,33.817,-121.845,,,,15:16,,1000,2.1,7.4383,34.6,76.4 µmol/kg,0.48,,,Sean McAllister,,FALSE,,,,Hallway -20˚C,FALSE,FALSE,
E798.WCOA21,798,,,FALSE,WCOA21,WCOA 2021,07/17/21,,1100124,80-70,24,Niskin; Sterivex 0.22µm filter,95% EtOH,,,,3.3,3623.7,33.816,-121.846,,,,16:25,,1000,15.1,7.8749,33.5,260.1 µmol/kg,NA,,,Sean McAllister,,TRUE,,,,Hallway -20˚C,FALSE,FALSE,
E799.WCOA21,799,,,FALSE,WCOA21,WCOA 2021,07/17/21,,1110102,80-60,2,Niskin; Sterivex 0.22µm filter,95% EtOH,,,,2177.8,10.2,34.152,-121.15,,,,21:05,,1000,1.9,7.4651,34.6,88.5 µmol/kg,0.7,,,Sean McAllister,Bleach bottle; rinsed with sample water 3X,TRUE,,,,Hallway -20˚C,FALSE,FALSE,
E800.WCOA21,800,,,FALSE,WCOA21,WCOA 2021,07/17/21,,1110113,80-60,13,Niskin; Sterivex 0.22µm filter,95% EtOH,,,,98.4,2089.6,34.151,-121.152,,,,22:04,,1000,9.7,7.5187,33.9,123.9 µmol/kg,NA,,,Sean McAllister,Bleach bottle; rinsed with sample water 3X,TRUE,,,,Hallway -20˚C,FALSE,FALSE,
E801.WCOA21,801,,,FALSE,WCOA21,WCOA 2021,07/17/21,,1110122,80-60,22,Niskin; Sterivex 0.22µm filter,95% EtOH,,,,3.9,2184.1,34.151,-121.152,,,,22:20,,1000,15.8,7.9081,33.5,257.6 µmol/kg,4.21,,,Sean McAllister,Bleach bottle; rinsed with sample water 3X,TRUE,,,,Hallway -20˚C,FALSE,FALSE,
E802.WCOA21,802,,,FALSE,WCOA21,WCOA 2021,07/18/21,,1120102,80-57,2,Niskin; Sterivex 0.22µm filter,95% EtOH,,,,1006.8,10.2,34.21,-121.023,,,,0:09,,1000,4.3,7.3243,34.5,19.2 µmol/kg,1.1,,,Sean McAllister,Bleach bottle; rinsed with sample water 3X,TRUE,,,,Hallway -20˚C,FALSE,FALSE,
E803.WCOA21,803,,,FALSE,WCOA21,WCOA 2021,07/18/21,,1120104,80-57,4,Niskin; Sterivex 0.22µm filter,95% EtOH,,,,498.2,518.8,34.209,-121.024,,,,0:23,,1000,6.9,7.3174,34.3,18.3 µmol/kg,2.54,,,Sean McAllister,,FALSE,,,,Hallway -20˚C,FALSE,FALSE,
E804.WCOA21,804,,,FALSE,WCOA21,WCOA 2021,07/18/21,,1120111,80-57,11,Niskin; Sterivex 0.22µm filter,95% EtOH,,,,99.9,917.1,34.209,-121.024,,,,0:39,,1000,9.7,7.5028,34.0,114.1 µmol/kg,34.78,,,Sean McAllister,Bleach bottle; rinsed with sample water 3X,TRUE,,,,Hallway -20˚C,FALSE,FALSE,
E805.WCOA21,805,,,FALSE,WCOA21,WCOA 2021,07/18/21,,1120120,80-57,20,Niskin; Sterivex 0.22µm filter,95% EtOH,,,,4.3,1012.7,34.209,-121.024,,,,0:53,,1000,15.5,7.9749,33.6,265.4 µmol/kg,45.84,,,Sean McAllister,Bleach bottle; rinsed with sample water 3X,TRUE,,,,Hallway -20˚C,FALSE,FALSE,
E806.1B.WCOA21,806,1,,FALSE,WCOA21,WCOA 2021,07/18/21,,1130101,CCE2,1,Niskin; Sterivex 0.22µm filter,95% EtOH,,,,818.0,11,34.316,-120.804,,,,2:58,,1000,5.2,7.3083,34.4,11.9 µmol/kg,1.8,,,Sean McAllister,Some kind of whole macrobe on filter (squid?),TRUE,,,,Hallway -20˚C,FALSE,FALSE,
E806.2B.WCOA21,806,2,,FALSE,WCOA21,WCOA 2021,07/18/21,,1130102,CCE2,2,Niskin; Sterivex 0.22µm filter,95% EtOH,,,,818.1,10.9,34.316,-120.804,,,,2:58,,1000,5.2,7.3083,34.4,11.9 µmol/kg,1.68,,,Sean McAllister,Bleach bottle; rinsed with sample water 3X; Some kind of whole macrobe on filter (squid?),TRUE,,,,Hallway -20˚C,FALSE,FALSE,
E806.3B.WCOA21,806,3,,FALSE,WCOA21,WCOA 2021,07/18/21,,1130103,CCE2,3,Niskin; Sterivex 0.22µm filter,95% EtOH,,,,818.6,10.4,34.316,-120.804,,,,2:58,,1000,5.2,7.3083,34.4,11.8 µmol/kg,1.8,,,Sean McAllister,Bleach bottle; rinsed with sample water 3X; Some kind of whole macrobe on filter (squid?); less organisms in 3B,TRUE,,,,Hallway -20˚C,FALSE,FALSE,
E807.WCOA21,807,,,FALSE,WCOA21,WCOA 2021,07/18/21,,1130104,CCE2,4,Niskin; Sterivex 0.22µm filter,95% EtOH,,,,595.2,233.8,34.316,-120.804,,,,3:04,,1000,6.5,7.3092,34.3,16.7 µmol/kg,2.24,,,Sean McAllister,,FALSE,,,,Hallway -20˚C,FALSE,FALSE,
E808.WCOA21,808,,,FALSE,WCOA21,WCOA 2021,07/18/21,,1130108,CCE2,8,Niskin; Sterivex 0.22µm filter,95% EtOH,,,,199.3,629.7,34.316,-120.805,,,,3:20,,1000,9.2,7.4343,34.1,81.4 µmol/kg,15.47,,,Sean McAllister,,FALSE,,,,Hallway -20˚C,FALSE,FALSE,
E809.1B.WCOA21,809,1,,FALSE,WCOA21,WCOA 2021,07/18/21,,1130111,CCE2,11,Niskin; Sterivex 0.22µm filter,95% EtOH,,,,99.7,729.3,34.316,-120.805,,,,3:28,,1000,9.9,7.5152,33.9,120.1 µmol/kg,23.73,,,Sean McAllister,,TRUE,,,,Hallway -20˚C,FALSE,FALSE,
E809.2T.WCOA21,809,,2,FALSE,WCOA21,WCOA 2021,07/18/21,,1130112,CCE2,12,Niskin; Sterivex 0.22µm filter,95% EtOH,,,,99.5,729.5,34.316,-120.805,,,,3:28,,1000,9.9,7.5152,33.9,120.1 µmol/kg,24.82,,,Sean McAllister,Bleach bottle; rinsed with sample water 3X,TRUE,,,,Hallway -20˚C,FALSE,FALSE,
E809.3T.WCOA21,809,,3,FALSE,WCOA21,WCOA 2021,07/18/21,,1130112,CCE2,12,Niskin; Sterivex 0.22µm filter,95% EtOH,,,,99.5,729.5,34.316,-120.805,,,,3:28,,1000,9.9,7.5152,33.9,120.1 µmol/kg,24.82,,,Sean McAllister,Bleach bottle; rinsed with sample water 3X,TRUE,,,,Hallway -20˚C,FALSE,FALSE,
E810.1B.WCOA21,810,1,,FALSE,WCOA21,WCOA 2021,07/18/21,,1130122,CCE2,22,Niskin; Sterivex 0.22µm filter,95% EtOH,,,,3.4,825.6,34.316,-120.805,,,,3:47,,1000,15.0,7.9354,33.6,282.4 µmol/kg,11.05,,,Sean McAllister,,TRUE,,,,Hallway -20˚C,FALSE,FALSE,
E810.2B.WCOA21,810,2,,FALSE,WCOA21,WCOA 2021,07/18/21,,1130123,CCE2,23,Niskin; Sterivex 0.22µm filter,95% EtOH,,,,3.5,825.5,34.316,-120.805,,,,3:47,,1000,15.0,7.9354,33.6,282.4 µmol/kg,11.63,,,Sean McAllister,,TRUE,,,,Hallway -20˚C,FALSE,FALSE,
E810.3B.WCOA21,810,3,,FALSE,WCOA21,WCOA 2021,07/18/21,,1130124,CCE2,24,Niskin; Sterivex 0.22µm filter,95% EtOH,,,,3.9,825.1,34.316,-120.805,,,,3:47,,1000,15.0,7.9354,33.6,282.4 µmol/kg,11.05,,,Sean McAllister,,TRUE,,,,Hallway -20˚C,FALSE,FALSE,
E811.1B.WCOA21,811,1,,FALSE,WCOA21,WCOA 2021,07/18/21,,1140101,80-51,1,Niskin; Sterivex 0.22µm filter,95% EtOH,,,,66.2,9.8,34.448,-120.523,,,,11:11,,1000,10.6,7.5695,33.8,143 µmol/kg,102.81,,,Sean McAllister,,TRUE,,,,Hallway -20˚C,FALSE,FALSE,
E811.2B.WCOA21,811,2,,FALSE,WCOA21,WCOA 2021,07/18/21,,1140102,80-51,2,Niskin; Sterivex 0.22µm filter,95% EtOH,,,,66.4,9.6,34.448,-120.523,,,,11:11,,1000,10.6,7.5695,33.8,143 µmol/kg,103.58,,,Sean McAllister,,TRUE,,,,Hallway -20˚C,FALSE,FALSE,
E811.3B.WCOA21,811,3,,FALSE,WCOA21,WCOA 2021,07/18/21,,1140103,80-51,3,Niskin; Sterivex 0.22µm filter,95% EtOH,,,,66.3,9.7,34.448,-120.523,,,,11:11,,1000,10.6,7.5695,33.8,142.7 µmol/kg,102.81,,,Sean McAllister,"""Low water"" -- Ask Katy to clarify",TRUE,,,,Hallway -20˚C,FALSE,FALSE,
E812.WCOA21,812,,,FALSE,WCOA21,WCOA 2021,07/18/21,,1140104,80-51,4,Niskin; Sterivex 0.22µm filter,95% EtOH,,,,60.1,15.9,34.448,-120.523,,,,11:14,,1000,10.6,7.5667,33.8,142.5 µmol/kg,110.59,,,Sean McAllister,,TRUE,,,,Hallway -20˚C,FALSE,FALSE,
E813.1B.WCOA21,813,1,,FALSE,WCOA21,WCOA 2021,07/18/21,,1140106,80-51,6,Niskin; Sterivex 0.22µm filter,95% EtOH,,,,40.5,35.5,34.448,-120.524,,,,11:19,,1000,10.8,7.5823,33.7,147.7 µmol/kg,121.55,,,Sean McAllister,,TRUE,,,,Hallway -20˚C,FALSE,FALSE,
E813.2B.WCOA21,813,2,,FALSE,WCOA21,WCOA 2021,07/18/21,,1140107,80-51,7,Niskin; Sterivex 0.22µm filter,95% EtOH,,,,40.6,35.4,34.448,-120.524,,,,11:19,,1000,10.8,7.5823,33.7,147.7 µmol/kg,121.55,,,Sean McAllister,,TRUE,,,,Hallway -20˚C,FALSE,FALSE,
E813.3B.WCOA21,813,3,,FALSE,WCOA21,WCOA 2021,07/18/21,,1140108,80-51,8,Niskin; Sterivex 0.22µm filter,95% EtOH,,,,40.7,35.3,34.448,-120.524,,,,11:19,,1000,10.8,7.5823,33.7,147.7 µmol/kg,121.55,,,Sean McAllister,,TRUE,,,,Hallway -20˚C,FALSE,FALSE,
E814.1B.WCOA21,814,1,,FALSE,WCOA21,WCOA 2021,07/18/21,,1140115,80-51,15,Niskin; Sterivex 0.22µm filter,95% EtOH,,,,3.2,72.8,34.448,-120.524,,,,11:30,,1000,15.4,7.9164,33.6,259.2 µmol/kg,298.27,,,Sean McAllister,,TRUE,,,,Hallway -20˚C,FALSE,FALSE,
E814.2B.WCOA21,814,2,,FALSE,WCOA21,WCOA 2021,07/18/21,,1140116,80-51,16,Niskin; Sterivex 0.22µm filter,95% EtOH,,,,3.2,72.8,34.448,-120.524,,,,11:30,,1000,15.3,7.9164,33.6,259.2 µmol/kg,298.27,,,Sean McAllister,,TRUE,,,,Hallway -20˚C,FALSE,FALSE,
E814.3B.WCOA21,814,3,,FALSE,WCOA21,WCOA 2021,07/18/21,,1140117,80-51,17,Niskin; Sterivex 0.22µm filter,95% EtOH,,,,3.3,72.7,34.448,-120.524,,,,11:30,,1000,15.3,7.9164,33.6,259.2 µmol/kg,298.27,,,Sean McAllister,,TRUE,,,,Hallway -20˚C,FALSE,FALSE,
E815.WCOA21,815,,,FALSE,WCOA21,WCOA 2021,07/18/21,,1150102,80-54,2,Niskin; Sterivex 0.22µm filter,95% EtOH,,,,450.8,10.2,34.375,-120.663,,,,12:57,,1000,7.0,7.3122,34.3,17.7 µmol/kg,10.04,,,Sean McAllister,,TRUE,,,,Hallway -20˚C,FALSE,FALSE,
E816.WCOA21,816,,,FALSE,WCOA21,WCOA 2021,07/18/21,,1150103,80-54,3,Niskin; Sterivex 0.22µm filter,95% EtOH,,,,397.3,63.7,34.375,-120.663,,,,13:01,,1000,7.4,7.3197,34.2,23.1 µmol/kg,6.82,,,Sean McAllister,,FALSE,,,,Hallway -20˚C,FALSE,FALSE,
E817.WCOA21,817,,,FALSE,WCOA21,WCOA 2021,07/18/21,,1150105,80-54,5,Niskin; Sterivex 0.22µm filter,95% EtOH,,,,198.1,262.9,34.375,-120.663,,,,13:08,,1000,9.4,7.447,34.1,84.9 µmol/kg,23.62,,,Sean McAllister,,FALSE,,,,Hallway -20˚C,FALSE,FALSE,
E818.WCOA21,818,,,FALSE,WCOA21,WCOA 2021,07/18/21,,1150109,80-54,9,Niskin; Sterivex 0.22µm filter,95% EtOH,,,,100.3,360.7,34.375,-120.663,,,,13:18,,1000,10.3,7.5436,33.8,133.7 µmol/kg,31.88,,,Sean McAllister,,FALSE,,,,Hallway -20˚C,FALSE,FALSE,
E819.WCOA21,819,,,FALSE,WCOA21,WCOA 2021,07/18/21,,1150118,80-54,18,Niskin; Sterivex 0.22µm filter,95% EtOH,,,,3.3,457.7,34.375,-120.663,,,,13:36,,1000,14.5,7.873,33.6,251.1 µmol/kg,167.4,,,Sean McAllister,,TRUE,,,,Hallway -20˚C,FALSE,FALSE,
E820.WCOA21,820,,,FALSE,WCOA21,WCOA 2021,07/18/21,,1160102,80-52,2,Niskin; Sterivex 0.22µm filter,95% EtOH,,,,247.9,10.1,34.412,-120.579,,,,14:56,,1000,9.0,7.409,34.1,65.7 µmol/kg,64.39,,,Sean McAllister,Bleach bottle; sample rinse 3X (check notation with Katy),TRUE,,,,Hallway -20˚C,FALSE,FALSE,
E821.WCOA21,821,,,FALSE,WCOA21,WCOA 2021,07/18/21,,1160103,80-52,3,Niskin; Sterivex 0.22µm filter,95% EtOH,,,,198.9,59.1,34.412,-120.579,,,,14:59,,1000,9.3,7.4499,34.1,86.9 µmol/kg,52.36,,,Sean McAllister,,FALSE,,,,Hallway -20˚C,FALSE,FALSE,
E822.WCOA21,822,,,FALSE,WCOA21,WCOA 2021,07/18/21,,1160107,80-52,7,Niskin; Sterivex 0.22µm filter,95% EtOH,,,,99.0,159,34.412,-120.579,,,,15:08,,1000,10.4,7.5523,33.8,137.9 µmol/kg,51.59,,,Sean McAllister,Bleach bottle; sample rinse 3X (check notation with Katy),TRUE,,,,Hallway -20˚C,FALSE,FALSE,
E823.WCOA21,823,,,FALSE,WCOA21,WCOA 2021,07/18/21,,1160117,80-52,17,Niskin; Sterivex 0.22µm filter,95% EtOH,,,,3.3,254.7,34.412,-120.579,,,,15:34,,1000,14.4,7.8526,33.6,239.4 µmol/kg,371.68,,,Sean McAllister,,TRUE,,,,Hallway -20˚C,FALSE,FALSE,
E824.WCOA21,824,,,FALSE,WCOA21,WCOA 2021,07/18/21,,1170102,80-50.5,2,Niskin; Sterivex 0.22µm filter,95% EtOH,,,,22.1,9.9,34.471,-120.492,,,,17:09,,1000,13.9,7.8297,33.6,226.9 µmol/kg,566.67,,,Sean McAllister,Bleach bottle; sample rinse 3X (check notation with Katy),TRUE,,,,Hallway -20˚C,FALSE,FALSE,
E825.WCOA21,825,,,FALSE,WCOA21,WCOA 2021,07/18/21,,1170103,80-50.5,3,Niskin; Sterivex 0.22µm filter,95% EtOH,,,,14.5,17.5,34.471,-120.492,,,,17:11,,1000,14.5,7.8309,33.6,237.1 µmol/kg,579.37,,,Sean McAllister,,TRUE,,,,Hallway -20˚C,FALSE,FALSE,
E826.WCOA21,826,,,FALSE,WCOA21,WCOA 2021,07/18/21,,1170109,80-50.5,9,Niskin; Sterivex 0.22µm filter,95% EtOH,,,,3.4,28.6,34.471,-120.492,,,,17:15,,1000,16.9,7.9878,33.6,281.6 µmol/kg,170.07,,,Sean McAllister,Bleach bottle; sample rinse 3X (check notation with Katy),TRUE,,,,Hallway -20˚C,FALSE,FALSE,
E827.NC.WCOA21,827,,,TRUE,WCOA21,WCOA 2021,07/19/21,,NA,NA,NA,Sterivex 0.22µm filter,95% EtOH,,,,,,,,,,,,,,,,,,,,,Sean McAllister,,TRUE,,,,Hallway -20˚C,FALSE,FALSE,
E828.WCOA21,828,,,FALSE,WCOA21,WCOA 2021,07/19/21,,1180101,SB2,1,Niskin; Sterivex 0.22µm filter,95% EtOH,,,,278.1,9.9,34.381,-120.284,,,,0:53,,1000,8.8,7.3762,34.2,49.2 µmol/kg,113.97,,,Sean McAllister,Bleach bottle; sample rinse 3X,TRUE,,,,Hallway -20˚C,FALSE,FALSE,
E829.WCOA21,829,,,FALSE,WCOA21,WCOA 2021,07/19/21,,1180103,SB2,3,Niskin; Sterivex 0.22µm filter,95% EtOH,,,,248.3,39.7,34.381,-120.284,,,,0:55,,1000,9.1,7.414,34.1,70 µmol/kg,72.5,,,Sean McAllister,Bleach bottle; sample rinse 3X,TRUE,,,,Hallway -20˚C,FALSE,FALSE,
E830.WCOA21,830,,,FALSE,WCOA21,WCOA 2021,07/19/21,,1180106,SB2,6,Niskin; Sterivex 0.22µm filter,95% EtOH,,,,198.7,89.3,34.381,-120.284,,,,0:59,,1000,9.3,7.4591,34.1,92.1 µmol/kg,36.58,,,Sean McAllister,,FALSE,,,,Hallway -20˚C,FALSE,FALSE,
E831.WCOA21,831,,,FALSE,WCOA21,WCOA 2021,07/19/21,,1180110,SB2,10,Niskin; Sterivex 0.22µm filter,95% EtOH,,,,99.3,188.7,34.381,-120.284,,,,1:06,,1000,10.4,7.5529,33.8,137.1 µmol/kg,31.23,,,Sean McAllister,,TRUE,,,,Hallway -20˚C,FALSE,FALSE,
E832.WCOA21,832,,,FALSE,WCOA21,WCOA 2021,07/19/21,,1180115,SB2,15,Niskin; Sterivex 0.22µm filter,95% EtOH,,,,29.5,258.5,34.381,-120.284,,,,1:14,,1000,12.6,7.7193,33.6,207.7 µmol/kg,8.12,,,Sean McAllister,,TRUE,,,,Hallway -20˚C,FALSE,FALSE,
E833.WCOA21,833,,,FALSE,WCOA21,WCOA 2021,07/19/21,,1180119,SB2,19,Niskin; Sterivex 0.22µm filter,95% EtOH,,,,3.6,284.4,34.381,-120.284,,,,1:19,,1000,17.0,7.9369,33.6,274.7 µmol/kg,92.35,,,Sean McAllister,Bleach bottle; sample rinse 3X,TRUE,,,,Hallway -20˚C,FALSE,FALSE,
E834.WCOA21,834,,,FALSE,WCOA21,WCOA 2021,07/19/21,,1190101,SB3,1,Niskin; Sterivex 0.22µm filter,95% EtOH,,,,514.3,9.7,34.313,-120.126,,,,2:54,,1000,6.7,7.2657,34.3,2.8 µmol/kg,10.08,,,Sean McAllister,Bleach bottle; sample rinse 3X,TRUE,,,,Hallway -20˚C,FALSE,FALSE,
E835.WCOA21,835,,,FALSE,WCOA21,WCOA 2021,07/19/21,,1190103,SB3,3,Niskin; Sterivex 0.22µm filter,95% EtOH,,,,496.3,27.7,34.312,-120.126,,,,2:57,,1000,6.7,7.2665,34.3,3.5 µmol/kg,6.34,,,Sean McAllister,Bleach bottle; sample rinse 3X,FALSE,,,,Hallway -20˚C,FALSE,FALSE,
E836.WCOA21,836,,,FALSE,WCOA21,WCOA 2021,07/19/21,,1190105,SB3,5,Niskin; Sterivex 0.22µm filter,95% EtOH,,,,471.3,52.7,34.312,-120.126,,,,3:01,,1000,6.8,7.2761,34.2,6.3 µmol/kg,2.65,,,Sean McAllister,,FALSE,,,,Hallway -20˚C,FALSE,FALSE,
E837.WCOA21,837,,,FALSE,WCOA21,WCOA 2021,07/19/21,,1190107,SB3,7,Niskin; Sterivex 0.22µm filter,95% EtOH,,,,421.6,102.4,34.312,-120.126,,,,3:07,,1000,7.3,NA,34.2,18.6 µmol/kg,8.36,,,Sean McAllister,Bleach bottle; sample rinse 3X,FALSE,,,,Hallway -20˚C,FALSE,FALSE,
E838.WCOA21,838,,,FALSE,WCOA21,WCOA 2021,07/19/21,,1190108,SB3,8,Niskin; Sterivex 0.22µm filter,95% EtOH,,,,397.4,126.6,34.312,-120.126,,,,3:10,,1000,7.5,7.3113,34.2,22.4 µmol/kg,6.52,,,Sean McAllister,,FALSE,,,,Hallway -20˚C,FALSE,FALSE,
E839.WCOA21,839,,,FALSE,WCOA21,WCOA 2021,07/19/21,,1190110,SB3,10,Niskin; Sterivex 0.22µm filter,95% EtOH,,,,297.9,226.1,34.312,-120.126,,,,3:18,,1000,8.6,7.3539,34.2,41.3 µmol/kg,5.72,,,Sean McAllister,,FALSE,,,,Hallway -20˚C,FALSE,FALSE,
E840.WCOA21,840,,,FALSE,WCOA21,WCOA 2021,07/19/21,,1190111,SB3,11,Niskin; Sterivex 0.22µm filter,95% EtOH,,,,199.0,325,34.312,-120.126,,,,3:23,,1000,9.3,7.4472,34.1,85.8 µmol/kg,34.2,,,Sean McAllister,,TRUE,,,,Hallway -20˚C,FALSE,FALSE,
E841.WCOA21,841,,,FALSE,WCOA21,WCOA 2021,07/19/21,,1190115,SB3,15,Niskin; Sterivex 0.22µm filter,95% EtOH,,,,99.8,424.2,34.312,-120.126,,,,3:32,,1000,9.9,7.5213,33.9,125.2 µmol/kg,18.54,,,Sean McAllister,Bleach bottle; sample rinse 3X,TRUE,,,,Hallway -20˚C,FALSE,FALSE,
E842.WCOA21,842,,,FALSE,WCOA21,WCOA 2021,07/19/21,,1190120,SB3,20,Niskin; Sterivex 0.22µm filter,95% EtOH,,,,30.3,493.7,34.312,-120.126,,,,3:43,,1000,13.1,7.7188,33.6,203.1 µmol/kg,10.26,,,Sean McAllister,,FALSE,,,,Hallway -20˚C,FALSE,FALSE,
E843.WCOA21,843,,,FALSE,WCOA21,WCOA 2021,07/19/21,,1190124,SB3,24,Niskin; Sterivex 0.22µm filter,95% EtOH,,,,3.3,520.7,34.312,-120.126,,,,3:49,,1000,18.8,8.0179,33.6,283.5 µmol/kg,17.71,,,Sean McAllister,Difficult to filter (50:50 on two filters). When went for second filter; droplet (from that sample) rolled off glove finger from first sterivex and landed back in the sample water; potential glove contamination of second filter; Bleach bottle; sample rinse 3X,TRUE,,,,Hallway -20˚C,FALSE,FALSE,
E844.WCOA21,844,,,FALSE,WCOA21,WCOA 2021,07/19/21,,1200101,SB4,1,Niskin; Sterivex 0.22µm filter,95% EtOH,,,,565.7,10.3,34.276,-120.021,,,,5:23,,1000,6.6,7.2687,34.3,3.2 µmol/kg,137.49,,,Sean McAllister,,TRUE,,,,Hallway -20˚C,FALSE,FALSE,
E845.WCOA21,845,,,FALSE,WCOA21,WCOA 2021,07/19/21,,1200102,SB4,2,Niskin; Sterivex 0.22µm filter,95% EtOH,,,,545.9,30.1,34.276,-120.021,,,,5:27,,1000,6.6,7.2706,34.3,3.1 µmol/kg,133.32,,,Sean McAllister,,FALSE,,,,Hallway -20˚C,FALSE,FALSE,
E846.WCOA21,846,,,FALSE,WCOA21,WCOA 2021,07/19/21,,1200103,SB4,3,Niskin; Sterivex 0.22µm filter,95% EtOH,,,,520.8,55.2,34.276,-120.021,,,,5:29,,1000,6.6,7.2714,34.3,3.7 µmol/kg,3.48,,,Sean McAllister,,TRUE,,,,Hallway -20˚C,FALSE,FALSE,
E847.WCOA21,847,,,FALSE,WCOA21,WCOA 2021,07/19/21,,1200104,SB4,4,Niskin; Sterivex 0.22µm filter,95% EtOH,,,,496.5,79.5,34.276,-120.021,,,,5:32,,1000,6.7,7.275,34.3,5.6 µmol/kg,1.39,,,Sean McAllister,,FALSE,,,,Hallway -20˚C,FALSE,FALSE,
E848.WCOA21,848,,,FALSE,WCOA21,WCOA 2021,07/19/21,,1200105,SB4,5,Niskin; Sterivex 0.22µm filter,95% EtOH,,,,471.3,104.7,34.276,-120.021,,,,5:35,,1000,6.8,NA,34.2,8.6 µmol/kg,3.58,,,Sean McAllister,,FALSE,,,,Hallway -20˚C,FALSE,FALSE,
E849.WCOA21,849,,,FALSE,WCOA21,WCOA 2021,07/19/21,,1200107,SB4,7,Niskin; Sterivex 0.22µm filter,95% EtOH,,,,422.2,153.8,34.276,-120.021,,,,5:41,,1000,7.1,NA,34.2,14.9 µmol/kg,3.17,,,Sean McAllister,,FALSE,,,,Hallway -20˚C,FALSE,FALSE,
E850.WCOA21,850,,,FALSE,WCOA21,WCOA 2021,07/19/21,,1200108,SB4,8,Niskin; Sterivex 0.22µm filter,95% EtOH,,,,397.1,178.9,34.276,-120.021,,,,5:44,,1000,7.5,7.3092,34.2,22.1 µmol/kg,2.56,,,Sean McAllister,,FALSE,,,,Hallway -20˚C,FALSE,FALSE,
E851.WCOA21,851,,,FALSE,WCOA21,WCOA 2021,07/19/21,,1200110,SB4,10,Niskin; Sterivex 0.22µm filter,95% EtOH,,,,298.2,277.8,34.276,-120.021,,,,5:51,,1000,8.3,7.3457,34.2,35.7 µmol/kg,3.09,,,Sean McAllister,,FALSE,,,,Hallway -20˚C,FALSE,FALSE,
E852.WCOA21,852,,,FALSE,WCOA21,WCOA 2021,07/19/21,,1200111,SB4,11,Niskin; Sterivex 0.22µm filter,95% EtOH,,,,199.1,376.9,34.276,-120.021,,,,5:56,,1000,8.9,7.4029,34.2,62.3 µmol/kg,27.8,,,Sean McAllister,,TRUE,,,,Hallway -20˚C,FALSE,FALSE,
E853.WCOA21,853,,,FALSE,WCOA21,WCOA 2021,07/19/21,,1200115,SB4,15,Niskin; Sterivex 0.22µm filter,95% EtOH,,,,100.0,476,34.276,-120.021,,,,6:06,,1000,10.0,7.5269,33.9,123.8 µmol/kg,11.09,,,Sean McAllister,Bleach bottle; sample rinse 3X,TRUE,,,,Hallway -20˚C,FALSE,FALSE,
E854.WCOA21,854,,,FALSE,WCOA21,WCOA 2021,07/19/21,,1200120,SB4,20,Niskin; Sterivex 0.22µm filter,95% EtOH,,,,30.4,545.6,34.276,-120.021,,,,6:16,,1000,14.9,7.8059,33.6,236.3 µmol/kg,8.41,,,Sean McAllister,,TRUE,,,,Hallway -20˚C,FALSE,FALSE,
E855.WCOA21,855,,,FALSE,WCOA21,WCOA 2021,07/19/21,,1200124,SB4,24,Niskin; Sterivex 0.22µm filter,95% EtOH,,,,3.4,572.6,34.276,-120.021,,,,6:21,,1000,18.1,8.0138,33.6,275.3 µmol/kg,5.51,,,Sean McAllister,Bleach bottle; sample rinse 3X,TRUE,,,,Hallway -20˚C,FALSE,FALSE,
E856.WCOA21,856,,,FALSE,WCOA21,WCOA 2021,07/19/21,,1230101,Anacapa,1,Niskin; Sterivex 0.22µm filter,95% EtOH,,,,81.9,10.1,33.993,-119.371,,,,22:33,,1000,10.3,7.5864,33.8,144.4 µmol/kg,4.94,,,Sean McAllister,Bleach bottle; sample rinse 3X,TRUE,,,,Hallway -20˚C,FALSE,FALSE,
E857.WCOA21,857,,,FALSE,WCOA21,WCOA 2021,07/19/21,,1230103,Anacapa,3,Niskin; Sterivex 0.22µm filter,95% EtOH,,,,59.1,32.9,33.993,-119.371,,,,22:35,,1000,11.1,7.6296,33.6,171.8 µmol/kg,5.21,,,Sean McAllister,Bleach bottle; sample rinse 3X,TRUE,,,,Hallway -20˚C,FALSE,FALSE,
E858.WCOA21,858,,,FALSE,WCOA21,WCOA 2021,07/19/21,,1230109,Anacapa,9,Niskin; Sterivex 0.22µm filter,95% EtOH,,,,29.6,62.4,33.993,-119.371,,,,22:41,,1000,13.9,7.837,33.5,247.4 µmol/kg,5.16,,,Sean McAllister,Bleach bottle; sample rinse 3X,TRUE,,,,Hallway -20˚C,FALSE,FALSE,
E859.WCOA21,859,,,FALSE,WCOA21,WCOA 2021,07/19/21,,1230116,Anacapa,16,Niskin; Sterivex 0.22µm filter,95% EtOH,,,,3.3,88.7,33.993,-119.371,,,,22:49,,1000,19.5,7.9665,33.5,262.4 µmol/kg,4.58,,,Sean McAllister,Bleach bottle; sample rinse 3X,TRUE,,,,Hallway -20˚C,FALSE,FALSE,
E860.1B.WCOA21,860,1,,FALSE,WCOA21,WCOA 2021,07/19/21,,1210101,Scorp,1,Niskin; Sterivex 0.22µm filter,95% EtOH,,,,78.7,10.3,34.078,-119.557,,,,11:30,,1000,10.5,7.5616,33.8,132.4 µmol/kg,16.84,,,Sean McAllister,Renamed from 844.1B,TRUE,,,,Hallway -20˚C,FALSE,FALSE,
E860.2B.WCOA21,860,2,,FALSE,WCOA21,WCOA 2021,07/19/21,,1210102,Scorp,2,Niskin; Sterivex 0.22µm filter,95% EtOH,,,,78.8,10.2,34.078,-119.557,,,,11:30,,1000,10.5,7.5616,33.8,132.4 µmol/kg,18.31,,,Sean McAllister,Renamed from 844.2B; Bleach bottle; sample rinse 3X,TRUE,,,,Hallway -20˚C,FALSE,FALSE,
E860.3B.WCOA21,860,3,,FALSE,WCOA21,WCOA 2021,07/19/21,,1210103,Scorp,3,Niskin; Sterivex 0.22µm filter,95% EtOH,,,,78.9,10.1,34.078,-119.557,,,,11:30,,1000,10.5,7.5616,33.8,132.4 µmol/kg,16.84,,,Sean McAllister,Renamed from 844.3B; Bleach bottle; sample rinse 3X,TRUE,,,,Hallway -20˚C,FALSE,FALSE,
E861.1B.WCOA21,861,1,,FALSE,WCOA21,WCOA 2021,07/19/21,,1210110,Scorp,10,Niskin; Sterivex 0.22µm filter,95% EtOH,,,,30.4,58.6,34.077,-119.558,,,,11:40,,1000,16.9,7.902,33.5,267.9 µmol/kg,6.25,,,Sean McAllister,Renamed from 845.1B,TRUE,,,,Hallway -20˚C,FALSE,FALSE,
E861.2B.WCOA21,861,2,,FALSE,WCOA21,WCOA 2021,07/19/21,,1210111,Scorp,11,Niskin; Sterivex 0.22µm filter,95% EtOH,,,,30.3,58.7,34.077,-119.558,,,,11:40,,1000,16.9,7.902,33.5,267.9 µmol/kg,6.25,,,Sean McAllister,Renamed from 845.2B; Bleach bottle; sample rinse 3X; airlocked at ~500mL so split into two filters.,TRUE,,,,Hallway -20˚C,FALSE,FALSE,
E861.3B.WCOA21,861,3,,FALSE,WCOA21,WCOA 2021,07/19/21,,1210112,Scorp,12,Niskin; Sterivex 0.22µm filter,95% EtOH,,,,30.3,58.7,34.077,-119.558,,,,11:40,,1000,17.0,7.902,33.5,267.9 µmol/kg,6.25,,,Sean McAllister,Renamed from 845.3B; Bleach bottle; sample rinse 3X,TRUE,,,,Hallway -20˚C,FALSE,FALSE,
E862.1B.WCOA21,862,1,,FALSE,WCOA21,WCOA 2021,07/19/21,,1210118,Scorp,18,Niskin; Sterivex 0.22µm filter,95% EtOH,,,,3.3,85.7,34.077,-119.558,,,,11:47,,1000,19.6,8.0087,33.6,266.6 µmol/kg,7.71,,,Sean McAllister,Renamed from 846.1B; This series difficult to filter. Very turbulent. Sterivex on outlet.,TRUE,,,,Hallway -20˚C,FALSE,FALSE,
E862.2B.WCOA21,862,2,,FALSE,WCOA21,WCOA 2021,07/19/21,,1210119,Scorp,19,Niskin; Sterivex 0.22µm filter,95% EtOH,,,,3.3,85.7,34.077,-119.558,,,,11:47,,1000,19.6,8.0087,33.6,266.6 µmol/kg,7.15,,,Sean McAllister,Renamed from 846.2B; Bleach bottle; sample rinse 3X; Sterivex on outlet,TRUE,,,,Hallway -20˚C,FALSE,FALSE,
E862.3B.WCOA21,862,3,,FALSE,WCOA21,WCOA 2021,07/19/21,,1210120,Scorp,20,Niskin; Sterivex 0.22µm filter,95% EtOH,,,,3.2,85.8,34.077,-119.558,,,,11:47,,1000,19.6,8.0087,33.6,266.6 µmol/kg,7.15,,,Sean McAllister,Renamed from 846.3B; Bleach bottle; sample rinse 3X; Sterivex on outlet,TRUE,,,,Hallway -20˚C,FALSE,FALSE,
E863.WCOA21,863,,,FALSE,WCOA21,WCOA 2021,07/19/21,,1220101,SB5,1,Niskin; Sterivex 0.22µm filter,95% EtOH,,,,342.7,10.3,34.159,-119.717,,,,13:30,,1000,8.1,7.3341,34.2,29.4 µmol/kg,73.85,,,Sean McAllister,Renamed from 847,TRUE,,,,Hallway -20˚C,FALSE,FALSE,
E864.WCOA21,864,,,FALSE,WCOA21,WCOA 2021,07/19/21,,1220102,SB5,2,Niskin; Sterivex 0.22µm filter,95% EtOH,,,,298.2,54.8,34.159,-119.717,,,,13:34,,1000,8.4,7.3468,34.2,37.1 µmol/kg,17.11,,,Sean McAllister,Renamed from 848,FALSE,,,,Hallway -20˚C,FALSE,FALSE,
E865.WCOA21,865,,,FALSE,WCOA21,WCOA 2021,07/19/21,,1220103,SB5,3,Niskin; Sterivex 0.22µm filter,95% EtOH,,,,198.7,154.3,34.159,-119.717,,,,13:38,,1000,9.0,7.4077,34.1,66.3 µmol/kg,24.28,,,Sean McAllister,Renamed from 849,FALSE,,,,Hallway -20˚C,FALSE,FALSE,
E866.WCOA21,866,,,FALSE,WCOA21,WCOA 2021,07/19/21,,1220107,SB5,7,Niskin; Sterivex 0.22µm filter,95% EtOH,,,,99.7,253.3,34.159,-119.717,,,,13:49,,1000,9.9,7.5237,33.9,123.5 µmol/kg,13.8,,,Sean McAllister,Renamed from 850; Bleach bottle; sample rinse 3X,TRUE,,,,Hallway -20˚C,FALSE,FALSE,
E867.WCOA21,867,,,FALSE,WCOA21,WCOA 2021,07/19/21,,1220113,SB5,13,Niskin; Sterivex 0.22µm filter,95% EtOH,,,,20.3,332.7,34.159,-119.717,,,,14:05,,1000,18.3,7.9049,33.6,272.7 µmol/kg,10.46,,,Sean McAllister,Renamed from 851; DCM/high oxygen,TRUE,,,,Hallway -20˚C,FALSE,FALSE,
E868.WCOA21,868,,,FALSE,WCOA21,WCOA 2021,07/19/21,,1220117,SB5,17,Niskin; Sterivex 0.22µm filter,95% EtOH,,,,3.5,349.5,34.16,-119.717,,,,14:10,,1000,18.5,7.9978,33.6,271.8 µmol/kg,5.95,,,Sean McAllister,Renamed from 852; Bleach bottle; sample rinse 3X,TRUE,,,,Hallway -20˚C,FALSE,FALSE,
E869.WCOA21,869,,,FALSE,WCOA21,WCOA 2021,07/19/21,,NOT CTD,La Goleta (LG),Bucket1,Bucket; Sterivex 0.22µm filter,95% EtOH,,,,0.0,60.46,34.38,119.85,,,,16:30,,1000,,8,,,3216.58,,,Sean McAllister,Renamed from 853. Visible methane bubbles!; Had to split on two filters,TRUE,,,,Hallway -20˚C,FALSE,FALSE,
E870.WCOA21,870,,,FALSE,WCOA21,WCOA 2021,07/19/21,,NOT CTD,La Goleta (LG),Bucket2,Bucket; Sterivex 0.22µm filter,95% EtOH,,,,0.0,60.46,34.38,119.85,,,,16:45,,1000,,,,,3216.58,,,Sean McAllister,Renamed from 854. Visible methane bubbles!; Had to split on two filters; Dave sampled first on this bucket with hands somewhat in water. I poured off some of the surface water before sampling.,TRUE,,,,Hallway -20˚C,FALSE,FALSE,
E871.WCOA21,871,,,FALSE,WCOA21,WCOA 2021,07/19/21,,NOT CTD,La Goleta (LG),Underway System,Bucket; Sterivex 0.22µm filter,95% EtOH,,,,5.2,55.26,34.38,119.85,,,,17:15,,1000,16.1,,33.5,,492.68,,,Sean McAllister,Renamed from 855. Visible methane bubbles!,TRUE,,,,Hallway -20˚C,FALSE,FALSE,
E872.1B.WCOA21,872,1,,FALSE,WCOA21,WCOA 2021,07/20/21,,1240101,90-28,1,Niskin; Sterivex 0.22µm filter,95% EtOH,,,,53.4,9.6,33.484,-117.768,,,,8:04,,1000,10.9,7.6053,33.7,159.3 µmol/kg,9.09,,,Sean McAllister,,TRUE,,,,Hallway -20˚C,FALSE,FALSE,
E872.2B.WCOA21,872,2,,FALSE,WCOA21,WCOA 2021,07/20/21,,1240102,90-28,2,Niskin; Sterivex 0.22µm filter,95% EtOH,,,,53.3,9.7,33.484,-117.768,,,,8:04,,1000,10.9,7.6053,33.7,159.3 µmol/kg,7.85,,,Sean McAllister,,TRUE,,,,Hallway -20˚C,FALSE,FALSE,
E872.3B.WCOA21,872,3,,FALSE,WCOA21,WCOA 2021,07/20/21,,1240103,90-28,3,Niskin; Sterivex 0.22µm filter,95% EtOH,,,,53.2,9.8,33.484,-117.768,,,,8:04,,1000,10.9,7.6053,33.7,159.3 µmol/kg,9.09,,,Sean McAllister,Bleach bottle; sample rinse 3X,TRUE,,,,Hallway -20˚C,FALSE,FALSE,
E873.1B.WCOA21,873,1,,FALSE,WCOA21,WCOA 2021,07/20/21,,1240108,90-28,8,Niskin; Sterivex 0.22µm filter,95% EtOH,,,,26.3,36.7,33.484,-117.768,,,,8:10,,1000,13.7,7.8256,33.4,251.7 µmol/kg,12.18,,,Sean McAllister,,TRUE,,,,Hallway -20˚C,FALSE,FALSE,
E873.2B.WCOA21,873,2,,FALSE,WCOA21,WCOA 2021,07/20/21,,1240109,90-28,9,Niskin; Sterivex 0.22µm filter,95% EtOH,,,,26.2,36.8,33.484,-117.768,,,,8:10,,1000,13.7,7.8256,33.4,251.7 µmol/kg,12.18,,,Sean McAllister,Bleach bottle; sample rinse 3X,TRUE,,,,Hallway -20˚C,FALSE,FALSE,
E873.3B.WCOA21,873,3,,FALSE,WCOA21,WCOA 2021,07/20/21,,1240110,90-28,10,Niskin; Sterivex 0.22µm filter,95% EtOH,,,,26.3,36.7,33.484,-117.768,,,,8:11,,1000,13.7,7.8256,33.4,251.7 µmol/kg,12.18,,,Sean McAllister,Bleach bottle; sample rinse 3X,TRUE,,,,Hallway -20˚C,FALSE,FALSE,
E874.1B.WCOA21,874,1,,FALSE,WCOA21,WCOA 2021,07/20/21,,1240116,90-28,16,Niskin; Sterivex 0.22µm filter,95% EtOH,,,,3.0,60,33.484,-117.768,,,,8:18,,1000,21.5,7.9989,33.5,264.4 µmol/kg,25.38,,,Sean McAllister,,TRUE,,,,Hallway -20˚C,FALSE,FALSE,
E874.2B.WCOA21,874,2,,FALSE,WCOA21,WCOA 2021,07/20/21,,1240117,90-28,17,Niskin; Sterivex 0.22µm filter,95% EtOH,,,,3.1,59.9,33.484,-117.768,,,,8:18,,1000,21.5,7.9989,33.5,264.4 µmol/kg,40.41,,,Sean McAllister,Bleach bottle; sample rinse 3X,TRUE,,,,Hallway -20˚C,FALSE,FALSE,
E874.3B.WCOA21,874,3,,FALSE,WCOA21,WCOA 2021,07/20/21,,1240118,90-28,18,Niskin; Sterivex 0.22µm filter,95% EtOH,,,,3.2,59.8,33.484,-117.768,,,,8:18,,1000,21.5,7.9989,33.5,264.4 µmol/kg,40.41,,,Sean McAllister,Bleach bottle; sample rinse 3X,TRUE,,,,Hallway -20˚C,FALSE,FALSE,
E875.WCOA21,875,,,FALSE,WCOA21,WCOA 2021,07/20/21,,1250102,90-27.7,2,Niskin; Sterivex 0.22µm filter,95% EtOH,,,,31.5,10.5,33.491,-117.751,,,,14:45,,1000,12.6,7.7485,33.5,206.5 µmol/kg,26.56,,,Sean McAllister,Bleach bottle; sample rinse 3X,TRUE,,,,Hallway -20˚C,FALSE,FALSE,
E876.WCOA21,876,,,FALSE,WCOA21,WCOA 2021,07/20/21,,1250110,90-27.7,10,Niskin; Sterivex 0.22µm filter,95% EtOH,,,,3.1,38.9,33.491,-117.751,,,,14:54,,1000,21.3,7.9934,33.5,273.6 µmol/kg,41.78,,,Sean McAllister,Bleach bottle; sample rinse 3X,TRUE,,,,Hallway -20˚C,FALSE,FALSE,
E877.WCOA21,877,,,FALSE,WCOA21,WCOA 2021,07/20/21,,1260102,90-30,2,Niskin; Sterivex 0.22µm filter,95% EtOH,,,,602.5,10.5,33.417,-117.905,,,,16:57,,1000,6.0,7.309,34.4,9.8 µmol/kg,3.41,,,Sean McAllister,Bleach bottle; sample rinse 3X,TRUE,,,,Hallway -20˚C,FALSE,FALSE,
E878.WCOA21,878,,,FALSE,WCOA21,WCOA 2021,07/20/21,,1260103,90-30,3,Niskin; Sterivex 0.22µm filter,95% EtOH,,,,496.2,116.8,33.417,-117.905,,,,17:01,,1000,7.5,7.3393,34.3,28.5 µmol/kg,2.84,,,Sean McAllister,,FALSE,,,,Hallway -20˚C,FALSE,FALSE,
E879.WCOA21,879,,,FALSE,WCOA21,WCOA 2021,07/20/21,,1260106,90-30,6,Niskin; Sterivex 0.22µm filter,95% EtOH,,,,198.6,414.4,33.417,-117.905,,,,17:16,,1000,9.3,7.4424,34.2,77.8 µmol/kg,2.87,,,Sean McAllister,,FALSE,,,,Hallway -20˚C,FALSE,FALSE,
E880.WCOA21,880,,,FALSE,WCOA21,WCOA 2021,07/20/21,,1260110,90-30,10,Niskin; Sterivex 0.22µm filter,95% EtOH,,,,98.5,514.5,33.417,-117.905,,,,17:26,,1000,10.3,7.5543,33.9,131.7 µmol/kg,3.64,,,Sean McAllister,Bleach bottle; sample rinse 3X,TRUE,,,,Hallway -20˚C,FALSE,FALSE,
E881.WCOA21,881,,,FALSE,WCOA21,WCOA 2021,07/20/21,,1260120,90-30,20,Niskin; Sterivex 0.22µm filter,95% EtOH,,,,3.2,609.8,33.417,-117.905,,,,17:48,,1000,21.7,7.9792,33.6,247.7 µmol/kg,3.74,,,Sean McAllister,Bleach bottle; sample rinse 3X,TRUE,,,,Hallway -20˚C,FALSE,FALSE,
E882.1B.WCOA21,882,1,,FALSE,WCOA21,WCOA 2021,07/21/21,,1270101,90-35,1,Niskin; Sterivex 0.22µm filter,95% EtOH,,,,315.5,9.5,33.252,-118.249,,,,1:13,,1000,8.1,7.3803,34.2,53.5 µmol/kg,1.77,,,Sean McAllister,,TRUE,,,,Hallway -20˚C,FALSE,FALSE,
E882.2B.WCOA21,882,2,,FALSE,WCOA21,WCOA 2021,07/21/21,,1270102,90-35,2,Niskin; Sterivex 0.22µm filter,95% EtOH,,,,315.4,9.6,33.252,-118.249,,,,1:13,,1000,8.1,7.3803,34.2,53.5 µmol/kg,1.92,,,Sean McAllister,Bleach bottle; sample rinse 3X,TRUE,,,,Hallway -20˚C,FALSE,FALSE,
E882.3B.WCOA21,882,3,,FALSE,WCOA21,WCOA 2021,07/21/21,,1270103,90-35,3,Niskin; Sterivex 0.22µm filter,95% EtOH,,,,315.4,9.6,33.252,-118.249,,,,1:13,,1000,8.1,7.3803,34.2,53.5 µmol/kg,1.77,,,Sean McAllister,Bleach bottle; sample rinse 3X,TRUE,,,,Hallway -20˚C,FALSE,FALSE,
E883.WCOA21,883,,,FALSE,WCOA21,WCOA 2021,07/21/21,,1270104,90-35,4,Niskin; Sterivex 0.22µm filter,95% EtOH,,,,297.3,27.7,33.251,-118.249,,,,1:15,,1000,8.5,7.3768,34.3,44.6 µmol/kg,4.61,,,Sean McAllister,,FALSE,,,,Hallway -20˚C,FALSE,FALSE,
E884.WCOA21,884,,,FALSE,WCOA21,WCOA 2021,07/21/21,,1270105,90-35,5,Niskin; Sterivex 0.22µm filter,95% EtOH,,,,196.7,128.3,33.251,-118.249,,,,1:18,,1000,9.9,7.4329,34.3,61.4 µmol/kg,1.97,,,Sean McAllister,,FALSE,,,,Hallway -20˚C,FALSE,FALSE,
E885.1B.WCOA21,885,1,,FALSE,WCOA21,WCOA 2021,07/21/21,,1270108,90-35,8,Niskin; Sterivex 0.22µm filter,95% EtOH,,,,99.5,225.5,33.251,-118.249,,,,1:24,,1000,11.1,7.6256,33.6,170.7 µmol/kg,4.28,,,Sean McAllister,,TRUE,,,,Hallway -20˚C,FALSE,FALSE,
E885.2T.WCOA21,885,,2,FALSE,WCOA21,WCOA 2021,07/21/21,,1270109,90-35,9,Niskin; Sterivex 0.22µm filter,95% EtOH,,,,99.7,225.3,33.251,-118.249,,,,1:24,,1000,11.1,7.6256,33.6,170.7 µmol/kg,4.28,,,Sean McAllister,Bleach bottle; sample rinse 3X,TRUE,,,,Hallway -20˚C,FALSE,FALSE,
E885.3T.WCOA21,885,,3,FALSE,WCOA21,WCOA 2021,07/21/21,,1270109,90-35,9,Niskin; Sterivex 0.22µm filter,95% EtOH,,,,99.7,225.3,33.251,-118.249,,,,1:24,,1000,11.1,7.6256,33.6,170.7 µmol/kg,4.28,,,Sean McAllister,Bleach bottle; sample rinse 3X,TRUE,,,,Hallway -20˚C,FALSE,FALSE,
E886.1B.WCOA21,886,1,,FALSE,WCOA21,WCOA 2021,07/21/21,,1270122,90-35,22,Niskin; Sterivex 0.22µm filter,95% EtOH,,,,4.2,320.8,33.251,-118.249,,,,1:41,,1000,20.7,7.9376,33.5,240 µmol/kg,3.54,,,Sean McAllister,,TRUE,,,,Hallway -20˚C,FALSE,FALSE,
E886.2B.WCOA21,886,2,,FALSE,WCOA21,WCOA 2021,07/21/21,,1270123,90-35,23,Niskin; Sterivex 0.22µm filter,95% EtOH,,,,4.4,320.6,33.251,-118.249,,,,1:41,,1000,20.7,7.9376,33.5,240 µmol/kg,3.6,,,Sean McAllister,,TRUE,,,,Hallway -20˚C,FALSE,FALSE,
E886.3B.WCOA21,886,3,,FALSE,WCOA21,WCOA 2021,07/21/21,,1270124,90-35,24,Niskin; Sterivex 0.22µm filter,95% EtOH,,,,4.2,320.8,33.251,-118.249,,,,1:41,,1000,20.7,7.9376,33.5,240 µmol/kg,3.6,,,Sean McAllister,,TRUE,,,,Hallway -20˚C,FALSE,FALSE,
E887.NC.WCOA21,887,,,TRUE,WCOA21,WCOA 2021,07/20/21,,NA,NA,NA,Sterivex 0.22µm filter,95% EtOH,,,,,,,,,,,,,,,,,,,,,Sean McAllister,,TRUE,,,,Hallway -20˚C,FALSE,FALSE,
E888.WCOA21,888,,,FALSE,WCOA21,WCOA 2021,07/21/21,,1280102,90-37,2,Niskin; Sterivex 0.22µm filter,95% EtOH,,,,1165.6,10.4,33.183,-118.387,,,,8:34,,1000,4.2,7.3216,34.5,13.4 µmol/kg,2.57,,,Sean McAllister,Bleach bottle; sample rinse 3X,TRUE,,,,Hallway -20˚C,FALSE,FALSE,
E889.WCOA21,889,,,FALSE,WCOA21,WCOA 2021,07/21/21,,1280103,90-37,3,Niskin; Sterivex 0.22µm filter,95% EtOH,,,,1090.4,85.6,33.183,-118.387,,,,8:38,,1000,4.3,7.3209,34.5,14.2 µmol/kg,1.5,,,Sean McAllister,,FALSE,,,,Hallway -20˚C,FALSE,FALSE,
E890.WCOA21,890,,,FALSE,WCOA21,WCOA 2021,07/21/21,,1280110,90-37,10,Niskin; Sterivex 0.22µm filter,95% EtOH,,,,199.2,976.8,33.182,-118.387,,,,9:13,,1000,8.8,7.4913,34.0,110.8 µmol/kg,2.43,,,Sean McAllister,,FALSE,,,,Hallway -20˚C,FALSE,FALSE,
E891.WCOA21,891,,,FALSE,WCOA21,WCOA 2021,07/21/21,,1280114,90-37,14,Niskin; Sterivex 0.22µm filter,95% EtOH,,,,99.6,1076.4,33.182,-118.387,,,,9:21,,1000,10.7,7.5946,33.7,155.9 µmol/kg,4.85,,,Sean McAllister,Bleach bottle; sample rinse 3X,FALSE,,,,Hallway -20˚C,FALSE,FALSE,
E892.WCOA21,892,,,FALSE,WCOA21,WCOA 2021,07/21/21,,1280124,90-37,24,Niskin; Sterivex 0.22µm filter,95% EtOH,,,,3.7,1172.3,33.182,-118.387,,,,9:40,,1000,20.7,7.9362,33.5,237.6 µmol/kg,3.36,,,Sean McAllister,Bleach bottle; sample rinse 3X,TRUE,,,,Hallway -20˚C,FALSE,FALSE,
E893.WCOA21,893,,,FALSE,WCOA21,WCOA 2021,07/21/21,,1290102,90-49,2,Niskin; Sterivex 0.22µm filter,95% EtOH,,,,819.7,10.3,32.811,-119.151,,,,18:58,,1000,5.2,7.313,34.4,11.2 µmol/kg,1.72,,,Sean McAllister,Bleach bottle; sample rinse 3X; Note station name was officially changed from 90-45,TRUE,,,,Hallway -20˚C,FALSE,FALSE,
E894.WCOA21,894,,,FALSE,WCOA21,WCOA 2021,07/21/21,,1290107,90-49,7,Niskin; Sterivex 0.22µm filter,95% EtOH,,,,198.8,631.2,32.811,-119.151,,,,19:22,,1000,8.6,7.4107,34.1,74.1 µmol/kg,2.9,,,Sean McAllister,,FALSE,,,,Hallway -20˚C,FALSE,FALSE,
E895.WCOA21,895,,,FALSE,WCOA21,WCOA 2021,07/21/21,,1290111,90-49,11,Niskin; Sterivex 0.22µm filter,95% EtOH,,,,99.1,730.9,32.81,-119.151,,,,19:32,,1000,9.5,7.4751,34.0,103.9 µmol/kg,4.34,,,Sean McAllister,Bleach bottle; sample rinse 3X,TRUE,,,,Hallway -20˚C,FALSE,FALSE,
E896.WCOA21,896,,,FALSE,WCOA21,WCOA 2021,07/21/21,,1290121,90-49,21,Niskin; Sterivex 0.22µm filter,95% EtOH,,,,3.6,826.4,32.81,-119.151,,,,19:51,,1000,18.8,7.9549,33.8,246.7 µmol/kg,3.81,,,Sean McAllister,,TRUE,,,,Hallway -20˚C,FALSE,FALSE,
E897.WCOA21,897,,,FALSE,WCOA21,WCOA 2021,07/22/21,,1300102,90-53,2,Niskin; Sterivex 0.22µm filter,95% EtOH,,,,1310.8,10.2,32.65,-119.483,,,,2:02,,1000,4.1,7.3289,34.5,19.3 µmol/kg,4.07,,,Sean McAllister,Bleach bottle; sample rinse 3X,FALSE,,,,Hallway -20˚C,FALSE,FALSE,
E898.WCOA21,898,,,FALSE,WCOA21,WCOA 2021,07/22/21,,1300103,90-53,3,Niskin; Sterivex 0.22µm filter,95% EtOH,,,,1188.3,132.7,32.65,-119.483,,,,2:06,,1000,4.1,7.3275,34.5,19.2 µmol/kg,3.93,,,Sean McAllister,,FALSE,,,,Hallway -20˚C,FALSE,FALSE,
E899.WCOA21,899,,,FALSE,WCOA21,WCOA 2021,07/22/21,,1300109,90-53,9,Niskin; Sterivex 0.22µm filter,95% EtOH,,,,197.9,1123.1,32.651,-119.483,,,,2:32,,1000,8.6,7.4019,34.1,65 µmol/kg,2.59,,,Sean McAllister,,FALSE,,,,Hallway -20˚C,FALSE,FALSE,
E900.WCOA21,900,,,FALSE,WCOA21,WCOA 2021,07/22/21,,1300113,90-53,13,Niskin; Sterivex 0.22µm filter,95% EtOH,,,,99.4,1221.6,32.65,-119.483,,,,2:41,,1000,10.0,7.513,33.9,124.8 µmol/kg,5.96,,,Sean McAllister,Bleach bottle; sample rinse 3X,FALSE,,,,Hallway -20˚C,FALSE,FALSE,
E901.WCOA21,901,,,FALSE,WCOA21,WCOA 2021,07/22/21,,1300123,90-53,23,Niskin; Sterivex 0.22µm filter,95% EtOH,,,,3.6,1317.4,32.65,-119.483,,,,3:01,,1000,18.9,7.9381,33.6,244.4 µmol/kg,5.07,,,Sean McAllister,Bleach bottle; sample rinse 3X,TRUE,,,,Hallway -20˚C,FALSE,FALSE,
E902.1B.WCOA21,902,1,,FALSE,WCOA21,WCOA 2021,07/22/21,,1310101,90-60,1,Niskin; Sterivex 0.22µm filter,95% EtOH,,,,881.5,10.5,32.418,-119.959,,,,10:05,,1000,4.6,7.3186,34.4,14.5 µmol/kg,1.76,,,Sean McAllister,,TRUE,,,,Hallway -20˚C,FALSE,FALSE,
E902.2B.WCOA21,902,2,,FALSE,WCOA21,WCOA 2021,07/22/21,,1310102,90-60,2,Niskin; Sterivex 0.22µm filter,95% EtOH,,,,880.7,11.3,32.418,-119.959,,,,10:05,,1000,4.6,7.3186,34.4,14.5 µmol/kg,2.79,,,Sean McAllister,Bleach bottle; sample rinse 3X,TRUE,,,,Hallway -20˚C,FALSE,FALSE,
E902.3B.WCOA21,902,3,,FALSE,WCOA21,WCOA 2021,07/22/21,,1310103,90-60,3,Niskin; Sterivex 0.22µm filter,95% EtOH,,,,879.1,12.9,32.418,-119.959,,,,10:05,,1000,4.6,7.3186,34.4,14.5 µmol/kg,1.76,,,Sean McAllister,Bleach bottle; sample rinse 3X,TRUE,,,,Hallway -20˚C,FALSE,FALSE,
E903.1B.WCOA21,903,1,,FALSE,WCOA21,WCOA 2021,07/22/21,,1310111,90-60,11,Niskin; Sterivex 0.22µm filter,95% EtOH,,,,99.2,792.8,32.418,-119.96,,,,10:38,,1000,10.4,7.6128,33.6,178 µmol/kg,7.87,,,Sean McAllister,,TRUE,,,,Hallway -20˚C,FALSE,FALSE,
E903.2T.WCOA21,903,,2,FALSE,WCOA21,WCOA 2021,07/22/21,,1310112,90-60,12,Niskin; Sterivex 0.22µm filter,95% EtOH,,,,100.4,791.6,32.418,-119.96,,,,10:39,,1000,10.3,7.6128,33.6,174.5 µmol/kg,7.87,,,Sean McAllister,Bleach bottle; sample rinse 3X,TRUE,,,,Hallway -20˚C,FALSE,FALSE,
E903.3T.WCOA21,903,,3,FALSE,WCOA21,WCOA 2021,07/22/21,,1310112,90-60,12,Niskin; Sterivex 0.22µm filter,95% EtOH,,,,100.4,791.6,32.418,-119.96,,,,10:39,,1000,10.3,7.6128,33.6,174.5 µmol/kg,7.87,,,Sean McAllister,Bleach bottle; sample rinse 3X,TRUE,,,,Hallway -20˚C,FALSE,FALSE,
E904.1B.WCOA21,904,1,,FALSE,WCOA21,WCOA 2021,07/22/21,,1310122,90-60,22,Niskin; Sterivex 0.22µm filter,95% EtOH,,,,4.7,887.3,32.417,-119.96,,,,10:57,,1000,17.1,7.929,33.6,255.9 µmol/kg,3.88,,,Sean McAllister,,TRUE,,,,Hallway -20˚C,FALSE,FALSE,
E904.2B.WCOA21,904,2,,FALSE,WCOA21,WCOA 2021,07/22/21,,1310123,90-60,23,Niskin; Sterivex 0.22µm filter,95% EtOH,,,,3.7,888.3,32.417,-119.96,,,,10:57,,1000,17.1,7.929,33.6,255.9 µmol/kg,4.05,,,Sean McAllister,,TRUE,,,,Hallway -20˚C,FALSE,FALSE,
E904.3B.WCOA21,904,3,,FALSE,WCOA21,WCOA 2021,07/22/21,,1310124,90-60,24,Niskin; Sterivex 0.22µm filter,95% EtOH,,,,4.2,887.8,32.417,-119.96,,,,10:57,,1000,17.1,7.929,33.6,255.9 µmol/kg,3.88,,,Sean McAllister,,TRUE,,,,Hallway -20˚C,FALSE,FALSE,
E905.WCOA21,905,,,FALSE,WCOA21,WCOA 2021,07/23/21,,1320201,90-70,1,Niskin; Sterivex 0.22µm filter,95% EtOH,,,,3800.8,10.2,32.084,-120.638,,,,0:15,,1000,1.5,7.5411,34.7,129.5 µmol/kg,0,,,Sean McAllister,Cast 1 failed mid-cast; no samples taken,TRUE,,,,Hallway -20˚C,FALSE,FALSE,
E906.WCOA21,906,,,FALSE,WCOA21,WCOA 2021,07/23/21,,1320215,90-70,15,Niskin; Sterivex 0.22µm filter,95% EtOH,,,,99.3,3711.7,32.084,-120.638,,,,1:44,,1000,10.3,7.6045,33.6,176.1 µmol/kg,7.1,,,Sean McAllister,,FALSE,,,,Hallway -20˚C,FALSE,FALSE,
E907.WCOA21,907,,,FALSE,WCOA21,WCOA 2021,07/23/21,,1320224,90-70,24,Niskin; Sterivex 0.22µm filter,95% EtOH,,,,3.5,3807.5,32.084,-120.639,,,,1:59,,1000,16.3,7.9029,33.5,256.2 µmol/kg,4.19,,,Sean McAllister,,TRUE,,,,Hallway -20˚C,FALSE,FALSE,
E908.WCOA21,908,,,FALSE,WCOA21,WCOA 2021,07/23/21,,1330101,P02-12,1,Niskin; Sterivex 0.22µm filter,95% EtOH,,,,3995.4,9.6,31.777,-120.251,,,,10:56,,1000,1.6,7.5436,34.7,132 µmol/kg,1.14,,,Sean McAllister,Not enough water for replicates,FALSE,,,,Hallway -20˚C,FALSE,FALSE,
E909.WCOA21,909,,,FALSE,WCOA21,WCOA 2021,07/23/21,,1330112,P02-12,12,Niskin; Sterivex 0.22µm filter,95% EtOH,,,,298.4,3706.6,31.775,-120.254,,,,12:33,,1000,7.6,7.3565,34.2,41.2 µmol/kg,1.75,,,Sean McAllister,Bleach bottle; sample rinse 3X; Not enough water for replicates,FALSE,,,,Hallway -20˚C,FALSE,FALSE,
E910.1B.WCOA21,910,1,,FALSE,WCOA21,WCOA 2021,07/23/21,,1330122,P02-12,22,Niskin; Sterivex 0.22µm filter,95% EtOH,,,,2.7,4002.3,31.776,-120.254,,,,12:55,,1000,17.5,7.9265,33.6,250.1 µmol/kg,3.09,,,Sean McAllister,,FALSE,,,,Hallway -20˚C,FALSE,FALSE,
E910.2B.WCOA21,910,2,,FALSE,WCOA21,WCOA 2021,07/23/21,,1330123,P02-12,23,Niskin; Sterivex 0.22µm filter,95% EtOH,,,,2.6,4002.4,31.776,-120.254,,,,12:55,,1000,17.5,7.9265,33.6,249.5 µmol/kg,3.09,,,Sean McAllister,Bleach bottle; sample rinse 3X,FALSE,,,,Hallway -20˚C,FALSE,FALSE,
E910.3B.WCOA21,910,3,,FALSE,WCOA21,WCOA 2021,07/23/21,,1330124,P02-12,24,Niskin; Sterivex 0.22µm filter,95% EtOH,,,,2.8,4002.2,31.776,-120.254,,,,12:56,,1000,17.5,7.9265,33.6,249.9 µmol/kg,3.09,,,Sean McAllister,Bleach bottle; sample rinse 3X,FALSE,,,,Hallway -20˚C,FALSE,FALSE,
E911.NC.WCOA21,911,,,TRUE,WCOA21,WCOA 2021,07/24/21,,NA,NA,NA,Sterivex 0.22µm filter,95% EtOH,,,,,,,,,,,,,1000,,,,,,,,Sean McAllister,Filtered using bottle sterilized with the used bleach,TRUE,,,,Hallway -20˚C,FALSE,FALSE,
E912.NC.WCOA21,912,,,TRUE,WCOA21,WCOA 2021,07/24/21,,NA,NA,NA,Sterivex 0.22µm filter,95% EtOH,,,,,,,,,,,,,1000,,,,,,,,Sean McAllister,Filtered using bottle sterilized with fresh batch of bleach,TRUE,,,,Hallway -20˚C,FALSE,FALSE,
E913.WCOA21,913,,,FALSE,WCOA21,WCOA 2021,07/24/21,,NOT CTD,NH30,3,Not CTD; Sterivex 0.22µm filter,95% EtOH,,,,,,,,,,,,,1000,,,,,,,,Sean McAllister,Methane oxidation rate experiment end point filter,FALSE,,,,Hallway -20˚C,FALSE,FALSE,
E914.WCOA21,914,,,FALSE,WCOA21,WCOA 2021,07/24/21,,NOT CTD,JF23,4,Not CTD; Sterivex 0.22µm filter,95% EtOH,,,,,,,,,,,,,1000,,,,,,,,Sean McAllister,Methane oxidation rate experiment end point filter,FALSE,,,,Hallway -20˚C,FALSE,FALSE,
E915.WCOA21,915,,,FALSE,WCOA21,WCOA 2021,07/24/21,,NOT CTD,NH35,3,Not CTD; Sterivex 0.22µm filter,95% EtOH,,,,,,,,,,,,,1000,,,,,,,,Sean McAllister,Methane oxidation rate experiment end point filter,FALSE,,,,Hallway -20˚C,FALSE,FALSE,
E916.WCOA21,916,,,FALSE,WCOA21,WCOA 2021,07/24/21,,NOT CTD,HH29,3,Not CTD; Sterivex 0.22µm filter,95% EtOH,,,,,,,,,,,,,1000,,,,,,,,Sean McAllister,Methane oxidation rate experiment end point filter,FALSE,,,,Hallway -20˚C,FALSE,FALSE,
E917.WCOA21,917,,,FALSE,WCOA21,WCOA 2021,07/24/21,,NOT CTD,Station 18 Point Blunt,11,Not CTD; Sterivex 0.22µm filter,95% EtOH,,,,,,,,,,,,,1000,,,,,,,,Sean McAllister,Methane oxidation rate experiment end point filter; Methane added enrichment,FALSE,,,,Hallway -20˚C,FALSE,FALSE,
E918.WCOA21,918,,,FALSE,WCOA21,WCOA 2021,07/24/21,,NOT CTD,CR24,4,Not CTD; Sterivex 0.22µm filter,95% EtOH,,,,,,,,,,,,,1000,,,,,,,,Sean McAllister,Methane oxidation rate experiment end point filter; Methane measured just before filtering,FALSE,,,,Hallway -20˚C,FALSE,FALSE,
E919.WCOA21,919,,,FALSE,WCOA21,WCOA 2021,07/24/21,,NOT CTD,C32,3,Not CTD; Sterivex 0.22µm filter,95% EtOH,,,,,,,,,,,,,1000,,,,,,,,Sean McAllister,Methane oxidation rate experiment end point filter; Methane measured just before filtering,FALSE,,,,Hallway -20˚C,FALSE,FALSE,
E920.WCOA21,920,,,FALSE,WCOA21,WCOA 2021,07/24/21,,NOT CTD,Station 18 Point Blunt,9,Not CTD; Sterivex 0.22µm filter,95% EtOH,,,,,,,,,,,,,1000,,,,,,,,Sean McAllister,Methane oxidation rate experiment end point filter; Methane measured just before filtering; No methane added,FALSE,,,,Hallway -20˚C,FALSE,FALSE,
E921.WCOA21,921,,,FALSE,WCOA21,WCOA 2021,07/24/21,,NOT CTD,La Goleta (LG),Bucket3,Not CTD; Sterivex 0.22µm filter,95% EtOH,,,,,,,,,,,,,1000,,,,,,,,Sean McAllister,Methane oxidation rate experiment filter; Labelled #4 (day 5); Methane measured just before filtering,FALSE,,,,Hallway -20˚C,FALSE,FALSE,
E922.NC.,922,,,TRUE,,WOAC Spring 2022,,4/25/2022,-,-,-,Sterivex 0.22µm filter,95% EtOH,,,,-,,-,-,,-,,,,1000,,,,,,,,Emily Norton,,FALSE,,,,Lab -20˚C,FALSE,FALSE,
E923.1T.,923,,1,FALSE,,WOAC Spring 2022,,4/25/2022,,P28,11,Niskin; Sterivex 0.22µm filter,95% EtOH,,,,0.0,,47˚ 42.227' N,122˚ 22.175' W,,08:32,,,,1000,8.8,8.754,29.0,8.09 mg/L,,,,Emily Norton,,TRUE,100,11.2,Extracted on 05/10/2022 - Qubit (Shannon Brown); No zymo clean-up,Lab -20˚C,FALSE,FALSE,
E923.2T.,923,,2,FALSE,,WOAC Spring 2022,,4/25/2022,,P28,11,Niskin; Sterivex 0.22µm filter,95% EtOH,,,,0.0,,47˚ 42.227' N,122˚ 22.175' W,,08:32,,,,1000,8.8,8.754,29.0,8.09 mg/L,,,,Emily Norton,,TRUE,100,11.7,Extracted on 05/10/2022 - Qubit (Shannon Brown); No zymo clean-up,Lab -20˚C,FALSE,FALSE,
E923.3T.,923,,3,FALSE,,WOAC Spring 2022,,4/25/2022,,P28,11,Niskin; Sterivex 0.22µm filter,95% EtOH,,,,0.0,,47˚ 42.227' N,122˚ 22.175' W,,08:32,,,,1000,8.8,8.754,29.0,8.09 mg/L,,,,Emily Norton,,TRUE,100,7.65,Extracted on 05/10/2022 - Qubit (Shannon Brown); No zymo clean-up,Lab -20˚C,FALSE,FALSE,
E924.1T.,924,,1,FALSE,,WOAC Spring 2022,,4/25/2022,,P28,4,Niskin; Sterivex 0.22µm filter,95% EtOH,,,,100.0,,47˚ 42.227' N,122˚ 22.175' W,,08:32,,,,1000,8.5,8.694,29.7,7.65 mg/L,,,,Emily Norton,,TRUE,100,5.35,Extracted on 05/10/2022 - Qubit (Shannon Brown); No zymo clean-up,Lab -20˚C,FALSE,FALSE,
E924.2T.,924,,2,FALSE,,WOAC Spring 2022,,4/25/2022,,P28,4,Niskin; Sterivex 0.22µm filter,95% EtOH,,,,100.0,,47˚ 42.227' N,122˚ 22.175' W,,08:32,,,,1000,8.5,8.694,29.7,7.65 mg/L,,,,Emily Norton,,TRUE,100,7.33,Extracted on 05/10/2022 - Qubit (Shannon Brown); No zymo clean-up,Lab -20˚C,FALSE,FALSE,
E924.3T.,924,,3,FALSE,,WOAC Spring 2022,,4/25/2022,,P28,4,Niskin; Sterivex 0.22µm filter,95% EtOH,,,,100.0,,47˚ 42.227' N,122˚ 22.175' W,,08:32,,,,1000,8.5,8.694,29.7,7.65 mg/L,,,,Emily Norton,,TRUE,100,4.53,Extracted on 05/10/2022 - Qubit (Shannon Brown); No zymo clean-up,Lab -20˚C,FALSE,FALSE,
E925.1T.,925,,1,FALSE,,WOAC Spring 2022,,4/25/2022,,P28,2,Niskin; Sterivex 0.22µm filter,95% EtOH,,,,185.0,,47˚ 42.227' N,122˚ 22.175' W,,08:32,,,,1000,8.5,8.705,30.0,7.56 mg/L,,,,Emily Norton,,TRUE,100,5.49,Extracted on 05/10/2022 - Qubit (Shannon Brown); Zymo clean-up in 40 µl (#1; 7.60 ng/µl),Lab -20˚C,FALSE,TRUE,Nanopore 16S
E925.2T.,925,,2,FALSE,,WOAC Spring 2022,,4/25/2022,,P28,2,Niskin; Sterivex 0.22µm filter,95% EtOH,,,,185.0,,47˚ 42.227' N,122˚ 22.175' W,,08:32,,,,1000,8.5,8.705,30.0,7.56 mg/L,,,,Emily Norton,,TRUE,100,5.66,Extracted on 05/10/2022 - Qubit (Shannon Brown); Zymo clean-up in 40 µl (#2; 6.52 ng/µl),Lab -20˚C,FALSE,TRUE,Nanopore 16S
E925.3T.,925,,3,FALSE,,WOAC Spring 2022,,4/25/2022,,P28,2,Niskin; Sterivex 0.22µm filter,95% EtOH,,,,185.0,,47˚ 42.227' N,122˚ 22.175' W,,08:32,,,,1000,8.5,8.705,30.0,7.56 mg/L,,,,Emily Norton,,TRUE,100,4.94,Extracted on 05/10/2022 - Qubit (Shannon Brown); No zymo clean-up,Lab -20˚C,FALSE,FALSE,
E926.1T.,926,,1,FALSE,,WOAC Spring 2022,,4/25/2022,,P4,9,Niskin; Sterivex 0.22µm filter,95% EtOH,,,,0.0,,48˚ 14.501' N,122˚ 33.157' W,,16:00,,,,1000,11.3,9.492,23.1,11.64 mg/L,,,,Emily Norton,,FALSE,,,,Lab -20˚C,FALSE,FALSE,
E926.2T.,926,,2,FALSE,,WOAC Spring 2022,,4/25/2022,,P4,9,Niskin; Sterivex 0.22µm filter,95% EtOH,,,,0.0,,48˚ 14.501' N,122˚ 33.157' W,,16:00,,,,1000,11.3,9.492,23.1,11.64 mg/L,,,,Emily Norton,,FALSE,,,,Lab -20˚C,FALSE,FALSE,
E926.3T.,926,,3,FALSE,,WOAC Spring 2022,,4/25/2022,,P4,9,Niskin; Sterivex 0.22µm filter,95% EtOH,,,,0.0,,48˚ 14.501' N,122˚ 33.157' W,,16:00,,,,1000,11.3,9.492,23.1,11.64 mg/L,,,,Emily Norton,,FALSE,,,,Lab -20˚C,FALSE,FALSE,
E927.1T.,927,,1,FALSE,,WOAC Spring 2022,,4/25/2022,,P4,5,Niskin; Sterivex 0.22µm filter,95% EtOH,,,,20.0,,48˚ 14.501' N,122˚ 33.157' W,,16:00,,,,1000,8.6,8.477,28.9,5.37 mg/L,,,,Emily Norton,,FALSE,,,,Lab -20˚C,FALSE,FALSE,
E927.2T.,927,,2,FALSE,,WOAC Spring 2022,,4/25/2022,,P4,5,Niskin; Sterivex 0.22µm filter,95% EtOH,,,,20.0,,48˚ 14.501' N,122˚ 33.157' W,,16:00,,,,1000,8.6,8.477,28.9,5.37 mg/L,,,,Emily Norton,,FALSE,,,,Lab -20˚C,FALSE,FALSE,
E927.3T.,927,,3,FALSE,,WOAC Spring 2022,,4/25/2022,,P4,5,Niskin; Sterivex 0.22µm filter,95% EtOH,,,,20.0,,48˚ 14.501' N,122˚ 33.157' W,,16:00,,,,1000,8.6,8.477,28.9,5.37 mg/L,,,,Emily Norton,,FALSE,,,,Lab -20˚C,FALSE,FALSE,
E928.1T.,928,,1,FALSE,,WOAC Spring 2022,,4/25/2022,,P4,2,Niskin; Sterivex 0.22µm filter,95% EtOH,,,,80.0,,48˚ 14.501' N,122˚ 33.157' W,,16:00,,,,1000,8.3,8.482,29.4,5.77 mg/L,,,,Emily Norton,,FALSE,,,,Lab -20˚C,FALSE,FALSE,
E928.2T.,928,,2,FALSE,,WOAC Spring 2022,,4/25/2022,,P4,2,Niskin; Sterivex 0.22µm filter,95% EtOH,,,,80.0,,48˚ 14.501' N,122˚ 33.157' W,,16:00,,,,1000,8.3,8.482,29.4,5.77 mg/L,,,,Emily Norton,,FALSE,,,,Lab -20˚C,FALSE,FALSE,
E928.3T.,928,,3,FALSE,,WOAC Spring 2022,,4/25/2022,,P4,2,Niskin; Sterivex 0.22µm filter,95% EtOH,,,,80.0,,48˚ 14.501' N,122˚ 33.157' W,,16:00,,,,1000,8.3,8.482,29.4,5.77 mg/L,,,,Emily Norton,,FALSE,,,,Lab -20˚C,FALSE,FALSE,
E929.1T.,929,,1,FALSE,,WOAC Spring 2022,,4/26/2022,,P22,10,Niskin; Sterivex 0.22µm filter,95% EtOH,,,,0.0,,48˚ 16.356' N,123˚ 1.175' W,,09:20,,,,1000,8.7,8.824,30.1,7.99 mg/L,,,,Emily Norton,,TRUE,100,12.9,Extracted on 05/10/2022 - Qubit (Shannon Brown); No zymo clean-up,Lab -20˚C,FALSE,FALSE,
E929.2T.,929,,2,FALSE,,WOAC Spring 2022,,4/26/2022,,P22,10,Niskin; Sterivex 0.22µm filter,95% EtOH,,,,0.0,,48˚ 16.356' N,123˚ 1.175' W,,09:20,,,,1000,8.7,8.824,30.1,7.99 mg/L,,,,Emily Norton,,TRUE,100,12.3,Extracted on 05/10/2022 - Qubit (Shannon Brown); No zymo clean-up,Lab -20˚C,FALSE,FALSE,
E929.3T.,929,,3,FALSE,,WOAC Spring 2022,,4/26/2022,,P22,10,Niskin; Sterivex 0.22µm filter,95% EtOH,,,,0.0,,48˚ 16.356' N,123˚ 1.175' W,,09:20,,,,1000,8.7,8.824,30.1,7.99 mg/L,,,,Emily Norton,,TRUE,100,10.1,Extracted on 05/10/2022 - Qubit (Shannon Brown); No zymo clean-up,Lab -20˚C,FALSE,FALSE,
E930.1T.,930,,1,FALSE,,WOAC Spring 2022,,4/26/2022,,P22,5,Niskin; Sterivex 0.22µm filter,95% EtOH,,,,50.0,,48˚ 16.356' N,123˚ 1.175' W,,09:20,,,,1000,8.1,8.674,31.4,6.55 mg/L,,,,Emily Norton,,TRUE,100,4.1,Extracted on 05/10/2022 - Qubit (Shannon Brown); No zymo clean-up,Lab -20˚C,FALSE,FALSE,
E930.2T.,930,,2,FALSE,,WOAC Spring 2022,,4/26/2022,,P22,5,Niskin; Sterivex 0.22µm filter,95% EtOH,,,,50.0,,48˚ 16.356' N,123˚ 1.175' W,,09:20,,,,1000,8.1,8.674,31.4,6.55 mg/L,,,,Emily Norton,,TRUE,100,6.5,Extracted on 05/10/2022 - Qubit (Shannon Brown); No zymo clean-up,Lab -20˚C,FALSE,FALSE,
E930.3T.,930,,3,FALSE,,WOAC Spring 2022,,4/26/2022,,P22,5,Niskin; Sterivex 0.22µm filter,95% EtOH,,,,50.0,,48˚ 16.356' N,123˚ 1.175' W,,09:20,,,,1000,8.1,8.674,31.4,6.55 mg/L,,,,Emily Norton,,TRUE,100,4.79,Extracted on 05/10/2022 - Qubit (Shannon Brown); No zymo clean-up,Lab -20˚C,FALSE,FALSE,
E931.1T.,931,,1,FALSE,,WOAC Spring 2022,,4/26/2022,,P22,2,Niskin; Sterivex 0.22µm filter,95% EtOH,,,,95.0,,48˚ 16.356' N,123˚ 1.175' W,,09:20,,,,1000,7.9,8.646,31.9,6.05 mg/L,,,,Emily Norton,,TRUE,100,3.97,Extracted on 05/10/2022 - Qubit (Shannon Brown); Zymo clean-up in 40 µl (#3; 6.54 ng/µl),Lab -20˚C,FALSE,TRUE,Nanopore 16S
E931.2T.,931,,2,FALSE,,WOAC Spring 2022,,4/26/2022,,P22,2,Niskin; Sterivex 0.22µm filter,95% EtOH,,,,95.0,,48˚ 16.356' N,123˚ 1.175' W,,09:20,,,,1000,7.9,8.646,31.9,6.05 mg/L,,,,Emily Norton,,TRUE,100,2.78,Extracted on 05/10/2022 - Qubit (Shannon Brown); Zymo clean-up in 40 µl (#4; 3.56 ng/µl),Lab -20˚C,FALSE,TRUE,Nanopore 16S
E931.3T.,931,,3,FALSE,,WOAC Spring 2022,,4/26/2022,,P22,2,Niskin; Sterivex 0.22µm filter,95% EtOH,,,,95.0,,48˚ 16.356' N,123˚ 1.175' W,,09:20,,,,1000,7.9,8.646,31.9,6.05 mg/L,,,,Emily Norton,,TRUE,100,2.66,Extracted on 05/10/2022 - Qubit (Shannon Brown); Zymo clean-up in 40 µl (#5;  3.22 ng/µl),Lab -20˚C,FALSE,TRUE,Nanopore 16S
E932.1T.,932,,1,FALSE,,WOAC Spring 2022,,4/26/2022,,P7,10,Niskin; Sterivex 0.22µm filter,95% EtOH,,,,0.0,,47˚ 58.992' N,122˚ 37.133' W,,13:20,,,,1000,9.8,9.101,29.1,11.46 mg/L,,,,Emily Norton,,FALSE,,,,Lab -20˚C,FALSE,FALSE,
E932.2T.,932,,2,FALSE,,WOAC Spring 2022,,4/26/2022,,P7,10,Niskin; Sterivex 0.22µm filter,95% EtOH,,,,0.0,,47˚ 58.992' N,122˚ 37.133' W,,13:20,,,,1000,9.8,9.101,29.1,11.46 mg/L,,,,Emily Norton,,FALSE,,,,Lab -20˚C,FALSE,FALSE,
E932.3T.,932,,3,FALSE,,WOAC Spring 2022,,4/26/2022,,P7,10,Niskin; Sterivex 0.22µm filter,95% EtOH,,,,0.0,,47˚ 58.992' N,122˚ 37.133' W,,13:20,,,,1000,9.8,9.101,29.1,11.46 mg/L,,,,Emily Norton,,FALSE,,,,Lab -20˚C,FALSE,FALSE,
E933.1T.,933,,1,FALSE,,WOAC Spring 2022,,4/26/2022,,P7,6,Niskin; Sterivex 0.22µm filter,95% EtOH,,,,20.0,,47˚ 58.992' N,122˚ 37.133' W,,13:20,,,,1000,8.6,8.795,29.9,8.02 mg/L,,,,Emily Norton,,FALSE,,,,Lab -20˚C,FALSE,FALSE,
E933.2T.,933,,2,FALSE,,WOAC Spring 2022,,4/26/2022,,P7,6,Niskin; Sterivex 0.22µm filter,95% EtOH,,,,20.0,,47˚ 58.992' N,122˚ 37.133' W,,13:20,,,,1000,8.6,8.795,29.9,8.02 mg/L,,,,Emily Norton,,FALSE,,,,Lab -20˚C,FALSE,FALSE,
E933.3T.,933,,3,FALSE,,WOAC Spring 2022,,4/26/2022,,P7,6,Niskin; Sterivex 0.22µm filter,95% EtOH,,,,20.0,,47˚ 58.992' N,122˚ 37.133' W,,13:20,,,,1000,8.6,8.795,29.9,8.02 mg/L,,,,Emily Norton,,FALSE,,,,Lab -20˚C,FALSE,FALSE,
E934.1T.,934,,1,FALSE,,WOAC Spring 2022,,4/26/2022,,P7,2,Niskin; Sterivex 0.22µm filter,95% EtOH,,,,90.0,,47˚ 58.992' N,122˚ 37.133' W,,13:20,,,,1000,8.4,8.725,30.8,7.1 mg/L,,,,Emily Norton,,FALSE,,,,Lab -20˚C,FALSE,FALSE,
E934.2T.,934,,2,FALSE,,WOAC Spring 2022,,4/26/2022,,P7,2,Niskin; Sterivex 0.22µm filter,95% EtOH,,,,90.0,,47˚ 58.992' N,122˚ 37.133' W,,13:20,,,,1000,8.4,8.725,30.8,7.1 mg/L,,,,Emily Norton,,FALSE,,,,Lab -20˚C,FALSE,FALSE,
E934.3T.,934,,3,FALSE,,WOAC Spring 2022,,4/26/2022,,P7,2,Niskin; Sterivex 0.22µm filter,95% EtOH,,,,90.0,,47˚ 58.992' N,122˚ 37.133' W,,13:20,,,,1000,8.4,8.725,30.8,7.1 mg/L,,,,Emily Norton,,FALSE,,,,Lab -20˚C,FALSE,FALSE,
E935.1T.,935,,1,FALSE,,WOAC Spring 2022,,4/26/2022,,P8,11,Niskin; Sterivex 0.22µm filter,95% EtOH,,,,0.0,,47˚ 53.925' N,122˚ 56.314' W,,14:20,,,,1000,10.0,9.11,28.6,10.55 mg/L,,,,Emily Norton,,FALSE,,,,Lab -20˚C,FALSE,FALSE,
E935.2T.,935,,2,FALSE,,WOAC Spring 2022,,4/26/2022,,P8,11,Niskin; Sterivex 0.22µm filter,95% EtOH,,,,0.0,,47˚ 53.925' N,122˚ 56.314' W,,14:20,,,,1000,10.0,9.11,28.6,10.55 mg/L,,,,Emily Norton,,FALSE,,,,Lab -20˚C,FALSE,FALSE,
E935.3T.,935,,3,FALSE,,WOAC Spring 2022,,4/26/2022,,P8,11,Niskin; Sterivex 0.22µm filter,95% EtOH,,,,0.0,,47˚ 53.925' N,122˚ 56.314' W,,14:20,,,,1000,10.0,9.11,28.6,10.55 mg/L,,,,Emily Norton,,FALSE,,,,Lab -20˚C,FALSE,FALSE,
E936.1T.,936,,1,FALSE,,WOAC Spring 2022,,4/26/2022,,P8,6,Niskin; Sterivex 0.22µm filter,95% EtOH,,,,50.0,,47˚ 53.925' N,122˚ 56.314' W,,14:20,,,,1000,8.5,8.748,30.1,7.65 mg/L,,,,Emily Norton,,FALSE,,,,Lab -20˚C,FALSE,FALSE,
E936.2T.,936,,2,FALSE,,WOAC Spring 2022,,4/26/2022,,P8,6,Niskin; Sterivex 0.22µm filter,95% EtOH,,,,50.0,,47˚ 53.925' N,122˚ 56.314' W,,14:20,,,,1000,8.5,8.748,30.1,7.65 mg/L,,,,Emily Norton,,FALSE,,,,Lab -20˚C,FALSE,FALSE,
E936.3T.,936,,3,FALSE,,WOAC Spring 2022,,4/26/2022,,P8,6,Niskin; Sterivex 0.22µm filter,95% EtOH,,,,50.0,,47˚ 53.925' N,122˚ 56.314' W,,14:20,,,,1000,8.5,8.748,30.1,7.65 mg/L,,,,Emily Norton,,FALSE,,,,Lab -20˚C,FALSE,FALSE,
E937.1T.,937,,1,FALSE,,WOAC Spring 2022,,4/26/2022,,P8,2,Niskin; Sterivex 0.22µm filter,95% EtOH,,,,115.0,,47˚ 53.925' N,122˚ 56.314' W,,14:20,,,,1000,8.4,8.727,30.5,7.23 mg/L,,,,Emily Norton,,FALSE,,,,Lab -20˚C,FALSE,FALSE,
E937.2T.,937,,2,FALSE,,WOAC Spring 2022,,4/26/2022,,P8,2,Niskin; Sterivex 0.22µm filter,95% EtOH,,,,115.0,,47˚ 53.925' N,122˚ 56.314' W,,14:20,,,,1000,8.4,8.727,30.5,7.23 mg/L,,,,Emily Norton,,FALSE,,,,Lab -20˚C,FALSE,FALSE,
E937.3T.,937,,3,FALSE,,WOAC Spring 2022,,4/26/2022,,P8,2,Niskin; Sterivex 0.22µm filter,95% EtOH,,,,115.0,,47˚ 53.925' N,122˚ 56.314' W,,14:20,,,,1000,8.4,8.727,30.5,7.23 mg/L,,,,Emily Norton,,FALSE,,,,Lab -20˚C,FALSE,FALSE,
E938.NC.,938,,,TRUE,,WOAC Spring 2022,,4/27/2022,-,-,-,Sterivex 0.22µm filter,95% EtOH,,,,-,,-,-,,-,,,,1000,,,,,,,,Emily Norton,,TRUE,100,Too low,Extracted on 05/19/2022 - Qubit (Shannon Brown),Lab -20˚C,FALSE,FALSE,
E939.1T.,939,,1,FALSE,,WOAC Spring 2022,,4/27/2022,,P10,10,Niskin; Sterivex 0.22µm filter,95% EtOH,,,,0.0,,47˚ 48.018' N,122˚ 43.170' W,,08:30,,,,1000,10.2,9.217,27.9,11.62 mg/L,,,,Emily Norton,,TRUE,100,18.3,Extracted on 05/10/2022 - Qubit (Shannon Brown); No zymo clean-up (#6),Lab -20˚C,FALSE,TRUE,Nanopore 16S
E939.2T.,939,,2,FALSE,,WOAC Spring 2022,,4/27/2022,,P10,10,Niskin; Sterivex 0.22µm filter,95% EtOH,,,,0.0,,47˚ 48.018' N,122˚ 43.170' W,,08:30,,,,1000,10.2,9.217,27.9,11.62 mg/L,,,,Emily Norton,,TRUE,100,22.6,Extracted on 05/10/2022 - Qubit (Shannon Brown); No zymo clean-up (#7),Lab -20˚C,FALSE,TRUE,Nanopore 16S
E939.3T.,939,,3,FALSE,,WOAC Spring 2022,,4/27/2022,,P10,10,Niskin; Sterivex 0.22µm filter,95% EtOH,,,,0.0,,47˚ 48.018' N,122˚ 43.170' W,,08:30,,,,1000,10.2,9.217,27.9,11.62 mg/L,,,,Emily Norton,,TRUE,100,24.6,Extracted on 05/10/2022 - Qubit (Shannon Brown); No zymo clean-up (#8),Lab -20˚C,FALSE,TRUE,Nanopore 16S
E940.1T.,940,,1,FALSE,,WOAC Spring 2022,,4/27/2022,,P10,5,Niskin; Sterivex 0.22µm filter,95% EtOH,,,,20.0,,47˚ 48.018' N,122˚ 43.170' W,,08:30,,,,1000,9.0,8.794,29.3,7.72 mg/L,,,,Emily Norton,,FALSE,,,,Lab -20˚C,FALSE,FALSE,
E940.2T.,940,,2,FALSE,,WOAC Spring 2022,,4/27/2022,,P10,5,Niskin; Sterivex 0.22µm filter,95% EtOH,,,,20.0,,47˚ 48.018' N,122˚ 43.170' W,,08:30,,,,1000,9.0,8.794,29.3,7.72 mg/L,,,,Emily Norton,,FALSE,,,,Lab -20˚C,FALSE,FALSE,
E940.3T.,940,,3,FALSE,,WOAC Spring 2022,,4/27/2022,,P10,5,Niskin; Sterivex 0.22µm filter,95% EtOH,,,,20.0,,47˚ 48.018' N,122˚ 43.170' W,,08:30,,,,1000,9.0,8.794,29.3,7.72 mg/L,,,,Emily Norton,,FALSE,,,,Lab -20˚C,FALSE,FALSE,
E941.1T.,941,,1,FALSE,,WOAC Spring 2022,,4/27/2022,,P10,2,Niskin; Sterivex 0.22µm filter,95% EtOH,,,,45.0,,47˚ 48.018' N,122˚ 43.170' W,,08:30,,,,1000,8.7,8.77,29.7,7.87 mg/L,,,,Emily Norton,,TRUE,100,6.69,Extracted on 05/10/2022 - Qubit (Shannon Brown); Zymo clean-up in 40 µl (#9;  7.52 ng/µl),Lab -20˚C,FALSE,TRUE,Nanopore 16S
E941.2T.,941,,2,FALSE,,WOAC Spring 2022,,4/27/2022,,P10,2,Niskin; Sterivex 0.22µm filter,95% EtOH,,,,45.0,,47˚ 48.018' N,122˚ 43.170' W,,08:30,,,,1000,8.7,8.77,29.7,7.87 mg/L,,,,Emily Norton,,TRUE,100,8.65,Extracted on 05/10/2022 - Qubit (Shannon Brown); Zymo clean-up in 40 µl (#10;  9.92 ng/µl),Lab -20˚C,FALSE,TRUE,Nanopore 16S
E941.3T.,941,,3,FALSE,,WOAC Spring 2022,,4/27/2022,,P10,2,Niskin; Sterivex 0.22µm filter,95% EtOH,,,,45.0,,47˚ 48.018' N,122˚ 43.170' W,,08:30,,,,1000,8.7,8.77,29.7,7.87 mg/L,,,,Emily Norton,,TRUE,100,7.2,Extracted on 05/10/2022 - Qubit (Shannon Brown); Zymo clean-up in 40 µl (#11;  8.24 ng/µl),Lab -20˚C,FALSE,TRUE,Nanopore 16S
E942.1T.,942,,1,FALSE,,WOAC Spring 2022,,4/27/2022,,P12,10,Niskin; Sterivex 0.22µm filter,95% EtOH,,,,0.0,,47˚ 25.582' N,123˚ 6.460' W,,14:14,,,,1000,10.7,9.038,28.4,9.81 mg/L,,,,Emily Norton,,FALSE,,,,Lab -20˚C,FALSE,FALSE,
E942.2T.,942,,2,FALSE,,WOAC Spring 2022,,4/27/2022,,P12,10,Niskin; Sterivex 0.22µm filter,95% EtOH,,,,0.0,,47˚ 25.582' N,123˚ 6.460' W,,14:14,,,,1000,10.7,9.038,28.4,9.81 mg/L,,,,Emily Norton,,FALSE,,,,Lab -20˚C,FALSE,FALSE,
E942.3T.,942,,3,FALSE,,WOAC Spring 2022,,4/27/2022,,P12,10,Niskin; Sterivex 0.22µm filter,95% EtOH,,,,0.0,,47˚ 25.582' N,123˚ 6.460' W,,14:14,,,,1000,10.7,9.038,28.4,9.81 mg/L,,,,Emily Norton,,FALSE,,,,Lab -20˚C,FALSE,FALSE,
E943.1T.,943,,1,FALSE,,WOAC Spring 2022,,4/27/2022,,P12,5,Niskin; Sterivex 0.22µm filter,95% EtOH,,,,50.0,,47˚ 25.582' N,123˚ 6.460' W,,14:14,,,,1000,9.5,8.466,29.9,4.38 mg/L,,,,Emily Norton,,FALSE,,,,Lab -20˚C,FALSE,FALSE,
E943.2T.,943,,2,FALSE,,WOAC Spring 2022,,4/27/2022,,P12,5,Niskin; Sterivex 0.22µm filter,95% EtOH,,,,50.0,,47˚ 25.582' N,123˚ 6.460' W,,14:14,,,,1000,9.5,8.466,29.9,4.38 mg/L,,,,Emily Norton,,FALSE,,,,Lab -20˚C,FALSE,FALSE,
E943.3T.,943,,3,FALSE,,WOAC Spring 2022,,4/27/2022,,P12,5,Niskin; Sterivex 0.22µm filter,95% EtOH,,,,50.0,,47˚ 25.582' N,123˚ 6.460' W,,14:14,,,,1000,9.5,8.466,29.9,4.38 mg/L,,,,Emily Norton,,FALSE,,,,Lab -20˚C,FALSE,FALSE,
E944.1T.,944,,1,FALSE,,WOAC Spring 2022,,4/27/2022,,P12,2,Niskin; Sterivex 0.22µm filter,95% EtOH,,,,120.0,,47˚ 25.582' N,123˚ 6.460' W,,14:14,,,,1000,10.3,8.351,30.2,3.46 mg/L,,,,Emily Norton,,FALSE,,,,Lab -20˚C,FALSE,FALSE,
E944.2T.,944,,2,FALSE,,WOAC Spring 2022,,4/27/2022,,P12,2,Niskin; Sterivex 0.22µm filter,95% EtOH,,,,120.0,,47˚ 25.582' N,123˚ 6.460' W,,14:14,,,,1000,10.3,8.351,30.2,3.46 mg/L,,,,Emily Norton,,FALSE,,,,Lab -20˚C,FALSE,FALSE,
E944.3T.,944,,3,FALSE,,WOAC Spring 2022,,4/27/2022,,P12,2,Niskin; Sterivex 0.22µm filter,95% EtOH,,,,120.0,,47˚ 25.582' N,123˚ 6.460' W,,14:14,,,,1000,10.3,8.351,30.2,3.46 mg/L,,,,Emily Norton,,FALSE,,,,Lab -20˚C,FALSE,FALSE,
E945.1T.,945,,1,FALSE,,WOAC Spring 2022,,4/27/2022,,P402,9,Niskin; Sterivex 0.22µm filter,95% EtOH,,,,0.0,,47˚ 21.366' N,123˚ 1.523' W,,16:11,,,,1000,12.3,9.27,25.3,11.49 mg/L,,,,Emily Norton,,FALSE,,,,Lab -20˚C,FALSE,FALSE,
E945.2T.,945,,2,FALSE,,WOAC Spring 2022,,4/27/2022,,P402,9,Niskin; Sterivex 0.22µm filter,95% EtOH,,,,0.0,,47˚ 21.366' N,123˚ 1.523' W,,16:11,,,,1000,12.3,9.27,25.3,11.49 mg/L,,,,Emily Norton,,FALSE,,,,Lab -20˚C,FALSE,FALSE,
E945.3T.,945,,3,FALSE,,WOAC Spring 2022,,4/27/2022,,P402,9,Niskin; Sterivex 0.22µm filter,95% EtOH,,,,0.0,,47˚ 21.366' N,123˚ 1.523' W,,16:11,,,,1000,12.3,9.27,25.3,11.49 mg/L,,,,Emily Norton,,FALSE,,,,Lab -20˚C,FALSE,FALSE,
E946.1T.,946,,1,FALSE,,WOAC Spring 2022,,4/27/2022,,P402,5,Niskin; Sterivex 0.22µm filter,95% EtOH,,,,20.0,,47˚ 21.366' N,123˚ 1.523' W,,16:11,,,,1000,10.3,8.365,29.9,2.88 mg/L,,,,Emily Norton,,FALSE,,,,Lab -20˚C,FALSE,FALSE,
E946.2T.,946,,2,FALSE,,WOAC Spring 2022,,4/27/2022,,P402,5,Niskin; Sterivex 0.22µm filter,95% EtOH,,,,20.0,,47˚ 21.366' N,123˚ 1.523' W,,16:11,,,,1000,10.3,8.365,29.9,2.88 mg/L,,,,Emily Norton,,FALSE,,,,Lab -20˚C,FALSE,FALSE,
E946.3T.,946,,3,FALSE,,WOAC Spring 2022,,4/27/2022,,P402,5,Niskin; Sterivex 0.22µm filter,95% EtOH,,,,20.0,,47˚ 21.366' N,123˚ 1.523' W,,16:11,,,,1000,10.3,8.365,29.9,2.88 mg/L,,,,Emily Norton,,FALSE,,,,Lab -20˚C,FALSE,FALSE,
E947.1T.,947,,1,FALSE,,WOAC Spring 2022,,4/27/2022,,P402,2,Niskin; Sterivex 0.22µm filter,95% EtOH,,,,45.0,,47˚ 21.366' N,123˚ 1.523' W,,16:11,,,,1000,10.3,8.358,30.0,3.06 mg/L,,,,Emily Norton,,FALSE,,,,Lab -20˚C,FALSE,FALSE,
E947.2T.,947,,2,FALSE,,WOAC Spring 2022,,4/27/2022,,P402,2,Niskin; Sterivex 0.22µm filter,95% EtOH,,,,45.0,,47˚ 21.366' N,123˚ 1.523' W,,16:11,,,,1000,10.3,8.358,30.0,3.06 mg/L,,,,Emily Norton,,FALSE,,,,Lab -20˚C,FALSE,FALSE,
E947.3T.,947,,3,FALSE,,WOAC Spring 2022,,4/27/2022,,P402,2,Niskin; Sterivex 0.22µm filter,95% EtOH,,,,45.0,,47˚ 21.366' N,123˚ 1.523' W,,16:11,,,,1000,10.3,8.358,30.0,3.06 mg/L,,,,Emily Norton,,FALSE,,,,Lab -20˚C,FALSE,FALSE,
E948.1T.,948,,1,FALSE,,WOAC Spring 2022,,4/28/2022,,P29,12,Niskin; Sterivex 0.22µm filter,95% EtOH,,,,0.0,,47˚ 33.386' N,122˚ 26.632' W,,12:45,,,,1000,9.5,8.851,29.0,8.89 mg/L,,,,Emily Norton,,FALSE,,,,Lab -20˚C,FALSE,FALSE,
E948.2T.,948,,2,FALSE,,WOAC Spring 2022,,4/28/2022,,P29,12,Niskin; Sterivex 0.22µm filter,95% EtOH,,,,0.0,,47˚ 33.386' N,122˚ 26.632' W,,12:45,,,,1000,9.5,8.851,29.0,8.89 mg/L,,,,Emily Norton,,FALSE,,,,Lab -20˚C,FALSE,FALSE,
E948.3T.,948,,3,FALSE,,WOAC Spring 2022,,4/28/2022,,P29,12,Niskin; Sterivex 0.22µm filter,95% EtOH,,,,0.0,,47˚ 33.386' N,122˚ 26.632' W,,12:45,,,,1000,9.5,8.851,29.0,8.89 mg/L,,,,Emily Norton,,FALSE,,,,Lab -20˚C,FALSE,FALSE,
E949.1T.,949,,1,FALSE,,WOAC Spring 2022,,4/28/2022,,P29,7,Niskin; Sterivex 0.22µm filter,95% EtOH,,,,50.0,,47˚ 33.386' N,122˚ 26.632' W,,12:45,,,,1000,8.7,8.778,29.2,8.17 mg/L,,,,Emily Norton,,FALSE,,,,Lab -20˚C,FALSE,FALSE,
E949.2T.,949,,2,FALSE,,WOAC Spring 2022,,4/28/2022,,P29,7,Niskin; Sterivex 0.22µm filter,95% EtOH,,,,50.0,,47˚ 33.386' N,122˚ 26.632' W,,12:45,,,,1000,8.7,8.778,29.2,8.17 mg/L,,,,Emily Norton,,FALSE,,,,Lab -20˚C,FALSE,FALSE,
E949.3T.,949,,3,FALSE,,WOAC Spring 2022,,4/28/2022,,P29,7,Niskin; Sterivex 0.22µm filter,95% EtOH,,,,50.0,,47˚ 33.386' N,122˚ 26.632' W,,12:45,,,,1000,8.7,8.778,29.2,8.17 mg/L,,,,Emily Norton,,FALSE,,,,Lab -20˚C,FALSE,FALSE,
E950.1T.,950,,1,FALSE,,WOAC Spring 2022,,4/28/2022,,P29,1,Niskin; Sterivex 0.22µm filter,95% EtOH,,,,225.0,,47˚ 33.386' N,122˚ 26.632' W,,12:45,,,,1000,8.5,8.737,30.0,7.53 mg/L,,,,Emily Norton,,FALSE,,,,Lab -20˚C,FALSE,FALSE,
E950.2T.,950,,2,FALSE,,WOAC Spring 2022,,4/28/2022,,P29,1,Niskin; Sterivex 0.22µm filter,95% EtOH,,,,225.0,,47˚ 33.386' N,122˚ 26.632' W,,12:45,,,,1000,8.5,8.737,30.0,7.53 mg/L,,,,Emily Norton,,FALSE,,,,Lab -20˚C,FALSE,FALSE,
E950.3T.,950,,3,FALSE,,WOAC Spring 2022,,4/28/2022,,P29,1,Niskin; Sterivex 0.22µm filter,95% EtOH,,,,225.0,,47˚ 33.386' N,122˚ 26.632' W,,12:45,,,,1000,8.5,8.737,30.0,7.53 mg/L,,,,Emily Norton,,FALSE,,,,Lab -20˚C,FALSE,FALSE,
E951.1T.,951,,1,FALSE,,WOAC Spring 2022,,4/29/2022,,P36,11,Niskin; Sterivex 0.22µm filter,95% EtOH,,,,0.0,,47˚ 10.042' N,122˚ 47.213' W,,09:10,,,,1000,9.5,9.197,28.2,10.4 mg/L,,,,Emily Norton,,FALSE,,,,Lab -20˚C,FALSE,FALSE,
E951.2T.,951,,2,FALSE,,WOAC Spring 2022,,4/29/2022,,P36,11,Niskin; Sterivex 0.22µm filter,95% EtOH,,,,0.0,,47˚ 10.042' N,122˚ 47.213' W,,09:10,,,,1000,9.5,9.197,28.2,10.4 mg/L,,,,Emily Norton,,FALSE,,,,Lab -20˚C,FALSE,FALSE,
E951.3T.,951,,3,FALSE,,WOAC Spring 2022,,4/29/2022,,P36,11,Niskin; Sterivex 0.22µm filter,95% EtOH,,,,0.0,,47˚ 10.042' N,122˚ 47.213' W,,09:10,,,,1000,9.5,9.197,28.2,10.4 mg/L,,,,Emily Norton,,FALSE,,,,Lab -20˚C,FALSE,FALSE,
E952.1T.,952,,1,FALSE,,WOAC Spring 2022,,4/29/2022,,P36,5,Niskin; Sterivex 0.22µm filter,95% EtOH,,,,50.0,,47˚ 10.042' N,122˚ 47.213' W,,09:10,,,,1000,8.9,8.817,28.7,8.53 mg/L,,,,Emily Norton,,FALSE,,,,Lab -20˚C,FALSE,FALSE,
E952.2T.,952,,2,FALSE,,WOAC Spring 2022,,4/29/2022,,P36,5,Niskin; Sterivex 0.22µm filter,95% EtOH,,,,50.0,,47˚ 10.042' N,122˚ 47.213' W,,09:10,,,,1000,8.9,8.817,28.7,8.53 mg/L,,,,Emily Norton,,FALSE,,,,Lab -20˚C,FALSE,FALSE,
E952.3T.,952,,3,FALSE,,WOAC Spring 2022,,4/29/2022,,P36,5,Niskin; Sterivex 0.22µm filter,95% EtOH,,,,50.0,,47˚ 10.042' N,122˚ 47.213' W,,09:10,,,,1000,8.9,8.817,28.7,8.53 mg/L,,,,Emily Norton,,FALSE,,,,Lab -20˚C,FALSE,FALSE,
E953.1T.,953,,1,FALSE,,WOAC Spring 2022,,4/29/2022,,P36,2,Niskin; Sterivex 0.22µm filter,95% EtOH,,,,85.0,,47˚ 10.042' N,122˚ 47.213' W,,09:10,,,,1000,8.9,8.821,28.8,8.51 mg/L,,,,Emily Norton,,FALSE,,,,Lab -20˚C,FALSE,FALSE,
E953.2T.,953,,2,FALSE,,WOAC Spring 2022,,4/29/2022,,P36,2,Niskin; Sterivex 0.22µm filter,95% EtOH,,,,85.0,,47˚ 10.042' N,122˚ 47.213' W,,09:10,,,,1000,8.9,8.821,28.8,8.51 mg/L,,,,Emily Norton,,FALSE,,,,Lab -20˚C,FALSE,FALSE,
E953.3T.,953,,3,FALSE,,WOAC Spring 2022,,4/29/2022,,P36,2,Niskin; Sterivex 0.22µm filter,95% EtOH,,,,85.0,,47˚ 10.042' N,122˚ 47.213' W,,09:10,,,,1000,8.9,8.821,28.8,8.51 mg/L,,,,Emily Norton,,FALSE,,,,Lab -20˚C,FALSE,FALSE,
E954.1T.,954,,1,FALSE,,WOAC Spring 2022,,4/29/2022,,P38,11,Niskin; Sterivex 0.22µm filter,95% EtOH,,,,0.0,,47˚ 16.590' N,122˚ 42.413' W,,10:50,,,,1000,10.5,9.458,28.3,13.57 mg/L,,,,Emily Norton,,FALSE,,,,Lab -20˚C,FALSE,FALSE,
E954.2T.,954,,2,FALSE,,WOAC Spring 2022,,4/29/2022,,P38,11,Niskin; Sterivex 0.22µm filter,95% EtOH,,,,0.0,,47˚ 16.590' N,122˚ 42.413' W,,10:50,,,,1000,10.5,9.458,28.3,13.57 mg/L,,,,Emily Norton,,FALSE,,,,Lab -20˚C,FALSE,FALSE,
E954.3T.,954,,3,FALSE,,WOAC Spring 2022,,4/29/2022,,P38,11,Niskin; Sterivex 0.22µm filter,95% EtOH,,,,0.0,,47˚ 16.590' N,122˚ 42.413' W,,10:50,,,,1000,10.5,9.458,28.3,13.57 mg/L,,,,Emily Norton,,FALSE,,,,Lab -20˚C,FALSE,FALSE,
E955.1T.,955,,1,FALSE,,WOAC Spring 2022,,4/29/2022,,P38,5,Niskin; Sterivex 0.22µm filter,95% EtOH,,,,50.0,,47˚ 16.590' N,122˚ 42.413' W,,10:50,,,,1000,8.6,8.7,28.8,7.49 mg/L,,,,Emily Norton,,FALSE,,,,Lab -20˚C,FALSE,FALSE,
E955.2T.,955,,2,FALSE,,WOAC Spring 2022,,4/29/2022,,P38,5,Niskin; Sterivex 0.22µm filter,95% EtOH,,,,50.0,,47˚ 16.590' N,122˚ 42.413' W,,10:50,,,,1000,8.6,8.7,28.8,7.49 mg/L,,,,Emily Norton,,FALSE,,,,Lab -20˚C,FALSE,FALSE,
E955.3T.,955,,3,FALSE,,WOAC Spring 2022,,4/29/2022,,P38,5,Niskin; Sterivex 0.22µm filter,95% EtOH,,,,50.0,,47˚ 16.590' N,122˚ 42.413' W,,10:50,,,,1000,8.6,8.7,28.8,7.49 mg/L,,,,Emily Norton,,FALSE,,,,Lab -20˚C,FALSE,FALSE,
E956.1T.,956,,1,FALSE,,WOAC Spring 2022,,4/29/2022,,P38,2,Niskin; Sterivex 0.22µm filter,95% EtOH,,,,90.0,,47˚ 16.590' N,122˚ 42.413' W,,10:50,,,,1000,8.7,8.742,28.9,7.89 mg/L,,,,Emily Norton,,FALSE,,,,Lab -20˚C,FALSE,FALSE,
E956.2T.,956,,2,FALSE,,WOAC Spring 2022,,4/29/2022,,P38,2,Niskin; Sterivex 0.22µm filter,95% EtOH,,,,90.0,,47˚ 16.590' N,122˚ 42.413' W,,10:50,,,,1000,8.7,8.742,28.9,7.89 mg/L,,,,Emily Norton,,FALSE,,,,Lab -20˚C,FALSE,FALSE,
E956.3T.,956,,3,FALSE,,WOAC Spring 2022,,4/29/2022,,P38,2,Niskin; Sterivex 0.22µm filter,95% EtOH,,,,90.0,,47˚ 16.590' N,122˚ 42.413' W,,10:50,,,,1000,8.7,8.742,28.9,7.89 mg/L,,,,Emily Norton,,FALSE,,,,Lab -20˚C,FALSE,FALSE,
E957.NC.,957,,,TRUE,,WOAC Spring 2022,,4/29/2022,-,-,-,Sterivex 0.22µm filter,95% EtOH,,,,-,,-,-,,-,,,,1000,,,,,,,,Emily Norton,,FALSE,,,,Lab -20˚C,FALSE,FALSE,
E958.,958,,,FALSE,,,,,,,,,,,,,,,,,,,,,,,,,,,,,,,,FALSE,,,,,FALSE,FALSE,
E959.,959,,,FALSE,,,,,,,,,,,,,,,,,,,,,,,,,,,,,,,,FALSE,,,,,FALSE,FALSE,
E960.,960,,,FALSE,,,,,,,,,,,,,,,,,,,,,,,,,,,,,,,,FALSE,,,,,FALSE,FALSE,
E961.,961,,,FALSE,,,,,,,,,,,,,,,,,,,,,,,,,,,,,,,,FALSE,,,,,FALSE,FALSE,
E962.,962,,,FALSE,,,,,,,,,,,,,,,,,,,,,,,,,,,,,,,,FALSE,,,,,FALSE,FALSE,
E963.,963,,,FALSE,,,,,,,,,,,,,,,,,,,,,,,,,,,,,,,,FALSE,,,,,FALSE,FALSE,
E964.,964,,,FALSE,,,,,,,,,,,,,,,,,,,,,,,,,,,,,,,,FALSE,,,,,FALSE,FALSE,
E965.,965,,,FALSE,,,,,,,,,,,,,,,,,,,,,,,,,,,,,,,,FALSE,,,,,FALSE,FALSE,
E966.NC.NA128,966,,,TRUE,NA128,Cascadia 2021,07/23/21,,-,-,-,Sterivex 0.22µm filter,95% EtOH,Cascadia Margin,,,-,-,-,-,-,-,-,-,-,1000,-,,-,-,,,,Shannon Brown,,TRUE,,,,Lab -20˚C,FALSE,FALSE,
E967.1T.NA128,967,,1,FALSE,NA128,Cascadia 2021,07/23/21,,NA128-002,H1858,6,Niskin; Sterivex 0.22µm filter,95% EtOH,Cascadia Margin,Carbonate Ridge,,493.0,1,,,"44.835,  -124.925",11:35,11:37,18:35,18:37,1000,5.6,,34.2,16.0,,,,Shannon Brown,"1 m above bubble stream coming from a small hole in seafloor near carbonate rock, bacterial mats, and shell hash",TRUE,,,,Lab -20˚C,FALSE,FALSE,
E967.2T.NA128,967,,2,FALSE,NA128,Cascadia 2021,07/23/21,,NA128-002,H1858,6,Niskin; Sterivex 0.22µm filter,95% EtOH,Cascadia Margin,Carbonate Ridge,,493.0,1,,,"44.835,  -124.925",11:35,11:37,18:35,18:37,1000,5.6,,34.2,16.0,,,,Shannon Brown,"1 m above bubble stream coming from a small hole in seafloor near carbonate rock, bacterial mats, and shell hash",TRUE,,,,Lab -20˚C,FALSE,FALSE,
E968.1T.NA128,968,,1,FALSE,NA128,Cascadia 2021,07/23/21,,NA128-003,H1858,5,Niskin; Sterivex 0.22µm filter,95% EtOH,Cascadia Margin,Carbonate Ridge,,484.0,10,,,"44.835,  -124.925",11:40,11:43,18:40,18:43,1000,5.9,,34.1,19.6,,,,Shannon Brown,Taken 10 m above bubble stream,TRUE,,,,Lab -20˚C,FALSE,FALSE,
E968.2T.NA128,968,,2,FALSE,NA128,Cascadia 2021,07/23/21,,NA128-003,H1858,5,Niskin; Sterivex 0.22µm filter,95% EtOH,Cascadia Margin,Carbonate Ridge,,484.0,10,,,"44.835,  -124.925",11:40,11:43,18:40,18:43,1000,5.9,,34.1,19.6,,,,Shannon Brown,Taken 10 m above bubble stream,TRUE,,,,Lab -20˚C,FALSE,FALSE,
E969.1T.NA128,969,,1,FALSE,NA128,Cascadia 2021,07/23/21,,NA128-008,H1858,4,Niskin; Sterivex 0.22µm filter,95% EtOH,Cascadia Margin,Carbonate Ridge,,496.0,1,,,"44.835,  -124.925",13:16,13:16,20:16,20:16,1000,5.9,,34.1,20.8,,,,Shannon Brown,Taken 25 m downcurrent from first seep sampling site (heading 023),TRUE,,,,Lab -20˚C,FALSE,FALSE,
E969.2T.NA128,969,,2,FALSE,NA128,Cascadia 2021,07/23/21,,NA128-008,H1858,4,Niskin; Sterivex 0.22µm filter,95% EtOH,Cascadia Margin,Carbonate Ridge,,496.0,1,,,"44.835,  -124.925",13:16,13:16,20:16,20:16,700,5.9,,34.1,20.8,,,,Shannon Brown,Taken 25 m downcurrent from first seep sampling site (heading 023),TRUE,,,,Lab -20˚C,FALSE,FALSE,
E970.1T.NA128,970,,1,FALSE,NA128,Cascadia 2021,07/23/21,,NA128-012,H1858,3,Niskin; Sterivex 0.22µm filter,95% EtOH,Cascadia Margin,Carbonate Ridge,,494.0,1,,,"44.832,  -124.923",16:14,16:15,23:14,23:15,1000,5.8,,34.1,19.7,,,,Shannon Brown,1 m above the seafloor; near GT2 sample and four plumes,TRUE,,,,Lab -20˚C,FALSE,FALSE,
E970.2T.NA128,970,,2,FALSE,NA128,Cascadia 2021,07/23/21,,NA128-012,H1858,3,Niskin; Sterivex 0.22µm filter,95% EtOH,Cascadia Margin,Carbonate Ridge,,494.0,1,,,"44.832,  -124.923",16:14,16:15,23:14,23:15,1000,5.8,,34.1,19.7,,,,Shannon Brown,1 m above the seafloor; near GT2 sample and four plumes,TRUE,,,,Lab -20˚C,FALSE,FALSE,
E971.1T.NA128,971,,1,FALSE,NA128,Cascadia 2021,07/23/21,,NA128-014,H1858,2,Niskin; Sterivex 0.22µm filter,95% EtOH,Cascadia Margin,Carbonate Ridge,,486.0,10,,,"44.832,  -124.923",16:25,16:26,23:25,23:26,1000,5.9,,34.1,20.5,,,,Shannon Brown,"10 m above the seafloor and near GT2 sample; sterveix shot off into the sink, and might be contaminated",TRUE,,,,Lab -20˚C,FALSE,FALSE,
E971.2T.NA128,971,,2,FALSE,NA128,Cascadia 2021,07/23/21,,NA128-014,H1858,2,Niskin; Sterivex 0.22µm filter,95% EtOH,Cascadia Margin,Carbonate Ridge,,486.0,10,,,"44.832,  -124.923",16:25,16:26,23:25,23:26,1000,5.9,,34.1,20.5,,,,Shannon Brown,"10 m above the seafloor and near GT2 sample; sterveix shot off into the sink, and might be contaminated",TRUE,,,,Lab -20˚C,FALSE,FALSE,
E972.1T.NA128,972,,1,FALSE,NA128,Cascadia 2021,07/23/21,,NA128-015,H1858,1,Niskin; Sterivex 0.22µm filter,95% EtOH,Cascadia Margin,Carbonate Ridge,,493.0,1,,,"44.832,  -124.923",16:36,16:37,23:36,23:37,1000,5.8,,34.1,19.8,,,,Shannon Brown,Taken ~25 m downcurrent from the plume sampled by GT2,TRUE,,,,Lab -20˚C,FALSE,FALSE,
E972.2T.NA128,972,,2,FALSE,NA128,Cascadia 2021,07/23/21,,NA128-015,H1858,1,Niskin; Sterivex 0.22µm filter,95% EtOH,Cascadia Margin,Carbonate Ridge,,493.0,1,,,"44.832,  -124.923",16:36,16:37,23:36,23:37,1000,5.8,,34.1,19.8,,,,Shannon Brown,Taken ~25 m downcurrent from the plume sampled by GT2,TRUE,,,,Lab -20˚C,FALSE,FALSE,
E973.1T.NA128,973,,1,FALSE,NA128,Cascadia 2021,07/25/21,,NA128-019,H1859,1,Niskin; Sterivex 0.22µm filter,95% EtOH,Cascadia Margin,Astoria Canyon Hydrate,,830.0,1,,,"46.254,  -124.639",14:05,14:08,21:05,21:08,1000,4.1,,34.3,1.1,,,,Shannon Brown,1 m above bubble stream at GT sample location,TRUE,,,,Lab -20˚C,FALSE,FALSE,
E973.2T.NA128,973,,2,FALSE,NA128,Cascadia 2021,07/25/21,,NA128-019,H1859,1,Niskin; Sterivex 0.22µm filter,95% EtOH,Cascadia Margin,Astoria Canyon Hydrate,,830.0,1,,,"46.254,  -124.639",14:05,14:08,21:05,21:08,1000,4.1,,34.3,1.1,,,,Shannon Brown,1 m above bubble stream at GT sample location,TRUE,,,,Lab -20˚C,FALSE,FALSE,
E974.1T.NA128,974,,1,FALSE,NA128,Cascadia 2021,07/25/21,,NA128-020,H1859,2,Niskin; Sterivex 0.22µm filter,95% EtOH,Cascadia Margin,Astoria Canyon Hydrate,,828.0,4,,,"46.254,  -124.639",14:09,14:10,21:09,21:10,1000,4.1,,34.3,1.1,,,,Shannon Brown,4 m above bubble stream at GT sample location,TRUE,,,,Lab -20˚C,FALSE,FALSE,
E974.2T.NA128,974,,2,FALSE,NA128,Cascadia 2021,07/25/21,,NA128-020,H1859,2,Niskin; Sterivex 0.22µm filter,95% EtOH,Cascadia Margin,Astoria Canyon Hydrate,,828.0,4,,,"46.254,  -124.639",14:09,14:10,21:09,21:10,~950,4.1,,34.3,1.1,,,,Shannon Brown,4 m above bubble stream at GT sample location,TRUE,,,,Lab -20˚C,FALSE,FALSE,
E975.1T.NA128,975,,1,FALSE,NA128,Cascadia 2021,07/25/21,,NA128-021,H1859,3,Niskin; Sterivex 0.22µm filter,95% EtOH,Cascadia Margin,Astoria Canyon Hydrate,,825.0,10,,,"46.254,  -124.639",14:20,14:11,21:20,21:11,1000,4.1,,34.3,1.1,,,,Shannon Brown,10 m above bubble stream at GT sample location,TRUE,,,,Lab -20˚C,FALSE,FALSE,
E975.2T.NA128,975,,2,FALSE,NA128,Cascadia 2021,07/25/21,,NA128-021,H1859,3,Niskin; Sterivex 0.22µm filter,95% EtOH,Cascadia Margin,Astoria Canyon Hydrate,,825.0,10,,,"46.254,  -124.639",14:20,14:11,21:20,21:11,1000,4.1,,34.3,1.1,,,,Shannon Brown,10 m above bubble stream at GT sample location,TRUE,,,,Lab -20˚C,FALSE,FALSE,
E976.1T.NA128,976,,1,FALSE,NA128,Cascadia 2021,07/25/21,,NA128-025,H1859,4,Niskin; Sterivex 0.22µm filter,95% EtOH,Cascadia Margin,Astoria Canyon Hydrate,,837.0,1,,,"46.253,  -124.64",14:47,14:52,21:47,21:52,1000,4.1,,34.3,1.1,,,,Shannon Brown,Taken 25 m downcurrent of GT sample (due south); ~1 m off seafloor over flat sediment wih abundant pink sea stars,TRUE,,,,Lab -20˚C,FALSE,FALSE,
E976.2T.NA128,976,,2,FALSE,NA128,Cascadia 2021,07/25/21,,NA128-025,H1859,4,Niskin; Sterivex 0.22µm filter,95% EtOH,Cascadia Margin,Astoria Canyon Hydrate,,837.0,1,,,"46.253,  -124.64",14:47,14:52,21:47,21:52,1000,4.1,,34.3,1.1,,,,Shannon Brown,Taken 25 m downcurrent of GT sample (due south); ~1 m off seafloor over flat sediment wih abundant pink sea stars,TRUE,,,,Lab -20˚C,FALSE,FALSE,
E977.1T.NA128,977,,1,FALSE,NA128,Cascadia 2021,07/25/21,,NA128-026,H1859,5,Niskin; Sterivex 0.22µm filter,95% EtOH,Cascadia Margin,Astoria Canyon Hydrate,,838.0,1,,,"46.252,  -124.638",15:08,15:08,22:08,22:08,1000,4.1,,34.3,1.1,,,,Shannon Brown,Taken 200 m downcurrent; ~1 m off seafloor over flat sediment with pink sea stars,TRUE,,,,Lab -20˚C,FALSE,FALSE,
E977.2T.NA128,977,,2,FALSE,NA128,Cascadia 2021,07/25/21,,NA128-026,H1859,5,Niskin; Sterivex 0.22µm filter,95% EtOH,Cascadia Margin,Astoria Canyon Hydrate,,838.0,1,,,"46.252,  -124.638",15:08,15:08,22:08,22:08,1000,4.1,,34.3,1.1,,,,Shannon Brown,Taken 200 m downcurrent; ~1 m off seafloor over sediment with sea stars; collected in 1L see-through platypus bottle (processed first),TRUE,,,,Lab -20˚C,FALSE,FALSE,
E978.1T.NA128,978,,1,FALSE,NA128,Cascadia 2021,07/25/21,,NA128-027,H1859,6,Niskin; Sterivex 0.22µm filter,95% EtOH,Cascadia Margin,Astoria Canyon Hydrate,,837.0,1,,,"46.25,  -124.637",15:40,15:47,22:40,22:47,1000,4.1,,34.3,1.2,,,,Shannon Brown,1 m above WP5 bubble stream near bacterial mat with small snails in depression,TRUE,,,,Lab -20˚C,FALSE,FALSE,
E978.2T.NA128,978,,2,FALSE,NA128,Cascadia 2021,07/25/21,,NA128-027,H1859,6,Niskin; Sterivex 0.22µm filter,95% EtOH,Cascadia Margin,Astoria Canyon Hydrate,,837.0,1,,,"46.25,  -124.637",15:40,15:47,22:40,22:47,1000,4.1,,34.3,1.2,,,,Shannon Brown,1 m above WP5 stream near bacterial mat with small snails in depression; collected in 1L see-through platypus bottle (proccessed first),TRUE,,,,Lab -20˚C,FALSE,FALSE,
E979.1T.NA128,979,,1,FALSE,NA128,Cascadia 2021,07/26/21,,NA128-036,H1860,1,Niskin; Sterivex 0.22µm filter,95% EtOH,Cascadia Margin,Deep Side of E. Kulm Ridge,,1597.0,1,,,"45.613,  -124.992",13:48,13:49,20:48,20:49,1000,2.5,,34.5,25.1,,,,Shannon Brown,1 m above white/gray bacterial mats and shell hash; west of WP1; near where minor bubbles were observed earlier,TRUE,,,,Lab -20˚C,FALSE,FALSE,
E979.2T.NA128,979,,2,FALSE,NA128,Cascadia 2021,07/26/21,,NA128-036,H1860,1,Niskin; Sterivex 0.22µm filter,95% EtOH,Cascadia Margin,Deep Side of E. Kulm Ridge,,1597.0,1,,,"45.613,  -124.992",13:48,13:49,20:48,20:49,1000,2.5,,34.5,25.1,,,,Shannon Brown,1 m above white/gray bacterial mats and shell hash; west of WP1; near where minor bubbles were observed earlier,TRUE,,,,Lab -20˚C,FALSE,FALSE,
E980.1T.NA128,980,,1,FALSE,NA128,Cascadia 2021,07/26/21,,NA128-037,H1860,2,Niskin; Sterivex 0.22µm filter,95% EtOH,Cascadia Margin,Deep Side of E. Kulm Ridge,,1597.0,10,,,"45.613,  -124.992",13:49,13:50,20:49,20:50,1000,2.5,,34.5,24.9,,,,Shannon Brown,"10 m above bacterial mats, right above where 1 m was taken",TRUE,,,,Lab -20˚C,FALSE,FALSE,
E980.2T.NA128,980,,2,FALSE,NA128,Cascadia 2021,07/26/21,,NA128-037,H1860,2,Niskin; Sterivex 0.22µm filter,95% EtOH,Cascadia Margin,Deep Side of E. Kulm Ridge,,1597.0,10,,,"45.613,  -124.992",13:49,13:50,20:49,20:50,1000,2.5,,34.5,24.9,,,,Shannon Brown,"10 m above bacterial mats, right above where 1 m was taken",TRUE,,,,Lab -20˚C,FALSE,FALSE,
E981.1T.NA128,981,,1,FALSE,NA128,Cascadia 2021,07/26/21,,NA128-040,H1860,3,Niskin; Sterivex 0.22µm filter,95% EtOH,Cascadia Margin,Deep Side of E. Kulm Ridge,,1598.0,1,,,"45.613,  -124.992",14:22,14:22,21:22,21:22,1000,2.5,,34.5,24.9,,,,Shannon Brown,Taken 25 m downcurrent of microbial mats,FALSE,,,,Lab -20˚C,FALSE,FALSE,
E981.2T.NA128,981,,2,FALSE,NA128,Cascadia 2021,07/26/21,,NA128-040,H1860,3,Niskin; Sterivex 0.22µm filter,95% EtOH,Cascadia Margin,Deep Side of E. Kulm Ridge,,1598.0,1,,,"45.613,  -124.992",14:22,14:22,21:22,21:22,1000,2.5,,34.5,24.9,,,,Shannon Brown,Taken 25 m downcurrent of microbial mats,FALSE,,,,Lab -20˚C,FALSE,FALSE,
E982.1T.NA128,982,,1,FALSE,NA128,Cascadia 2021,07/26/21,,NA128-042,H1860,4,Niskin; Sterivex 0.22µm filter,95% EtOH,Cascadia Margin,Deep Side of E. Kulm Ridge,,1595.0,20,,,"45.616,  -124.994",18:33,18:33,1:33,01:33,1000,2.5,,34.5,27.1,,,,Shannon Brown,Near end of 3rd transect; 20 m above seafloor,FALSE,,,,Lab -20˚C,FALSE,FALSE,
E982.2T.NA128,982,,2,FALSE,NA128,Cascadia 2021,07/26/21,,NA128-042,H1860,4,Niskin; Sterivex 0.22µm filter,95% EtOH,Cascadia Margin,Deep Side of E. Kulm Ridge,,1595.0,20,,,"45.616,  -124.994",18:33,18:33,1:33,01:33,1000,2.5,,34.5,27.1,,,,Shannon Brown,Near end of 3rd transect; 20 m above seafloor,FALSE,,,,Lab -20˚C,FALSE,FALSE,
E983.1T.NA128,983,,1,FALSE,NA128,Cascadia 2021,07/26/21,,NA128-043,H1860,5,Niskin; Sterivex 0.22µm filter,95% EtOH,Cascadia Margin,Deep Side of E. Kulm Ridge,,1585.0,30,,,"45.616,  -124.995",18:35,18:35,1:35,01:35,1000,2.5,,34.5,26.9,,,,Shannon Brown,Near end of 3rd transect about 30 m above seafloor,FALSE,,,,Lab -20˚C,FALSE,FALSE,
E983.2T.NA128,983,,2,FALSE,NA128,Cascadia 2021,07/26/21,,NA128-043,H1860,5,Niskin; Sterivex 0.22µm filter,95% EtOH,Cascadia Margin,Deep Side of E. Kulm Ridge,,1585.0,30,,,"45.616,  -124.995",18:35,18:35,1:35,01:35,1000,2.5,,34.5,26.9,,,,Shannon Brown,Near end of 3rd transect about 30 m above seafloor; collected in 1L see-through platypus bottle (processed first),FALSE,,,,Lab -20˚C,FALSE,FALSE,
E984.1T.NA128,984,,1,FALSE,NA128,Cascadia 2021,07/26/21,,NA128-044,H1860,6,Niskin; Sterivex 0.22µm filter,95% EtOH,Cascadia Margin,Deep Side of E. Kulm Ridge,,1575.0,40,,,"45.616,  -124.995",18:37,18:37,1:37,01:37,1000,2.5,,34.5,26.6,,,,Shannon Brown,Above 2 previous samples about 40 m above seafloor,FALSE,,,,Lab -20˚C,FALSE,FALSE,
E984.2T.NA128,984,,2,FALSE,NA128,Cascadia 2021,07/26/21,,NA128-044,H1860,6,Niskin; Sterivex 0.22µm filter,95% EtOH,Cascadia Margin,Deep Side of E. Kulm Ridge,,1575.0,40,,,"45.616,  -124.995",18:37,18:37,1:37,01:37,1000,2.5,,34.5,26.6,,,,Shannon Brown,Above 2 previous samples about 40 m above seafloor; collected in 1L see-through platypus bottle (processed first),FALSE,,,,Lab -20˚C,FALSE,FALSE,
E985.1T.NA128,985,,1,FALSE,NA128,Cascadia 2021,07/27/21,,NA128-045,H1861,6,Niskin; Sterivex 0.22µm filter,95% EtOH,Cascadia Margin,NW of Coquille,Base of Slope,1765.0,1,,,"43.326,  -125.188",11:48,11:49,18:48,18:49,1000,2.2,,34.6,40.4,,,,Shannon Brown,Taken 1 m above a bubble stream coming out of a fairly large (~30 cm) hole in the sea floor with mat and shell hash,TRUE,,,,Lab -20˚C,FALSE,FALSE,
E985.2T.NA128,985,,2,FALSE,NA128,Cascadia 2021,07/27/21,,NA128-045,H1861,6,Niskin; Sterivex 0.22µm filter,95% EtOH,Cascadia Margin,NW of Coquille,Base of Slope,1765.0,1,,,"43.326,  -125.188",11:48,11:49,18:48,18:49,1000,2.2,,34.6,40.4,,,,Shannon Brown,Taken 1 m above a bubble stream coming out of a fairly large (~30 cm) hole in the sea floor with mat and shell hash,TRUE,,,,Lab -20˚C,FALSE,FALSE,
E986.1T.NA128,986,,1,FALSE,NA128,Cascadia 2021,07/27/21,,NA128-046,H1861,5,Niskin; Sterivex 0.22µm filter,95% EtOH,Cascadia Margin,NW of Coquille,Base of Slope,1757.0,10,,,"43.326,  -125.188",11:52,11:52,18:52,18:52,~975,2.2,,34.6,40.7,,,,Shannon Brown,Taken 10 m above same bubble stream; sterveix shot off into the sink and might be contaminated,TRUE,,,,Lab -20˚C,FALSE,FALSE,
E986.2T.NA128,986,,2,FALSE,NA128,Cascadia 2021,07/27/21,,NA128-046,H1861,5,Niskin; Sterivex 0.22µm filter,95% EtOH,Cascadia Margin,NW of Coquille,Base of Slope,1757.0,10,,,"43.326,  -125.188",11:52,11:52,18:52,18:52,1000,2.2,,34.6,40.7,,,,Shannon Brown,Taken 10 m above same bubble stream,TRUE,,,,Lab -20˚C,FALSE,FALSE,
E987.1T.NA128,987,,1,FALSE,NA128,Cascadia 2021,7/27/21,,NA128-051,H1862,6,Niskin; Sterivex 0.22µm filter,95% EtOH,Cascadia Margin,NW of Coquille,Base of Slope,1763.0,4,,,"43.326,  -125.188",22:11,22:12,5:11,05:12,1000,2.3,,34.6,37.8,,,,Shannon Brown,Taken 4 m above bubble stream at WP1,TRUE,,,,Lab -20˚C,FALSE,FALSE,
E987.2T.NA128,987,,2,FALSE,NA128,Cascadia 2021,7/27/21,,NA128-051,H1862,6,Niskin; Sterivex 0.22µm filter,95% EtOH,Cascadia Margin,NW of Coquille,Base of Slope,1763.0,4,,,"43.326,  -125.188",22:11,22:12,5:11,05:12,1000,2.3,,34.6,37.8,,,,Shannon Brown,Taken 4 m above bubble stream at WP1,TRUE,,,,Lab -20˚C,FALSE,FALSE,
E988.1T.NA128,988,,1,FALSE,NA128,Cascadia 2021,7/28/21,,NA128-061,H1862,5,Niskin; Sterivex 0.22µm filter,95% EtOH,Cascadia Margin,NW of Coquille,Base of Slope,1770.0,1,,,"43.326,  -125.188",00:57,00:58,7:57,07:58,1000,2.1,,34.6,44.4,,,,Shannon Brown,Taken 25 m downcurrent (west) of original GT sampling location about ~1 m off seafloor,FALSE,,,,Lab -20˚C,FALSE,FALSE,
E988.2T.NA128,988,,2,FALSE,NA128,Cascadia 2021,7/28/21,,NA128-061,H1862,5,Niskin; Sterivex 0.22µm filter,95% EtOH,Cascadia Margin,NW of Coquille,Base of Slope,1770.0,1,,,"43.326,  -125.188",00:57,00:58,7:57,07:58,1000,2.1,,34.6,44.4,,,,Shannon Brown,Taken 25 m downcurrent (west) of original GT sampling location about ~1 m off seafloor,FALSE,,,,Lab -20˚C,FALSE,FALSE,
E989.1T.NA128,989,,1,FALSE,NA128,Cascadia 2021,7/28/21,,NA128-062,H1862,4,Niskin; Sterivex 0.22µm filter,95% EtOH,Cascadia Margin,NW of Coquille,Base of Slope,1749.0,20,,,"43.326,  -125.188",02:08,02:08,9:08,09:08,1000,2.2,,34.6,41.8,,,,Shannon Brown,Taken 20 m above the seafloor near bubble stream,TRUE,,,,Lab -20˚C,FALSE,FALSE,
E989.2T.NA128,989,,2,FALSE,NA128,Cascadia 2021,7/28/21,,NA128-062,H1862,4,Niskin; Sterivex 0.22µm filter,95% EtOH,Cascadia Margin,NW of Coquille,Base of Slope,1749.0,20,,,"43.326,  -125.188",02:08,02:08,9:08,09:08,1000,2.2,,34.6,41.8,,,,Shannon Brown,Taken 20 m above the seafloor near bubble stream,TRUE,,,,Lab -20˚C,FALSE,FALSE,
E990.1T.NA128,990,,1,FALSE,NA128,Cascadia 2021,7/28/21,,NA128-063,H1862,3,Niskin; Sterivex 0.22µm filter,95% EtOH,Cascadia Margin,NW of Coquille,Base of Slope,1727.0,30,,,"43.326,  -125.188",02:09,02:09,9:09,09:09,1000,2.2,,34.6,41.2,,,,Shannon Brown,Taken 30 m above the seafloor near bubble stream,FALSE,,,,Lab -20˚C,FALSE,FALSE,
E990.2T.NA128,990,,2,FALSE,NA128,Cascadia 2021,7/28/21,,NA128-063,H1862,3,Niskin; Sterivex 0.22µm filter,95% EtOH,Cascadia Margin,NW of Coquille,Base of Slope,1727.0,30,,,"43.326,  -125.188",02:09,02:09,9:09,09:09,1000,2.2,,34.6,41.2,,,,Shannon Brown,Taken 30 m above the seafloor near bubble stream,FALSE,,,,Lab -20˚C,FALSE,FALSE,
E991.1T.NA128,991,,1,FALSE,NA128,Cascadia 2021,7/28/21,,NA128-064,H1862,2,Niskin; Sterivex 0.22µm filter,95% EtOH,Cascadia Margin,NW of Coquille,Base of Slope,1720.0,40,,,"43.326,  -125.188",02:10,02:10,9:10,09:10,1000,2.3,,34.6,40.6,,,,Shannon Brown,Taken 40 m above the seafloor near bubble stream,TRUE,,,,Lab -20˚C,FALSE,FALSE,
E991.2T.NA128,991,,2,FALSE,NA128,Cascadia 2021,7/28/21,,NA128-064,H1862,2,Niskin; Sterivex 0.22µm filter,95% EtOH,Cascadia Margin,NW of Coquille,Base of Slope,1720.0,40,,,"43.326,  -125.188",02:10,02:10,9:10,09:10,1000,2.3,,34.6,40.6,,,,Shannon Brown,Taken 40 m above the seafloor near bubble stream; collected in 1L see-through platypus bottle (processed first); sterveix shot off into the sink and might be contaminated,TRUE,,,,Lab -20˚C,FALSE,FALSE,
E992.NC.NA128,992,,,TRUE,NA128,Cascadia 2021,7/28/21,,-,-,,Sterivex 0.22µm filter,95% EtOH,Cascadia Margin,,,-,-,,,-,-,-,-,-,1000,-,,-,-,,,,Shannon Brown,Sterveix shot off into the sink and might be contaminated,TRUE,,,,Lab -20˚C,FALSE,FALSE,
E993.1T.NA128,993,,1,FALSE,NA128,Cascadia 2021,7/28/21,,NA128-065,H1862,1,Niskin; Sterivex 0.22µm filter,95% EtOH,Cascadia Margin,NW of Coquille,Base of Slope,1720.0,50,,,"43.326,  -125.188",02:10,02:10,9:10,09:10,1000,2.3,,34.6,40.6,,,,Shannon Brown,Taken 50 m above the seafloor near bubble stream,FALSE,,,,Lab -20˚C,FALSE,FALSE,
E993.2T.NA128,993,,2,FALSE,NA128,Cascadia 2021,7/28/21,,NA128-065,H1862,1,Niskin; Sterivex 0.22µm filter,95% EtOH,Cascadia Margin,NW of Coquille,Base of Slope,1720.0,50,,,"43.326,  -125.188",02:10,02:10,9:10,09:10,1000,2.3,,34.6,40.6,,,,Shannon Brown,Taken 50 m above the seafloor near bubble stream; collected in 1L see-through platypus bottle (processed first),FALSE,,,,Lab -20˚C,FALSE,FALSE,
E994.1T.NA128,994,,1,FALSE,NA128,Cascadia 2021,07/29/21,,NA128-067,H1863,6,Niskin; Sterivex 0.22µm filter,95% EtOH,Cascadia Margin,SE of Grays Canyon (Salmi Plume),,151.0,1,,,"46.885,  -124.779",11:37,11:40,18:37,18:40,1000,7.0,,33.9,34.9,,,,Shannon Brown,1 m above bubble stream were carbonate sample was taken; sterveix shot off into the sink and might be contaminated,TRUE,,,,Lab -20˚C,FALSE,FALSE,
E994.2T.NA128,994,,2,FALSE,NA128,Cascadia 2021,07/29/21,,NA128-067,H1863,6,Niskin; Sterivex 0.22µm filter,95% EtOH,Cascadia Margin,SE of Grays Canyon (Salmi Plume),,151.0,1,,,"46.885,  -124.779",11:37,11:40,18:37,18:40,1000,7.0,,33.9,34.9,,,,Shannon Brown,1 m above bubble stream were carbonate sample was taken,TRUE,,,,Lab -20˚C,FALSE,FALSE,
E995.1T.NA128,995,,1,FALSE,NA128,Cascadia 2021,07/29/21,,NA128-068,H1863,5,Niskin; Sterivex 0.22µm filter,95% EtOH,Cascadia Margin,SE of Grays Canyon (Salmi Plume),,143.0,10,,,"46.885,  -124.779",11:47,11:47,18:47,18:47,1000,7.0,,33.9,36.0,,,,Shannon Brown,10 m above previously sampled bubble stream,TRUE,,,,Lab -20˚C,FALSE,FALSE,
E995.2T.NA128,995,,2,FALSE,NA128,Cascadia 2021,07/29/21,,NA128-068,H1863,5,Niskin; Sterivex 0.22µm filter,95% EtOH,Cascadia Margin,SE of Grays Canyon (Salmi Plume),,143.0,10,,,"46.885,  -124.779",11:47,11:47,18:47,18:47,1000,7.0,,33.9,36.0,,,,Shannon Brown,10 m above previously sampled bubble stream,TRUE,,,,Lab -20˚C,FALSE,FALSE,
E996.1T.NA128,996,,1,FALSE,NA128,Cascadia 2021,07/29/21,,NA128-070,H1863,4,Niskin; Sterivex 0.22µm filter,95% EtOH,Cascadia Margin,SE of Grays Canyon (Salmi Plume),,149.0,4,,,"46.885,  -124.779",12:46,12:46,19:46,19:46,1000,7.0,,33.9,35.4,,,,Shannon Brown,4 m above previously sampled bubble stream,TRUE,,,,Lab -20˚C,FALSE,FALSE,
E996.2T.NA128,996,,2,FALSE,NA128,Cascadia 2021,07/29/21,,NA128-070,H1863,4,Niskin; Sterivex 0.22µm filter,95% EtOH,Cascadia Margin,SE of Grays Canyon (Salmi Plume),,149.0,4,,,"46.885,  -124.779",12:46,12:46,19:46,19:46,1000,7.0,,33.9,35.4,,,,Shannon Brown,4 m above previously sampled bubble stream,TRUE,,,,Lab -20˚C,FALSE,FALSE,
E997.1T.NA128,997,,1,FALSE,NA128,Cascadia 2021,07/29/21,,NA128-071,H1863,3,Niskin; Sterivex 0.22µm filter,95% EtOH,Cascadia Margin,SE of Grays Canyon (Salmi Plume),,151.0,1,,,"46.885,  -124.779",12:52,12:52,19:52,19:52,1000,7.0,,33.9,35.1,,,,Shannon Brown,Taken 25 m downcurrent (NW of bubble stream); 1 m above seafloor,FALSE,,,,Lab -20˚C,FALSE,FALSE,
E997.2T.NA128,997,,2,FALSE,NA128,Cascadia 2021,07/29/21,,NA128-071,H1863,3,Niskin; Sterivex 0.22µm filter,95% EtOH,Cascadia Margin,SE of Grays Canyon (Salmi Plume),,151.0,1,,,"46.885,  -124.779",12:52,12:52,19:52,19:52,1000,7.0,,33.9,35.1,,,,Shannon Brown,Taken 25 m downcurrent (NW of bubble stream); 1 m above seafloor,FALSE,,,,Lab -20˚C,FALSE,FALSE,
E998.1T.NA128,998,,1,FALSE,NA128,Cascadia 2021,07/29/21,,NA128-076,H1863,2,Niskin; Sterivex 0.22µm filter,95% EtOH,Cascadia Margin,SE of Grays Canyon (Salmi Plume),,152.0,1,,,"46.884,  -124.779",15:09,15:13,22:09,22:13,1000,7.0,,33.9,31.5,,,,Shannon Brown,Taken 1 m; unknown location as metadata is incorrect,FALSE,,,,Lab -20˚C,FALSE,FALSE,
E998.2T.NA128,998,,2,FALSE,NA128,Cascadia 2021,07/29/21,,NA128-076,H1863,2,Niskin; Sterivex 0.22µm filter,95% EtOH,Cascadia Margin,SE of Grays Canyon (Salmi Plume),,152.0,1,,,"46.884,  -124.779",15:09,15:13,22:09,22:13,1000,7.0,,33.9,31.5,,,,Shannon Brown,Taken 1 m; unknown location as metadata is incorrect,FALSE,,,,Lab -20˚C,FALSE,FALSE,
E999.1T.NA128,999,,1,FALSE,NA128,Cascadia 2021,07/29/21,,NA128-081,H1863,1,Niskin; Sterivex 0.22µm filter,95% EtOH,Cascadia Margin,SE of Grays Canyon (Salmi Plume),,143.0,10,,,"46.884,  -124.779",16:39,16:39,23:39,23:39,1000,7.0,,33.9,30.5,,,,Shannon Brown,Sampled 10 m above seafloor at WP4 with a sizable amount of turbidity in the water column; collected in 1L see-through platypus bottle (processed first),FALSE,,,,Lab -20˚C,FALSE,FALSE,
E999.2T.NA128,999,,2,FALSE,NA128,Cascadia 2021,07/29/21,,NA128-081,H1863,1,Niskin; Sterivex 0.22µm filter,95% EtOH,Cascadia Margin,SE of Grays Canyon (Salmi Plume),,143.0,10,,,"46.884,  -124.779",16:39,16:39,23:39,23:39,1000,7.0,,33.9,30.5,,,,Shannon Brown,Sampled 10 m above seafloor at WP4 with a sizable amount of turbidity in the water column,FALSE,,,,Lab -20˚C,FALSE,FALSE,
E1000.1T.NA128,1000,,1,FALSE,NA128,Cascadia 2021,07/30/21,,NA128-086,H1864,1,Niskin; Sterivex 0.22µm filter,95% EtOH,Cascadia Margin,Ridge SW of Gray's Canyon,,1601.0,1,,,"46.789,  -125.493",12:40,12:40,19:40,19:40,1000,2.5,,34.5,25.3,,,,Shannon Brown,Taken 1 m over bacterial mat,FALSE,,,,Lab -20˚C,FALSE,FALSE,
E1000.2T.NA128,1000,,2,FALSE,NA128,Cascadia 2021,07/30/21,,NA128-086,H1864,1,Niskin; Sterivex 0.22µm filter,95% EtOH,Cascadia Margin,Ridge SW of Gray's Canyon,,1601.0,1,,,"46.789,  -125.493",12:40,12:40,19:40,19:40,1000,2.5,,34.5,25.3,,,,Shannon Brown,Taken 1 m over bacterial mat,FALSE,,,,Lab -20˚C,FALSE,FALSE,
E1001.1T.NA128,1001,,1,FALSE,NA128,Cascadia 2021,07/30/21,,NA128-093,H1864,3,Niskin; Sterivex 0.22µm filter,95% EtOH,Cascadia Margin,Ridge SW of Gray's Canyon,,1598.0,4,,,"46.789,  -125.493",14:15,14:16,21:15,21:16,1000,2.5,,34.5,26.1,,,,Shannon Brown,4 m above push core bacterial mat,FALSE,,,,Lab -20˚C,FALSE,FALSE,
E1001.2T.NA128,1001,,2,FALSE,NA128,Cascadia 2021,07/30/21,,NA128-093,H1864,3,Niskin; Sterivex 0.22µm filter,95% EtOH,Cascadia Margin,Ridge SW of Gray's Canyon,,1598.0,4,,,"46.789,  -125.493",14:15,14:16,21:15,21:16,1000,2.5,,34.5,26.1,,,,Shannon Brown,4 m above push core bacterial mat,FALSE,,,,Lab -20˚C,FALSE,FALSE,
E1002.1T.NA128,1002,,1,FALSE,NA128,Cascadia 2021,07/30/21,,NA128-094,H1864,4,Niskin; Sterivex 0.22µm filter,95% EtOH,Cascadia Margin,Ridge SW of Gray's Canyon,,1593.0,10,,,"46.789,  -125.493",14:19,14:19,21:19,21:19,1000,2.4,,34.5,26.5,,,,Shannon Brown,10 m above push core bacterial mat,FALSE,,,,Lab -20˚C,FALSE,FALSE,
E1002.2T.NA128,1002,,2,FALSE,NA128,Cascadia 2021,07/30/21,,NA128-094,H1864,4,Niskin; Sterivex 0.22µm filter,95% EtOH,Cascadia Margin,Ridge SW of Gray's Canyon,,1593.0,10,,,"46.789,  -125.493",14:19,14:19,21:19,21:19,1000,2.4,,34.5,26.5,,,,Shannon Brown,10 m above push core bacterial mat,FALSE,,,,Lab -20˚C,FALSE,FALSE,
E1003.1T.NA128,1003,,1,FALSE,NA128,Cascadia 2021,07/30/21,,NA128-095,H1864,5,Niskin; Sterivex 0.22µm filter,95% EtOH,Cascadia Margin,Ridge SW of Gray's Canyon,,1602.0,2,,,"46.79,  -125.493",14:45,14:49,21:45,21:49,1000,2.4,,34.5,26.9,,,,Shannon Brown,Taken ~25 NE of sampling direction (no obvious current direction); 2 m off bottom over steep sedimented slope with minimal fauna,FALSE,,,,Lab -20˚C,FALSE,FALSE,
E1003.2T.NA128,1003,,2,FALSE,NA128,Cascadia 2021,07/30/21,,NA128-095,H1864,5,Niskin; Sterivex 0.22µm filter,95% EtOH,Cascadia Margin,Ridge SW of Gray's Canyon,,1602.0,2,,,"46.79,  -125.493",14:45,14:49,21:45,21:49,1000,2.4,,34.5,26.9,,,,Shannon Brown,Taken ~25 NE of sampling direction (no obvious current direction); 2 m off bottom over steep sedimented slope with minimal fauna,FALSE,,,,Lab -20˚C,FALSE,FALSE,
E1004.1T.NA128,1004,,1,FALSE,NA128,Cascadia 2021,07/30/21,,NA128-096,H1864,6,Niskin; Sterivex 0.22µm filter,95% EtOH,Cascadia Margin,Ridge SW of Gray's Canyon,,1593.0,10,,,"46.79,  -125.493",14:50,14:50,21:50,21:50,1000,2.4,,34.5,26.8,,,,Shannon Brown,Taken ~25 NE of sampling direction (no obvious current direction); 10 m above seafloor for background,FALSE,,,,Lab -20˚C,FALSE,FALSE,
E1004.2T.NA128,1004,,2,FALSE,NA128,Cascadia 2021,07/30/21,,NA128-096,H1864,6,Niskin; Sterivex 0.22µm filter,95% EtOH,Cascadia Margin,Ridge SW of Gray's Canyon,,1593.0,10,,,"46.79,  -125.493",14:50,14:50,21:50,21:50,1000,2.4,,34.5,26.8,,,,Shannon Brown,Taken ~25 NE of sampling direction (no obvious current direction); 10 m above seafloor for background,FALSE,,,,Lab -20˚C,FALSE,FALSE,
E1005.1T.NA128,1005,,1,FALSE,NA128,Cascadia 2021,07/31/21,,NA128-097,H1865,6,Niskin; Sterivex 0.22µm filter,95% EtOH,Cascadia Margin,N of Guide Canyon Shelf,,147.0,1,,,"46.72,  -124.69",11:09,11:09,18:09,18:09,1000,7.1,,33.9,31.9,,,,Shannon Brown,1 m above where stream was previously observed; no current activity,TRUE,,,,Lab -20˚C,FALSE,FALSE,
E1005.2T.NA128,1005,,2,FALSE,NA128,Cascadia 2021,07/31/21,,NA128-097,H1865,6,Niskin; Sterivex 0.22µm filter,95% EtOH,Cascadia Margin,N of Guide Canyon Shelf,,147.0,1,,,"46.72,  -124.69",11:09,11:09,18:09,18:09,1000,7.1,,33.9,31.9,,,,Shannon Brown,1 m above where stream was previously observed; no current activity,TRUE,,,,Lab -20˚C,FALSE,FALSE,
E1006.1T.NA128,1006,,1,FALSE,NA128,Cascadia 2021,07/31/21,,NA128-098,H1865,5,Niskin; Sterivex 0.22µm filter,95% EtOH,Cascadia Margin,N of Guide Canyon Shelf,,138.0,10,,,"46.72,  -124.69",11:11,11:11,18:11,18:11,1000,7.1,,33.9,32.2,,,,Shannon Brown,10 m above where stream was previously observed; no current activity,TRUE,,,,Lab -20˚C,FALSE,FALSE,
E1006.2T.NA128,1006,,2,FALSE,NA128,Cascadia 2021,07/31/21,,NA128-098,H1865,5,Niskin; Sterivex 0.22µm filter,95% EtOH,Cascadia Margin,N of Guide Canyon Shelf,,138.0,10,,,"46.72,  -124.69",11:11,11:11,18:11,18:11,1000,7.1,,33.9,32.2,,,,Shannon Brown,10 m above where stream was previously observed; no current activity,TRUE,,,,Lab -20˚C,FALSE,FALSE,
E1007.1T.NA128,1007,,1,FALSE,NA128,Cascadia 2021,07/31/21,,NA128-100,H1865,4,Niskin; Sterivex 0.22µm filter,95% EtOH,Cascadia Margin,N of Guide Canyon Shelf,,147.0,1,,,"46.72,  -124.691",11:31,11:31,18:31,18:31,1000,7.1,,33.9,32.0,,,,Shannon Brown,Taken 25 m downcurrent (SW) from previous site; 1 m above seafloor,FALSE,,,,Lab -20˚C,FALSE,FALSE,
E1007.2T.NA128,1007,,2,FALSE,NA128,Cascadia 2021,07/31/21,,NA128-100,H1865,4,Niskin; Sterivex 0.22µm filter,95% EtOH,Cascadia Margin,N of Guide Canyon Shelf,,147.0,1,,,"46.72,  -124.691",11:31,11:31,18:31,18:31,1000,7.1,,33.9,32.0,,,,Shannon Brown,Taken 25 m downcurrent (SW) from previous site; 1 m above seafloor,FALSE,,,,Lab -20˚C,FALSE,FALSE,
E1008.1T.NA128,1008,,1,FALSE,NA128,Cascadia 2021,07/31/21,,NA128-102,H1865,3,Niskin; Sterivex 0.22µm filter,95% EtOH,Cascadia Margin,N of Guide Canyon Shelf,,149.0,1,,,"46.719,  -124.69",13:21,13:22,20:21,20:22,1000,7.1,,33.9,31.5,,,,Shannon Brown,1 m over bubble stream GT sampled,FALSE,,,,Lab -20˚C,FALSE,FALSE,
E1008.2T.NA128,1008,,2,FALSE,NA128,Cascadia 2021,07/31/21,,NA128-102,H1865,3,Niskin; Sterivex 0.22µm filter,95% EtOH,Cascadia Margin,N of Guide Canyon Shelf,,149.0,1,,,"46.719,  -124.69",13:21,13:22,20:21,20:22,1000,7.1,,33.9,31.5,,,,Shannon Brown,1 m over bubble stream GT sampled,TRUE,,,,Lab -20˚C,FALSE,FALSE,
E1009.1T.NA128,1009,,1,FALSE,NA128,Cascadia 2021,07/31/21,,NA128-103,H1865,2,Niskin; Sterivex 0.22µm filter,95% EtOH,Cascadia Margin,N of Guide Canyon Shelf,,139.0,10,,,"46.719,  -124.69",13:23,13:24,20:23,20:24,1000,7.1,,33.9,31.4,,,,Shannon Brown,10 m over bubble stream GT sampled,TRUE,,,,Lab -20˚C,FALSE,FALSE,
E1009.2T.NA128,1009,,2,FALSE,NA128,Cascadia 2021,07/31/21,,NA128-103,H1865,2,Niskin; Sterivex 0.22µm filter,95% EtOH,Cascadia Margin,N of Guide Canyon Shelf,,139.0,10,,,"46.719,  -124.69",13:23,13:24,20:23,20:24,1000,7.1,,33.9,31.4,,,,Shannon Brown,10 m over bubble stream GT sampled,TRUE,,,,Lab -20˚C,FALSE,FALSE,
E1010.1T.NA128,1010,,1,FALSE,NA128,Cascadia 2021,07/31/21,,NA128-109,H1865,1,Niskin; Sterivex 0.22µm filter,95% EtOH,Cascadia Margin,N of Guide Canyon Shelf,,148.0,1,,,"46.719,  -124.691",14:20,14:21,21:20,21:21,1000,7.1,,33.9,29.9,,,,Shannon Brown,Taken 25 m downcurrent (NW) of GT bubble stream,TRUE,,,,Lab -20˚C,FALSE,FALSE,
E1010.2T.NA128,1010,,2,FALSE,NA128,Cascadia 2021,07/31/21,,NA128-109,H1865,1,Niskin; Sterivex 0.22µm filter,95% EtOH,Cascadia Margin,N of Guide Canyon Shelf,,148.0,1,,,"46.719,  -124.691",14:20,14:21,21:20,21:21,1000,7.1,,33.9,29.9,,,,Shannon Brown,Taken 25 m downcurrent (NW) of GT bubble stream; collected in 1L see-through platypus bottle (processed first),FALSE,,,,Lab -20˚C,FALSE,FALSE,
E1011.1T.NA128,1011,,1,FALSE,NA128,Cascadia 2021,08/01/21,,NA128-115,H1866,1,Niskin; Sterivex 0.22µm filter,95% EtOH,Cascadia Margin,Astoria Canyon North Rim,,756.0,1,,,"46.241,  -124.602",15:32,15:32,22:32,22:32,1000,4.4,,34.3,1.0,,,,Shannon Brown,1 m off seafloor adjacent to hydrate outcrop,FALSE,,,,Lab -20˚C,FALSE,FALSE,
E1011.2T.NA128,1011,,2,FALSE,NA128,Cascadia 2021,08/01/21,,NA128-115,H1866,1,Niskin; Sterivex 0.22µm filter,95% EtOH,Cascadia Margin,Astoria Canyon North Rim,,756.0,1,,,"46.241,  -124.602",15:32,15:32,22:32,22:32,1000,4.4,,34.3,1.0,,,,Shannon Brown,1 m off seafloor adjacent to hydrate outcrop; collected in 1L see-through platypus bottle (processed first),TRUE,,,,Lab -20˚C,FALSE,FALSE,
E1012.1T.NA128,1012,,1,FALSE,NA128,Cascadia 2021,08/01/21,,NA128-117,H1866,2,Niskin; Sterivex 0.22µm filter,95% EtOH,Cascadia Margin,Astoria Canyon North Rim,,755.0,4,,,"46.241,  -124.602",16:53,16:54,23:53,23:54,1000,4.4,,34.3,2.0,,,,Shannon Brown,4 m above the seafloor adjacent to bubble stream and hydrate located at Marker 209; seafloor dominated by sable fish; strong current present,TRUE,,,,Lab -20˚C,FALSE,FALSE,
E1012.2T.NA128,1012,,2,FALSE,NA128,Cascadia 2021,08/01/21,,NA128-117,H1866,2,Niskin; Sterivex 0.22µm filter,95% EtOH,Cascadia Margin,Astoria Canyon North Rim,,755.0,4,,,"46.241,  -124.602",16:53,16:54,23:53,23:54,1000,4.4,,34.3,2.0,,,,Shannon Brown,4 m above the seafloor adjacent to bubble stream and hydrate located at Marker 209; seafloor dominated by sable fish; strong current present,TRUE,,,,Lab -20˚C,FALSE,FALSE,
E1013.1T.NA128,1013,,1,FALSE,NA128,Cascadia 2021,08/01/21,,NA128-118,H1866,3,Niskin; Sterivex 0.22µm filter,95% EtOH,Cascadia Margin,Astoria Canyon North Rim,,749.0,10,,,"46.241,  -124.602",16:56,16:57,23:56,23:57,1000,4.5,,34.3,1.9,,,,Shannon Brown,10 m above the seafloor adjacent to bubble stream and hydrate located at Marker 209; strong current present,TRUE,,,,Lab -20˚C,FALSE,FALSE,
E1013.2T.NA128,1013,,2,FALSE,NA128,Cascadia 2021,08/01/21,,NA128-118,H1866,3,Niskin; Sterivex 0.22µm filter,95% EtOH,Cascadia Margin,Astoria Canyon North Rim,,749.0,10,,,"46.241,  -124.602",16:56,16:57,23:56,23:57,1000,4.5,,34.3,1.9,,,,Shannon Brown,10 m above the seafloor adjacent to bubble stream and hydrate located at Marker 209; strong current present,TRUE,,,,Lab -20˚C,FALSE,FALSE,
E1014.1T.NA128,1014,,1,FALSE,NA128,Cascadia 2021,08/01/21,,NA128-119,H1866,4,Niskin; Sterivex 0.22µm filter,95% EtOH,Cascadia Margin,Astoria Canyon North Rim,,762.0,1,,,"46.241,  -124.602",17:06,17:06,0:06,00:06,1000,4.4,,34.3,1.8,,,,Shannon Brown,Taken 25 m downstream (SE) from hydrate and bubble stream at Marker 209; 1 m above the seafloor,TRUE,,,,Lab -20˚C,FALSE,FALSE,
E1014.2T.NA128,1014,,2,FALSE,NA128,Cascadia 2021,08/01/21,,NA128-119,H1866,4,Niskin; Sterivex 0.22µm filter,95% EtOH,Cascadia Margin,Astoria Canyon North Rim,,762.0,1,,,"46.241,  -124.602",17:06,17:06,0:06,00:06,1000,4.4,,34.3,1.8,,,,Shannon Brown,Taken 25 m downstream (SE) from hydrate and bubble stream at Marker 209; 1 m above the seafloor,TRUE,,,,Lab -20˚C,FALSE,FALSE,
E1015.1T.NA128,1015,,1,FALSE,NA128,Cascadia 2021,08/01/21,,NA128-125,H1866,5,Niskin; Sterivex 0.22µm filter,95% EtOH,Cascadia Margin,Astoria Canyon North Rim,,782.0,1,,,"46.242,  -124.605",19:08,19:08,2:08,02:08,1000,4.4,,34.3,1.3,,,,Shannon Brown,1 m above seafloor adjacent to strong bubble stream; potential bacterial mat with gastropods however visibility is low,TRUE,,,,Lab -20˚C,FALSE,FALSE,
E1015.2T.NA128,1015,,2,FALSE,NA128,Cascadia 2021,08/01/21,,NA128-125,H1866,5,Niskin; Sterivex 0.22µm filter,95% EtOH,Cascadia Margin,Astoria Canyon North Rim,,782.0,1,,,"46.242,  -124.605",19:08,19:08,2:08,02:08,1000,4.4,,34.3,1.3,,,,Shannon Brown,1 m above seafloor adjacent to strong bubble stream; potential bacterial mat with gastropods however visibility is low,TRUE,,,,Lab -20˚C,FALSE,FALSE,
E1016.1T.NA128,1016,,1,FALSE,NA128,Cascadia 2021,08/01/21,,NA128-126,H1866,6,Niskin; Sterivex 0.22µm filter,95% EtOH,Cascadia Margin,Astoria Canyon North Rim,,773.0,10,,,"46.242,  -124.605",19:09,19:10,2:09,02:10,1000,4.5,,34.3,1.9,,,,Shannon Brown,10 m above seafloor; adjacent to strong bubble stream,TRUE,,,,Lab -20˚C,FALSE,FALSE,
E1016.2T.NA128,1016,,2,FALSE,NA128,Cascadia 2021,08/01/21,,NA128-126,H1866,6,Niskin; Sterivex 0.22µm filter,95% EtOH,Cascadia Margin,Astoria Canyon North Rim,,773.0,10,,,"46.242,  -124.605",19:09,19:10,2:09,02:10,1000,4.5,,34.3,1.9,,,,Shannon Brown,10 m above seafloor; adjacent to strong bubble stream,TRUE,,,,Lab -20˚C,FALSE,FALSE,
E1017.1T.NA128,1017,,1,FALSE,NA128,Cascadia 2021,08/03/21,,NA128-132,H1867,1,Niskin; Sterivex 0.22µm filter,95% EtOH,Cascadia Margin,Astoria Canyon North Rim,,778.0,1,,,"46.243,  -124.607",14:02,14:03,21:02,21:03,1000,4.4,,34.3,1.6,,,,Shannon Brown,1 m above large bacterial mat NE of WP4 near false pinnacle feature,TRUE,,,,Lab -20˚C,FALSE,FALSE,
E1017.2T.NA128,1017,,2,FALSE,NA128,Cascadia 2021,08/03/21,,NA128-132,H1867,1,Niskin; Sterivex 0.22µm filter,95% EtOH,Cascadia Margin,Astoria Canyon North Rim,,778.0,1,,,"46.243,  -124.607",14:02,14:03,21:02,21:03,1000,4.4,,34.3,1.6,,,,Shannon Brown,1 m above large bacterial mat NE of WP4 near false pinnacle feature,TRUE,,,,Lab -20˚C,FALSE,FALSE,
E1018.NC.NA128,1018,,,TRUE,NA128,Cascadia 2021,08/01/21,,-,-,-,Sterivex 0.22µm filter,95% EtOH,-,-,,-,-,,,-,-,-,-,-,1000,-,,-,-,,,,Shannon Brown,,TRUE,,,,Lab -20˚C,FALSE,FALSE,
E1019.1T.NA128,1019,,1,FALSE,NA128,Cascadia 2021,08/03/21,,NA128-134,H1867,2,Niskin; Sterivex 0.22µm filter,95% EtOH,Cascadia Margin,Astoria Canyon North Rim,,766.0,10,,,"46.243,  -124.607",14:26,14:27,21:26,21:27,1000,4.5,,34.2,1.9,,,,Shannon Brown,10 m above seafloor,TRUE,,,,Lab -20˚C,FALSE,FALSE,
E1019.2T.NA128,1019,,2,FALSE,NA128,Cascadia 2021,08/03/21,,NA128-134,H1867,2,Niskin; Sterivex 0.22µm filter,95% EtOH,Cascadia Margin,Astoria Canyon North Rim,,766.0,10,,,"46.243,  -124.607",14:26,14:27,21:26,21:27,1000,4.5,,34.2,1.9,,,,Shannon Brown,10 m above seafloor,TRUE,,,,Lab -20˚C,FALSE,FALSE,
E1020.1T.NA128,1020,,1,FALSE,NA128,Cascadia 2021,08/03/21,,NA128-135,H1867,3,Niskin; Sterivex 0.22µm filter,95% EtOH,Cascadia Margin,Astoria Canyon North Rim,,774.0,1,,,"46.244,  -124.61",14:46,14:47,21:46,21:47,1000,4.4,,34.3,1.8,,,,Shannon Brown,1 m above bacterial mat and reduced sediment with adjacent sea stars,TRUE,,,,Lab -20˚C,FALSE,FALSE,
E1020.2T.NA128,1020,,2,FALSE,NA128,Cascadia 2021,08/03/21,,NA128-135,H1867,3,Niskin; Sterivex 0.22µm filter,95% EtOH,Cascadia Margin,Astoria Canyon North Rim,,774.0,1,,,"46.244,  -124.61",14:46,14:47,21:46,21:47,1000,4.4,,34.3,1.8,,,,Shannon Brown,1 m above bacterial mat and reduced sediment with adjacent sea stars,TRUE,,,,Lab -20˚C,FALSE,FALSE,
E1021.1T.NA128,1021,,1,FALSE,NA128,Cascadia 2021,08/03/21,,NA128-140,H1867,4,Niskin; Sterivex 0.22µm filter,95% EtOH,Cascadia Margin,Astoria Canyon North Rim,,770.0,4,,,"46.244,  -124.61",15:10,15:11,22:10,22:11,1000,4.5,,34.2,2.0,,,,Shannon Brown,4 m above white bacterial mat,TRUE,,,,Lab -20˚C,FALSE,FALSE,
E1021.2T.NA128,1021,,2,FALSE,NA128,Cascadia 2021,08/03/21,,NA128-140,H1867,4,Niskin; Sterivex 0.22µm filter,95% EtOH,Cascadia Margin,Astoria Canyon North Rim,,770.0,4,,,"46.244,  -124.61",15:10,15:11,22:10,22:11,1000,4.5,,34.2,2.0,,,,Shannon Brown,4 m above white bacterial mat,TRUE,,,,Lab -20˚C,FALSE,FALSE,
E1022.1T.NA128,1022,,1,FALSE,NA128,Cascadia 2021,08/03/21,,NA128-141,H1867,5,Niskin; Sterivex 0.22µm filter,95% EtOH,Cascadia Margin,Astoria Canyon North Rim,,765.0,10,,,"46.244,  -124.61",15:11,15:12,22:11,22:12,1000,4.5,,34.2,2.2,,,,Shannon Brown,10 m above white mat and gastropod sampling site,TRUE,,,,Lab -20˚C,FALSE,FALSE,
E1022.2T.NA128,1022,,2,FALSE,NA128,Cascadia 2021,08/03/21,,NA128-141,H1867,5,Niskin; Sterivex 0.22µm filter,95% EtOH,Cascadia Margin,Astoria Canyon North Rim,,765.0,10,,,"46.244,  -124.61",15:11,15:12,22:11,22:12,1000,4.5,,34.2,2.2,,,,Shannon Brown,10 m above white mat and gastropod sampling site,TRUE,,,,Lab -20˚C,FALSE,FALSE,
E1023.1T.NA128,1023,,1,FALSE,NA128,Cascadia 2021,08/03/21,,NA128-142,H1867,6,Niskin; Sterivex 0.22µm filter,95% EtOH,Cascadia Margin,Astoria Canyon North Rim,,775.0,1,,,"46.244,  -124.61",15:19,15:19,22:19,22:19,1000,4.4,,34.3,1.7,,,,Shannon Brown,Taken 15 m away from white mat and gastropods; 1 m above seafloor,FALSE,,,,Lab -20˚C,FALSE,FALSE,
E1023.2T.NA128,1023,,2,FALSE,NA128,Cascadia 2021,08/03/21,,NA128-142,H1867,6,Niskin; Sterivex 0.22µm filter,95% EtOH,Cascadia Margin,Astoria Canyon North Rim,,775.0,1,,,"46.244,  -124.61",15:19,15:19,22:19,22:19,1000,4.4,,34.3,1.7,,,,Shannon Brown,Taken 15 m away from white mat and gastropods; 1 m above seafloor,FALSE,,,,Lab -20˚C,FALSE,FALSE,
E1024.1T.NA128,1024,,1,FALSE,NA128,Cascadia 2021,08/04/21,,NA128-147,H1868,6,Niskin; Sterivex 0.22µm filter,95% EtOH,Cascadia Margin,Ridge SW Grays Canyon,,1599.0,1,,,"46.789,  -125.493",10:28,10:28,17:28,17:28,1000,2.5,,34.5,21.2,,,,Shannon Brown,1 m above seafloor in the bubble stream,TRUE,,,,Lab -20˚C,FALSE,FALSE,
E1024.2T.NA128,1024,,2,FALSE,NA128,Cascadia 2021,08/04/21,,NA128-147,H1868,6,Niskin; Sterivex 0.22µm filter,95% EtOH,Cascadia Margin,Ridge SW Grays Canyon,,1599.0,1,,,"46.789,  -125.493",10:28,10:28,17:28,17:28,1000,2.5,,34.5,21.2,,,,Shannon Brown,1 m above seafloor in the bubble stream; sterivex flew into gloved hand but did not touch the sink so likely not contaminated,TRUE,,,,Lab -20˚C,FALSE,FALSE,
E1025.1T.NA128,1025,,1,FALSE,NA128,Cascadia 2021,08/04/21,,NA128-148,H1868,5,Niskin; Sterivex 0.22µm filter,95% EtOH,Cascadia Margin,Ridge SW Grays Canyon,,1593.0,4,,,"46.789,  -125.493",10:30,10:30,17:30,17:30,1000,2.5,,34.5,21.1,,,,Shannon Brown,4 m above seafloor in the bubble stream,TRUE,,,,Lab -20˚C,FALSE,FALSE,
E1025.2T.NA128,1025,,2,FALSE,NA128,Cascadia 2021,08/04/21,,NA128-148,H1868,5,Niskin; Sterivex 0.22µm filter,95% EtOH,Cascadia Margin,Ridge SW Grays Canyon,,1593.0,4,,,"46.789,  -125.493",10:30,10:30,17:30,17:30,1000,2.5,,34.5,21.1,,,,Shannon Brown,4 m above seafloor in the bubble stream,TRUE,,,,Lab -20˚C,FALSE,FALSE,
E1026.1T.NA128,1026,,1,FALSE,NA128,Cascadia 2021,08/04/21,,NA128-149,H1868,4,Niskin; Sterivex 0.22µm filter,95% EtOH,Cascadia Margin,Ridge SW Grays Canyon,,1590.0,10,,,"46.789,  -125.493",10:31,10:31,17:31,17:31,1000,2.5,,34.5,21.2,,,,Shannon Brown,10 m above seafloor in the bubble stream,TRUE,,,,Lab -20˚C,FALSE,FALSE,
E1026.2T.NA128,1026,,2,FALSE,NA128,Cascadia 2021,08/04/21,,NA128-149,H1868,4,Niskin; Sterivex 0.22µm filter,95% EtOH,Cascadia Margin,Ridge SW Grays Canyon,,1590.0,10,,,"46.789,  -125.493",10:31,10:31,17:31,17:31,1000,2.5,,34.5,21.2,,,,Shannon Brown,10 m above seafloor in the bubble stream,TRUE,,,,Lab -20˚C,FALSE,FALSE,
E1027.1T.NA128,1027,,1,FALSE,NA128,Cascadia 2021,08/04/21,,NA128-150,H1868,3,Niskin; Sterivex 0.22µm filter,95% EtOH,Cascadia Margin,Ridge SW Grays Canyon,,1579.0,20,,,"46.789,  -125.493",10:32,10:33,17:32,17:33,1000,2.5,,34.5,21.0,,,,Shannon Brown,20 m above seafloor in the bubble stream,TRUE,,,,Lab -20˚C,FALSE,FALSE,
E1027.2T.NA128,1027,,2,FALSE,NA128,Cascadia 2021,08/04/21,,NA128-150,H1868,3,Niskin; Sterivex 0.22µm filter,95% EtOH,Cascadia Margin,Ridge SW Grays Canyon,,1579.0,20,,,"46.789,  -125.493",10:32,10:33,17:32,17:33,1000,2.5,,34.5,21.0,,,,Shannon Brown,20 m above seafloor in the bubble stream,TRUE,,,,Lab -20˚C,FALSE,FALSE,
E1028.1T.NA128,1028,,1,FALSE,NA128,Cascadia 2021,08/04/21,,NA128-151,H1868,2,Niskin; Sterivex 0.22µm filter,95% EtOH,Cascadia Margin,Ridge SW Grays Canyon,,1569.0,30,,,"46.789,  -125.493",10:33,10:33,17:33,17:33,1000,2.5,,34.5,20.5,,,,Shannon Brown,30 m above seafloor in the bubble stream,FALSE,,,,Lab -20˚C,FALSE,FALSE,
E1028.2T.NA128,1028,,2,FALSE,NA128,Cascadia 2021,08/04/21,,NA128-151,H1868,2,Niskin; Sterivex 0.22µm filter,95% EtOH,Cascadia Margin,Ridge SW Grays Canyon,,1569.0,30,,,"46.789,  -125.493",10:33,10:33,17:33,17:33,1000,2.5,,34.5,20.5,,,,Shannon Brown,30 m above seafloor in the bubble stream,FALSE,,,,Lab -20˚C,FALSE,FALSE,
E1029.1T.NA128,1029,,1,FALSE,NA128,Cascadia 2021,08/04/21,,NA128-152,H1868,1,Niskin; Sterivex 0.22µm filter,95% EtOH,Cascadia Margin,Ridge SW Grays Canyon,,1559.0,40,,,"46.789,  -125.493",10:35,10:35,17:35,17:35,1000,2.5,,34.5,20.5,,,,Shannon Brown,40 m above seafloor in the bubble stream,TRUE,,,,Lab -20˚C,FALSE,FALSE,
E1029.2T.NA128,1029,,2,FALSE,NA128,Cascadia 2021,08/04/21,,NA128-152,H1868,1,Niskin; Sterivex 0.22µm filter,95% EtOH,Cascadia Margin,Ridge SW Grays Canyon,,1559.0,40,,,"46.789,  -125.493",10:35,10:35,17:35,17:35,1000,2.5,,34.5,20.5,,,,Shannon Brown,40 m above seafloor in the bubble stream,TRUE,,,,Lab -20˚C,FALSE,FALSE,
E1030.NC.NA128,1030,,,TRUE,NA128,Cascadia 2021,08/04/21,,-,-,-,Sterivex 0.22µm filter,95% EtOH,-,-,,-,-,-,-,-,-,-,-,-,1000,-,,-,-,,,,Shannon Brown,,TRUE,,,,Lab -20˚C,FALSE,FALSE,
E1031.NC.OC0821,1031,,,TRUE,OC0821,OCNMS Aug 2021,,8/25/2021,NC Start,-,,Sterivex 0.22µm filter,95% EtOH,,,,-,-,-,-,-,-,-,-,-,1000,-,,-,-,,,,Emily Norton and Shannon Brown,,FALSE,100,OCNMS_ExtractionSheet,,Lab -20˚C,FALSE,FALSE,
E1032.OC0821,1032,,,FALSE,OC0821,OCNMS Aug 2021,,8/25/2021,TH042-01,TH042,1,Niskin; Sterivex 0.22µm filter,95% EtOH,Olympic Coast National Marine Sanctuary,Teahwhite Head,,33.3,,47° 52.694' N,124° 44.139' W,,09:48,9:56,16:48,16:56,1000,7.7,,33.5,2.7 mg/l,,,,Emily Norton and Shannon Brown,,TRUE,100,OCNMS_ExtractionSheet,,Lab -20˚C,TRUE,FALSE,At Sequencing Center (R2)
E1033.OC0821,1033,,,FALSE,OC0821,OCNMS Aug 2021,,8/25/2021,TH042-02,TH042,3,Niskin; Sterivex 0.22µm filter,95% EtOH,Olympic Coast National Marine Sanctuary,Teahwhite Head,,33.0,,47° 52.694' N,124° 44.139' W,,09:48,9:56,16:48,16:56,1000,7.8,,33.5,2.8 mg/l,,,,Emily Norton and Shannon Brown,,TRUE,100,OCNMS_ExtractionSheet,,Lab -20˚C,TRUE,FALSE,At Sequencing Center (R2)
E1034.OC0821,1034,,,FALSE,OC0821,OCNMS Aug 2021,,8/25/2021,TH042-03,TH042,4,Niskin; Sterivex 0.22µm filter,95% EtOH,Olympic Coast National Marine Sanctuary,Teahwhite Head,,33.0,,47° 52.694' N,124° 44.139' W,,09:48,9:56,16:48,16:56,1000,7.8,,33.5,2.9 mg/l,,,,Emily Norton and Shannon Brown,,TRUE,100,OCNMS_ExtractionSheet,,Lab -20˚C,TRUE,FALSE,At Sequencing Center (R2)
E1035.OC0821,1035,,,FALSE,OC0821,OCNMS Aug 2021,,8/25/2021,TH042-04,TH042,5,Niskin; Sterivex 0.22µm filter,95% EtOH,Olympic Coast National Marine Sanctuary,Teahwhite Head,,32.9,,47° 52.694' N,124° 44.139' W,,09:48,9:56,16:48,16:56,1000,7.8,,33.5,3.0 mg/l,,,,Emily Norton and Shannon Brown,,FALSE,100,OCNMS_ExtractionSheet,,Lab -20˚C,FALSE,FALSE,
E1036.OC0821,1036,,,FALSE,OC0821,OCNMS Aug 2021,,8/25/2021,TH042-05,TH042,7,Niskin; Sterivex 0.22µm filter,95% EtOH,Olympic Coast National Marine Sanctuary,Teahwhite Head,,32.8,,47° 52.694' N,124° 44.139' W,,09:48,9:56,16:48,16:56,1000,7.9,,33.5,3.1 mg/l,,,,Emily Norton and Shannon Brown,Niskin failed leak test,FALSE,100,OCNMS_ExtractionSheet,,Lab -20˚C,FALSE,FALSE,
E1037.OC0821,1037,,,FALSE,OC0821,OCNMS Aug 2021,,8/25/2021,TH042-06,TH042,8,Niskin; Sterivex 0.22µm filter,95% EtOH,Olympic Coast National Marine Sanctuary,Teahwhite Head,,32.8,,47° 52.694' N,124° 44.139' W,,09:48,9:56,16:48,16:56,1000,7.9,,33.5,3.2 mg/l,,,,Emily Norton and Shannon Brown,Niskin failed leak test,FALSE,100,OCNMS_ExtractionSheet,,Lab -20˚C,FALSE,FALSE,
E1038.OC0821,1038,,,FALSE,OC0821,OCNMS Aug 2021,,8/25/2021,TH042-07,TH042,9,Niskin; Sterivex 0.22µm filter,95% EtOH,Olympic Coast National Marine Sanctuary,Teahwhite Head,,32.4,,47° 52.694' N,124° 44.139' W,,09:48,9:56,16:48,16:56,1000,8.0,,33.4,3.3 mg/l,,,,Emily Norton and Shannon Brown,Niskin failed leak test,FALSE,100,OCNMS_ExtractionSheet,,Lab -20˚C,FALSE,FALSE,
E1039.OC0821,1039,,,FALSE,OC0821,OCNMS Aug 2021,,8/25/2021,TH042-08,TH042,10,Niskin; Sterivex 0.22µm filter,95% EtOH,Olympic Coast National Marine Sanctuary,Teahwhite Head,,32.0,,47° 52.694' N,124° 44.139' W,,09:48,9:56,16:48,16:56,1000,8.0,,33.4,3.5 mg/l,,,,Emily Norton and Shannon Brown,,FALSE,100,OCNMS_ExtractionSheet,,Lab -20˚C,FALSE,FALSE,
E1040.OC0821,1040,,,FALSE,OC0821,OCNMS Aug 2021,,8/25/2021,TH042-09,TH042,11,Niskin; Sterivex 0.22µm filter,95% EtOH,Olympic Coast National Marine Sanctuary,Teahwhite Head,,31.2,,47° 52.694' N,124° 44.139' W,,09:48,9:56,16:48,16:56,1000,8.1,,33.4,3.6 mg/l,,,,Emily Norton and Shannon Brown,Bottom of Niskin not secure; leaked,FALSE,100,OCNMS_ExtractionSheet,,Lab -20˚C,FALSE,FALSE,
E1041.OC0821,1041,,,FALSE,OC0821,OCNMS Aug 2021,,8/25/2021,TH042-10,TH042,12,Niskin; Sterivex 0.22µm filter,95% EtOH,Olympic Coast National Marine Sanctuary,Teahwhite Head,,30.7,,47° 52.694' N,124° 44.139' W,,09:48,9:56,16:48,16:56,1000,8.2,,33.3,4.0 mg/l,,,,Emily Norton and Shannon Brown,,FALSE,100,OCNMS_ExtractionSheet,,Lab -20˚C,FALSE,FALSE,
E1042.OC0821,1042,,,FALSE,OC0821,OCNMS Aug 2021,,8/25/2021,CE042-01,CE042,1,Niskin; Sterivex 0.22µm filter,95% EtOH,Olympic Coast National Marine Sanctuary,Cape Elizabeth,,36.1,,47° 21.009' N,124° 29.126' W,,15:05,15:14,22:05,22:14,1000,7.5,,33.8,0.60 mg/l,,,,Emily Norton and Shannon Brown,,FALSE,100,OCNMS_ExtractionSheet,,Lab -20˚C,FALSE,FALSE,
E1043.OC0821,1043,,,FALSE,OC0821,OCNMS Aug 2021,,8/25/2021,CE042-02,CE042,2,Niskin; Sterivex 0.22µm filter,95% EtOH,Olympic Coast National Marine Sanctuary,Cape Elizabeth,,35.8,,47° 21.009' N,124° 29.126' W,,15:05,15:14,22:05,22:14,1000,7.5,,33.8,0.61 mg/l,,,,Emily Norton and Shannon Brown,,FALSE,100,OCNMS_ExtractionSheet,,Lab -20˚C,FALSE,FALSE,
E1044.OC0821,1044,,,FALSE,OC0821,OCNMS Aug 2021,,8/25/2021,CE042-03,CE042,3,Niskin; Sterivex 0.22µm filter,95% EtOH,Olympic Coast National Marine Sanctuary,Cape Elizabeth,,35.4,,47° 21.009' N,124° 29.126' W,,15:05,15:14,22:05,22:14,1000,7.5,,33.8,0.62 mg/l,,,,Emily Norton and Shannon Brown,,FALSE,100,OCNMS_ExtractionSheet,,Lab -20˚C,FALSE,FALSE,
E1045.OC0821,1045,,,FALSE,OC0821,OCNMS Aug 2021,,8/25/2021,CE042-04,CE042,4,Niskin; Sterivex 0.22µm filter,95% EtOH,Olympic Coast National Marine Sanctuary,Cape Elizabeth,,35.2,,47° 21.009' N,124° 29.126' W,,15:05,15:14,22:05,22:14,1000,7.5,,33.8,0.62 mg/l,,,,Emily Norton and Shannon Brown,,FALSE,100,OCNMS_ExtractionSheet,,Lab -20˚C,FALSE,FALSE,
E1046.OC0821,1046,,,FALSE,OC0821,OCNMS Aug 2021,,8/25/2021,CE042-05,CE042,5,Niskin; Sterivex 0.22µm filter,95% EtOH,Olympic Coast National Marine Sanctuary,Cape Elizabeth,,34.6,,47° 21.009' N,124° 29.126' W,,15:05,15:14,22:05,22:14,1000,7.5,,33.8,0.61 mg/l,,,,Emily Norton and Shannon Brown,,FALSE,100,OCNMS_ExtractionSheet,,Lab -20˚C,FALSE,FALSE,
E1047.OC0821,1047,,,FALSE,OC0821,OCNMS Aug 2021,,8/25/2021,CE042-06,CE042,7,Niskin; Sterivex 0.22µm filter,95% EtOH,Olympic Coast National Marine Sanctuary,Cape Elizabeth,,34.4,,47° 21.009' N,124° 29.126' W,,15:05,15:14,22:05,22:14,1000,7.5,,33.8,0.60 mg/l,,,,Emily Norton and Shannon Brown,Niskin failed leak test,FALSE,100,OCNMS_ExtractionSheet,,Lab -20˚C,FALSE,FALSE,
E1048.OC0821,1048,,,FALSE,OC0821,OCNMS Aug 2021,,8/25/2021,CE042-07,CE042,9,Niskin; Sterivex 0.22µm filter,95% EtOH,Olympic Coast National Marine Sanctuary,Cape Elizabeth,,33.7,,47° 21.009' N,124° 29.126' W,,15:05,15:14,22:05,22:14,1000,7.5,,33.8,0.62 mg/l,,,,Emily Norton and Shannon Brown,,FALSE,100,OCNMS_ExtractionSheet,,Lab -20˚C,FALSE,FALSE,
E1049.OC0821,1049,,,FALSE,OC0821,OCNMS Aug 2021,,8/25/2021,CE042-08,CE042,10,Niskin; Sterivex 0.22µm filter,95% EtOH,Olympic Coast National Marine Sanctuary,Cape Elizabeth,,33.3,,47° 21.009' N,124° 29.126' W,,15:05,15:14,22:05,22:14,1000,7.5,,33.8,0.62 mg/l,,,,Emily Norton and Shannon Brown,,FALSE,100,OCNMS_ExtractionSheet,,Lab -20˚C,FALSE,FALSE,
E1050.OC0821,1050,,,FALSE,OC0821,OCNMS Aug 2021,,8/25/2021,CE042-09,CE042,11,Niskin; Sterivex 0.22µm filter,95% EtOH,Olympic Coast National Marine Sanctuary,Cape Elizabeth,,32.8,,47° 21.009' N,124° 29.126' W,,15:05,15:14,22:05,22:14,1000,7.5,,33.8,0.63 mg/l,,,,Emily Norton and Shannon Brown,Bottom of Niskin not secure; leaked,FALSE,100,OCNMS_ExtractionSheet,,Lab -20˚C,FALSE,FALSE,
E1051.OC0821,1051,,,FALSE,OC0821,OCNMS Aug 2021,,8/25/2021,CE042-10,CE042,12,Niskin; Sterivex 0.22µm filter,95% EtOH,Olympic Coast National Marine Sanctuary,Cape Elizabeth,,32.4,,47° 21.009' N,124° 29.126' W,,15:05,15:14,22:05,22:14,1000,7.6,,33.7,0.72 mg/l,,,,Emily Norton and Shannon Brown,,FALSE,100,OCNMS_ExtractionSheet,,Lab -20˚C,FALSE,FALSE,
E1052.NC.OC0821,1052,,,TRUE,OC0821,OCNMS Aug 2021,,8/25/2021,NC End,-,,Sterivex 0.22µm filter,95% EtOH,,,,-,-,-,-,-,-,-,-,-,1000,-,,-,-,,,,Emily Norton and Shannon Brown,Sterivex sealed with parafilm; caps added in the lab,FALSE,100,OCNMS_ExtractionSheet,,Lab -20˚C,FALSE,FALSE,
START.NC.SKQ2021,START,,,TRUE,SKQ2021,SKQ21 EcoFOCI DBO,11/08/21,11/08/21,NC Start,-,,Sterivex 0.22µm filter,95% EtOH,,,,,,,,,,,,,1000,,,,,,,,Matt Galaska,,TRUE,100,SKQ21_ExtractionSheet,,Lab -20˚C,TRUE,TRUE,At Sequencing Center (R2)
E1053.SKQ2021,1053,,,FALSE,SKQ2021,SKQ21 EcoFOCI DBO,11/08/21,11/08/21,-,DBO3.8,4,Niskin; Sterivex 0.22µm filter,95% EtOH,Chukchi Sea,DB03.8,,46.0,,67°40.598' N,168°56.97' W,,13:04,,22:04,,1000,,,,,,,,Matt Galaska,,TRUE,100,SKQ21_ExtractionSheet,,Lab -20˚C,TRUE,TRUE,At Sequencing Center (R2)
E1054.SKQ2021,1054,,,FALSE,SKQ2021,SKQ21 EcoFOCI DBO,11/08/21,11/08/21,-,DBO3.8,10,Niskin; Sterivex 0.22µm filter,95% EtOH,Chukchi Sea,DB03.8,,30.0,,67°40.598' N,168°56.97' W,,13:04,,22:04,,1000,,,,,,,,Matt Galaska,,TRUE,100,SKQ21_ExtractionSheet,,Lab -20˚C,TRUE,TRUE,At Sequencing Center (R2)
E1055.SKQ2021,1055,,,FALSE,SKQ2021,SKQ21 EcoFOCI DBO,11/08/21,11/08/21,-,DBO3.8,16,Niskin; Sterivex 0.22µm filter,95% EtOH,Chukchi Sea,DB03.8,,10.0,,67°40.598' N,168°56.97' W,,13:04,,22:04,,1000,,,,,,,,Matt Galaska,,TRUE,100,SKQ21_ExtractionSheet,,Lab -20˚C,TRUE,TRUE,At Sequencing Center (R2)
E1056.SKQ2021,1056,,,FALSE,SKQ2021,SKQ21 EcoFOCI DBO,11/10/21,11/09/21,-,DBO4.1,3,Niskin; Sterivex 0.22µm filter,95% EtOH,Chukchi Sea,DB04.1,,49.0,,71°11.589' N,160°15.884' W,,17:39,,2:39,,1000,,,,,,,,Matt Galaska,,TRUE,100,SKQ21_ExtractionSheet,,Lab -20˚C,TRUE,TRUE,At Sequencing Center (R2)
E1057.SKQ2021,1057,,,FALSE,SKQ2021,SKQ21 EcoFOCI DBO,11/10/21,11/09/21,-,DBO4.1,8,Niskin; Sterivex 0.22µm filter,95% EtOH,Chukchi Sea,DB04.1,,30.0,,71°11.589' N,160°15.884' W,,17:39,,2:39,,1000,,,,,,,,Matt Galaska,,TRUE,100,SKQ21_ExtractionSheet,,Lab -20˚C,TRUE,TRUE,At Sequencing Center (R2)
E1058.SKQ2021,1058,,,FALSE,SKQ2021,SKQ21 EcoFOCI DBO,11/10/21,11/09/21,-,DBO4.1,14,Niskin; Sterivex 0.22µm filter,95% EtOH,Chukchi Sea,DB04.1,,10.0,,71°11.589' N,160°15.884' W,,17:39,,2:39,,1000,,,,,,,,Matt Galaska,,TRUE,100,SKQ21_ExtractionSheet,,Lab -20˚C,TRUE,TRUE,At Sequencing Center (R2)
E1059.SKQ2021,1059,,,FALSE,SKQ2021,SKQ21 EcoFOCI DBO,11/10/21,11/09/21,-,DBO4.2,2,Niskin; Sterivex 0.22µm filter,95% EtOH,Chukchi Sea,DB04.2,,43.0,,71°19.308' N,160°39.4' W,,19:55,,4:55,,1000,,,,,,,,Matt Galaska,,TRUE,100,SKQ21_ExtractionSheet,,Lab -20˚C,TRUE,TRUE,At Sequencing Center (R2)
E1060.SKQ2021,1060,,,FALSE,SKQ2021,SKQ21 EcoFOCI DBO,11/10/21,11/09/21,-,DBO4.2,6,Niskin; Sterivex 0.22µm filter,95% EtOH,Chukchi Sea,DB04.2,,30.0,,71°19.308' N,160°39.4' W,,19:55,,4:55,,1000,,,,,,,,Matt Galaska,,TRUE,100,SKQ21_ExtractionSheet,,Lab -20˚C,TRUE,TRUE,At Sequencing Center (R2)
E1061.SKQ2021,1061,,,FALSE,SKQ2021,SKQ21 EcoFOCI DBO,11/10/21,11/09/21,-,DBO4.2,11,Niskin; Sterivex 0.22µm filter,95% EtOH,Chukchi Sea,DB04.2,,10.0,,71°19.308' N,160°39.4' W,,19:55,,4:55,,1000,,,,,,,,Matt Galaska,,TRUE,100,SKQ21_ExtractionSheet,,Lab -20˚C,TRUE,TRUE,At Sequencing Center (R2)
E1062.SKQ2021,1062,,,FALSE,SKQ2021,SKQ21 EcoFOCI DBO,11/10/21,11/09/21,-,DBO4.3,2,Niskin; Sterivex 0.22µm filter,95% EtOH,Chukchi Sea,DB04.3,,43.0,,71°27.26' N,161°2.363' W,,22:19,,7:19,,1000,,,,,,,,Matt Galaska,,TRUE,100,SKQ21_ExtractionSheet,,Lab -20˚C,TRUE,TRUE,At Sequencing Center (R2)
E1063.SKQ2021,1063,,,FALSE,SKQ2021,SKQ21 EcoFOCI DBO,11/10/21,11/09/21,-,DBO4.3,5,Niskin; Sterivex 0.22µm filter,95% EtOH,Chukchi Sea,DB04.3,,30.0,,71°27.26' N,161°2.363' W,,22:19,,7:19,,1000,,,,,,,,Matt Galaska,,TRUE,100,SKQ21_ExtractionSheet,,Lab -20˚C,TRUE,TRUE,At Sequencing Center (R2)
E1064.SKQ2021,1064,,,FALSE,SKQ2021,SKQ21 EcoFOCI DBO,11/10/21,11/09/21,-,DBO4.3,11,Niskin; Sterivex 0.22µm filter,95% EtOH,Chukchi Sea,DB04.3,,10.0,,71°27.26' N,161°2.363' W,,22:19,,7:19,,1000,,,,,,,,Matt Galaska,,TRUE,100,SKQ21_ExtractionSheet,,Lab -20˚C,TRUE,TRUE,At Sequencing Center (R2)
E1065.SKQ2021,1065,,,FALSE,SKQ2021,SKQ21 EcoFOCI DBO,11/10/21,11/10/21,-,DBO4.4,3,Niskin; Sterivex 0.22µm filter,95% EtOH,Chukchi Sea,DB04.4,,43.0,,71°35.34' N,161°24.35' W,,01:26,,10:26,,1000,,,,,,,,Matt Galaska,,TRUE,100,SKQ21_ExtractionSheet,,Lab -20˚C,TRUE,TRUE,At Sequencing Center (R2)
E1066.SKQ2021,1066,,,FALSE,SKQ2021,SKQ21 EcoFOCI DBO,11/10/21,11/10/21,-,DBO4.4,5,Niskin; Sterivex 0.22µm filter,95% EtOH,Chukchi Sea,DB04.4,,30.0,,71°35.34' N,161°24.35' W,,01:26,,10:26,,1000,,,,,,,,Matt Galaska,,TRUE,100,SKQ21_ExtractionSheet,,Lab -20˚C,TRUE,TRUE,At Sequencing Center (R2)
E1067.SKQ2021,1067,,,FALSE,SKQ2021,SKQ21 EcoFOCI DBO,11/10/21,11/10/21,-,DBO4.4,11,Niskin; Sterivex 0.22µm filter,95% EtOH,Chukchi Sea,DB04.4,,10.0,,71°35.34' N,161°24.35' W,,01:26,,10:26,,1000,,,,,,,,Matt Galaska,,TRUE,100,SKQ21_ExtractionSheet,,Lab -20˚C,TRUE,TRUE,At Sequencing Center (R2)
E1068.SKQ2021,1068,,,FALSE,SKQ2021,SKQ21 EcoFOCI DBO,11/10/21,11/10/21,-,CEO,2,Niskin; Sterivex 0.22µm filter,95% EtOH,Chukchi Sea,CEO,,42.0,,71°35.45' N,161°31.49' W,,03:18,,12:18,,1000,,,,,,,,Matt Galaska,,TRUE,100,SKQ21_ExtractionSheet,,Lab -20˚C,TRUE,TRUE,At Sequencing Center (R2)
E1069.SKQ2021,1069,,,FALSE,SKQ2021,SKQ21 EcoFOCI DBO,11/10/21,11/10/21,-,CEO,8,Niskin; Sterivex 0.22µm filter,95% EtOH,Chukchi Sea,CEO,,30.0,,71°35.45' N,161°31.49' W,,03:18,,12:18,,1000,,,,,,,,Matt Galaska,,TRUE,100,SKQ21_ExtractionSheet,,Lab -20˚C,TRUE,TRUE,At Sequencing Center (R2)
E1070.SKQ2021,1070,,,FALSE,SKQ2021,SKQ21 EcoFOCI DBO,11/10/21,11/10/21,-,CEO,14,Niskin; Sterivex 0.22µm filter,95% EtOH,Chukchi Sea,CEO,,10.0,,71°35.45' N,161°31.49' W,,03:18,,12:18,,1000,,,,,,,,Matt Galaska,,TRUE,100,SKQ21_ExtractionSheet,,Lab -20˚C,TRUE,TRUE,At Sequencing Center (R2)
E1071.SKQ2021,1071,,,FALSE,SKQ2021,SKQ21 EcoFOCI DBO,11/10/21,11/10/21,-,DBO4.5,2,Niskin; Sterivex 0.22µm filter,95% EtOH,Arctic Ocean,DB04.5,,39.0,,71°43.12' N,161°46.483' W,,05:34,,14:34,,1000,,,,,,,,Matt Galaska,,TRUE,100,SKQ21_ExtractionSheet,,Lab -20˚C,TRUE,TRUE,At Sequencing Center (R2)
E1072.SKQ2021,1072,,,FALSE,SKQ2021,SKQ21 EcoFOCI DBO,11/10/21,11/10/21,-,DBO4.5,5,Niskin; Sterivex 0.22µm filter,95% EtOH,Arctic Ocean,DB04.5,,30.0,,71°43.12' N,161°46.483' W,,05:34,,14:34,,1000,,,,,,,,Matt Galaska,,TRUE,100,SKQ21_ExtractionSheet,,Lab -20˚C,TRUE,TRUE,At Sequencing Center (R2)
E1073.SKQ2021,1073,,,FALSE,SKQ2021,SKQ21 EcoFOCI DBO,11/10/21,11/10/21,-,DBO4.5,11,Niskin; Sterivex 0.22µm filter,95% EtOH,Arctic Ocean,DB04.5,,10.0,,71°43.12' N,161°46.483' W,,05:34,,14:34,,1000,,,,,,,,Matt Galaska,,TRUE,100,SKQ21_ExtractionSheet,,Lab -20˚C,TRUE,TRUE,At Sequencing Center (R2)
E1074.SKQ2021,1074,,,FALSE,SKQ2021,SKQ21 EcoFOCI DBO,11/10/21,11/10/21,-,DBO4.6,2,Niskin; Sterivex 0.22µm filter,95% EtOH,Arctic Ocean,DB04.6,,37.0,,71°51.042' N,162°10.215' W,,09:39,,18:39,,1000,,,,,,,,Matt Galaska,,TRUE,100,SKQ21_ExtractionSheet,,Lab -20˚C,TRUE,TRUE,At Sequencing Center (R2)
E1075.SKQ2021,1075,,,FALSE,SKQ2021,SKQ21 EcoFOCI DBO,11/10/21,11/10/21,-,DBO4.6,5,Niskin; Sterivex 0.22µm filter,95% EtOH,Arctic Ocean,DB04.6,,30.6,,71°51.042' N,162°10.215' W,,09:39,,18:39,,1000,,,,,,,,Matt Galaska,,TRUE,100,SKQ21_ExtractionSheet,,Lab -20˚C,TRUE,TRUE,At Sequencing Center (R2)
E1076.SKQ2021,1076,,,FALSE,SKQ2021,SKQ21 EcoFOCI DBO,11/10/21,11/10/21,-,DBO4.6,11,Niskin; Sterivex 0.22µm filter,95% EtOH,Arctic Ocean,DB04.6,,10.5,,71°51.042' N,162°10.215' W,,09:39,,18:39,,1000,,,,,,,,Matt Galaska,,TRUE,100,SKQ21_ExtractionSheet,,Lab -20˚C,TRUE,TRUE,At Sequencing Center (R2)
E1077.SKQ2021,1077,,,FALSE,SKQ2021,SKQ21 EcoFOCI DBO,11/11/21,11/10/21,-,C2,2,Niskin; Sterivex 0.22µm filter,95% EtOH,Chukchi Sea,C2,,40.3,,71° N,164° W,,20:10,,5:10,,1000,,,,,,,,Matt Galaska,,TRUE,100,SKQ21_ExtractionSheet,,Lab -20˚C,TRUE,TRUE,At Sequencing Center (R2)
E1078.SKQ2021,1078,,,FALSE,SKQ2021,SKQ21 EcoFOCI DBO,11/11/21,11/10/21,-,C2,5,Niskin; Sterivex 0.22µm filter,95% EtOH,Chukchi Sea,C2,,30.4,,71° N,164° W,,20:10,,5:10,,1000,,,,,,,,Matt Galaska,,TRUE,100,SKQ21_ExtractionSheet,,Lab -20˚C,TRUE,TRUE,At Sequencing Center (R2)
E1079.SKQ2021,1079,,,FALSE,SKQ2021,SKQ21 EcoFOCI DBO,11/11/21,11/10/21,-,C2,11,Niskin; Sterivex 0.22µm filter,95% EtOH,Chukchi Sea,C2,,10.0,,71° N,164° W,,20:10,,5:10,,1000,,,,,,,,Matt Galaska,,TRUE,100,SKQ21_ExtractionSheet,,Lab -20˚C,TRUE,TRUE,At Sequencing Center (R2)
E1080.SKQ2021,1080,,,FALSE,SKQ2021,SKQ21 EcoFOCI DBO,11/12/21,11/11/21,-,DBO3.1,2,Niskin; Sterivex 0.22µm filter,95% EtOH,Chukchi Sea,DB03.1,,30.0,,68°18.240' N,166°55.762' W,,16:21,,1:21,,1000,,,,,,,,Matt Galaska,,TRUE,100,SKQ21_ExtractionSheet,,Lab -20˚C,TRUE,TRUE,At Sequencing Center (R2)
E1081.SKQ2021,1081,,,FALSE,SKQ2021,SKQ21 EcoFOCI DBO,11/12/21,11/11/21,-,DBO3.1,6,Niskin; Sterivex 0.22µm filter,95% EtOH,Chukchi Sea,DB03.1,,10.0,,68°18.240' N,166°55.762' W,,16:21,,1:21,,1000,,,,,,,,Matt Galaska,,TRUE,100,SKQ21_ExtractionSheet,,Lab -20˚C,TRUE,TRUE,At Sequencing Center (R2)
E1082.SKQ2021,1082,,,FALSE,SKQ2021,SKQ21 EcoFOCI DBO,11/12/21,11/11/21,-,DBO3.2,2,Niskin; Sterivex 0.22µm filter,95% EtOH,Arctic Ocean,DB03.2,,38.4,,68°15.04' N,167°7.305' W,,18:15,,3:15,,1000,,,,,,,,Matt Galaska,,TRUE,100,SKQ21_ExtractionSheet,,Lab -20˚C,TRUE,TRUE,At Sequencing Center (R2)
E1083.SKQ2021,1083,,,FALSE,SKQ2021,SKQ21 EcoFOCI DBO,11/12/21,11/11/21,-,DBO3.2,5,Niskin; Sterivex 0.22µm filter,95% EtOH,Arctic Ocean,DB03.2,,30.6,,68°15.04' N,167°7.305' W,,18:15,,3:15,,1000,,,,,,,,Matt Galaska,,TRUE,100,SKQ21_ExtractionSheet,,Lab -20˚C,TRUE,TRUE,At Sequencing Center (R2)
E1084.SKQ2021,1084,,,FALSE,SKQ2021,SKQ21 EcoFOCI DBO,11/12/21,11/11/21,-,DBO3.2,11,Niskin; Sterivex 0.22µm filter,95% EtOH,Arctic Ocean,DB03.2,,9.9,,68°15.04' N,167°7.305' W,,18:15,,3:15,,1000,,,,,,,,Matt Galaska,,TRUE,100,SKQ21_ExtractionSheet,,Lab -20˚C,TRUE,TRUE,At Sequencing Center (R2)
E1085.SKQ2021,1085,,,FALSE,SKQ2021,SKQ21 EcoFOCI DBO,11/12/21,11/11/21,-,DBO3.3,4,Niskin; Sterivex 0.22µm filter,95% EtOH,Chukchi Sea,DB03.3,,43.0,,68°11.431' N,167°17.47' W,,20:26,,5:26,,1000,,,,,,,,Matt Galaska,,TRUE,100,SKQ21_ExtractionSheet,,Lab -20˚C,TRUE,TRUE,At Sequencing Center (R2)
E1086.SKQ2021,1086,,,FALSE,SKQ2021,SKQ21 EcoFOCI DBO,11/12/21,11/11/21,-,DBO3.3,8,Niskin; Sterivex 0.22µm filter,95% EtOH,Chukchi Sea,DB03.3,,30.0,,68°11.431' N,167°17.47' W,,20:26,,5:26,,1000,,,,,,,,Matt Galaska,,TRUE,100,SKQ21_ExtractionSheet,,Lab -20˚C,TRUE,TRUE,At Sequencing Center (R2)
E1087.SKQ2021,1087,,,FALSE,SKQ2021,SKQ21 EcoFOCI DBO,11/12/21,11/11/21,-,DBO3.3,16,Niskin; Sterivex 0.22µm filter,95% EtOH,Chukchi Sea,DB03.3,,9.6,,68°11.431' N,167°17.47' W,,20:26,,5:26,,1000,,,,,,,,Matt Galaska,,TRUE,100,SKQ21_ExtractionSheet,,Lab -20˚C,TRUE,TRUE,At Sequencing Center (R2)
E1088.SKQ2021,1088,,,FALSE,SKQ2021,SKQ21 EcoFOCI DBO,11/12/21,11/11/21,-,DBO3.4,4,Niskin; Sterivex 0.22µm filter,95% EtOH,Chukchi Sea,DB03.4,,45.0,,68° 7' N,167° 29' W,,,,,,1000,,,,,,,,Matt Galaska,,TRUE,100,SKQ21_ExtractionSheet,,Lab -20˚C,TRUE,TRUE,At Sequencing Center (R2)
E1089.SKQ2021,1089,,,FALSE,SKQ2021,SKQ21 EcoFOCI DBO,11/12/21,11/11/21,-,DBO3.4,12,Niskin; Sterivex 0.22µm filter,95% EtOH,Chukchi Sea,DB03.4,,30.0,,68° 7' N,167° 29' W,,,,,,1000,,,,,,,,Matt Galaska,,TRUE,100,SKQ21_ExtractionSheet,,Lab -20˚C,TRUE,TRUE,At Sequencing Center (R2)
E1090.SKQ2021,1090,,,FALSE,SKQ2021,SKQ21 EcoFOCI DBO,11/12/21,11/11/21,-,DBO3.4,20,Niskin; Sterivex 0.22µm filter,95% EtOH,Chukchi Sea,DB03.4,,10.0,,68° 7' N,167° 29' W,,,,,,1000,,,,,,,,Matt Galaska,,TRUE,100,SKQ21_ExtractionSheet,,Lab -20˚C,TRUE,TRUE,At Sequencing Center (R2)
E1091.SKQ2021,1091,,,FALSE,SKQ2021,SKQ21 EcoFOCI DBO,11/12/21,11/12/21,-,DBO3.5,4,Niskin; Sterivex 0.22µm filter,95% EtOH,Chukchi Sea,DB03.5,,48.5,,68°0.78' N,167°53.12' W,,00:37,,9:37,,1000,,,,,,,,Matt Galaska,,TRUE,100,SKQ21_ExtractionSheet,,Lab -20˚C,TRUE,TRUE,At Sequencing Center (R2)
E1092.SKQ2021,1092,,,FALSE,SKQ2021,SKQ21 EcoFOCI DBO,11/12/21,11/12/21,-,DBO3.5,12,Niskin; Sterivex 0.22µm filter,95% EtOH,Chukchi Sea,DB03.5,,30.6,,68°0.78' N,167°53.12' W,,00:37,,9:37,,1000,,,,,,,,Matt Galaska,,TRUE,100,SKQ21_ExtractionSheet,,Lab -20˚C,TRUE,TRUE,At Sequencing Center (R2)
E1093.SKQ2021,1093,,,FALSE,SKQ2021,SKQ21 EcoFOCI DBO,11/12/21,11/12/21,-,DBO3.5,20,Niskin; Sterivex 0.22µm filter,95% EtOH,Chukchi Sea,DB03.5,,10.2,,68°0.78' N,167°53.12' W,,00:37,,9:37,,1000,,,,,,,,Matt Galaska,,TRUE,100,SKQ21_ExtractionSheet,,Lab -20˚C,TRUE,TRUE,At Sequencing Center (R2)
E1094.SKQ2021,1094,,,FALSE,SKQ2021,SKQ21 EcoFOCI DBO,11/12/21,11/12/21,-,DBO3.6,4,Niskin; Sterivex 0.22µm filter,95% EtOH,Chukchi Sea,DB03.6,,52.7,,68° 53' N,167° 13' W,,03:56,,12:56,,1000,,,,,,,,Matt Galaska,,TRUE,100,SKQ21_ExtractionSheet,,Lab -20˚C,TRUE,TRUE,At Sequencing Center (R2)
E1095.SKQ2021,1095,,,FALSE,SKQ2021,SKQ21 EcoFOCI DBO,11/12/21,11/12/21,-,DBO3.6,12,Niskin; Sterivex 0.22µm filter,95% EtOH,Chukchi Sea,DB03.6,,30.3,,68° 53' N,167° 13' W,,03:56,,12:56,,1000,,,,,,,,Matt Galaska,,TRUE,100,SKQ21_ExtractionSheet,,Lab -20˚C,TRUE,TRUE,At Sequencing Center (R2)
E1096.SKQ2021,1096,,,FALSE,SKQ2021,SKQ21 EcoFOCI DBO,11/12/21,11/12/21,-,DBO3.6,20,Niskin; Sterivex 0.22µm filter,95% EtOH,Chukchi Sea,DB03.6,,10.3,,68° 53' N,167° 13' W,,03:56,,12:56,,1000,,,,,,,,Matt Galaska,,TRUE,100,SKQ21_ExtractionSheet,,Lab -20˚C,TRUE,TRUE,At Sequencing Center (R2)
E1097.SKQ2021,1097,,,FALSE,SKQ2021,SKQ21 EcoFOCI DBO,11/12/21,11/12/21,-,DBO3.7,4,Niskin; Sterivex 0.22µm filter,95% EtOH,Chukchi Sea,DB03.7,,45.0,,67°46.97' N,168°35.698' W,,06:39,,15:39,,1000,,,,,,,,Matt Galaska,,TRUE,100,SKQ21_ExtractionSheet,,Lab -20˚C,TRUE,TRUE,At Sequencing Center (R2)
E1098.SKQ2021,1098,,,FALSE,SKQ2021,SKQ21 EcoFOCI DBO,11/12/21,11/12/21,-,DBO3.7,12,Niskin; Sterivex 0.22µm filter,95% EtOH,Chukchi Sea,DB03.7,,30.0,,67°46.97' N,168°35.698' W,,06:39,,15:39,,1000,,,,,,,,Matt Galaska,,TRUE,100,SKQ21_ExtractionSheet,,Lab -20˚C,TRUE,TRUE,At Sequencing Center (R2)
E1099.SKQ2021,1099,,,FALSE,SKQ2021,SKQ21 EcoFOCI DBO,11/12/21,11/12/21,-,DBO3.7,20,Niskin; Sterivex 0.22µm filter,95% EtOH,Chukchi Sea,DB03.7,,10.0,,67°46.97' N,168°35.698' W,,06:39,,15:39,,1000,,,,,,,,Matt Galaska,,TRUE,100,SKQ21_ExtractionSheet,,Lab -20˚C,TRUE,TRUE,At Sequencing Center (R2)
MID.NC.SKQ2021,MID,,,TRUE,SKQ2021,SKQ21 EcoFOCI DBO,11/14/21,11/14/21,NC Middle,-,,Sterivex 0.22µm filter,95% EtOH,,,,,,,,,,,,,,,,,,,,,,,TRUE,100,SKQ21_ExtractionSheet,,,TRUE,TRUE,At Sequencing Center (R2)
E1100.SKQ2021,1100,,,FALSE,SKQ2021,SKQ21 EcoFOCI DBO,11/14/21,11/14/21,-,M8,2,Niskin; Sterivex 0.22µm filter,95% EtOH,Bering Sea,M8,,68.4,,62°12.08' N,174°40.80' W,,00:51,,9:51,,1000,,,,,,,,Matt Galaska,,TRUE,100,SKQ21_ExtractionSheet,,Lab -20˚C,TRUE,TRUE,At Sequencing Center (R2)
E1101.SKQ2021,1101,,,FALSE,SKQ2021,SKQ21 EcoFOCI DBO,11/14/21,11/14/21,-,M8,11,Niskin; Sterivex 0.22µm filter,95% EtOH,Bering Sea,M8,,31.1,,62°12.08' N,174°40.80' W,,00:51,,9:51,,1000,,,,,,,,Matt Galaska,,TRUE,100,SKQ21_ExtractionSheet,,Lab -20˚C,TRUE,TRUE,At Sequencing Center (R2)
E1102.SKQ2021,1102,,,FALSE,SKQ2021,SKQ21 EcoFOCI DBO,11/14/21,11/14/21,-,M8,17,Niskin; Sterivex 0.22µm filter,95% EtOH,Bering Sea,M8,,10.0,,62°12.08' N,174°40.80' W,,00:51,,9:51,,1000,,,,,,,,Matt Galaska,,TRUE,100,SKQ21_ExtractionSheet,,Lab -20˚C,TRUE,TRUE,At Sequencing Center (R2)
E1103.SKQ2021,1103,,,FALSE,SKQ2021,SKQ21 EcoFOCI DBO,11/14/21,11/14/21,-,DBO1.1,3,Niskin; Sterivex 0.22µm filter,95% EtOH,Bering Sea,DB01.1,,73.9,,62° 0' N,175° 04' W,,03:06,,12:06,,1000,,,,,,,,Matt Galaska,,TRUE,100,SKQ21_ExtractionSheet,,Lab -20˚C,TRUE,TRUE,At Sequencing Center (R2)
E1104.SKQ2021,1104,,,FALSE,SKQ2021,SKQ21 EcoFOCI DBO,11/14/21,11/14/21,-,DBO1.1,12,Niskin; Sterivex 0.22µm filter,95% EtOH,Bering Sea,DB01.1,,30.3,,62° 0' N,175° 04' W,,03:06,,12:06,,1000,,,,,,,,Matt Galaska,,TRUE,100,SKQ21_ExtractionSheet,,Lab -20˚C,TRUE,TRUE,At Sequencing Center (R2)
E1105.SKQ2021,1105,,,FALSE,SKQ2021,SKQ21 EcoFOCI DBO,11/14/21,11/14/21,-,DBO1.1,18,Niskin; Sterivex 0.22µm filter,95% EtOH,Bering Sea,DB01.1,,9.8,,62° 0' N,175° 04' W,,03:06,,12:06,,1000,,,,,,,,Matt Galaska,,TRUE,100,SKQ21_ExtractionSheet,,Lab -20˚C,TRUE,TRUE,At Sequencing Center (R2)
E1106.SKQ2021,1106,,,FALSE,SKQ2021,SKQ21 EcoFOCI DBO,11/14/21,11/14/21,-,DBO1.2,3,Niskin; Sterivex 0.22µm filter,95% EtOH,Bering Sea,DB01.2,,75.9,,62°2.957' N,175°12.518' W,,05:06,,14:06,,1000,,,,,,,,Matt Galaska,,TRUE,100,SKQ21_ExtractionSheet,,Lab -20˚C,TRUE,TRUE,At Sequencing Center (R2)
E1107.SKQ2021,1107,,,FALSE,SKQ2021,SKQ21 EcoFOCI DBO,11/14/21,11/14/21,-,DBO1.2,12,Niskin; Sterivex 0.22µm filter,95% EtOH,Bering Sea,DB01.2,,30.8,,62°2.957' N,175°12.518' W,,05:06,,14:06,,1000,,,,,,,,Matt Galaska,,TRUE,100,SKQ21_ExtractionSheet,,Lab -20˚C,TRUE,TRUE,At Sequencing Center (R2)
E1108.SKQ2021,1108,,,FALSE,SKQ2021,SKQ21 EcoFOCI DBO,11/14/21,11/14/21,-,DBO1.2,18,Niskin; Sterivex 0.22µm filter,95% EtOH,Bering Sea,DB01.2,,10.0,,62°2.957' N,175°12.518' W,,05:06,,14:06,,1000,,,,,,,,Matt Galaska,,TRUE,100,SKQ21_ExtractionSheet,,Lab -20˚C,TRUE,TRUE,At Sequencing Center (R2)
E1109.SKQ2021,1109,,,FALSE,SKQ2021,SKQ21 EcoFOCI DBO,11/14/21,11/14/21,-,DBO1.3,3,Niskin; Sterivex 0.22µm filter,95% EtOH,Bering Sea,DB01.3,,69.7,,62°13.2' N,174°52.67' W,,08:01,,17:01,,1000,,,,,,,,Matt Galaska,,TRUE,100,SKQ21_ExtractionSheet,,Lab -20˚C,TRUE,TRUE,At Sequencing Center (R2)
E1110.SKQ2021,1110,,,FALSE,SKQ2021,SKQ21 EcoFOCI DBO,11/14/21,11/14/21,-,DBO1.3,12,Niskin; Sterivex 0.22µm filter,95% EtOH,Bering Sea,DB01.3,,30.5,,62°13.2' N,174°52.67' W,,08:01,,17:01,,1000,,,,,,,,Matt Galaska,,TRUE,100,SKQ21_ExtractionSheet,,Lab -20˚C,TRUE,TRUE,At Sequencing Center (R2)
E1111.SKQ2021,1111,,,FALSE,SKQ2021,SKQ21 EcoFOCI DBO,11/14/21,11/14/21,-,DBO1.3,18,Niskin; Sterivex 0.22µm filter,95% EtOH,Bering Sea,DB01.3,,9.9,,62°13.2' N,174°52.67' W,,08:01,,17:01,,1000,,,,,,,,Matt Galaska,,TRUE,100,SKQ21_ExtractionSheet,,Lab -20˚C,TRUE,TRUE,At Sequencing Center (R2)
E1112.SKQ2021,1112,,,FALSE,SKQ2021,SKQ21 EcoFOCI DBO,11/14/21,11/14/21,-,DBO1.4,3,Niskin; Sterivex 0.22µm filter,95% EtOH,Bering Sea,DB01.4,,65.4,,62°23.42' N,174°34.296' W,,09:58,,18:58,,1000,,,,,,,,Matt Galaska,,TRUE,100,SKQ21_ExtractionSheet,,Lab -20˚C,TRUE,TRUE,At Sequencing Center (R2)
E1113.SKQ2021,1113,,,FALSE,SKQ2021,SKQ21 EcoFOCI DBO,11/14/21,11/14/21,-,DBO1.4,12,Niskin; Sterivex 0.22µm filter,95% EtOH,Bering Sea,DB01.4,,30.3,,62°23.42' N,174°34.296' W,,09:58,,18:58,,1000,,,,,,,,Matt Galaska,,TRUE,100,SKQ21_ExtractionSheet,,Lab -20˚C,TRUE,TRUE,At Sequencing Center (R2)
E1114.SKQ2021,1114,,,FALSE,SKQ2021,SKQ21 EcoFOCI DBO,11/14/21,11/14/21,-,DBO1.4,18,Niskin; Sterivex 0.22µm filter,95% EtOH,Bering Sea,DB01.4,,10.2,,62°23.42' N,174°34.296' W,,09:58,,18:58,,1000,,,,,,,,Matt Galaska,,TRUE,100,SKQ21_ExtractionSheet,,Lab -20˚C,TRUE,TRUE,At Sequencing Center (R2)
E1115.SKQ2021,1115,,,FALSE,SKQ2021,SKQ21 EcoFOCI DBO,11/14/21,11/14/21,-,DBO1.5,3,Niskin; Sterivex 0.22µm filter,95% EtOH,Bering Sea,DB01.5,,62.6,,62°28.1' N,174°5.07' W,,13:19,,22:19,,1000,,,,,,,,Matt Galaska,,TRUE,100,SKQ21_ExtractionSheet,,Lab -20˚C,TRUE,TRUE,At Sequencing Center (R2)
E1116.SKQ2021,1116,,,FALSE,SKQ2021,SKQ21 EcoFOCI DBO,11/14/21,11/14/21,-,DBO1.5,12,Niskin; Sterivex 0.22µm filter,95% EtOH,Bering Sea,DB01.5,,29.5,,62°28.1' N,174°5.07' W,,13:19,,22:19,,1000,,,,,,,,Matt Galaska,,TRUE,100,SKQ21_ExtractionSheet,,Lab -20˚C,TRUE,TRUE,At Sequencing Center (R2)
E1117.SKQ2021,1117,,,FALSE,SKQ2021,SKQ21 EcoFOCI DBO,11/14/21,11/14/21,-,DBO1.5,18,Niskin; Sterivex 0.22µm filter,95% EtOH,Bering Sea,DB01.5,,9.8,,62°28.1' N,174°5.07' W,,13:19,,22:19,,1000,,,,,,,,Matt Galaska,,TRUE,100,SKQ21_ExtractionSheet,,Lab -20˚C,TRUE,TRUE,At Sequencing Center (R2)
E1118.SKQ2021,1118,,,FALSE,SKQ2021,SKQ21 EcoFOCI DBO,11/15/21,11/14/21,-,DBO1.6,3,Niskin; Sterivex 0.22µm filter,95% EtOH,Bering Sea,DB01.6,,60.2,,62°33.63' N,173°33.027' W,,15:00,,0:00,,1000,,,,,,,,Matt Galaska,,TRUE,100,SKQ21_ExtractionSheet,,Lab -20˚C,TRUE,TRUE,At Sequencing Center (R2)
E1119.SKQ2021,1119,,,FALSE,SKQ2021,SKQ21 EcoFOCI DBO,11/15/21,11/14/21,-,DBO1.6,12,Niskin; Sterivex 0.22µm filter,95% EtOH,Bering Sea,DB01.6,,30.6,,62°33.63' N,173°33.027' W,,15:00,,0:00,,1000,,,,,,,,Matt Galaska,,TRUE,100,SKQ21_ExtractionSheet,,Lab -20˚C,TRUE,TRUE,At Sequencing Center (R2)
E1120.SKQ2021,1120,,,FALSE,SKQ2021,SKQ21 EcoFOCI DBO,11/15/21,11/14/21,-,DBO1.6,18,Niskin; Sterivex 0.22µm filter,95% EtOH,Bering Sea,DB01.6,,10.9,,62°33.63' N,173°33.027' W,,15:00,,0:00,,1000,,,,,,,,Matt Galaska,,TRUE,100,SKQ21_ExtractionSheet,,Lab -20˚C,TRUE,TRUE,At Sequencing Center (R2)
E1121.SKQ2021,1121,,,FALSE,SKQ2021,SKQ21 EcoFOCI DBO,11/15/21,11/14/21,-,DBO1.7,3,Niskin; Sterivex 0.22µm filter,95% EtOH,Bering Sea,DB01.7,,65.6,,62°47.25' N,173°30.025' W,,18:51,,3:51,,1000,,,,,,,,Matt Galaska,,TRUE,100,SKQ21_ExtractionSheet,,Lab -20˚C,TRUE,TRUE,At Sequencing Center (R2)
E1122.SKQ2021,1122,,,FALSE,SKQ2021,SKQ21 EcoFOCI DBO,11/15/21,11/14/21,-,DBO1.7,12,Niskin; Sterivex 0.22µm filter,95% EtOH,Bering Sea,DB01.7,,31.2,,62°47.25' N,173°30.025' W,,18:51,,3:51,,1000,,,,,,,,Matt Galaska,,TRUE,100,SKQ21_ExtractionSheet,,Lab -20˚C,TRUE,TRUE,At Sequencing Center (R2)
E1123.SKQ2021,1123,,,FALSE,SKQ2021,SKQ21 EcoFOCI DBO,11/15/21,11/14/21,-,DBO1.7,18,Niskin; Sterivex 0.22µm filter,95% EtOH,Bering Sea,DB01.7,,10.9,,62°47.25' N,173°30.025' W,,18:51,,3:51,,1000,,,,,,,,Matt Galaska,,TRUE,100,SKQ21_ExtractionSheet,,Lab -20˚C,TRUE,TRUE,At Sequencing Center (R2)
E1124.SKQ2021,1124,,,FALSE,SKQ2021,SKQ21 EcoFOCI DBO,11/15/21,11/14/21,-,DBO1.8,3,Niskin; Sterivex 0.22µm filter,95% EtOH,Bering Sea,DB01.8,,64.9,,63°1.81' N,173°27.66' W,,20:50,,5:50,,1000,,,,,,,,Matt Galaska,,TRUE,100,SKQ21_ExtractionSheet,,Lab -20˚C,TRUE,TRUE,At Sequencing Center (R2)
E1125.SKQ2021,1125,,,FALSE,SKQ2021,SKQ21 EcoFOCI DBO,11/15/21,11/14/21,-,DBO1.8,12,Niskin; Sterivex 0.22µm filter,95% EtOH,Bering Sea,DB01.8,,30.4,,63°1.81' N,173°27.66' W,,20:50,,5:50,,1000,,,,,,,,Matt Galaska,,TRUE,100,SKQ21_ExtractionSheet,,Lab -20˚C,TRUE,TRUE,At Sequencing Center (R2)
E1126.SKQ2021,1126,,,FALSE,SKQ2021,SKQ21 EcoFOCI DBO,11/15/21,11/14/21,-,DBO1.8,18,Niskin; Sterivex 0.22µm filter,95% EtOH,Bering Sea,DB01.8,,10.8,,63°1.81' N,173°27.66' W,,20:50,,5:50,,1000,,,,,,,,Matt Galaska,,TRUE,100,SKQ21_ExtractionSheet,,Lab -20˚C,TRUE,TRUE,At Sequencing Center (R2)
E1127.SKQ2021,1127,,,FALSE,SKQ2021,SKQ21 EcoFOCI DBO,11/15/21,11/15/21,-,DBO1.9,3,Niskin; Sterivex 0.22µm filter,95% EtOH,Bering Sea,DB01.9,,60.9,,63°16.7' N,173°16.86' W,,00:34,,9:34,,1000,,,,,,,,Matt Galaska,,TRUE,100,SKQ21_ExtractionSheet,,Lab -20˚C,TRUE,TRUE,At Sequencing Center (R2)
E1128.SKQ2021,1128,,,FALSE,SKQ2021,SKQ21 EcoFOCI DBO,11/15/21,11/15/21,-,DBO1.9,12,Niskin; Sterivex 0.22µm filter,95% EtOH,Bering Sea,DB01.9,,30.6,,63°16.7' N,173°16.86' W,,00:34,,9:34,,1000,,,,,,,,Matt Galaska,,TRUE,100,SKQ21_ExtractionSheet,,Lab -20˚C,TRUE,TRUE,At Sequencing Center (R2)
E1129.SKQ2021,1129,,,FALSE,SKQ2021,SKQ21 EcoFOCI DBO,11/15/21,11/15/21,-,DBO1.9,18,Niskin; Sterivex 0.22µm filter,95% EtOH,Bering Sea,DB01.9,,10.6,,63°16.7' N,173°16.86' W,,00:34,,9:34,,1000,,,,,,,,Matt Galaska,,TRUE,100,SKQ21_ExtractionSheet,,Lab -20˚C,TRUE,TRUE,At Sequencing Center (R2)
E1130.SKQ2021,1130,,,FALSE,SKQ2021,SKQ21 EcoFOCI DBO,11/15/21,11/15/21,-,DBO1.10,3,Niskin; Sterivex 0.22µm filter,95% EtOH,Bering Sea,DB01.10,,45.5,,63°36.29' N,172°35.59' W,,03:54,,12:54,,1000,,,,,,,,Matt Galaska,,TRUE,100,SKQ21_ExtractionSheet,,Lab -20˚C,TRUE,TRUE,At Sequencing Center (R2)
E1131.SKQ2021,1131,,,FALSE,SKQ2021,SKQ21 EcoFOCI DBO,11/15/21,11/15/21,-,DBO1.10,9,Niskin; Sterivex 0.22µm filter,95% EtOH,Bering Sea,DB01.10,,29.7,,63°36.29' N,172°35.59' W,,03:54,,12:54,,1000,,,,,,,,Matt Galaska,,TRUE,100,SKQ21_ExtractionSheet,,Lab -20˚C,TRUE,TRUE,At Sequencing Center (R2)
E1132.SKQ2021,1132,,,FALSE,SKQ2021,SKQ21 EcoFOCI DBO,11/15/21,11/15/21,-,DBO1.10,15,Niskin; Sterivex 0.22µm filter,95% EtOH,Bering Sea,DB01.10,,10.5,,63°36.29' N,172°35.59' W,,03:54,,12:54,,1000,,,,,,,,Matt Galaska,,TRUE,100,SKQ21_ExtractionSheet,,Lab -20˚C,TRUE,TRUE,At Sequencing Center (R2)
E1133.SKQ2021,1133,,,FALSE,SKQ2021,SKQ21 EcoFOCI DBO,11/15/21,11/15/21,-,DBO2.1,3,Niskin; Sterivex 0.22µm filter,95% EtOH,Bering Sea,DB02.1,,42.6,,64°40.21' N,169°55.122' W,,12:20,,21:20,,1000,,,,,,,,Matt Galaska,,TRUE,100,SKQ21_ExtractionSheet,,Lab -20˚C,TRUE,TRUE,At Sequencing Center (R2)
E1134.SKQ2021,1134,,,FALSE,SKQ2021,SKQ21 EcoFOCI DBO,11/15/21,11/15/21,-,DBO2.1,6,Niskin; Sterivex 0.22µm filter,95% EtOH,Bering Sea,DB02.1,,30.1,,64°40.21' N,169°55.122' W,,12:20,,21:20,,1000,,,,,,,,Matt Galaska,,TRUE,100,SKQ21_ExtractionSheet,,Lab -20˚C,TRUE,TRUE,At Sequencing Center (R2)
E1135.SKQ2021,1135,,,FALSE,SKQ2021,SKQ21 EcoFOCI DBO,11/15/21,11/15/21,-,DBO2.1,12,Niskin; Sterivex 0.22µm filter,95% EtOH,Bering Sea,DB02.1,,10.4,,64°40.21' N,169°55.122' W,,12:20,,21:20,,1000,,,,,,,,Matt Galaska,,TRUE,100,SKQ21_ExtractionSheet,,Lab -20˚C,TRUE,TRUE,At Sequencing Center (R2)
E1136.SKQ2021,1136,,,FALSE,SKQ2021,SKQ21 EcoFOCI DBO,11/16/21,11/15/21,-,DBO2.2,3,Niskin; Sterivex 0.22µm filter,95% EtOH,Bering Sea,DB02.2,,40.8,,64°40.8' N,169°6.04' W,,15:44,,0:44,,1000,,,,,,,,Matt Galaska,,TRUE,100,SKQ21_ExtractionSheet,,Lab -20˚C,TRUE,TRUE,At Sequencing Center (R2)
E1137.SKQ2021,1137,,,FALSE,SKQ2021,SKQ21 EcoFOCI DBO,11/16/21,11/15/21,-,DBO2.2,6,Niskin; Sterivex 0.22µm filter,95% EtOH,Bering Sea,DB02.2,,30.2,,64°40.8' N,169°6.04' W,,15:44,,0:44,,1000,,,,,,,,Matt Galaska,,TRUE,100,SKQ21_ExtractionSheet,,Lab -20˚C,TRUE,TRUE,At Sequencing Center (R2)
E1138.SKQ2021,1138,,,FALSE,SKQ2021,SKQ21 EcoFOCI DBO,11/16/21,11/15/21,-,DBO2.2,12,Niskin; Sterivex 0.22µm filter,95% EtOH,Bering Sea,DB02.2,,10.0,,64°40.8' N,169°6.04' W,,15:44,,0:44,,1000,,,,,,,,Matt Galaska,,TRUE,100,SKQ21_ExtractionSheet,,Lab -20˚C,TRUE,TRUE,At Sequencing Center (R2)
E1139.SKQ2021,1139,,,FALSE,SKQ2021,SKQ21 EcoFOCI DBO,11/16/21,11/15/21,-,DBO2.5,3,Niskin; Sterivex 0.22µm filter,95% EtOH,Bering Sea,DB02.5,,44.4,,64°59.39' N,169°8.39' W,,22:03,,7:03,,1000,,,,,,,,Matt Galaska,,TRUE,100,SKQ21_ExtractionSheet,,Lab -20˚C,TRUE,TRUE,At Sequencing Center (R2)
E1140.SKQ2021,1140,,,FALSE,SKQ2021,SKQ21 EcoFOCI DBO,11/16/21,11/15/21,-,DBO2.5,6,Niskin; Sterivex 0.22µm filter,95% EtOH,Bering Sea,DB02.5,,30.5,,64°59.39' N,169°8.39' W,,22:03,,7:03,,1000,,,,,,,,Matt Galaska,,TRUE,100,SKQ21_ExtractionSheet,,Lab -20˚C,TRUE,TRUE,At Sequencing Center (R2)
E1141.SKQ2021,1141,,,FALSE,SKQ2021,SKQ21 EcoFOCI DBO,11/16/21,11/15/21,-,DBO2.5,12,Niskin; Sterivex 0.22µm filter,95% EtOH,Bering Sea,DB02.5,,10.4,,64°59.39' N,169°8.39' W,,22:03,,7:03,,1000,,,,,,,,Matt Galaska,,TRUE,100,SKQ21_ExtractionSheet,,Lab -20˚C,TRUE,TRUE,At Sequencing Center (R2)
E1142.SKQ2021,1142,,,FALSE,SKQ2021,SKQ21 EcoFOCI DBO,11/16/21,11/16/21,-,DBO2.4,3,Niskin; Sterivex 0.22µm filter,95% EtOH,Bering Sea,DB02.4,,44.0,,64°57.53' N,169°52.82' W,,01:31,,10:31,,1000,,,,,,,,Matt Galaska,,TRUE,100,SKQ21_ExtractionSheet,,Lab -20˚C,TRUE,TRUE,At Sequencing Center (R2)
E1143.SKQ2021,1143,,,FALSE,SKQ2021,SKQ21 EcoFOCI DBO,11/16/21,11/16/21,-,DBO2.4,6,Niskin; Sterivex 0.22µm filter,95% EtOH,Bering Sea,DB02.4,,30.4,,64°57.53' N,169°52.82' W,,01:31,,10:31,,1000,,,,,,,,Matt Galaska,,TRUE,100,SKQ21_ExtractionSheet,,Lab -20˚C,TRUE,TRUE,At Sequencing Center (R2)
E1144.SKQ2021,1144,,,FALSE,SKQ2021,SKQ21 EcoFOCI DBO,11/16/21,11/16/21,-,DBO2.4,12,Niskin; Sterivex 0.22µm filter,95% EtOH,Bering Sea,DB02.4,,10.2,,64°57.53' N,169°52.82' W,,01:31,,10:31,,1000,,,,,,,,Matt Galaska,,TRUE,100,SKQ21_ExtractionSheet,,Lab -20˚C,TRUE,TRUE,At Sequencing Center (R2)
E1145.SKQ2021,1145,,,FALSE,SKQ2021,SKQ21 EcoFOCI DBO,11/16/21,11/16/21,-,DBO2.3,3,Niskin; Sterivex 0.22µm filter,95% EtOH,Bering Sea,DB02.3,,33.7,,64°40.19' N,168°14.14' W,,07:31,,16:31,,1000,,,,,,,,Matt Galaska,,TRUE,100,SKQ21_ExtractionSheet,,Lab -20˚C,TRUE,TRUE,At Sequencing Center (R2)
E1146.SKQ2021,1146,,,FALSE,SKQ2021,SKQ21 EcoFOCI DBO,11/16/21,11/16/21,-,DBO2.3,9,Niskin; Sterivex 0.22µm filter,95% EtOH,Bering Sea,DB02.3,,10.2,,64° 40.19' N,168°14.14' W,,07:31,,16:31,,1000,,,,,,,,Matt Galaska,,TRUE,100,SKQ21_ExtractionSheet,,Lab -20˚C,TRUE,TRUE,At Sequencing Center (R2)
END.NC.SKQ2021,END,,,TRUE,SKQ2021,SKQ21 EcoFOCI DBO,11/16/21,11/16/21,NC End,-,,Sterivex 0.22µm filter,95% EtOH,,,,,,,,,,,,,1000,,,,,,,,Matt Galaska,,TRUE,100,SKQ21_ExtractionSheet,,Lab -20˚C,TRUE,TRUE,At Sequencing Center (R2)
E1147.NC.DY2206,1147,,,TRUE,DY2206,EcoFoci Spring Mooring 2022,,,NC Start,-,-,Sterivex 0.22µm filter,95% EtOH,,-,,-,-,-,-,,,,-,,1000,,,,,,,,Emily Lemagie,Ran sample before station 1,FALSE,,,,Lab -20˚C,FALSE,FALSE,
E1148.DY2206,1148,,,FALSE,DY2206,EcoFoci Spring Mooring 2022,5/11/22,,,CTD001,1,Niskin; Sterivex 0.22µm filter,95% EtOH,,70M6,,68.0,,56° 51.79' N,164° 01.91' W,,,,13:59,,1000,,,,,,,,Emily Lemagie,,FALSE,,,,Lab -20˚C,FALSE,FALSE,
E1149.DY2206,1149,,,FALSE,DY2206,EcoFoci Spring Mooring 2022,5/11/22,,,CTD001,4,Niskin; Sterivex 0.22µm filter,95% EtOH,,70M6,,30.0,,56° 51.79' N,164° 01.91' W,,,,13:59,,1000,,,,,,,,Emily Lemagie,,FALSE,,,,Lab -20˚C,FALSE,FALSE,
E1150.DY2206,1150,,,FALSE,DY2206,EcoFoci Spring Mooring 2022,5/11/22,,,CTD001,7,Niskin; Sterivex 0.22µm filter,95% EtOH,,70M6,,0.0,,56° 51.79' N,164° 01.91' W,,,,13:59,,1000,,,,,,,,Emily Lemagie,,FALSE,,,,Lab -20˚C,FALSE,FALSE,
E1151.DY2206,1151,,,FALSE,DY2206,EcoFoci Spring Mooring 2022,5/12/22,,,CTD003,1,Niskin; Sterivex 0.22µm filter,95% EtOH,,M2E,,64.8,,56° 56.44' N,163° 50.22' W,,,,7:41,,1000,,,,,,,,Emily Lemagie,,FALSE,,,,Lab -20˚C,FALSE,FALSE,
E1152.DY2206,1152,,,FALSE,DY2206,EcoFoci Spring Mooring 2022,5/12/22,,,CTD003,4,Niskin; Sterivex 0.22µm filter,95% EtOH,,M2E,,30.9,,56° 56.44' N,163° 50.22' W,,,,7:41,,1000,,,,,,,,Emily Lemagie,,FALSE,,,,Lab -20˚C,FALSE,FALSE,
E1153.DY2206,1153,,,FALSE,DY2206,EcoFoci Spring Mooring 2022,5/12/22,,,CTD003,7,Niskin; Sterivex 0.22µm filter,95% EtOH,,M2E,,3.9,,56° 56.44' N,163° 50.22' W,,,,7:41,,1000,,,,,,,,Emily Lemagie,,FALSE,,,,Lab -20˚C,FALSE,FALSE,
E1154.DY2206,1154,,,FALSE,DY2206,EcoFoci Spring Mooring 2022,5/12/22,,,CTD007,1,Niskin; Sterivex 0.22µm filter,95% EtOH,,M2,,67.5,,56° 51.56' N,164° 03.38' W,,,,21:46,,1000,,,,,,,,Emily Lemagie,moved the eDNA setup to a new location,FALSE,,,,Lab -20˚C,FALSE,FALSE,
E1155.DY2206,1155,,,FALSE,DY2206,EcoFoci Spring Mooring 2022,5/12/22,,,CTD007,4,Niskin; Sterivex 0.22µm filter,95% EtOH,,M2,,30.5,,56° 51.56' N,164° 03.38' W,,,,21:46,,1000,,,,,,,,Emily Lemagie,small leak in niskin,FALSE,,,,Lab -20˚C,FALSE,FALSE,
E1156.DY2206,1156,,,FALSE,DY2206,EcoFoci Spring Mooring 2022,5/12/22,,,CTD007,7,Niskin; Sterivex 0.22µm filter,95% EtOH,,M2,,3.2,,56° 51.56' N,164° 03.38' W,,,,21:46,,1000,,,,,,,,Emily Lemagie,,FALSE,,,,Lab -20˚C,FALSE,FALSE,
E1157.NC.DY2206,1157,,,TRUE,DY2206,EcoFoci Spring Mooring 2022,5/13/22,,,,-,Sterivex 0.22µm filter,95% EtOH,,-,,-,-,-,-,,,,1:59,,1000,,,,,,,,Emily Lemagie,ran a blank,FALSE,,,,Lab -20˚C,FALSE,FALSE,
E1158.DY2206,1158,,,FALSE,DY2206,EcoFoci Spring Mooring 2022,5/13/22,,,CTD012,1,Niskin; Sterivex 0.22µm filter,95% EtOH,,70M12,,66.6,,57° 25.81' N,166° 49.04' W,,,,11:26,,1000,,,,,,,,Emily Lemagie,,FALSE,,,,Lab -20˚C,FALSE,FALSE,
E1159.DY2206,1159,,,FALSE,DY2206,EcoFoci Spring Mooring 2022,5/13/22,,,CTD012,4,Niskin; Sterivex 0.22µm filter,95% EtOH,,70M12,,30.7,,57° 25.81' N,166° 49.04' W,,,,11:26,,1000,,,,,,,,Emily Lemagie,,FALSE,,,,Lab -20˚C,FALSE,FALSE,
E1160.DY2206,1160,,,FALSE,DY2206,EcoFoci Spring Mooring 2022,5/13/22,,,CTD012,7,Niskin; Sterivex 0.22µm filter,95% EtOH,,70M12,,3.4,,57° 25.81' N,166° 49.04' W,,,,11:26,,1000,,,,,,,,Emily Lemagie,,FALSE,,,,Lab -20˚C,FALSE,FALSE,
E1161.DY2206,1161,,,FALSE,DY2206,EcoFoci Spring Mooring 2022,5/15/22,,,CTD017,1,Niskin; Sterivex 0.22µm filter,95% EtOH,,UBS2,,130.2,,54° 24.43' N,165° 08.53' W,,,,6:00,,1000,,,,,,,,Emily Lemagie,,FALSE,,,,Lab -20˚C,FALSE,FALSE,
E1162.DY2206,1162,,,FALSE,DY2206,EcoFoci Spring Mooring 2022,5/15/22,,,CTD017,4,Niskin; Sterivex 0.22µm filter,95% EtOH,,UBS2,,30.3,,54° 24.43' N,165° 08.53' W,,,,6:00,,1000,,,,,,,,Emily Lemagie,,FALSE,,,,Lab -20˚C,FALSE,FALSE,
E1163.DY2206,1163,,,FALSE,DY2206,EcoFoci Spring Mooring 2022,5/15/22,,,CTD017,7,Niskin; Sterivex 0.22µm filter,95% EtOH,,UBS2,,4.2,,54° 24.43' N,165° 08.53' W,,,,6:00,,1000,,,,,,,,Emily Lemagie,,FALSE,,,,Lab -20˚C,FALSE,FALSE,
E1164.DY2206,1164,,,FALSE,DY2206,EcoFoci Spring Mooring 2022,5/17/22,,,CTD022,1,Niskin; Sterivex 0.22µm filter,95% EtOH,,M4C,,67.1,,57° 52.03' N,168° 53.19' W,,,,00:58,,1000,,,,,,,,Emily Lemagie,,FALSE,,,,Lab -20˚C,FALSE,FALSE,
E1165.DY2206,1165,,,FALSE,DY2206,EcoFoci Spring Mooring 2022,5/17/22,,,CTD022,4,Niskin; Sterivex 0.22µm filter,95% EtOH,,M4C,,30.8,,57° 52.03' N,168° 53.19' W,,,,00:58,,1000,,,,,,,,Emily Lemagie,,FALSE,,,,Lab -20˚C,FALSE,FALSE,
E1166.DY2206,1166,,,FALSE,DY2206,EcoFoci Spring Mooring 2022,5/17/22,,,CTD022,7,Niskin; Sterivex 0.22µm filter,95% EtOH,,M4C,,3.5,,57° 52.03' N,168° 53.19' W,,,,00:58,,1000,,,,,,,,Emily Lemagie,,FALSE,,,,Lab -20˚C,FALSE,FALSE,
E1167.DY2206,1167,,,FALSE,DY2206,EcoFoci Spring Mooring 2022,5/17/22,,,CTD028,1,Niskin; Sterivex 0.22µm filter,95% EtOH,,M5C,,65.5,,59° 54.68' N,171° 43.92' W,,,,21:56,,1000,,,,,,,,Emily Lemagie,,FALSE,,,,Lab -20˚C,FALSE,FALSE,
E1168.DY2206,1168,,,FALSE,DY2206,EcoFoci Spring Mooring 2022,5/17/22,,,CTD028,4,Niskin; Sterivex 0.22µm filter,95% EtOH,,M5C,,30.5,,59° 54.68' N,171° 43.92' W,,,,21:56,,1000,,,,,,,,Emily Lemagie,,FALSE,,,,Lab -20˚C,FALSE,FALSE,
E1169.DY2206,1169,,,FALSE,DY2206,EcoFoci Spring Mooring 2022,5/17/22,,,CTD028,7,Niskin; Sterivex 0.22µm filter,95% EtOH,,M5C,,3.0,,59° 54.68' N,171° 43.92' W,,,,21:56,,1000,,,,,,,,Emily Lemagie,,FALSE,,,,Lab -20˚C,FALSE,FALSE,
E1170.NC.DY2206,1170,,,TRUE,DY2206,EcoFoci Spring Mooring 2022,5/17/22,,NC End,-,,Sterivex 0.22µm filter,95% EtOH,,-,,-,-,-,-,,,,23:00,,1000,,,,,,,,Emily Lemagie,"time is approximate, I ran the blank immediately after the samples from the last station",FALSE,,,,Lab -20˚C,FALSE,FALSE,
E1171.NC.OC0622,1171,,,TRUE,OC0622,OCNMS June 2022,,6/21/2022,,-,,Sterivex 0.22µm filter,95% EtOH,,,,-,-,-,-,,-,-,,,1000,,,,,,,,Shannon Brown,,FALSE,,,,Lab -20˚C,FALSE,FALSE,
E1172.OC0622,1172,,,FALSE,OC0622,OCNMS June 2022,,6/21/2022,,TH042,1,Niskin; Sterivex 0.22µm filter,95% EtOH,Olympic Coast National Marine Sanctuary,Teahwhit Head,,32.4,,47˚ 52.699' N,124˚ 44.187' W,,13:28,13:43,,,1000,8.6,,32.4,5.57 mg/L,,,,Shannon Brown,,TRUE,100,OCNMS_ExtractionSheet,,Lab -20˚C,TRUE,FALSE,At Sequencing Center (R2)
E1173.OC0622,1173,,,FALSE,OC0622,OCNMS June 2022,,6/21/2022,,TH042,2,Niskin; Sterivex 0.22µm filter,95% EtOH,Olympic Coast National Marine Sanctuary,Teahwhit Head,,32.2,,47˚ 52.699' N,124˚ 44.187' W,,13:28,13:43,,,1000,8.6,,32.4,5.9 mg/L,,,,Shannon Brown,Niskin failed leak test,TRUE,100,OCNMS_ExtractionSheet,,Lab -20˚C,TRUE,FALSE,At Sequencing Center (R2)
E1174.OC0622,1174,,,FALSE,OC0622,OCNMS June 2022,,6/21/2022,,TH042,4,Niskin; Sterivex 0.22µm filter,95% EtOH,Olympic Coast National Marine Sanctuary,Teahwhit Head,,32.5,,47˚ 52.699' N,124˚ 44.187' W,,13:28,13:43,,,1000,8.6,,32.4,5.93 mg/L,,,,Shannon Brown,,TRUE,100,OCNMS_ExtractionSheet,,Lab -20˚C,TRUE,FALSE,At Sequencing Center (R2)
E1175.OC0622,1175,,,FALSE,OC0622,OCNMS June 2022,,6/21/2022,,TH042,5,Niskin; Sterivex 0.22µm filter,95% EtOH,Olympic Coast National Marine Sanctuary,Teahwhit Head,,32.3,,47˚ 52.699' N,124˚ 44.187' W,,13:28,13:43,,,1000,8.6,,32.4,5.93 mg/L,,,,Shannon Brown,,FALSE,,,,Lab -20˚C,FALSE,FALSE,
E1176.OC0622,1176,,,FALSE,OC0622,OCNMS June 2022,,6/21/2022,,TH042,6,Niskin; Sterivex 0.22µm filter,95% EtOH,Olympic Coast National Marine Sanctuary,Teahwhit Head,,32.1,,47˚ 52.699' N,124˚ 44.187' W,,13:28,13:43,,,1000,8.6,,32.4,5.97 mg/L,,,,Shannon Brown,,FALSE,,,,Lab -20˚C,FALSE,FALSE,
E1177.OC0622,1177,,,FALSE,OC0622,OCNMS June 2022,,6/21/2022,,TH042,8,Niskin; Sterivex 0.22µm filter,95% EtOH,Olympic Coast National Marine Sanctuary,Teahwhit Head,,32.6,,47˚ 52.699' N,124˚ 44.187' W,,13:28,13:43,,,1000,8.6,,32.4,5.92 mg/L,,,,Shannon Brown,,FALSE,,,,Lab -20˚C,FALSE,FALSE,
E1178.OC0622,1178,,,FALSE,OC0622,OCNMS June 2022,,6/21/2022,,TH042,9,Niskin; Sterivex 0.22µm filter,95% EtOH,Olympic Coast National Marine Sanctuary,Teahwhit Head,,32.4,,47˚ 52.699' N,124˚ 44.187' W,,13:28,13:43,,,1000,8.6,,32.4,5.88 mg/L,,,,Shannon Brown,,FALSE,,,,Lab -20˚C,FALSE,FALSE,
E1179.OC0622,1179,,,FALSE,OC0622,OCNMS June 2022,,6/21/2022,,TH042,10,Niskin; Sterivex 0.22µm filter,95% EtOH,Olympic Coast National Marine Sanctuary,Teahwhit Head,,32.1,,47˚ 52.699' N,124˚ 44.187' W,,13:28,13:43,,,1000,8.6,,32.4,5.96 mg/L,,,,Shannon Brown,Niskin leaked from bottom,FALSE,,,,Lab -20˚C,FALSE,FALSE,
E1180.OC0622,1180,,,FALSE,OC0622,OCNMS June 2022,,6/21/2022,,TH042,11,Niskin; Sterivex 0.22µm filter,95% EtOH,Olympic Coast National Marine Sanctuary,Teahwhit Head,,32.2,,47˚ 52.699' N,124˚ 44.187' W,,13:28,13:43,,,1000,8.6,,32.4,5.98 mg/L,,,,Shannon Brown,Niskin leaked from bottom,FALSE,,,,Lab -20˚C,FALSE,FALSE,
E1181.OC0622,1181,,,FALSE,OC0622,OCNMS June 2022,,6/21/2022,,TH042,12,Niskin; Sterivex 0.22µm filter,95% EtOH,Olympic Coast National Marine Sanctuary,Teahwhit Head,,32.7,,47˚ 52.699' N,124˚ 44.187' W,,13:28,13:43,,,1000,8.6,,32.4,5.93 mg/L,,,,Shannon Brown,Niskin leaked from bottom,FALSE,,,,Lab -20˚C,FALSE,FALSE,
E1182.OC0622,1182,,,FALSE,OC0622,OCNMS June 2022,,6/23/2022,,CE042,1,Niskin; Sterivex 0.22µm filter,95% EtOH,Olympic Coast National Marine Sanctuary,Cape Elizabeth,,32.0,,47˚ 21.009' N,124˚ 29.134' W,,11:35,11:50,,,1000,7.6,,33.6,2.97 mg/L,,,,Shannon Brown,,FALSE,,,,Lab -20˚C,FALSE,FALSE,
E1183.OC0622,1183,,,FALSE,OC0622,OCNMS June 2022,,6/23/2022,,CE042,2,Niskin; Sterivex 0.22µm filter,95% EtOH,Olympic Coast National Marine Sanctuary,Cape Elizabeth,,30.6,,47˚ 21.009' N,124˚ 29.134' W,,11:35,11:50,,,1000,7.6,,33.6,2.97  mg/L,,,,Shannon Brown,,FALSE,,,,Lab -20˚C,FALSE,FALSE,
E1184.OC0622,1184,,,FALSE,OC0622,OCNMS June 2022,,6/23/2022,,CE042,3,Niskin; Sterivex 0.22µm filter,95% EtOH,Olympic Coast National Marine Sanctuary,Cape Elizabeth,,29.9,,47˚ 21.009' N,124˚ 29.134' W,,11:35,11:50,,,1000,7.7,,33.4,2.98  mg/L,,,,Shannon Brown,Niskin partially failed leak test,FALSE,,,,Lab -20˚C,FALSE,FALSE,
E1185.OC0622,1185,,,FALSE,OC0622,OCNMS June 2022,,6/23/2022,,CE042,4,Niskin; Sterivex 0.22µm filter,95% EtOH,Olympic Coast National Marine Sanctuary,Cape Elizabeth,,29.6,,47˚ 21.009' N,124˚ 29.134' W,,11:35,11:50,,,1000,8.0,,33.0,3.12 mg/L,,,,Shannon Brown,,FALSE,,,,Lab -20˚C,FALSE,FALSE,
E1186.OC0622,1186,,,FALSE,OC0622,OCNMS June 2022,,6/23/2022,,CE042,5,Niskin; Sterivex 0.22µm filter,95% EtOH,Olympic Coast National Marine Sanctuary,Cape Elizabeth,,29.2,,47˚ 21.009' N,124˚ 29.134' W,,11:35,11:50,,,1000,8.2,,32.9,3.79 mg/L,,,,Shannon Brown,,FALSE,,,,Lab -20˚C,FALSE,FALSE,
E1187.OC0622,1187,,,FALSE,OC0622,OCNMS June 2022,,6/23/2022,,CE042,6,Niskin; Sterivex 0.22µm filter,95% EtOH,Olympic Coast National Marine Sanctuary,Cape Elizabeth,,28.5,,47˚ 21.009' N,124˚ 29.134' W,,11:35,11:50,,,1000,8.4,,32.6,4.08 mg/L,,,,Shannon Brown,,FALSE,,,,Lab -20˚C,FALSE,FALSE,
E1188.OC0622,1188,,,FALSE,OC0622,OCNMS June 2022,,6/23/2022,,CE042,8,Niskin; Sterivex 0.22µm filter,95% EtOH,Olympic Coast National Marine Sanctuary,Cape Elizabeth,,28.1,,47˚ 21.009' N,124˚ 29.134' W,,11:35,11:50,,,1000,8.6,,32.4,5.27 mg/L,,,,Shannon Brown,,FALSE,,,,Lab -20˚C,FALSE,FALSE,
E1189.OC0622,1189,,,FALSE,OC0622,OCNMS June 2022,,6/23/2022,,CE042,9,Niskin; Sterivex 0.22µm filter,95% EtOH,Olympic Coast National Marine Sanctuary,Cape Elizabeth,,27.7,,47˚ 21.009' N,124˚ 29.134' W,,11:35,11:50,,,1000,8.6,,32.4,6.1 mg/L,,,,Shannon Brown,Niskin leaked from bottom after sampling,FALSE,,,,Lab -20˚C,FALSE,FALSE,
E1190.OC0622,1190,,,FALSE,OC0622,OCNMS June 2022,,6/23/2022,,CE042,10,Niskin; Sterivex 0.22µm filter,95% EtOH,Olympic Coast National Marine Sanctuary,Cape Elizabeth,,28.1,,47˚ 21.009' N,124˚ 29.134' W,,11:35,11:50,,,1000,8.6,,32.4,6.24 mg/L,,,,Shannon Brown,,FALSE,,,,Lab -20˚C,FALSE,FALSE,
E1191.OC0622,1191,,,FALSE,OC0622,OCNMS June 2022,,6/23/2022,,CE042,12,Niskin; Sterivex 0.22µm filter,95% EtOH,Olympic Coast National Marine Sanctuary,Cape Elizabeth,,27.8,,47˚ 21.009' N,124˚ 29.134' W,,11:35,11:50,,,1000,8.6,,32.4,6.27 mg/L,,,,Shannon Brown,,FALSE,,,,Lab -20˚C,FALSE,FALSE,
E1192.NC.OC0622,1192,,,TRUE,OC0622,OCNMS June 2022,,6/23/2022,,-,,Sterivex 0.22µm filter,95% EtOH,,,,-,-,-,-,,-,-,,,1000,,,,,,,,Shannon Brown,,FALSE,,,,Lab -20˚C,FALSE,FALSE,
E1193.NC.RC0080,1193,,,TRUE,RC0080,WOAC Summer 2022,,,,-,-,Sterivex 0.22µm filter,95% EtOH,,,,-,,-,-,,-,,,,1000,-,-,-,-,,,,David Garcia,,FALSE,,,,Hallway -20˚C,FALSE,FALSE,
E1194.1T.RC0080,1194,,1,FALSE,RC0080,WOAC Summer 2022,,6/27/22,,P28,11,Niskin; Sterivex 0.22µm filter,95% EtOH,,,,0.0,,47 42.16 N,122 27.27 W,,9:07,,,,1000,14.7,9.149,25.4,12.94 mg/L,,,,David Garcia,,TRUE,100,28.3,Extracted on 07/08/2022 - Qubit (David Garcia); No zymo clean-up (1A),Lab -20˚C,FALSE,TRUE,Nanopore (16S)
E1194.2T.RC0080,1194,,2,FALSE,RC0080,WOAC Summer 2022,,6/27/22,,P28,11,Niskin; Sterivex 0.22µm filter,95% EtOH,,,,0.0,,47 42.16 N,122 27.27 W,,9:07,,,,1000,14.7,9.149,25.4,12.94 mg/L,,,,David Garcia,,TRUE,100,22,Extracted on 07/08/2022 - Qubit (David Garcia); No zymo clean-up (2A),Lab -20˚C,FALSE,TRUE,Nanopore (16S)
E1194.3T.RC0080,1194,,3,FALSE,RC0080,WOAC Summer 2022,,6/27/22,,P28,11,Niskin; Sterivex 0.22µm filter,95% EtOH,,,,0.0,,47 42.16 N,122 27.27 W,,9:07,,,,1000,14.7,9.149,25.4,12.94 mg/L,,,,David Garcia,,TRUE,100,20.3,Extracted on 07/08/2022 - Qubit (David Garcia); No zymo clean-up (3A),Lab -20˚C,FALSE,TRUE,Nanopore (16S)
E1195.1T.RC0080,1195,,1,FALSE,RC0080,WOAC Summer 2022,,6/27/22,,P28,4,Niskin; Sterivex 0.22µm filter,95% EtOH,,,,100.0,,47 42.16 N,122 27.27 W,,9:00,,,,1000,9.9,8.497,29.6,6.67 mg/L,,,,David Garcia,,FALSE,,,,Hallway -20˚C,FALSE,FALSE,
E1195.2T.RC0080,1195,,2,FALSE,RC0080,WOAC Summer 2022,,6/27/22,,P28,4,Niskin; Sterivex 0.22µm filter,95% EtOH,,,,100.0,,47 42.16 N,122 27.27 W,,9:00,,,,1000,9.9,8.497,29.6,6.67 mg/L,,,,David Garcia,,FALSE,,,,Hallway -20˚C,FALSE,FALSE,
E1195.3T.RC0080,1195,,3,FALSE,RC0080,WOAC Summer 2022,,6/27/22,,P28,4,Niskin; Sterivex 0.22µm filter,95% EtOH,,,,100.0,,47 42.16 N,122 27.27 W,,9:00,,,,1000,9.9,8.497,29.6,6.67 mg/L,,,,David Garcia,,FALSE,,,,Hallway -20˚C,FALSE,FALSE,
E1196.1T.RC0080,1196,,1,FALSE,RC0080,WOAC Summer 2022,,6/27/22,,P28,2,Niskin; Sterivex 0.22µm filter,95% EtOH,,,,183.0,,47 42.16 N,122 27.27 W,,8:56,,,,1000,9.6,8.437,29.9,6.33 mg/L,,,,David Garcia,,TRUE,100,3.45,Extracted on 07/08/2022 - Qubit (David Garcia); Zymo clean-up in 30 µl (4A; 4.52 ng/µl),Lab -20˚C,FALSE,TRUE,Nanopore (16S)
E1196.2T.RC0080,1196,,2,FALSE,RC0080,WOAC Summer 2022,,6/27/22,,P28,2,Niskin; Sterivex 0.22µm filter,95% EtOH,,,,183.0,,47 42.16 N,122 27.27 W,,8:56,,,,1000,9.6,8.437,29.9,6.33 mg/L,,,,David Garcia,,TRUE,100,3.98,Extracted on 07/08/2022 - Qubit (David Garcia); Zymo clean-up in 30 µl (5A; 4.48 ng/µl),Lab -20˚C,FALSE,TRUE,Nanopore (16S)
E1196.3T.RC0080,1196,,3,FALSE,RC0080,WOAC Summer 2022,,6/27/22,,P28,2,Niskin; Sterivex 0.22µm filter,95% EtOH,,,,183.0,,47 42.16 N,122 27.27 W,,8:56,,,,1000,9.6,8.437,29.9,6.33 mg/L,,,,David Garcia,,TRUE,100,3.46,Extracted on 07/08/2022 - Qubit (David Garcia); Zymo clean-up in 30 µl (6A; 7.26 ng/µl),Lab -20˚C,FALSE,TRUE,Nanopore (16S)
E1197.1T.RC0080,1197,,1,FALSE,RC0080,WOAC Summer 2022,,6/27/22,,P4,9,Niskin; Sterivex 0.22µm filter,95% EtOH,,,,0.0,,48 14.54 N,122 33.17 W,,16:00,,,,1000,12.8,9.433,24.2,15.11 mg/L,,,,David Garcia,,FALSE,,,,Hallway -20˚C,FALSE,FALSE,
E1197.2T.RC0080,1197,,2,FALSE,RC0080,WOAC Summer 2022,,6/27/22,,P4,9,Niskin; Sterivex 0.22µm filter,95% EtOH,,,,0.0,,48 14.54 N,122 33.17 W,,16:00,,,,1000,12.8,9.4,24.2,15.11 mg/L,,,,David Garcia,,FALSE,,,,Hallway -20˚C,FALSE,FALSE,
E1197.3T.RC0080,1197,,3,FALSE,RC0080,WOAC Summer 2022,,6/27/22,,P4,9,Niskin; Sterivex 0.22µm filter,95% EtOH,,,,0.0,,48 14.54 N,122 33.17 W,,16:00,,,,1000,12.8,9.4,24.2,15.11 mg/L,,,,David Garcia,,FALSE,,,,Hallway -20˚C,FALSE,FALSE,
E1198.1T.RC0080,1198,,1,FALSE,RC0080,WOAC Summer 2022,,6/27/22,,P4,5,Niskin; Sterivex 0.22µm filter,95% EtOH,,,,20.0,,48 14.54 N,122 33.17 W,,15:57,,,,1000,9.8,8.588,28.7,6.4 mg/L,,,,David Garcia,,FALSE,,,,Hallway -20˚C,FALSE,FALSE,
E1198.2T.RC0080,1198,,2,FALSE,RC0080,WOAC Summer 2022,,6/27/22,,P4,5,Niskin; Sterivex 0.22µm filter,95% EtOH,,,,20.0,,48 14.54 N,122 33.17 W,,15:57,,,,1000,9.8,8.588,28.7,6.4 mg/L,,,,David Garcia,,FALSE,,,,Hallway -20˚C,FALSE,FALSE,
E1198.3T.RC0080,1198,,3,FALSE,RC0080,WOAC Summer 2022,,6/27/22,,P4,5,Niskin; Sterivex 0.22µm filter,95% EtOH,,,,20.0,,48 14.54 N,122 33.17 W,,15:57,,,,1000,9.8,8.588,28.7,6.4 mg/L,,,,David Garcia,,FALSE,,,,Hallway -20˚C,FALSE,FALSE,
E1199.1T.RC0080,1199,,1,FALSE,RC0080,WOAC Summer 2022,,6/27/22,,P4,2,Niskin; Sterivex 0.22µm filter,95% EtOH,,,,86.0,,48 14.54 N,122 33.17 W,,15:52,,,,1000,9.0,8.37,29.2,5.23 mg/L,,,,David Garcia,,FALSE,,,,Hallway -20˚C,FALSE,FALSE,
E1199.2T.RC0080,1199,,2,FALSE,RC0080,WOAC Summer 2022,,6/27/22,,P4,2,Niskin; Sterivex 0.22µm filter,95% EtOH,,,,86.0,,48 14.54 N,122 33.17 W,,15:52,,,,1000,9.0,8.37,29.2,5.23 mg/L,,,,David Garcia,,FALSE,,,,Hallway -20˚C,FALSE,FALSE,
E1199.3T.RC0080,1199,,3,FALSE,RC0080,WOAC Summer 2022,,6/27/22,,P4,2,Niskin; Sterivex 0.22µm filter,95% EtOH,,,,86.0,,48 14.54 N,122 33.17 W,,15:52,,,,1000,9.0,8.37,29.2,5.23 mg/L,,,,David Garcia,,FALSE,,,,Hallway -20˚C,FALSE,FALSE,
E1200.1T.RC0080,1200,,1,FALSE,RC0080,WOAC Summer 2022,,6/28/22,,P22,10,Niskin; Sterivex 0.22µm filter,95% EtOH,,,,0.0,,48 16.30 N,123 01.22 W,,10:41,,,,1000,11.1,8.732,29.0,7.42 mg/L,,,,David Garcia,,TRUE,100,2.71,Extracted on 07/08/2022 - Qubit (David Garcia); Zymo clean-up in 30 µl (7A; 2.94 ng/µl),Lab -20˚C,FALSE,TRUE,Nanopore (16S)
E1200.2T.RC0080,1200,,2,FALSE,RC0080,WOAC Summer 2022,,6/28/22,,P22,10,Niskin; Sterivex 0.22µm filter,95% EtOH,,,,0.0,,48 16.30 N,123 01.22 W,,10:41,,,,1000,11.1,8.732,29.0,7.42 mg/L,,,,David Garcia,,TRUE,100,2.1,Extracted on 07/08/2022 - Qubit (David Garcia); Zymo clean-up in 30 µl (8A; 4.04 ng/µl),Lab -20˚C,FALSE,TRUE,Nanopore (16S)
E1200.3T.RC0080,1200,,3,FALSE,RC0080,WOAC Summer 2022,,6/28/22,,P22,10,Niskin; Sterivex 0.22µm filter,95% EtOH,,,,0.0,,48 16.30 N,123 01.22 W,,10:41,,,,1000,11.1,8.732,29.0,7.42 mg/L,,,,David Garcia,,TRUE,100,12,Extracted on 07/08/2022 - Qubit (David Garcia); Zymo clean-up in 50 µl (9A; 6.78 ng/µl),Lab -20˚C,FALSE,TRUE,Nanopore (16S)
E1201.1T.RC0080,1201,,1,FALSE,RC0080,WOAC Summer 2022,,6/28/22,,P22,5,Niskin; Sterivex 0.22µm filter,95% EtOH,,,,50.0,,48 16.30 N,123 01.22 W,,10:35,,,,1000,9.4,8.631,30.9,5.82 mg/L,,,,David Garcia,,FALSE,,,,Hallway -20˚C,FALSE,FALSE,
E1201.2T.RC0080,1201,,2,FALSE,RC0080,WOAC Summer 2022,,6/28/22,,P22,5,Niskin; Sterivex 0.22µm filter,95% EtOH,,,,50.0,,48 16.30 N,123 01.22 W,,10:35,,,,1000,9.4,8.631,30.9,5.82 mg/L,,,,David Garcia,,FALSE,,,,Hallway -20˚C,FALSE,FALSE,
E1201.3T.RC0080,1201,,3,FALSE,RC0080,WOAC Summer 2022,,6/28/22,,P22,5,Niskin; Sterivex 0.22µm filter,95% EtOH,,,,50.0,,48 16.30 N,123 01.22 W,,10:35,,,,1000,9.4,8.631,30.9,5.82 mg/L,,,,David Garcia,,FALSE,,,,Hallway -20˚C,FALSE,FALSE,
E1202.1T.RC0080,1202,,1,FALSE,RC0080,WOAC Summer 2022,,6/28/22,,P22,2,Niskin; Sterivex 0.22µm filter,95% EtOH,,,,110.0,,48 16.30 N,123 01.22 W,,10:32,,,,1000,7.9,8.494,32.7,3.87 mg/L,,,,David Garcia,,TRUE,100,2.39,Extracted on 07/08/2022 - Qubit (David Garcia); Zymo clean-up in 20 µl (4B; 6.88 ng/µl),Lab -20˚C,FALSE,TRUE,Nanopore (16S)
E1202.2T.RC0080,1202,,2,FALSE,RC0080,WOAC Summer 2022,,6/28/22,,P22,2,Niskin; Sterivex 0.22µm filter,95% EtOH,,,,110.0,,48 16.30 N,123 01.22 W,,10:32,,,,1000,7.9,8.494,32.7,3.87 mg/L,,,,David Garcia,,TRUE,100,1.63,Extracted on 07/08/2022 - Qubit (David Garcia); Zymo clean-up in 20 µl (5B; 3.72 ng/µl),Lab -20˚C,FALSE,TRUE,Nanopore (16S)
E1202.3T.RC0080,1202,,3,FALSE,RC0080,WOAC Summer 2022,,6/28/22,,P22,2,Niskin; Sterivex 0.22µm filter,95% EtOH,,,,110.0,,48 16.30 N,123 01.22 W,,10:32,,,,1000,7.9,8.494,32.7,3.87 mg/L,,,,David Garcia,,TRUE,100,1.36,Extracted on 07/08/2022 - Qubit (David Garcia); Zymo clean-up in 20 µl (6B; 2.34 ng/µl),Lab -20˚C,FALSE,TRUE,Nanopore (16S)
E1203.1T.RC0080,1203,,1,FALSE,RC0080,WOAC Summer 2022,,6/28/22,,P7,10,Niskin; Sterivex 0.22µm filter,95% EtOH,,,,0.0,,47 58.95 N,122 37.05 W,,15:15,,,,1000,11.5,8.958,28.7,8.9 mg/L,,,,David Garcia,,FALSE,,,,Hallway -20˚C,FALSE,FALSE,
E1203.2T.RC0080,1203,,2,FALSE,RC0080,WOAC Summer 2022,,6/28/22,,P7,10,Niskin; Sterivex 0.22µm filter,95% EtOH,,,,0.0,,47 58.95 N,122 37.05 W,,15:15,,,,1000,11.5,8.958,28.7,8.9 mg/L,,,,David Garcia,,FALSE,,,,Hallway -20˚C,FALSE,FALSE,
E1203.3T.RC0080,1203,,3,FALSE,RC0080,WOAC Summer 2022,,6/28/22,,P7,10,Niskin; Sterivex 0.22µm filter,95% EtOH,,,,0.0,,47 58.95 N,122 37.05 W,,15:15,,,,1000,11.5,8.958,28.7,8.9 mg/L,,,,David Garcia,,FALSE,,,,Hallway -20˚C,FALSE,FALSE,
E1204.1T.RC0080,1204,,1,FALSE,RC0080,WOAC Summer 2022,,6/28/22,,P7,6,Niskin; Sterivex 0.22µm filter,95% EtOH,,,,20.0,,47 58.95 N,122 37.05 W,,15:12,,,,1000,11.0,8.86,29.0,8.14 mg/L,,,,David Garcia,,FALSE,,,,Hallway -20˚C,FALSE,FALSE,
E1204.2T.RC0080,1204,,2,FALSE,RC0080,WOAC Summer 2022,,6/28/22,,P7,6,Niskin; Sterivex 0.22µm filter,95% EtOH,,,,20.0,,47 58.95 N,122 37.05 W,,15:12,,,,1000,11.0,8.86,29.0,8.14 mg/L,,,,David Garcia,,FALSE,,,,Hallway -20˚C,FALSE,FALSE,
E1204.3T.RC0080,1204,,3,FALSE,RC0080,WOAC Summer 2022,,6/28/22,,P7,6,Niskin; Sterivex 0.22µm filter,95% EtOH,,,,20.0,,47 58.95 N,122 37.05 W,,15:12,,,,1000,11.0,8.86,29.0,8.14 mg/L,,,,David Garcia,,FALSE,,,,Hallway -20˚C,FALSE,FALSE,
E1205.1T.RC0080,1205,,1,FALSE,RC0080,WOAC Summer 2022,,6/28/22,,P7,2,Niskin; Sterivex 0.22µm filter,95% EtOH,,,,88.0,,47 58.95 N,122 37.05 W,,15:08,,,,1000,10.0,8.685,30.3,6.36 mg/L,,,,David Garcia,,FALSE,,,,Hallway -20˚C,FALSE,FALSE,
E1205.2T.RC0080,1205,,2,FALSE,RC0080,WOAC Summer 2022,,6/28/22,,P7,2,Niskin; Sterivex 0.22µm filter,95% EtOH,,,,88.0,,47 58.95 N,122 37.05 W,,15:08,,,,1000,10.0,8.685,30.3,6.36 mg/L,,,,David Garcia,,FALSE,,,,Hallway -20˚C,FALSE,FALSE,
E1205.3T.RC0080,1205,,3,FALSE,RC0080,WOAC Summer 2022,,6/28/22,,P7,2,Niskin; Sterivex 0.22µm filter,95% EtOH,,,,88.0,,47 58.95 N,122 37.05 W,,15:08,,,,1000,10.0,8.685,30.3,6.36 mg/L,,,,David Garcia,,FALSE,,,,Hallway -20˚C,FALSE,FALSE,
E1206.1T.RC0080,1206,,1,FALSE,RC0080,WOAC Summer 2022,,6/28/22,,P8,11,Niskin; Sterivex 0.22µm filter,95% EtOH,,,,0.0,,47 53.76 N,122 36.13 W,,16:20,,,,1000,13.0,9.157,28.7,10.92 mg/L,,,,David Garcia,,FALSE,,,,Hallway -20˚C,FALSE,FALSE,
E1206.2T.RC0080,1206,,2,FALSE,RC0080,WOAC Summer 2022,,6/28/22,,P8,11,Niskin; Sterivex 0.22µm filter,95% EtOH,,,,0.0,,47 53.76 N,122 36.13 W,,16:20,,,,1000,13.0,9.157,28.7,10.92 mg/L,,,,David Garcia,,FALSE,,,,Hallway -20˚C,FALSE,FALSE,
E1206.3T.RC0080,1206,,3,FALSE,RC0080,WOAC Summer 2022,,6/28/22,,P8,11,Niskin; Sterivex 0.22µm filter,95% EtOH,,,,0.0,,47 53.76 N,122 36.13 W,,16:20,,,,1000,13.0,9.157,28.7,10.92 mg/L,,,,David Garcia,,FALSE,,,,Hallway -20˚C,FALSE,FALSE,
E1207.1T.RC0080,1207,,1,FALSE,RC0080,WOAC Summer 2022,,6/28/22,,P8,6,Niskin; Sterivex 0.22µm filter,95% EtOH,,,,50.0,,47 53.76 N,122 36.13 W,,16:15,,,,1000,10.5,8.759,29.8,7.11 mg/L,,,,David Garcia,,FALSE,,,,Hallway -20˚C,FALSE,FALSE,
E1207.2T.RC0080,1207,,2,FALSE,RC0080,WOAC Summer 2022,,6/28/22,,P8,6,Niskin; Sterivex 0.22µm filter,95% EtOH,,,,50.0,,47 53.76 N,122 36.13 W,,16:15,,,,1000,10.5,8.759,29.8,7.11 mg/L,,,,David Garcia,,FALSE,,,,Hallway -20˚C,FALSE,FALSE,
E1207.3T.RC0080,1207,,3,FALSE,RC0080,WOAC Summer 2022,,6/28/22,,P8,6,Niskin; Sterivex 0.22µm filter,95% EtOH,,,,50.0,,47 53.76 N,122 36.13 W,,16:15,,,,1000,10.5,8.759,29.8,7.11 mg/L,,,,David Garcia,,FALSE,,,,Hallway -20˚C,FALSE,FALSE,
E1208.1T.RC0080,1208,,1,FALSE,RC0080,WOAC Summer 2022,,6/28/22,,P8,2,Niskin; Sterivex 0.22µm filter,95% EtOH,,,,112.0,,47 53.76 N,122 36.13 W,,16:11,,,,1000,10.2,8.699,30.0,6.7 mg/L,,,,David Garcia,,FALSE,,,,Hallway -20˚C,FALSE,FALSE,
E1208.2T.RC0080,1208,,2,FALSE,RC0080,WOAC Summer 2022,,6/28/22,,P8,2,Niskin; Sterivex 0.22µm filter,95% EtOH,,,,112.0,,47 53.76 N,122 36.13 W,,16:11,,,,1000,10.2,8.699,30.0,6.7 mg/L,,,,David Garcia,,FALSE,,,,Hallway -20˚C,FALSE,FALSE,
E1208.3T.RC0080,1208,,3,FALSE,RC0080,WOAC Summer 2022,,6/28/22,,P8,2,Niskin; Sterivex 0.22µm filter,95% EtOH,,,,112.0,,47 53.76 N,122 36.13 W,,16:11,,,,1000,10.2,8.699,30.0,6.7 mg/L,,,,David Garcia,,FALSE,,,,Hallway -20˚C,FALSE,FALSE,
E1209.1T.RC0080,1209,,1,FALSE,RC0080,WOAC Summer 2022,,6/29/22,,P10,10,Niskin; Sterivex 0.22µm filter,95% EtOH,,,,0.0,,47 48.12 N,122 43.02 W,,9:09,,,,1000,14.6,9.167,26.6,10 mg/L,,,,David Garcia,,TRUE,100,23.2,Extracted on 07/08/2022 - Qubit (David Garcia); Zymo clean-up in 50 µl (7B; 6.88 ng/µl),Lab -20˚C,FALSE,TRUE,Nanopore (16S)
E1209.2T.RC0080,1209,,2,FALSE,RC0080,WOAC Summer 2022,,6/29/22,,P10,10,Niskin; Sterivex 0.22µm filter,95% EtOH,,,,0.0,,47 48.12 N,122 43.02 W,,9:09,,,,1000,14.6,9.167,26.6,10 mg/L,,,,David Garcia,,TRUE,100,9.4,Extracted on 07/08/2022 - Qubit (David Garcia); Zymo clean-up in 50 µl (8B; 10.3 ng/µl),Lab -20˚C,FALSE,TRUE,Nanopore (16S)
E1209.3T.RC0080,1209,,3,FALSE,RC0080,WOAC Summer 2022,,6/29/22,,P10,10,Niskin; Sterivex 0.22µm filter,95% EtOH,,,,0.0,,47 48.12 N,122 43.02 W,,9:09,,,,1000,14.6,9.167,26.6,10 mg/L,,,,David Garcia,,TRUE,100,9.11,Extracted on 07/08/2022 - Qubit (David Garcia); Zymo clean-up in 50 µl (9B; 9.40 ng/µl),Lab -20˚C,FALSE,TRUE,Nanopore (16S)
E1210.1T.RC0080,1210,,1,FALSE,RC0080,WOAC Summer 2022,,6/29/22,,P10,5,Niskin; Sterivex 0.22µm filter,95% EtOH,,,,20.0,,47 48.12 N,122 43.02 W,,9:06,,,,1000,11.8,9,29.1,8.76 mg/L,,,,David Garcia,,FALSE,,,,Hallway -20˚C,FALSE,FALSE,
E1210.2T.RC0080,1210,,2,FALSE,RC0080,WOAC Summer 2022,,6/29/22,,P10,5,Niskin; Sterivex 0.22µm filter,95% EtOH,,,,20.0,,47 48.12 N,122 43.02 W,,9:06,,,,1000,11.8,9,29.1,8.76 mg/L,,,,David Garcia,,FALSE,,,,Hallway -20˚C,FALSE,FALSE,
E1210.3T.RC0080,1210,,3,FALSE,RC0080,WOAC Summer 2022,,6/29/22,,P10,5,Niskin; Sterivex 0.22µm filter,95% EtOH,,,,20.0,,47 48.12 N,122 43.02 W,,9:06,,,,1000,11.8,9,29.1,8.76 mg/L,,,,David Garcia,,FALSE,,,,Hallway -20˚C,FALSE,FALSE,
E1211.1T.RC0080,1211,,1,FALSE,RC0080,WOAC Summer 2022,,6/29/22,,P10,2,Niskin; Sterivex 0.22µm filter,95% EtOH,,,,53.0,,47 48.12 N,122 43.02 W,,9:02,,,,1000,10.2,8.68,29.9,6.2 mg/L,,,,David Garcia,,TRUE,100,3.08,Extracted on 07/08/2022 - Qubit (David Garcia); Zymo clean-up in 30 µl (10B; 5.26  ng/µl),Lab -20˚C,FALSE,TRUE,Nanopore (16S)
E1211.2T.RC0080,1211,,2,FALSE,RC0080,WOAC Summer 2022,,6/29/22,,P10,2,Niskin; Sterivex 0.22µm filter,95% EtOH,,,,53.0,,47 48.12 N,122 43.02 W,,9:02,,,,1000,10.2,8.68,29.9,6.2 mg/L,,,,David Garcia,,TRUE,100,2.65,Extracted on 07/08/2022 - Qubit (David Garcia); Zymo clean-up in 30 µl (11B; 8.18 ng/µl),Lab -20˚C,FALSE,TRUE,Nanopore (16S)
E1211.3T.RC0080,1211,,3,FALSE,RC0080,WOAC Summer 2022,,6/29/22,,P10,2,Niskin; Sterivex 0.22µm filter,95% EtOH,,,,53.0,,47 48.12 N,122 43.02 W,,9:02,,,,1000,10.2,8.68,29.9,6.2 mg/L,,,,David Garcia,,TRUE,100,2.96,Extracted on 07/08/2022 - Qubit (David Garcia); Zymo clean-up in 30 µl (12B; 6.86 ng/µl),Lab -20˚C,FALSE,TRUE,Nanopore (16S)
E1212.NC.RC0080,1212,,,TRUE,RC0080,WOAC Summer 2022,,,,-,-,Sterivex 0.22µm filter,95% EtOH,,,,-,,-,-,,-,,,,1000,-,-,-,-,,,,David Garcia,,FALSE,,,,Hallway -20˚C,FALSE,FALSE,
E1213.1T.RC0080,1213,,1,FALSE,RC0080,WOAC Summer 2022,,6/29/22,,P12,11,Niskin; Sterivex 0.22µm filter,95% EtOH,,,,0.0,,47 25.58 N,123 06.42 W,,14:51,,,,1000,13.7,9.072,26.4,9.82 mg/L,,,,David Garcia,,FALSE,,,,Hallway -20˚C,FALSE,FALSE,
E1213.2T.RC0080,1213,,2,FALSE,RC0080,WOAC Summer 2022,,6/29/22,,P12,11,Niskin; Sterivex 0.22µm filter,95% EtOH,,,,0.0,,47 25.58 N,123 06.42 W,,14:51,,,,1000,13.7,9.072,26.4,9.82 mg/L,,,,David Garcia,,FALSE,,,,Hallway -20˚C,FALSE,FALSE,
E1213.3T.RC0080,1213,,3,FALSE,RC0080,WOAC Summer 2022,,6/29/22,,P12,11,Niskin; Sterivex 0.22µm filter,95% EtOH,,,,0.0,,47 25.58 N,123 06.42 W,,14:51,,,,1000,13.7,9.072,26.4,9.82 mg/L,,,,David Garcia,,FALSE,,,,Hallway -20˚C,FALSE,FALSE,
E1214.1T.RC0080,1214,,1,FALSE,RC0080,WOAC Summer 2022,,6/29/22,,P12,5,Niskin; Sterivex 0.22µm filter,95% EtOH,,,,50.0,,47 25.58 N,123 06.42 W,,14:46,,,,1000,9.6,8.34,29.7,3.78 mg/L,,,,David Garcia,,FALSE,,,,Hallway -20˚C,FALSE,FALSE,
E1214.2T.RC0080,1214,,2,FALSE,RC0080,WOAC Summer 2022,,6/29/22,,P12,5,Niskin; Sterivex 0.22µm filter,95% EtOH,,,,50.0,,47 25.58 N,123 06.42 W,,14:46,,,,1000,9.6,8.34,29.7,3.78 mg/L,,,,David Garcia,,FALSE,,,,Hallway -20˚C,FALSE,FALSE,
E1214.3T.RC0080,1214,,3,FALSE,RC0080,WOAC Summer 2022,,6/29/22,,P12,5,Niskin; Sterivex 0.22µm filter,95% EtOH,,,,50.0,,47 25.58 N,123 06.42 W,,14:46,,,,1000,9.6,8.34,29.7,3.78 mg/L,,,,David Garcia,,FALSE,,,,Hallway -20˚C,FALSE,FALSE,
E1215.1T.RC0080,1215,,1,FALSE,RC0080,WOAC Summer 2022,,6/29/22,,P12,2,Niskin; Sterivex 0.22µm filter,95% EtOH,,,,121.0,,47 25.58 N,123 06.42 W,,14:42,,,,1000,9.7,8.213,30.0,2.18 mg/L,,,,David Garcia,,FALSE,,,,Hallway -20˚C,FALSE,FALSE,
E1215.2T.RC0080,1215,,2,FALSE,RC0080,WOAC Summer 2022,,6/29/22,,P12,2,Niskin; Sterivex 0.22µm filter,95% EtOH,,,,121.0,,47 25.58 N,123 06.42 W,,14:42,,,,1000,9.7,8.213,30.0,2.18 mg/L,,,,David Garcia,,FALSE,,,,Hallway -20˚C,FALSE,FALSE,
E1215.3T.RC0080,1215,,3,FALSE,RC0080,WOAC Summer 2022,,6/29/22,,P12,2,Niskin; Sterivex 0.22µm filter,95% EtOH,,,,121.0,,47 25.58 N,123 06.42 W,,14:42,,,,1000,9.7,8.213,30.0,2.18 mg/L,,,,David Garcia,,FALSE,,,,Hallway -20˚C,FALSE,FALSE,
E1216.1T.RC0080,1216,,1,FALSE,RC0080,WOAC Summer 2022,,6/29/22,,P402,9,Niskin; Sterivex 0.22µm filter,95% EtOH,,,,0.0,,47 21.38 N,123 01.41 W,,16:52,,,,1000,17.0,9.186,22.7,9.7 mg/L,,,,David Garcia,,FALSE,,,,Hallway -20˚C,FALSE,FALSE,
E1216.2T.RC0080,1216,,2,FALSE,RC0080,WOAC Summer 2022,,6/29/22,,P402,9,Niskin; Sterivex 0.22µm filter,95% EtOH,,,,0.0,,47 21.38 N,123 01.41 W,,16:52,,,,1000,17.0,9.186,22.7,9.7 mg/L,,,,David Garcia,,FALSE,,,,Hallway -20˚C,FALSE,FALSE,
E1216.3T.RC0080,1216,,3,FALSE,RC0080,WOAC Summer 2022,,6/29/22,,P402,9,Niskin; Sterivex 0.22µm filter,95% EtOH,,,,0.0,,47 21.38 N,123 01.41 W,,16:52,,,,1000,17.0,9.186,22.7,9.7 mg/L,,,,David Garcia,,FALSE,,,,Hallway -20˚C,FALSE,FALSE,
E1217.1T.RC0080,1217,,1,FALSE,RC0080,WOAC Summer 2022,,6/29/22,,P402,5,Niskin; Sterivex 0.22µm filter,95% EtOH,,,,20.0,,47 21.38 N,123 01.41 W,,16:49,,,,1000,10.3,8.431,29.4,3.48 mg/L,,,,David Garcia,,FALSE,,,,Hallway -20˚C,FALSE,FALSE,
E1217.2T.RC0080,1217,,2,FALSE,RC0080,WOAC Summer 2022,,6/29/22,,P402,5,Niskin; Sterivex 0.22µm filter,95% EtOH,,,,20.0,,47 21.38 N,123 01.41 W,,16:49,,,,1000,10.3,8.431,29.4,3.48 mg/L,,,,David Garcia,,FALSE,,,,Hallway -20˚C,FALSE,FALSE,
E1217.3T.RC0080,1217,,3,FALSE,RC0080,WOAC Summer 2022,,6/29/22,,P402,5,Niskin; Sterivex 0.22µm filter,95% EtOH,,,,20.0,,47 21.38 N,123 01.41 W,,16:49,,,,1000,10.3,8.431,29.4,3.48 mg/L,,,,David Garcia,,FALSE,,,,Hallway -20˚C,FALSE,FALSE,
E1218.1T.RC0080,1218,,1,FALSE,RC0080,WOAC Summer 2022,,6/29/22,,P402,2,Niskin; Sterivex 0.22µm filter,95% EtOH,,,,50.0,,47 21.38 N,123 01.41 W,,16:47,,,,1000,10.0,8.208,29.7,1.83 mg/L,,,,David Garcia,,FALSE,,,,Hallway -20˚C,FALSE,FALSE,
E1218.2T.RC0080,1218,,2,FALSE,RC0080,WOAC Summer 2022,,6/29/22,,P402,2,Niskin; Sterivex 0.22µm filter,95% EtOH,,,,50.0,,47 21.38 N,123 01.41 W,,16:47,,,,1000,10.0,8.208,29.7,1.83 mg/L,,,,David Garcia,,FALSE,,,,Hallway -20˚C,FALSE,FALSE,
E1218.3T.RC0080,1218,,3,FALSE,RC0080,WOAC Summer 2022,,6/29/22,,P402,2,Niskin; Sterivex 0.22µm filter,95% EtOH,,,,50.0,,47 21.38 N,123 01.41 W,,16:47,,,,1000,10.0,8.208,29.7,1.83 mg/L,,,,David Garcia,,FALSE,,,,Hallway -20˚C,FALSE,FALSE,
E1219.1T.RC0080,1219,,1,FALSE,RC0080,WOAC Summer 2022,,6/30/22,,P29,12,Niskin; Sterivex 0.22µm filter,95% EtOH,,,,0.0,,47 33.40 N,122 26.60 W,,13:35,,,,1000,13.1,9.152,28.2,9.98 mg/L,,,,David Garcia,,FALSE,,,,Hallway -20˚C,FALSE,FALSE,
E1219.2T.RC0080,1219,,2,FALSE,RC0080,WOAC Summer 2022,,6/30/22,,P29,12,Niskin; Sterivex 0.22µm filter,95% EtOH,,,,0.0,,47 33.40 N,122 26.60 W,,13:35,,,,1000,13.1,9.152,28.2,9.98 mg/L,,,,David Garcia,,FALSE,,,,Hallway -20˚C,FALSE,FALSE,
E1219.3T.RC0080,1219,,3,FALSE,RC0080,WOAC Summer 2022,,6/30/22,,P29,12,Niskin; Sterivex 0.22µm filter,95% EtOH,,,,0.0,,47 33.40 N,122 26.60 W,,13:35,,,,1000,13.1,9.152,28.2,9.98 mg/L,,,,David Garcia,,FALSE,,,,Hallway -20˚C,FALSE,FALSE,
E1220.1T.RC0080,1220,,1,FALSE,RC0080,WOAC Summer 2022,,6/30/22,,P29,7,Niskin; Sterivex 0.22µm filter,95% EtOH,,,,50.0,,47 33.40 N,122 26.60 W,,13:30,,,,1000,10.5,8.753,29.2,7.19 mg/L,,,,David Garcia,,FALSE,,,,Hallway -20˚C,FALSE,FALSE,
E1220.2T.RC0080,1220,,2,FALSE,RC0080,WOAC Summer 2022,,6/30/22,,P29,7,Niskin; Sterivex 0.22µm filter,95% EtOH,,,,50.0,,47 33.40 N,122 26.60 W,,13:30,,,,1000,10.5,8.753,29.2,7.19 mg/L,,,,David Garcia,,FALSE,,,,Hallway -20˚C,FALSE,FALSE,
E1220.3T.RC0080,1220,,3,FALSE,RC0080,WOAC Summer 2022,,6/30/22,,P29,7,Niskin; Sterivex 0.22µm filter,95% EtOH,,,,50.0,,47 33.40 N,122 26.60 W,,13:30,,,,1000,10.5,8.753,29.2,7.19 mg/L,,,,David Garcia,,FALSE,,,,Hallway -20˚C,FALSE,FALSE,
E1221.1T.RC0080,1221,,1,FALSE,RC0080,WOAC Summer 2022,,6/30/22,,P29,1,Niskin; Sterivex 0.22µm filter,95% EtOH,,,,220.0,,47 33.40 N,122 26.60 W,,13:21,,,,1000,9.5,8.622,29.8,6.2 mg/L,,,,David Garcia,,FALSE,,,,Hallway -20˚C,FALSE,FALSE,
E1221.2T.RC0080,1221,,2,FALSE,RC0080,WOAC Summer 2022,,6/30/22,,P29,1,Niskin; Sterivex 0.22µm filter,95% EtOH,,,,220.0,,47 33.40 N,122 26.60 W,,13:21,,,,1000,9.5,8.622,29.8,6.2 mg/L,,,,David Garcia,,FALSE,,,,Hallway -20˚C,FALSE,FALSE,
E1221.3T.RC0080,1221,,3,FALSE,RC0080,WOAC Summer 2022,,6/30/22,,P29,1,Niskin; Sterivex 0.22µm filter,95% EtOH,,,,220.0,,47 33.40 N,122 26.60 W,,13:21,,,,1000,9.5,8.622,29.8,6.2 mg/L,,,,David Garcia,,FALSE,,,,Hallway -20˚C,FALSE,FALSE,
E1222.1T.RC0080,1222,,1,FALSE,RC0080,WOAC Summer 2022,,7/1/22,,P36,11,Niskin; Sterivex 0.22µm filter,95% EtOH,,,,0.0,,47 10.06 N,122 47.08 W,,9:29,,,,1000,13.3,8.97,28.5,8.74 mg/L,,,,David Garcia,,FALSE,,,,Hallway -20˚C,FALSE,FALSE,
E1222.2T.RC0080,1222,,2,FALSE,RC0080,WOAC Summer 2022,,7/1/22,,P36,11,Niskin; Sterivex 0.22µm filter,95% EtOH,,,,0.0,,47 10.06 N,122 47.08 W,,9:29,,,,1000,13.3,8.97,28.5,8.74 mg/L,,,,David Garcia,,FALSE,,,,Hallway -20˚C,FALSE,FALSE,
E1222.3T.RC0080,1222,,3,FALSE,RC0080,WOAC Summer 2022,,7/1/22,,P36,11,Niskin; Sterivex 0.22µm filter,95% EtOH,,,,0.0,,47 10.06 N,122 47.08 W,,9:29,,,,1000,13.3,8.97,28.5,8.74 mg/L,,,,David Garcia,,FALSE,,,,Hallway -20˚C,FALSE,FALSE,
E1223.1T.RC0080,1223,,1,FALSE,RC0080,WOAC Summer 2022,,7/1/22,,P36,5,Niskin; Sterivex 0.22µm filter,95% EtOH,,,,50.0,,47 10.06 N,122 47.08 W,,9:24,,,,1000,11.5,8.809,28.8,7.95 mg/L,,,,David Garcia,,FALSE,,,,Hallway -20˚C,FALSE,FALSE,
E1223.2T.RC0080,1223,,2,FALSE,RC0080,WOAC Summer 2022,,7/1/22,,P36,5,Niskin; Sterivex 0.22µm filter,95% EtOH,,,,50.0,,47 10.06 N,122 47.08 W,,9:24,,,,1000,11.5,8.809,28.8,7.95 mg/L,,,,David Garcia,,FALSE,,,,Hallway -20˚C,FALSE,FALSE,
E1223.3T.RC0080,1223,,3,FALSE,RC0080,WOAC Summer 2022,,7/1/22,,P36,5,Niskin; Sterivex 0.22µm filter,95% EtOH,,,,50.0,,47 10.06 N,122 47.08 W,,9:24,,,,1000,11.5,8.809,28.8,7.95 mg/L,,,,David Garcia,,FALSE,,,,Hallway -20˚C,FALSE,FALSE,
E1224.1T.RC0080,1224,,1,FALSE,RC0080,WOAC Summer 2022,,7/1/22,,P36,2,Niskin; Sterivex 0.22µm filter,95% EtOH,,,,88.0,,47 10.06 N,122 47.08 W,,9:22,,,,1000,11.4,8.787,28.8,7.75 mg/L,,,,David Garcia,,FALSE,,,,Hallway -20˚C,FALSE,FALSE,
E1224.2T.RC0080,1224,,2,FALSE,RC0080,WOAC Summer 2022,,7/1/22,,P36,2,Niskin; Sterivex 0.22µm filter,95% EtOH,,,,88.0,,47 10.06 N,122 47.08 W,,9:22,,,,1000,11.4,8.787,28.8,7.75 mg/L,,,,David Garcia,,FALSE,,,,Hallway -20˚C,FALSE,FALSE,
E1224.3T.RC0080,1224,,3,FALSE,RC0080,WOAC Summer 2022,,7/1/22,,P36,2,Niskin; Sterivex 0.22µm filter,95% EtOH,,,,88.0,,47 10.06 N,122 47.08 W,,9:22,,,,1000,11.4,8.787,28.8,7.75 mg/L,,,,David Garcia,,FALSE,,,,Hallway -20˚C,FALSE,FALSE,
E1225.1T.RC0080,1225,,1,FALSE,RC0080,WOAC Summer 2022,,7/1/22,,P38,11,Niskin; Sterivex 0.22µm filter,95% EtOH,,,,0.0,,47 16.58 N,122 42.47 W,,11:14,,,,1000,15.1,9.398,28.7,13.7 mg/L,,,,David Garcia,,FALSE,,,,Hallway -20˚C,FALSE,FALSE,
E1225.2T.RC0080,1225,,2,FALSE,RC0080,WOAC Summer 2022,,7/1/22,,P38,11,Niskin; Sterivex 0.22µm filter,95% EtOH,,,,0.0,,47 16.58 N,122 42.47 W,,11:14,,,,1000,15.1,9.398,28.7,13.7 mg/L,,,,David Garcia,,FALSE,,,,Hallway -20˚C,FALSE,FALSE,
E1225.3T.RC0080,1225,,3,FALSE,RC0080,WOAC Summer 2022,,7/1/22,,P38,11,Niskin; Sterivex 0.22µm filter,95% EtOH,,,,0.0,,47 16.58 N,122 42.47 W,,11:14,,,,1000,15.1,9.398,28.7,13.7 mg/L,,,,David Garcia,,FALSE,,,,Hallway -20˚C,FALSE,FALSE,
E1226.1T.RC0080,1226,,1,FALSE,RC0080,WOAC Summer 2022,,7/1/22,,P38,5,Niskin; Sterivex 0.22µm filter,95% EtOH,,,,50.0,,47 16.58 N,122 42.47 W,,11:10,,,,1000,11.1,8.784,28.8,7.65 mg/L,,,,David Garcia,,FALSE,,,,Hallway -20˚C,FALSE,FALSE,
E1226.2T.RC0080,1226,,2,FALSE,RC0080,WOAC Summer 2022,,7/1/22,,P38,5,Niskin; Sterivex 0.22µm filter,95% EtOH,,,,50.0,,47 16.58 N,122 42.47 W,,11:10,,,,1000,11.1,8.784,28.8,7.65 mg/L,,,,David Garcia,,FALSE,,,,Hallway -20˚C,FALSE,FALSE,
E1226.3T.RC0080,1226,,3,FALSE,RC0080,WOAC Summer 2022,,7/1/22,,P38,5,Niskin; Sterivex 0.22µm filter,95% EtOH,,,,50.0,,47 16.58 N,122 42.47 W,,11:10,,,,1000,11.1,8.784,28.8,7.65 mg/L,,,,David Garcia,,FALSE,,,,Hallway -20˚C,FALSE,FALSE,
E1227.1T.RC0080,1227,,1,FALSE,RC0080,WOAC Summer 2022,,7/1/22,,P38,2,Niskin; Sterivex 0.22µm filter,95% EtOH,,,,85.0,,47 16.58 N,122 42.47 W,,11:07,,,,1000,10.9,8.752,28.9,7.44 mg/L,,,,David Garcia,,FALSE,,,,Hallway -20˚C,FALSE,FALSE,
E1227.2T.RC0080,1227,,2,FALSE,RC0080,WOAC Summer 2022,,7/1/22,,P38,2,Niskin; Sterivex 0.22µm filter,95% EtOH,,,,85.0,,47 16.58 N,122 42.47 W,,11:07,,,,1000,10.9,8.752,28.9,7.44 mg/L,,,,David Garcia,,FALSE,,,,Hallway -20˚C,FALSE,FALSE,
E1227.3T.RC0080,1227,,3,FALSE,RC0080,WOAC Summer 2022,,7/1/22,,P38,2,Niskin; Sterivex 0.22µm filter,95% EtOH,,,,85.0,,47 16.58 N,122 42.47 W,,11:07,,,,1000,10.9,8.752,28.9,7.44 mg/L,,,,David Garcia,,FALSE,,,,Hallway -20˚C,FALSE,FALSE,
E1228.NC.RC0080,1228,,,TRUE,RC0080,WOAC Summer 2022,,,,-,-,Sterivex 0.22µm filter,95% EtOH,,,,-,,-,-,,-,,,,1000,-,-,-,-,,,,David Garcia,,FALSE,,,,Hallway -20˚C,FALSE,FALSE,
E1229.OC0822,1229,,,FALSE,OC0822,OCNMS August 2022,,8/22/2022,,,2,Niskin; Sterivex 0.22µm filter,95% EtOH,Olympic Coast National Marine Sanctuary,Teahwhit Head,,32.8,,47°52.532' N,124°43.992' W,,10:59,,,,1000,7.7,,33.3,4.14 mg/L,,,,Sean McAllister ,,TRUE,100,OCNMS_ExtractionSheet,,Lab -20˚C,TRUE,FALSE,At Sequencing Center (R2)
E1230.OC0822,1230,,,FALSE,OC0822,OCNMS August 2022,,8/22/2022,,,3,Niskin; Sterivex 0.22µm filter,95% EtOH,Olympic Coast National Marine Sanctuary,Teahwhit Head,,32.9,,47°52.532' N,124°43.992' W,,10:59,,,,1000,7.7,,33.3,4.21 mg/L,,,,Sean McAllister ,,TRUE,100,OCNMS_ExtractionSheet,,Lab -20˚C,TRUE,FALSE,At Sequencing Center (R2)
E1231.OC0822,1231,,,FALSE,OC0822,OCNMS August 2022,,8/22/2022,,,4,Niskin; Sterivex 0.22µm filter,95% EtOH,Olympic Coast National Marine Sanctuary,Teahwhit Head,,33.0,,47°52.532' N,124°43.992' W,,10:59,,,,1000,7.7,,33.3,4.34 mg/L,,,,Sean McAllister ,,TRUE,100,OCNMS_ExtractionSheet,,Lab -20˚C,TRUE,FALSE,At Sequencing Center (R2)
E1232.OC0822,1232,,,FALSE,OC0822,OCNMS August 2022,,8/22/2022,,,5,Niskin; Sterivex 0.22µm filter,95% EtOH,Olympic Coast National Marine Sanctuary,Teahwhit Head,,32.4,,47°52.532' N,124°43.992' W,,10:59,,,,1000,7.7,,33.2,4.33 mg/L,,,,Sean McAllister ,,FALSE,,,,Lab -20˚C,FALSE,FALSE,
E1233.OC0822,1233,,,FALSE,OC0822,OCNMS August 2022,,8/22/2022,,,6,Niskin; Sterivex 0.22µm filter,95% EtOH,Olympic Coast National Marine Sanctuary,Teahwhit Head,,33.2,,47°52.532' N,124°43.992' W,,10:59,,,,1000,7.7,,33.3,4.41 mg/L,,,,Sean McAllister ,,FALSE,,,,Lab -20˚C,FALSE,FALSE,
E1234.OC0822,1234,,,FALSE,OC0822,OCNMS August 2022,,8/22/2022,,,8,Niskin; Sterivex 0.22µm filter,95% EtOH,Olympic Coast National Marine Sanctuary,Teahwhit Head,,33.0,,47°52.532' N,124°43.992' W,,10:59,,,,1000,7.7,,33.2,4.39 mg/L,,,,Sean McAllister ,,FALSE,,,,Lab -20˚C,FALSE,FALSE,
E1235.OC0822,1235,,,FALSE,OC0822,OCNMS August 2022,,8/22/2022,,,9,Niskin; Sterivex 0.22µm filter,95% EtOH,Olympic Coast National Marine Sanctuary,Teahwhit Head,,32.7,,47°52.532' N,124°43.992' W,,10:59,,,,1000,7.7,,33.2,4.48 mg/L,,,,Sean McAllister ,,FALSE,,,,Lab -20˚C,FALSE,FALSE,
E1236.OC0822,1236,,,FALSE,OC0822,OCNMS August 2022,,8/22/2022,,,10,Niskin; Sterivex 0.22µm filter,95% EtOH,Olympic Coast National Marine Sanctuary,Teahwhit Head,,32.9,,47°52.532' N,124°43.992' W,,10:59,,,,1000,7.7,,33.2,4.58 mg/L,,,,Sean McAllister ,,FALSE,,,,Lab -20˚C,FALSE,FALSE,
E1237.OC0822,1237,,,FALSE,OC0822,OCNMS August 2022,,8/22/2022,,,11,Niskin; Sterivex 0.22µm filter,95% EtOH,Olympic Coast National Marine Sanctuary,Teahwhit Head,,33.0,,47°52.532' N,124°43.992' W,,10:59,,,,1000,7.7,,33.2,4.54 mg/L,,,,Sean McAllister ,,FALSE,,,,Lab -20˚C,FALSE,FALSE,
E1238.OC0822,1238,,,FALSE,OC0822,OCNMS August 2022,,8/22/2022,,,12,Niskin; Sterivex 0.22µm filter,95% EtOH,Olympic Coast National Marine Sanctuary,Teahwhit Head,,32.8,,47°52.532' N,124°43.992' W,,10:59,,,,1000,7.7,,33.2,4.52 mg/L,,,,Sean McAllister ,,FALSE,,,,Lab -20˚C,FALSE,FALSE,
E1239.NC.OC0822,1239,,,TRUE,OC0822,OCNMS August 2022,,8/22/2022,,,-,Niskin; Sterivex 0.22µm filter,95% EtOH,Olympic Coast National Marine Sanctuary,Teahwhit Head,,,,47°52.532' N,124°43.992' W,,10:59,,,,1000,,,,,,,,Sean McAllister ,,FALSE,,,,Lab -20˚C,FALSE,FALSE,
E1240.OC0922,1240,,,FALSE,OC0922,OCNMS Sept 2022,,8/23/2022,,Port 1,,PPS Unit; Programmed Sampling,95% EtOH,Olympic Coast National Marine Sanctuary,Teahwhit Head,,34.0,8,47°52.467' N,124°44.070 W,,0:00,00:17,,,1000,,,,,,,,Matt Galaska,"Note that this tube was found at the bottom of cooler on 10/4/22, so was sitting at RT since return from cruise. Placed in -20 freezer after that date.",TRUE,100,OCNMS_ExtractionSheet,,Lab -20˚C,TRUE,FALSE,At Sequencing Center (R2)
E1241.OC0922,1241,,,FALSE,OC0922,OCNMS Sept 2022,,8/23/2022,,Port 2,,PPS Unit; Programmed Sampling,95% EtOH,Olympic Coast National Marine Sanctuary,Teahwhit Head,,34.0,8,47°52.467' N,124°44.070 W,,12:00,12:17,,,1000,,,,,,,,Matt Galaska,,TRUE,100,OCNMS_ExtractionSheet,,Lab -20˚C,TRUE,FALSE,At Sequencing Center (R2)
E1242.OC0922,1242,,,FALSE,OC0922,OCNMS Sept 2022,,8/24/2022,,Port 3,,PPS Unit; Programmed Sampling,95% EtOH,Olympic Coast National Marine Sanctuary,Teahwhit Head,,34.0,8,47°52.467' N,124°44.070 W,,0:00,00:17,,,1000,,,,,,,,Matt Galaska,,TRUE,100,OCNMS_ExtractionSheet,,Lab -20˚C,TRUE,FALSE,At Sequencing Center (R2)
E1243.OC0922,1243,,,FALSE,OC0922,OCNMS Sept 2022,,8/24/2022,,Port 4,,PPS Unit; Programmed Sampling,95% EtOH,Olympic Coast National Marine Sanctuary,Teahwhit Head,,34.0,8,47°52.467' N,124°44.070 W,,12:00,12:17,,,1000,,,,,,,,Matt Galaska,,TRUE,100,OCNMS_ExtractionSheet,,Lab -20˚C,TRUE,FALSE,At Sequencing Center (R2)
E1244.OC0922,1244,,,FALSE,OC0922,OCNMS Sept 2022,,8/25/2022,,Port 5,,PPS Unit; Programmed Sampling,95% EtOH,Olympic Coast National Marine Sanctuary,Teahwhit Head,,34.0,8,47°52.467' N,124°44.070 W,,0:00,00:17,,,1000,,,,,,,,Matt Galaska,,TRUE,100,OCNMS_ExtractionSheet,,Lab -20˚C,TRUE,FALSE,At Sequencing Center (R2)
E1245.OC0922,1245,,,FALSE,OC0922,OCNMS Sept 2022,,8/26/2022,,Port 6,,PPS Unit; Programmed Sampling,95% EtOH,Olympic Coast National Marine Sanctuary,Teahwhit Head,,34.0,8,47°52.467' N,124°44.070 W,,12:00,12:17,,,1000,,,,,,,,Matt Galaska,,TRUE,100,OCNMS_ExtractionSheet,,Lab -20˚C,TRUE,FALSE,At Sequencing Center (R2)
E1246.OC0922,1246,,,FALSE,OC0922,OCNMS Sept 2022,,8/28/2022,,Port 7,,PPS Unit; Programmed Sampling,95% EtOH,Olympic Coast National Marine Sanctuary,Teahwhit Head,,34.0,8,47°52.467' N,124°44.070 W,,0:00,00:17,,,1000,,,,,,,,Matt Galaska,,TRUE,100,OCNMS_ExtractionSheet,,Lab -20˚C,TRUE,FALSE,At Sequencing Center (R2)
E1247.OC0922,1247,,,FALSE,OC0922,OCNMS Sept 2022,,8/29/2022,,Port 8,,PPS Unit; Programmed Sampling,95% EtOH,Olympic Coast National Marine Sanctuary,Teahwhit Head,,34.0,8,47°52.467' N,124°44.070 W,,12:00,12:17,,,1000,,,,,,,,Matt Galaska,,TRUE,100,OCNMS_ExtractionSheet,,Lab -20˚C,TRUE,FALSE,At Sequencing Center (R2)
E1248.OC0922,1248,,,FALSE,OC0922,OCNMS Sept 2022,,8/31/2022,,Port 9,,PPS Unit; Programmed Sampling,95% EtOH,Olympic Coast National Marine Sanctuary,Teahwhit Head,,34.0,8,47°52.467' N,124°44.070 W,,0:00,00:17,,,1000,,,,,,,,Matt Galaska,,TRUE,100,OCNMS_ExtractionSheet,,Lab -20˚C,TRUE,FALSE,At Sequencing Center (R2)
E1249.OC0922,1249,,,FALSE,OC0922,OCNMS Sept 2022,,9/1/2022,,Port 10,,PPS Unit; Programmed Sampling,95% EtOH,Olympic Coast National Marine Sanctuary,Teahwhit Head,,34.0,8,47°52.467' N,124°44.070 W,,12:00,12:17,,,1000,,,,,,,,Matt Galaska,,TRUE,100,OCNMS_ExtractionSheet,,Lab -20˚C,TRUE,FALSE,At Sequencing Center (R2)
E1250.OC0922,1250,,,FALSE,OC0922,OCNMS Sept 2022,,9/3/2022,,Port 11,,PPS Unit; Programmed Sampling,95% EtOH,Olympic Coast National Marine Sanctuary,Teahwhit Head,,34.0,8,47°52.467' N,124°44.070 W,,0:00,00:17,,,1000,,,,,,,,Matt Galaska,,TRUE,100,OCNMS_ExtractionSheet,,Lab -20˚C,TRUE,FALSE,At Sequencing Center (R2)
E1251.OC0922,1251,,,FALSE,OC0922,OCNMS Sept 2022,,9/4/2022,,Port 12,,PPS Unit; Programmed Sampling,95% EtOH,Olympic Coast National Marine Sanctuary,Teahwhit Head,,34.0,8,47°52.467' N,124°44.070 W,,12:00,12:17,,,1000,,,,,,,,Matt Galaska,,TRUE,100,OCNMS_ExtractionSheet,,Lab -20˚C,TRUE,FALSE,At Sequencing Center (R2)
E1252.OC0922,1252,,,FALSE,OC0922,OCNMS Sept 2022,,9/6/2022,,Port 13,,PPS Unit; Programmed Sampling,95% EtOH,Olympic Coast National Marine Sanctuary,Teahwhit Head,,34.0,8,47°52.467' N,124°44.070 W,,0:00,00:17,,,1000,,,,,,,,Matt Galaska,,TRUE,100,OCNMS_ExtractionSheet,,Lab -20˚C,TRUE,FALSE,At Sequencing Center (R2)
E1253.OC0922,1253,,,FALSE,OC0922,OCNMS Sept 2022,,9/7/2022,,Port 14,,PPS Unit; Programmed Sampling,95% EtOH,Olympic Coast National Marine Sanctuary,Teahwhit Head,,34.0,8,47°52.467' N,124°44.070 W,,12:00,12:17,,,1000,,,,,,,,Matt Galaska,,TRUE,100,OCNMS_ExtractionSheet,,Lab -20˚C,TRUE,FALSE,At Sequencing Center (R2)
E1254.OC0922,1254,,,FALSE,OC0922,OCNMS Sept 2022,,9/9/2022,,Port 15,,PPS Unit; Programmed Sampling,95% EtOH,Olympic Coast National Marine Sanctuary,Teahwhit Head,,34.0,8,47°52.467' N,124°44.070 W,,0:00,00:17,,,1000,,,,,,,,Matt Galaska,,TRUE,100,OCNMS_ExtractionSheet,,Lab -20˚C,TRUE,FALSE,At Sequencing Center (R2)
E1255.OC0922,1255,,,FALSE,OC0922,OCNMS Sept 2022,,9/10/2022,,Port 16,,PPS Unit; Programmed Sampling,95% EtOH,Olympic Coast National Marine Sanctuary,Teahwhit Head,,34.0,8,47°52.467' N,124°44.070 W,,12:00,12:17,,,1000,,,,,,,,Matt Galaska,,TRUE,100,OCNMS_ExtractionSheet,,Lab -20˚C,TRUE,FALSE,At Sequencing Center (R2)
E1256.OC0922,1256,,,FALSE,OC0922,OCNMS Sept 2022,,9/12/2022,,Port 17,,PPS Unit; Programmed Sampling,95% EtOH,Olympic Coast National Marine Sanctuary,Teahwhit Head,,34.0,8,47°52.467' N,124°44.070 W,,0:00,00:17,,,1000,,,,,,,,Matt Galaska,,TRUE,100,OCNMS_ExtractionSheet,,Lab -20˚C,TRUE,FALSE,At Sequencing Center (R2)
E1257.OC0922,1257,,,FALSE,OC0922,OCNMS Sept 2022,,9/13/2022,,Port 18,,PPS Unit; Programmed Sampling,95% EtOH,Olympic Coast National Marine Sanctuary,Teahwhit Head,,34.0,8,47°52.467' N,124°44.070 W,,12:00,12:17,,,1000,,,,,,,,Matt Galaska,,TRUE,100,OCNMS_ExtractionSheet,,Lab -20˚C,TRUE,FALSE,At Sequencing Center (R2)
E1258.OC0922,1258,,,FALSE,OC0922,OCNMS Sept 2022,,9/15/2022,,Port 19,,PPS Unit; Programmed Sampling,95% EtOH,Olympic Coast National Marine Sanctuary,Teahwhit Head,,34.0,8,47°52.467' N,124°44.070 W,,0:00,00:17,,,1000,,,,,,,,Matt Galaska,,TRUE,100,OCNMS_ExtractionSheet,,Lab -20˚C,TRUE,FALSE,At Sequencing Center (R2)
E1259.OC0922,1259,,,FALSE,OC0922,OCNMS Sept 2022,,9/16/2022,,Port 20,,PPS Unit; Programmed Sampling,95% EtOH,Olympic Coast National Marine Sanctuary,Teahwhit Head,,34.0,8,47°52.467' N,124°44.070 W,,12:00,12:17,,,1000,,,,,,,,Matt Galaska,,TRUE,100,OCNMS_ExtractionSheet,,Lab -20˚C,TRUE,FALSE,At Sequencing Center (R2)
E1260.OC0922,1260,,,FALSE,OC0922,OCNMS Sept 2022,,9/17/2022,,Port 21,,PPS Unit; Programmed Sampling,95% EtOH,Olympic Coast National Marine Sanctuary,Teahwhit Head,,34.0,8,47°52.467' N,124°44.070 W,,0:00,00:17,,,1000,,,,,,,,Matt Galaska,,TRUE,100,OCNMS_ExtractionSheet,,Lab -20˚C,TRUE,FALSE,At Sequencing Center (R2)
E1261.OC0922,1261,,,FALSE,OC0922,OCNMS Sept 2022,,9/17/2022,,Port 22,,PPS Unit; Programmed Sampling,95% EtOH,Olympic Coast National Marine Sanctuary,Teahwhit Head,,34.0,8,47°52.467' N,124°44.070 W,,12:00,12:17,,,1000,,,,,,,,Matt Galaska,,TRUE,100,OCNMS_ExtractionSheet,,Lab -20˚C,TRUE,FALSE,At Sequencing Center (R2)
E1262.OC0922,1262,,,FALSE,OC0922,OCNMS Sept 2022,,9/18/2022,,Port 23,,PPS Unit; Programmed Sampling,95% EtOH,Olympic Coast National Marine Sanctuary,Teahwhit Head,,34.0,8,47°52.467' N,124°44.070 W,,0:00,00:17,,,1000,,,,,,,,Matt Galaska,,TRUE,100,OCNMS_ExtractionSheet,,Lab -20˚C,TRUE,FALSE,At Sequencing Center (R2)
E1263.OC0922,1263,,,FALSE,OC0922,OCNMS Sept 2022,,9/18/2022,,Port 24,,PPS Unit; Programmed Sampling,95% EtOH,Olympic Coast National Marine Sanctuary,Teahwhit Head,,34.0,8,47°52.467' N,124°44.070 W,,12:00,12:17,,,1000,,,,,,,,Matt Galaska,,TRUE,100,OCNMS_ExtractionSheet,,Lab -20˚C,TRUE,FALSE,At Sequencing Center (R2)
E1264.OC0922,1264,,,FALSE,OC0922,OCNMS Sept 2022,,9/20/2022,,TH042,12,Niskin; Sterivex 0.22µm filter,95% EtOH,Olympic Coast National Marine Sanctuary,Teahwhit Head,,33.5,,47°52.467' N,124°44.070 W,,11:00,,,,1000,7.9,,33.5,1.62 mg/L,,,,Matt Galaska,,FALSE,,,,Lab -20˚C,FALSE,FALSE,
E1265.OC0922,1265,,,FALSE,OC0922,OCNMS Sept 2022,,9/20/2022,,TH042,10,Niskin; Sterivex 0.22µm filter,95% EtOH,Olympic Coast National Marine Sanctuary,Teahwhit Head,,33.2,,47°52.467' N,124°44.070 W,,11:00,,,,1000,7.9,,33.4,1.69 mg/L,,,,Matt Galaska,,TRUE,100,OCNMS_ExtractionSheet,,Lab -20˚C,TRUE,FALSE,At Sequencing Center (R2)
E1266.OC0922,1266,,,FALSE,OC0922,OCNMS Sept 2022,,9/20/2022,,TH042,9,Niskin; Sterivex 0.22µm filter,95% EtOH,Olympic Coast National Marine Sanctuary,Teahwhit Head,,32.7,,47°52.467' N,124°44.070 W,,11:00,,,,1000,7.9,,33.4,1.58 mg/L,,,,Matt Galaska,,TRUE,100,OCNMS_ExtractionSheet,,Lab -20˚C,TRUE,FALSE,At Sequencing Center (R2)
E1267.OC0922,1267,,,FALSE,OC0922,OCNMS Sept 2022,,9/20/2022,,TH042,8,Niskin; Sterivex 0.22µm filter,95% EtOH,Olympic Coast National Marine Sanctuary,Teahwhit Head,,33.1,,47°52.467' N,124°44.070 W,,11:00,,,,1000,7.9,,33.4,1.68 mg/L,,,,Matt Galaska,,TRUE,100,OCNMS_ExtractionSheet,,Lab -20˚C,TRUE,FALSE,At Sequencing Center (R2)
E1268.OC0922,1268,,,FALSE,OC0922,OCNMS Sept 2022,,9/20/2022,,TH042,6,Niskin; Sterivex 0.22µm filter,95% EtOH,Olympic Coast National Marine Sanctuary,Teahwhit Head,,33.2,,47°52.467' N,124°44.070 W,,11:00,,,,1000,7.9,,33.5,1.62 mg/L,,,,Matt Galaska,,FALSE,,,,Lab -20˚C,FALSE,FALSE,
E1269.OC0922,1269,,,FALSE,OC0922,OCNMS Sept 2022,,9/20/2022,,TH042,5,Niskin; Sterivex 0.22µm filter,95% EtOH,Olympic Coast National Marine Sanctuary,Teahwhit Head,,33.2,,47°52.467' N,124°44.070 W,,11:00,,,,1000,7.9,,33.5,1.65 mg/L,,,,Matt Galaska,,FALSE,,,,Lab -20˚C,FALSE,FALSE,
E1270.OC0922,1270,,,FALSE,OC0922,OCNMS Sept 2022,,9/20/2022,,TH042,4,Niskin; Sterivex 0.22µm filter,95% EtOH,Olympic Coast National Marine Sanctuary,Teahwhit Head,,33.3,,47°52.467' N,124°44.070 W,,11:00,,,,1000,7.9,,33.5,1.68 mg/L,,,,Matt Galaska,,FALSE,,,,Lab -20˚C,FALSE,FALSE,
E1271.OC0922,1271,,,FALSE,OC0922,OCNMS Sept 2022,,9/20/2022,,TH042,3,Niskin; Sterivex 0.22µm filter,95% EtOH,Olympic Coast National Marine Sanctuary,Teahwhit Head,,33.4,,47°52.467' N,124°44.070 W,,11:00,,,,1000,8.0,,33.4,1.7 mg/L,,,,Matt Galaska,,FALSE,,,,Lab -20˚C,FALSE,FALSE,
E1272.OC0922,1272,,,FALSE,OC0922,OCNMS Sept 2022,,9/20/2022,,TH042,2,Niskin; Sterivex 0.22µm filter,95% EtOH,Olympic Coast National Marine Sanctuary,Teahwhit Head,,33.5,,47°52.467' N,124°44.070 W,,11:00,,,,1000,7.9,,33.5,1.58 mg/L,,,,Matt Galaska,,FALSE,,,,Lab -20˚C,FALSE,FALSE,
E1273.OC0922,1273,,,FALSE,OC0922,OCNMS Sept 2022,,9/20/2022,,TH042,11,Niskin; Sterivex 0.22µm filter,95% EtOH,Olympic Coast National Marine Sanctuary,Teahwhit Head,,33.1,,47°52.467' N,124°44.070 W,,11:00,,,,1000,7.9,,33.5,1.7 mg/L,,,,Matt Galaska,,FALSE,,,,Lab -20˚C,FALSE,FALSE,
E1274.NC.OC0922,1274,,,TRUE,OC0922,OCNMS Sept 2022,,9/20/2022,,TH042,,Niskin; Sterivex 0.22µm filter,95% EtOH,Olympic Coast National Marine Sanctuary,Teahwhit Head,,,,47°52.467' N,124°44.070 W,,11:00,,,,1000,,,,,,,,Matt Galaska,,FALSE,,,,Lab -20˚C,FALSE,FALSE,
E1275.OC1021,1275,,,FALSE,OC1021,OCNMS Oct 2021,,8/26/2021,PPS Port 1 - TH042,,,PPS Unit; Programmed Sampling,95% EtOH,Olympic Coast National Marine Sanctuary,Teahwhit Head,,34.0,8,47° 52.673' N,124° 44.340' W,,00:01,00:17,7:01,07:17,1000,,,,,,,,Sean McAllister and Emily Norton,,TRUE,100,OCNMS_ExtractionSheet,,Lab -20˚C,TRUE,FALSE,At Sequencing Center (R2)
E1276.OC1021,1276,,,FALSE,OC1021,OCNMS Oct 2021,,8/27/2021,PPS Port 2 - TH042,,,PPS Unit; Programmed Sampling,95% EtOH,Olympic Coast National Marine Sanctuary,Teahwhit Head,,34.0,8,47° 52.673' N,124° 44.340' W,,12:01,12:24,19:01,19:24,1000,,,,,,,,Sean McAllister and Emily Norton,,TRUE,100,OCNMS_ExtractionSheet,,Lab -20˚C,TRUE,FALSE,At Sequencing Center (R2)
E1277.OC1021,1277,,,FALSE,OC1021,OCNMS Oct 2021,,8/29/2021,PPS Port 3 - TH042,,,PPS Unit; Programmed Sampling,95% EtOH,Olympic Coast National Marine Sanctuary,Teahwhit Head,,34.0,8,47° 52.673' N,124° 44.340' W,,00:01,00:27,7:01,07:27,1000,,,,,,,,Sean McAllister and Emily Norton,,TRUE,100,OCNMS_ExtractionSheet,,Lab -20˚C,TRUE,FALSE,At Sequencing Center (R2)
E1278.OC1021,1278,,,FALSE,OC1021,OCNMS Oct 2021,,8/30/2021,PPS Port 4 - TH042,,,PPS Unit; Programmed Sampling,95% EtOH,Olympic Coast National Marine Sanctuary,Teahwhit Head,,34.0,8,47° 52.673' N,124° 44.340' W,,12:01,12:25,19:01,19:25,1000,,,,,,,,Sean McAllister and Emily Norton,,TRUE,100,OCNMS_ExtractionSheet,,Lab -20˚C,TRUE,FALSE,At Sequencing Center (R2)
E1279.OC1021,1279,,,FALSE,OC1021,OCNMS Oct 2021,,9/1/2021,PPS Port 5 - TH042,,,PPS Unit; Programmed Sampling,95% EtOH,Olympic Coast National Marine Sanctuary,Teahwhit Head,,34.0,8,47° 52.673' N,124° 44.340' W,,00:01,00:22,7:01,07:22,1000,,,,,,,,Sean McAllister and Emily Norton,,TRUE,100,OCNMS_ExtractionSheet,,Lab -20˚C,TRUE,FALSE,At Sequencing Center (R2)
E1280.OC1021,1280,,,FALSE,OC1021,OCNMS Oct 2021,,9/2/2021,PPS Port 6 - TH042,,,PPS Unit; Programmed Sampling,95% EtOH,Olympic Coast National Marine Sanctuary,Teahwhit Head,,34.0,8,47° 52.673' N,124° 44.340' W,,12:02,12:29,19:02,19:29,1000,,,,,,,,Sean McAllister and Emily Norton,,TRUE,100,OCNMS_ExtractionSheet,,Lab -20˚C,TRUE,FALSE,At Sequencing Center (R2)
E1281.OC1021,1281,,,FALSE,OC1021,OCNMS Oct 2021,,9/4/2021,PPS Port 7 - TH042,,,PPS Unit; Programmed Sampling,95% EtOH,Olympic Coast National Marine Sanctuary,Teahwhit Head,,34.0,8,47° 52.673' N,124° 44.340' W,,00:02,00:27,7:02,07:27,1000,,,,,,,,Sean McAllister and Emily Norton,,TRUE,100,OCNMS_ExtractionSheet,,Lab -20˚C,TRUE,FALSE,At Sequencing Center (R2)
E1282.OC1021,1282,,,FALSE,OC1021,OCNMS Oct 2021,,9/5/2021,PPS Port 8 - TH042,,,PPS Unit; Programmed Sampling,95% EtOH,Olympic Coast National Marine Sanctuary,Teahwhit Head,,34.0,8,47° 52.673' N,124° 44.340' W,,12:01,12:27,19:01,19:27,1000,,,,,,,,Sean McAllister and Emily Norton,,TRUE,100,OCNMS_ExtractionSheet,,Lab -20˚C,TRUE,FALSE,At Sequencing Center (R2)
E1283.OC1021,1283,,,FALSE,OC1021,OCNMS Oct 2021,,9/7/2021,PPS Port 9 - TH042,,,PPS Unit; Programmed Sampling,95% EtOH,Olympic Coast National Marine Sanctuary,Teahwhit Head,,34.0,8,47° 52.673' N,124° 44.340' W,,00:02,00:24,7:02,07:24,1000,,,,,,,,Sean McAllister and Emily Norton,,TRUE,100,OCNMS_ExtractionSheet,,Lab -20˚C,TRUE,FALSE,At Sequencing Center (R2)
E1284.OC1021,1284,,,FALSE,OC1021,OCNMS Oct 2021,,9/8/2021,PPS Port 10 - TH042,,,PPS Unit; Programmed Sampling,95% EtOH,Olympic Coast National Marine Sanctuary,Teahwhit Head,,34.0,8,47° 52.673' N,124° 44.340' W,,12:02,12:23,19:02,19:23,1000,,,,,,,,Sean McAllister and Emily Norton,,TRUE,100,OCNMS_ExtractionSheet,,Lab -20˚C,TRUE,FALSE,At Sequencing Center (R2)
E1285.OC1021,1285,,,FALSE,OC1021,OCNMS Oct 2021,,9/10/2021,PPS Port 11 - TH042,,,PPS Unit; Programmed Sampling,95% EtOH,Olympic Coast National Marine Sanctuary,Teahwhit Head,,34.0,8,47° 52.673' N,124° 44.340' W,,00:02,00:29,7:02,07:29,1000,,,,,,,,Sean McAllister and Emily Norton,,TRUE,100,OCNMS_ExtractionSheet,,Lab -20˚C,TRUE,FALSE,At Sequencing Center (R2)
E1286.OC1021,1286,,,FALSE,OC1021,OCNMS Oct 2021,,9/11/2021,PPS Port 12 - TH042,,,PPS Unit; Programmed Sampling,95% EtOH,Olympic Coast National Marine Sanctuary,Teahwhit Head,,34.0,8,47° 52.673' N,124° 44.340' W,,12:02,12:31,19:02,19:31,1000,,,,,,,,Sean McAllister and Emily Norton,,TRUE,100,OCNMS_ExtractionSheet,,Lab -20˚C,TRUE,FALSE,At Sequencing Center (R2)
E1287.OC1021,1287,,,FALSE,OC1021,OCNMS Oct 2021,,9/13/2021,PPS Port 13 - TH042,,,PPS Unit; Programmed Sampling,95% EtOH,Olympic Coast National Marine Sanctuary,Teahwhit Head,,34.0,8,47° 52.673' N,124° 44.340' W,,00:02,00:24,7:02,07:24,1000,,,,,,,,Sean McAllister and Emily Norton,,TRUE,100,OCNMS_ExtractionSheet,,Lab -20˚C,TRUE,FALSE,At Sequencing Center (R2)
E1288.OC1021,1288,,,FALSE,OC1021,OCNMS Oct 2021,,9/14/2021,PPS Port 14 - TH042,,,PPS Unit; Programmed Sampling,95% EtOH,Olympic Coast National Marine Sanctuary,Teahwhit Head,,34.0,8,47° 52.673' N,124° 44.340' W,,12:02,12:30,19:02,19:30,1000,,,,,,,,Sean McAllister and Emily Norton,,TRUE,100,OCNMS_ExtractionSheet,,Lab -20˚C,TRUE,FALSE,At Sequencing Center (R2)
E1289.OC1021,1289,,,FALSE,OC1021,OCNMS Oct 2021,,9/16/2021,PPS Port 15 - TH042,,,PPS Unit; Programmed Sampling,95% EtOH,Olympic Coast National Marine Sanctuary,Teahwhit Head,,34.0,8,47° 52.673' N,124° 44.340' W,,00:02,00:25,7:02,07:25,1000,,,,,,,,Sean McAllister and Emily Norton,,TRUE,100,OCNMS_ExtractionSheet,,Lab -20˚C,TRUE,FALSE,At Sequencing Center (R2)
E1290.OC1021,1290,,,FALSE,OC1021,OCNMS Oct 2021,,9/17/2021,PPS Port 16 - TH042,,,PPS Unit; Programmed Sampling,95% EtOH,Olympic Coast National Marine Sanctuary,Teahwhit Head,,34.0,8,47° 52.673' N,124° 44.340' W,,12:02,12:28,19:02,19:28,1000,,,,,,,,Sean McAllister and Emily Norton,,TRUE,100,OCNMS_ExtractionSheet,,Lab -20˚C,TRUE,FALSE,At Sequencing Center (R2)
E1291.OC1021,1291,,,FALSE,OC1021,OCNMS Oct 2021,,9/19/2021,PPS Port 17 - TH042,,,PPS Unit; Programmed Sampling,95% EtOH,Olympic Coast National Marine Sanctuary,Teahwhit Head,,34.0,8,47° 52.673' N,124° 44.340' W,,00:02,00:29,7:02,07:29,1000,,,,,,,,Sean McAllister and Emily Norton,,TRUE,100,OCNMS_ExtractionSheet,,Lab -20˚C,TRUE,FALSE,At Sequencing Center (R2)
E1292.OC1021,1292,,,FALSE,OC1021,OCNMS Oct 2021,,9/20/2021,PPS Port 18 - TH042,,,PPS Unit; Programmed Sampling,95% EtOH,Olympic Coast National Marine Sanctuary,Teahwhit Head,,34.0,8,47° 52.673' N,124° 44.340' W,,12:01,12:26,19:01,19:26,1000,,,,,,,,Sean McAllister and Emily Norton,,TRUE,100,OCNMS_ExtractionSheet,,Lab -20˚C,TRUE,FALSE,At Sequencing Center (R2)
E1293.OC1021,1293,,,FALSE,OC1021,OCNMS Oct 2021,,9/22/2021,PPS Port 19 - TH042,,,PPS Unit; Programmed Sampling,95% EtOH,Olympic Coast National Marine Sanctuary,Teahwhit Head,,34.0,8,47° 52.673' N,124° 44.340' W,,00:01,00:20,7:01,07:20,1000,,,,,,,,Sean McAllister and Emily Norton,,TRUE,100,OCNMS_ExtractionSheet,,Lab -20˚C,TRUE,FALSE,At Sequencing Center (R2)
E1294.OC1021,1294,,,FALSE,OC1021,OCNMS Oct 2021,,9/23/2021,PPS Port 20 - TH042,,,PPS Unit; Programmed Sampling,95% EtOH,Olympic Coast National Marine Sanctuary,Teahwhit Head,,34.0,8,47° 52.673' N,124° 44.340' W,,12:01,12:23,19:01,19:23,1000,,,,,,,,Sean McAllister and Emily Norton,,TRUE,100,OCNMS_ExtractionSheet,,Lab -20˚C,TRUE,FALSE,At Sequencing Center (R2)
E1295.OC1021,1295,,,FALSE,OC1021,OCNMS Oct 2021,,9/25/2021,PPS Port 21 - TH042,,,PPS Unit; Programmed Sampling,95% EtOH,Olympic Coast National Marine Sanctuary,Teahwhit Head,,34.0,8,47° 52.673' N,124° 44.340' W,,00:01,00:24,7:01,07:24,1000,,,,,,,,Sean McAllister and Emily Norton,,TRUE,100,OCNMS_ExtractionSheet,,Lab -20˚C,TRUE,FALSE,At Sequencing Center (R2)
E1296.OC1021,1296,,,FALSE,OC1021,OCNMS Oct 2021,,9/26/2021,PPS Port 22 - TH042,,,PPS Unit; Programmed Sampling,95% EtOH,Olympic Coast National Marine Sanctuary,Teahwhit Head,,34.0,8,47° 52.673' N,124° 44.340' W,,12:01,12:21,19:01,19:21,1000,,,,,,,,Sean McAllister and Emily Norton,,TRUE,100,OCNMS_ExtractionSheet,,Lab -20˚C,TRUE,FALSE,At Sequencing Center (R2)
E1297.OC1021,1297,,,FALSE,OC1021,OCNMS Oct 2021,,9/28/2021,PPS Port 23 - TH042,,,PPS Unit; Programmed Sampling,95% EtOH,Olympic Coast National Marine Sanctuary,Teahwhit Head,,34.0,8,47° 52.673' N,124° 44.340' W,,00:01,00:28,7:01,07:28,1000,,,,,,,,Sean McAllister and Emily Norton,,TRUE,100,OCNMS_ExtractionSheet,,Lab -20˚C,TRUE,FALSE,At Sequencing Center (R2)
E1298.OC1021,1298,,,FALSE,OC1021,OCNMS Oct 2021,,9/29/2021,PPS Port 24 - TH042,,,PPS Unit; Programmed Sampling,95% EtOH,Olympic Coast National Marine Sanctuary,Teahwhit Head,,34.0,8,47° 52.673' N,124° 44.340' W,,12:01,12:26,19:01,19:26,1000,,,,,,,,Sean McAllister and Emily Norton,,TRUE,100,OCNMS_ExtractionSheet,,Lab -20˚C,TRUE,FALSE,At Sequencing Center (R2)
E1299.OC1021,1299,,,FALSE,OC1021,OCNMS Oct 2021,,8/26/2021,PPS Port 1 - CE042,,,PPS Unit; Programmed Sampling,-,Olympic Coast National Marine Sanctuary,Cape Elizabeth,,34.0,8,47° 21.009' N,124° 29.126' W,,00:01,00:15,7:01,07:15,1000,,,,,,,,Shannon Brown,Likely not preserved in fixative,TRUE,100,OCNMS_ExtractionSheet,,Lab -20˚C,TRUE,FALSE,At Sequencing Center (R2)
E1300.OC1021,1300,,,FALSE,OC1021,OCNMS Oct 2021,,8/27/2021,PPS Port 2 - CE042,,,PPS Unit; Programmed Sampling,-,Olympic Coast National Marine Sanctuary,Cape Elizabeth,,34.0,8,47° 21.009' N,124° 29.126' W,,12:01,12:16,19:01,19:16,1000,,,,,,,,Shannon Brown,Likely not preserved in fixative,TRUE,100,OCNMS_ExtractionSheet,,Lab -20˚C,TRUE,FALSE,At Sequencing Center (R2)
E1301.OC1021,1301,,,FALSE,OC1021,OCNMS Oct 2021,,8/29/2021,PPS Port 3 - CE042,,,PPS Unit; Programmed Sampling,-,Olympic Coast National Marine Sanctuary,Cape Elizabeth,,34.0,8,47° 21.009' N,124° 29.126' W,,00:01,00:16,7:01,07:16,1000,,,,,,,,Shannon Brown,Likely not preserved in fixative,TRUE,100,OCNMS_ExtractionSheet,,Lab -20˚C,TRUE,FALSE,At Sequencing Center (R2)
E1302.OC1021,1302,,,FALSE,OC1021,OCNMS Oct 2021,,8/30/2021,PPS Port 4 - CE042,,,PPS Unit; Programmed Sampling,-,Olympic Coast National Marine Sanctuary,Cape Elizabeth,,34.0,8,47° 21.009' N,124° 29.126' W,,12:01,12:16,19:01,19:16,1000,,,,,,,,Shannon Brown,Likely not preserved in fixative,TRUE,100,OCNMS_ExtractionSheet,,Lab -20˚C,TRUE,FALSE,At Sequencing Center (R2)
E1303.OC1021,1303,,,FALSE,OC1021,OCNMS Oct 2021,,9/1/2021,PPS Port 5 - CE042,,,PPS Unit; Programmed Sampling,-,Olympic Coast National Marine Sanctuary,Cape Elizabeth,,34.0,8,47° 21.009' N,124° 29.126' W,,00:01,00:16,7:01,07:16,1000,,,,,,,,Shannon Brown,Likely not preserved in fixative,TRUE,100,OCNMS_ExtractionSheet,,Lab -20˚C,TRUE,FALSE,At Sequencing Center (R2)
E1304.OC1021,1304,,,FALSE,OC1021,OCNMS Oct 2021,,9/2/2021,PPS Port 6 - CE042,,,PPS Unit; Programmed Sampling,-,Olympic Coast National Marine Sanctuary,Cape Elizabeth,,34.0,8,47° 21.009' N,124° 29.126' W,,12:01,12:16,19:01,19:16,1000,,,,,,,,Shannon Brown,Likely not preserved in fixative,TRUE,100,OCNMS_ExtractionSheet,,Lab -20˚C,TRUE,FALSE,At Sequencing Center (R2)
E1305.OC1021,1305,,,FALSE,OC1021,OCNMS Oct 2021,,9/4/2021,PPS Port 7 - CE042,,,PPS Unit; Programmed Sampling,-,Olympic Coast National Marine Sanctuary,Cape Elizabeth,,34.0,8,47° 21.009' N,124° 29.126' W,,00:02,00:17,7:02,07:17,1000,,,,,,,,Shannon Brown,Likely not preserved in fixative,TRUE,100,OCNMS_ExtractionSheet,,Lab -20˚C,TRUE,FALSE,At Sequencing Center (R2)
E1306.OC1021,1306,,,FALSE,OC1021,OCNMS Oct 2021,,9/5/2021,PPS Port 8 - CE042,,,PPS Unit; Programmed Sampling,-,Olympic Coast National Marine Sanctuary,Cape Elizabeth,,34.0,8,47° 21.009' N,124° 29.126' W,,12:02,12:16,19:02,19:16,1000,,,,,,,,Shannon Brown,Likely not preserved in fixative,TRUE,100,OCNMS_ExtractionSheet,,Lab -20˚C,TRUE,FALSE,At Sequencing Center (R2)
E1307.OC1021,1307,,,FALSE,OC1021,OCNMS Oct 2021,,9/7/2021,PPS Port 9 - CE042,,,PPS Unit; Programmed Sampling,-,Olympic Coast National Marine Sanctuary,Cape Elizabeth,,34.0,8,47° 21.009' N,124° 29.126' W,,00:02,00:16,7:02,07:16,1000,,,,,,,,Shannon Brown,Likely not preserved in fixative,TRUE,100,OCNMS_ExtractionSheet,,Lab -20˚C,TRUE,FALSE,At Sequencing Center (R2)
E1308.OC1021,1308,,,FALSE,OC1021,OCNMS Oct 2021,,9/8/2021,PPS Port 10 - CE042,,,PPS Unit; Programmed Sampling,-,Olympic Coast National Marine Sanctuary,Cape Elizabeth,,34.0,8,47° 21.009' N,124° 29.126' W,,12:02,12:17,19:02,19:17,1000,,,,,,,,Shannon Brown,Likely not preserved in fixative,TRUE,100,OCNMS_ExtractionSheet,,Lab -20˚C,TRUE,FALSE,At Sequencing Center (R2)
E1309.OC1021,1309,,,FALSE,OC1021,OCNMS Oct 2021,,9/10/2021,PPS Port 11 - CE042,,,PPS Unit; Programmed Sampling,-,Olympic Coast National Marine Sanctuary,Cape Elizabeth,,34.0,8,47° 21.009' N,124° 29.126' W,,00:02,00:17,7:02,07:17,1000,,,,,,,,Shannon Brown,Likely not preserved in fixative,TRUE,100,OCNMS_ExtractionSheet,,Lab -20˚C,TRUE,FALSE,At Sequencing Center (R2)
E1310.OC1021,1310,,,FALSE,OC1021,OCNMS Oct 2021,,9/11/2021,PPS Port 12 - CE042,,,PPS Unit; Programmed Sampling,-,Olympic Coast National Marine Sanctuary,Cape Elizabeth,,34.0,8,47° 21.009' N,124° 29.126' W,,12:02,12:17,19:02,19:17,1000,,,,,,,,Shannon Brown,Likely not preserved in fixative,TRUE,100,OCNMS_ExtractionSheet,,Lab -20˚C,TRUE,FALSE,At Sequencing Center (R2)
E1312.OC1021,1312,,,FALSE,OC1021,OCNMS Oct 2021,,9/14/2021,PPS Port 14 - CE042,,,PPS Unit; Programmed Sampling,-,Olympic Coast National Marine Sanctuary,Cape Elizabeth,,34.0,8,47° 21.009' N,124° 29.126' W,,12:02,12:17,19:02,19:17,1000,,,,,,,,Shannon Brown,Likely not preserved in fixative,TRUE,100,OCNMS_ExtractionSheet,,Lab -20˚C,TRUE,FALSE,At Sequencing Center (R2)
E1313.OC1021,1313,,,FALSE,OC1021,OCNMS Oct 2021,,9/16/2021,PPS Port 15 - CE042,,,PPS Unit; Programmed Sampling,-,Olympic Coast National Marine Sanctuary,Cape Elizabeth,,34.0,8,47° 21.009' N,124° 29.126' W,,00:02,00:17,7:02,07:17,1000,,,,,,,,Shannon Brown,Likely not preserved in fixative,TRUE,100,OCNMS_ExtractionSheet,,Lab -20˚C,TRUE,FALSE,At Sequencing Center (R2)
E1315.OC1021,1315,,,FALSE,OC1021,OCNMS Oct 2021,,9/19/2021,PPS Port 17 - CE042,,,PPS Unit; Programmed Sampling,-,Olympic Coast National Marine Sanctuary,Cape Elizabeth,,34.0,8,47° 21.009' N,124° 29.126' W,,00:02,00:16,7:02,07:16,1000,,,,,,,,Shannon Brown,Likely not preserved in fixative,TRUE,100,OCNMS_ExtractionSheet,,Lab -20˚C,TRUE,FALSE,At Sequencing Center (R2)
E1316.OC1021,1316,,,FALSE,OC1021,OCNMS Oct 2021,,9/20/2021,PPS Port 18 - CE042,,,PPS Unit; Programmed Sampling,-,Olympic Coast National Marine Sanctuary,Cape Elizabeth,,34.0,8,47° 21.009' N,124° 29.126' W,,12:02,12:16,19:02,19:16,1000,,,,,,,,Shannon Brown,Likely not preserved in fixative,TRUE,100,OCNMS_ExtractionSheet,,Lab -20˚C,TRUE,FALSE,At Sequencing Center (R2)
E1317.OC1021,1317,,,FALSE,OC1021,OCNMS Oct 2021,,9/22/2021,PPS Port 19 - CE042,,,PPS Unit; Programmed Sampling,-,Olympic Coast National Marine Sanctuary,Cape Elizabeth,,34.0,8,47° 21.009' N,124° 29.126' W,,00:02,00:18,7:02,07:18,1000,,,,,,,,Shannon Brown,Likely not preserved in fixative,TRUE,100,OCNMS_ExtractionSheet,,Lab -20˚C,TRUE,FALSE,At Sequencing Center (R2)
E1318.OC1021,1318,,,FALSE,OC1021,OCNMS Oct 2021,,9/23/2021,PPS Port 20 - CE042,,,PPS Unit; Programmed Sampling,-,Olympic Coast National Marine Sanctuary,Cape Elizabeth,,34.0,8,47° 21.009' N,124° 29.126' W,,12:01,12:17,19:01,19:17,1000,,,,,,,,Shannon Brown,Likely not preserved in fixative,TRUE,100,OCNMS_ExtractionSheet,,Lab -20˚C,TRUE,FALSE,At Sequencing Center (R2)
E1319.OC1021,1319,,,FALSE,OC1021,OCNMS Oct 2021,,9/25/2021,PPS Port 21 - CE042,,,PPS Unit; Programmed Sampling,-,Olympic Coast National Marine Sanctuary,Cape Elizabeth,,34.0,8,47° 21.009' N,124° 29.126' W,,00:01,00:17,7:01,07:17,1000,,,,,,,,Shannon Brown,Likely not preserved in fixative,TRUE,100,OCNMS_ExtractionSheet,,Lab -20˚C,TRUE,FALSE,At Sequencing Center (R2)
E1320.OC1021,1320,,,FALSE,OC1021,OCNMS Oct 2021,,9/26/2021,PPS Port 22 - CE042,,,PPS Unit; Programmed Sampling,-,Olympic Coast National Marine Sanctuary,Cape Elizabeth,,34.0,8,47° 21.009' N,124° 29.126' W,,12:01,12:16,19:01,19:16,1000,,,,,,,,Shannon Brown,Likely not preserved in fixative,TRUE,100,OCNMS_ExtractionSheet,,Lab -20˚C,TRUE,FALSE,At Sequencing Center (R2)
E1321.OC1021,1321,,,FALSE,OC1021,OCNMS Oct 2021,,9/28/2021,PPS Port 23 - CE042,,,PPS Unit; Programmed Sampling,-,Olympic Coast National Marine Sanctuary,Cape Elizabeth,,34.0,8,47° 21.009' N,124° 29.126' W,,00:01,00:16,7:01,07:16,1000,,,,,,,,Shannon Brown,Likely not preserved in fixative,TRUE,100,OCNMS_ExtractionSheet,,Lab -20˚C,TRUE,FALSE,At Sequencing Center (R2)
E1322.OC1021,1322,,,FALSE,OC1021,OCNMS Oct 2021,,9/29/2021,PPS Port 24 - CE042,,,PPS Unit; Programmed Sampling,-,Olympic Coast National Marine Sanctuary,Cape Elizabeth,,34.0,8,47° 21.009' N,124° 29.126' W,,12:01,12:16,19:01,19:16,1000,,,,,,,,Shannon Brown,Likely not preserved in fixative,TRUE,100,OCNMS_ExtractionSheet,,Lab -20˚C,TRUE,FALSE,At Sequencing Center (R2)
E1323.OC1021,1323,,,FALSE,OC1021,OCNMS Oct 2021,,10/8/2021,TH042-01,TH042,1,Niskin; Sterivex 0.22µm filter,95% EtOH,Olympic Coast National Marine Sanctuary,Teahwhit Head,,33.0,,47° 52.673' N,124° 44.340' W,,11:15,11:30,,,1000,7.7,,33.5,2.7 mg/l,,,,Sean McAllister and Emily Norton,,TRUE,100,OCNMS_ExtractionSheet,,Lab -20˚C,TRUE,FALSE,At Sequencing Center (R2)
E1324.OC1021,1324,,,FALSE,OC1021,OCNMS Oct 2021,,10/8/2021,TH042-02,TH042,2,Niskin; Sterivex 0.22µm filter,95% EtOH,Olympic Coast National Marine Sanctuary,Teahwhit Head,,33.0,,47° 52.673' N,124° 44.340' W,,11:15,11:30,,,1000,7.7,,33.5,2.7 mg/l,,,,Sean McAllister and Emily Norton,,TRUE,100,OCNMS_ExtractionSheet,,Lab -20˚C,TRUE,FALSE,At Sequencing Center (R2)
E1325.OC1021,1325,,,FALSE,OC1021,OCNMS Oct 2021,,10/8/2021,TH042-03,TH042,3,Niskin; Sterivex 0.22µm filter,95% EtOH,Olympic Coast National Marine Sanctuary,Teahwhit Head,,33.0,,47° 52.673' N,124° 44.340' W,,11:15,11:30,,,1000,7.8,,33.5,2.8 mg/l,,,,Sean McAllister and Emily Norton,,TRUE,100,OCNMS_ExtractionSheet,,Lab -20˚C,TRUE,FALSE,At Sequencing Center (R2)
E1326.OC1021,1326,,,FALSE,OC1021,OCNMS Oct 2021,,10/8/2021,TH042-04,TH042,4,Niskin; Sterivex 0.22µm filter,95% EtOH,Olympic Coast National Marine Sanctuary,Teahwhit Head,,33.0,,47° 52.673' N,124° 44.340' W,,11:15,11:30,,,1000,7.8,,33.5,2.9 mg/l,,,,Sean McAllister and Emily Norton,,FALSE,,,,Lab -20˚C,FALSE,FALSE,
E1327.OC1021,1327,,,FALSE,OC1021,OCNMS Oct 2021,,10/8/2021,TH042-05,TH042,5,Niskin; Sterivex 0.22µm filter,95% EtOH,Olympic Coast National Marine Sanctuary,Teahwhit Head,,33.0,,47° 52.673' N,124° 44.340' W,,11:15,11:30,,,1000,7.8,,33.5,3 mg/l,,,,Sean McAllister and Emily Norton,,FALSE,,,,Lab -20˚C,FALSE,FALSE,
E1328.OC1021,1328,,,FALSE,OC1021,OCNMS Oct 2021,,10/8/2021,TH042-06,TH042,7,Niskin; Sterivex 0.22µm filter,95% EtOH,Olympic Coast National Marine Sanctuary,Teahwhit Head,,33.0,,47° 52.673' N,124° 44.340' W,,11:15,11:30,,,1000,7.9,,33.5,3.1 mg/l,,,,Sean McAllister and Emily Norton,,FALSE,,,,Lab -20˚C,FALSE,FALSE,
E1329.OC1021,1329,,,FALSE,OC1021,OCNMS Oct 2021,,10/8/2021,TH042-07,TH042,9,Niskin; Sterivex 0.22µm filter,95% EtOH,Olympic Coast National Marine Sanctuary,Teahwhit Head,,32.0,,47° 52.673' N,124° 44.340' W,,11:15,11:30,,,1000,8.0,,33.4,3.3 mg/l,,,,Sean McAllister and Emily Norton,,FALSE,,,,Lab -20˚C,FALSE,FALSE,
E1330.OC1021,1330,,,FALSE,OC1021,OCNMS Oct 2021,,10/8/2021,TH042-08,TH042,10,Niskin; Sterivex 0.22µm filter,95% EtOH,Olympic Coast National Marine Sanctuary,Teahwhit Head,,32.0,,47° 52.673' N,124° 44.340' W,,11:15,11:30,,,1000,8.0,,33.4,3.5 mg/l,,,,Sean McAllister and Emily Norton,,FALSE,,,,Lab -20˚C,FALSE,FALSE,
E1331.OC1021,1331,,,FALSE,OC1021,OCNMS Oct 2021,,10/8/2021,TH042-09,TH042,11,Niskin; Sterivex 0.22µm filter,95% EtOH,Olympic Coast National Marine Sanctuary,Teahwhit Head,,31.0,,47° 52.673' N,124° 44.340' W,,11:15,11:30,,,1000,8.1,,33.4,3.6 mg/l,,,,Sean McAllister and Emily Norton,,FALSE,,,,Lab -20˚C,FALSE,FALSE,
E1332.OC1021,1332,,,FALSE,OC1021,OCNMS Oct 2021,,10/8/2021,TH042-10,TH042,12,Niskin; Sterivex 0.22µm filter,95% EtOH,Olympic Coast National Marine Sanctuary,Teahwhit Head,,31.0,,47° 52.673' N,124° 44.340' W,,11:15,11:30,,,1000,8.2,,33.3,4 mg/l,,,,Sean McAllister and Emily Norton,,FALSE,,,,Lab -20˚C,FALSE,FALSE,
E1333.NC.OC1021,1333,,,TRUE,OC1021,OCNMS Oct 2021,,10/8/2021,NC End,-,-,Sterivex 0.22µm filter,95% EtOH,,,,,,,,,,,,,1000,,,,,,,,Sean McAllister and Emily Norton,,FALSE,,,,Lab -20˚C,FALSE,FALSE,
E1334.OC1021,1334,,,FALSE,OC1021,OCNMS Oct 2021,,10/18/2021,CE042-01,CE042,1,Niskin; Sterivex 0.22µm filter,95% EtOH,Olympic Coast National Marine Sanctuary,Cape Elizabeth,,36.0,,47° 21.009' N,124° 29.126' W,,11:35,11:50,,,1000,7.5,,33.8,0.6 mg/l,,,,Shannon Brown,,FALSE,,,,Lab -20˚C,FALSE,FALSE,
E1335.OC1021,1335,,,FALSE,OC1021,OCNMS Oct 2021,,10/18/2021,CE042-02,CE042,2,Niskin; Sterivex 0.22µm filter,95% EtOH,Olympic Coast National Marine Sanctuary,Cape Elizabeth,,36.0,,47° 21.009' N,124° 29.126' W,,11:35,11:50,,,1000,7.5,,33.8,0.6 mg/l,,,,Shannon Brown,,FALSE,,,,Lab -20˚C,FALSE,FALSE,
E1336.OC1021,1336,,,FALSE,OC1021,OCNMS Oct 2021,,10/18/2021,CE042-03,CE042,3,Niskin; Sterivex 0.22µm filter,95% EtOH,Olympic Coast National Marine Sanctuary,Cape Elizabeth,,35.0,,47° 21.009' N,124° 29.126' W,,11:35,11:50,,,1000,7.5,,33.8,0.6 mg/l,,,,Shannon Brown,,FALSE,,,,Lab -20˚C,FALSE,FALSE,
E1337.OC1021,1337,,,FALSE,OC1021,OCNMS Oct 2021,,10/18/2021,CE042-04,CE042,4,Niskin; Sterivex 0.22µm filter,95% EtOH,Olympic Coast National Marine Sanctuary,Cape Elizabeth,,35.0,,47° 21.009' N,124° 29.126' W,,11:35,11:50,,,1000,7.5,,33.8,0.6 mg/l,,,,Shannon Brown,,FALSE,,,,Lab -20˚C,FALSE,FALSE,
E1338.OC1021,1338,,,FALSE,OC1021,OCNMS Oct 2021,,10/18/2021,CE042-05,CE042,5,Niskin; Sterivex 0.22µm filter,95% EtOH,Olympic Coast National Marine Sanctuary,Cape Elizabeth,,35.0,,47° 21.009' N,124° 29.126' W,,11:35,11:50,,,1000,7.5,,33.8,0.6 mg/l,,,,Shannon Brown,,FALSE,,,,Lab -20˚C,FALSE,FALSE,
E1339.OC1021,1339,,,FALSE,OC1021,OCNMS Oct 2021,,10/18/2021,CE042-06,CE042,7,Niskin; Sterivex 0.22µm filter,95% EtOH,Olympic Coast National Marine Sanctuary,Cape Elizabeth,,34.0,,47° 21.009' N,124° 29.126' W,,11:35,11:50,,,1000,7.5,,33.8,0.6 mg/l,,,,Shannon Brown,,FALSE,,,,Lab -20˚C,FALSE,FALSE,
E1340.OC1021,1340,,,FALSE,OC1021,OCNMS Oct 2021,,10/18/2021,CE042-07,CE042,9,Niskin; Sterivex 0.22µm filter,95% EtOH,Olympic Coast National Marine Sanctuary,Cape Elizabeth,,34.0,,47° 21.009' N,124° 29.126' W,,11:35,11:50,,,1000,7.5,,33.8,0.6 mg/l,,,,Shannon Brown,,FALSE,,,,Lab -20˚C,FALSE,FALSE,
E1341.OC1021,1341,,,FALSE,OC1021,OCNMS Oct 2021,,10/18/2021,CE042-08,CE042,10,Niskin; Sterivex 0.22µm filter,95% EtOH,Olympic Coast National Marine Sanctuary,Cape Elizabeth,,33.0,,47° 21.009' N,124° 29.126' W,,11:35,11:50,,,1000,7.5,,33.8,0.6 mg/l,,,,Shannon Brown,,FALSE,,,,Lab -20˚C,FALSE,FALSE,
E1342.OC1021,1342,,,FALSE,OC1021,OCNMS Oct 2021,,10/18/2021,CE042-09,CE042,11,Niskin; Sterivex 0.22µm filter,95% EtOH,Olympic Coast National Marine Sanctuary,Cape Elizabeth,,33.0,,47° 21.009' N,124° 29.126' W,,11:35,11:50,,,1000,7.5,,33.8,0.6 mg/l,,,,Shannon Brown,Niskin leaking from the bottom,FALSE,,,,Lab -20˚C,FALSE,FALSE,
E1343.OC1021,1343,,,FALSE,OC1021,OCNMS Oct 2021,,10/18/2021,CE042-10,CE042,12,Niskin; Sterivex 0.22µm filter,95% EtOH,Olympic Coast National Marine Sanctuary,Cape Elizabeth,,32.0,,47° 21.009' N,124° 29.126' W,,11:35,11:50,,,1000,7.6,,33.7,0.7 mg/l,,,,Shannon Brown,,FALSE,,,,Lab -20˚C,FALSE,FALSE,
E1344.NC.OC1021,1344,,,TRUE,OC1021,OCNMS Oct 2021,,10/18/2021,NC End,-,-,Sterivex 0.22µm filter,95% EtOH,,,,,,,,,,,,,1000,,,,,,,,Shannon Brown,,FALSE,,,,Lab -20˚C,FALSE,FALSE,
E1355.AX22,1355,,,FALSE,AX22,Axial 2022,,,,J2-1434,2,Niskin; Sterivex 0.22µm filter ,95% EtOH,ASHES,5 m over hell vents (0 m mark),,1532.0,,,,,,,,,,,,,,,,,Sean McAllister,,FALSE,,,,Lab -20˚C,FALSE,FALSE,
E1356.AX22,1356,,,FALSE,AX22,Axial 2022,,,,J2-1434,1,Niskin; Sterivex 0.22µm filter ,95% EtOH,ASHES,20 m south towards anemone,,1532.0,,,,,,,,,,,,,,,,,Sean McAllister,,FALSE,,,,Lab -20˚C,FALSE,FALSE,
E1357.NC.AX22,1357,,,TRUE,AX22,Axial 2022,,,,J2-1434,3,Niskin; Sterivex 0.22µm filter ,95% EtOH,ASHES,100 m south of hell vents,,1540.0,,,,,,,,,,,,,,,,,Sean McAllister,,FALSE,,,,Lab -20˚C,FALSE,FALSE,
E1358.1B.AX22,1358,1,,FALSE,AX22,Axial 2022,,,,V22C-01,1,Niskin; Sterivex 0.22µm filter ,95% EtOH,,,,1530.0,,,,,,,,,,,,,,,,,Sean McAllister,,FALSE,,,,Lab -20˚C,FALSE,FALSE,
E1358.2B.AX22,1358,2,,FALSE,AX22,Axial 2022,,,,V22C-01,2,Niskin; Sterivex 0.22µm filter ,95% EtOH,,,,1530.0,,,,,,,,,,,,,,,,,Sean McAllister,,FALSE,,,,Lab -20˚C,FALSE,FALSE,
E1358.3B.AX22,1358,3,,FALSE,AX22,Axial 2022,,,,V22C-01,3,Niskin; Sterivex 0.22µm filter ,95% EtOH,,,,1530.0,,,,,,,,,,,,,,,,,Sean McAllister,,FALSE,,,,Lab -20˚C,FALSE,FALSE,
E1359.AX22,1359,,,FALSE,AX22,Axial 2022,,,,V22C-01,4,Niskin; Sterivex 0.22µm filter ,95% EtOH,,,,1523.0,,,,,,,,,,,,,,,,,Sean McAllister,,FALSE,,,,Lab -20˚C,FALSE,FALSE,
E1360.1B.AX22,1360,1,,FALSE,AX22,Axial 2022,,,,V22C-01,6,Niskin; Sterivex 0.22µm filter ,95% EtOH,,,,1516.0,,,,,,,,,,,,,,,,,Sean McAllister,,FALSE,,,,Lab -20˚C,FALSE,FALSE,
E1360.2B.AX22,1360,2,,FALSE,AX22,Axial 2022,,,,V22C-01,7,Niskin; Sterivex 0.22µm filter ,95% EtOH,,,,1516.0,,,,,,,,,,,,,,,,,Sean McAllister,,FALSE,,,,Lab -20˚C,FALSE,FALSE,
E1361.1B.AX22,1361,1,,FALSE,AX22,Axial 2022,,,,V22C-01,9,Niskin; Sterivex 0.22µm filter ,95% EtOH,,,,1510.0,,,,,,,,,,,,,,,,,Sean McAllister,,FALSE,,,,Lab -20˚C,FALSE,FALSE,
E1361.2B.AX22,1361,2,,FALSE,AX22,Axial 2022,,,,V22C-01,10,Niskin; Sterivex 0.22µm filter ,95% EtOH,,,,1510.0,,,,,,,,,,,,,,,,,Sean McAllister,,FALSE,,,,Lab -20˚C,FALSE,FALSE,
E1362.1B.AX22,1362,1,,FALSE,AX22,Axial 2022,,,,V22C-01,11,Niskin; Sterivex 0.22µm filter ,95% EtOH,,,,1483.0,,,,,,,,,,,,,,,,,Sean McAllister,,FALSE,,,,Lab -20˚C,FALSE,FALSE,
E1362.2B.AX22,1362,2,,FALSE,AX22,Axial 2022,,,,V22C-01,12,Niskin; Sterivex 0.22µm filter ,95% EtOH,,,,1483.0,,,,,,,,,,,,,,,,,Sean McAllister,,FALSE,,,,Lab -20˚C,FALSE,FALSE,
E1363.1B.AX22,1363,1,,FALSE,AX22,Axial 2022,,,,,,Niskin; Sterivex 0.22µm filter ,95% EtOH,,,,1452.0,,,,,,,,,,,,,,,,,Sean McAllister,,FALSE,,,,Lab -20˚C,FALSE,FALSE,
E1363.2B.AX22,1363,2,,FALSE,AX22,Axial 2022,,,,,,Niskin; Sterivex 0.22µm filter ,95% EtOH,,,,1452.0,,,,,,,,,,,,,,,,,Sean McAllister,,FALSE,,,,Lab -20˚C,FALSE,FALSE,
E1364.1B.AX22,1364,1,,FALSE,AX22,Axial 2022,,,,,,Niskin; Sterivex 0.22µm filter ,95% EtOH,,,,1422.0,,,,,,,,,,,,,,,,,Sean McAllister,,FALSE,,,,Lab -20˚C,FALSE,FALSE,
E1364.2B.AX22,1364,2,,FALSE,AX22,Axial 2022,,,,,,Niskin; Sterivex 0.22µm filter ,95% EtOH,,,,1422.0,,,,,,,,,,,,,,,,,Sean McAllister,,FALSE,,,,Lab -20˚C,FALSE,FALSE,
E1365.1B.AX22,1365,1,,FALSE,AX22,Axial 2022,,,,,,Niskin; Sterivex 0.22µm filter ,95% EtOH,,,,100.0,,,,,,,,,,,,,,,,,Sean McAllister,,FALSE,,,,Lab -20˚C,FALSE,FALSE,
E1365.2B.AX22,1365,2,,FALSE,AX22,Axial 2022,,,,,,Niskin; Sterivex 0.22µm filter ,95% EtOH,,,,100.0,,,,,,,,,,,,,,,,,Sean McAllister,,FALSE,,,,Lab -20˚C,FALSE,FALSE,
E1365.3B.AX22,1365,3,,FALSE,AX22,Axial 2022,,,,,,Niskin; Sterivex 0.22µm filter ,95% EtOH,,,,100.0,,,,,,,,,,,,,,,,,Sean McAllister,,FALSE,,,,Lab -20˚C,FALSE,FALSE,
E1366.1B.AX22,1366,1,,FALSE,AX22,Axial 2022,,,,,,Niskin; Sterivex 0.22µm filter ,95% EtOH,,,,3.0,,,,,,,,,,,,,,,,,Sean McAllister,,FALSE,,,,Lab -20˚C,FALSE,FALSE,
E1366.2B.AX22,1366,2,,FALSE,AX22,Axial 2022,,,,,,Niskin; Sterivex 0.22µm filter ,95% EtOH,,,,3.0,,,,,,,,,,,,,,,,,Sean McAllister,,FALSE,,,,Lab -20˚C,FALSE,FALSE,
E1366.3B.AX22,1366,3,,FALSE,AX22,Axial 2022,,,,,,Niskin; Sterivex 0.22µm filter ,95% EtOH,,,,3.0,,,,,,,,,,,,,,,,,Sean McAllister,,FALSE,,,,Lab -20˚C,FALSE,FALSE,
E1367.NC.AX22,1367,,,TRUE,AX22,Axial 2022,,,,,,Sterivex 0.22µm filter ,95% EtOH,,,,,,,,,,,,,,,,,,,,,Sean McAllister,,FALSE,,,,Lab -20˚C,FALSE,FALSE,
E1368.1T.AX22,1368,,1,FALSE,AX22,Axial 2022,,,,V22C-05,1,Niskin; Sterivex 0.22µm filter ,95% EtOH,,,,1505.0,,,,,,,,,,,,,,,,,Sean McAllister,,FALSE,,,,Lab -20˚C,FALSE,FALSE,
E1368.2T.AX22,1368,,2,FALSE,AX22,Axial 2022,,,,V22C-05,1,Niskin; Sterivex 0.22µm filter ,95% EtOH,,,,1505.0,,,,,,,,,,,,,,,,,Sean McAllister,,FALSE,,,,Lab -20˚C,FALSE,FALSE,
E1369.1B.AX22,1369,1,,FALSE,AX22,Axial 2022,,,,V22C-05,2,Niskin; Sterivex 0.22µm filter ,95% EtOH,,,,1493.0,,,,,,,,,,,,,,,,,Sean McAllister,,FALSE,,,,Lab -20˚C,FALSE,FALSE,
E1369.2B.AX22,1369,2,,FALSE,AX22,Axial 2022,,,,V22C-05,3,Niskin; Sterivex 0.22µm filter ,95% EtOH,,,,1493.0,,,,,,,,,,,,,,,,,Sean McAllister,,FALSE,,,,Lab -20˚C,FALSE,FALSE,
E1370.1T.AX22,1370,,1,FALSE,AX22,Axial 2022,,,,V22C-05,23,Niskin; Sterivex 0.22µm filter ,95% EtOH,,,,1492.0,,,,,,,,,,,,,,,,,Sean McAllister,,FALSE,,,,Lab -20˚C,FALSE,FALSE,
E1370.2T.AX22,1370,,2,FALSE,AX22,Axial 2022,,,,V22C-06,23,Niskin; Sterivex 0.22µm filter ,95% EtOH,,,,1492.0,,,,,,,,,,,,,,,,,Sean McAllister,,FALSE,,,,Lab -20˚C,FALSE,FALSE,
E1371.1T.AX22,1371,,1,FALSE,AX22,Axial 2022,,,,V22C-05,24,Niskin; Sterivex 0.22µm filter ,95% EtOH,,,,1462.0,,,,,,,,,,,,,,,,,Sean McAllister,,FALSE,,,,Lab -20˚C,FALSE,FALSE,
E1371.2T.AX22,1371,,2,FALSE,AX22,Axial 2022,,,,V22C-05,24,Niskin; Sterivex 0.22µm filter ,95% EtOH,,,,1462.0,,,,,,,,,,,,,,,,,Sean McAllister,,FALSE,,,,Lab -20˚C,FALSE,FALSE,
E1372.1T.AX22,1372,,1,FALSE,AX22,Axial 2022,,,,V22C-06,1,Niskin; Sterivex 0.22µm filter ,95% EtOH,,,,1580.0,,,,,,,,,,,,,,,,,Sean McAllister,,FALSE,,,,Lab -20˚C,FALSE,FALSE,
E1372.2T.AX22,1372,,2,FALSE,AX22,Axial 2022,,,,V22C-06,1,Niskin; Sterivex 0.22µm filter ,95% EtOH,,,,1580.0,,,,,,,,,,,,,,,,,Sean McAllister,,FALSE,,,,Lab -20˚C,FALSE,FALSE,
E1373.1T.AX22,1373,,1,FALSE,AX22,Axial 2022,,,,V22C-06,2,Niskin; Sterivex 0.22µm filter ,95% EtOH,,,,1520.0,,,,,,,,,,,,,,,,,Sean McAllister,,FALSE,,,,Lab -20˚C,FALSE,FALSE,
E1373.2T.AX22,1373,,2,FALSE,AX22,Axial 2022,,,,V22C-06,2,Niskin; Sterivex 0.22µm filter ,95% EtOH,,,,1520.0,,,,,,,,,,,,,,,,,Sean McAllister,,FALSE,,,,Lab -20˚C,FALSE,FALSE,
E1374.1T.AX22,1374,,1,FALSE,AX22,Axial 2022,,,,V22C-06,24,Niskin; Sterivex 0.22µm filter ,95% EtOH,,,,1450.0,,,,,,,,,,,,,,,,,Sean McAllister,,FALSE,,,,Lab -20˚C,FALSE,FALSE,
E1374.2T.AX22,1374,,2,FALSE,AX22,Axial 2022,,,,V22C-06,24,Niskin; Sterivex 0.22µm filter ,95% EtOH,,,,1450.0,,,,,,,,,,,,,,,,,Sean McAllister,,FALSE,,,,Lab -20˚C,FALSE,FALSE,
E1375.1T.AX22,1375,,1,FALSE,AX22,Axial 2022,,,,V22C-07,1,Niskin; Sterivex 0.22µm filter ,95% EtOH,Coquille Vent Field,,,1520.0,,,,,,,,,,,,,,,,,Sean McAllister,,FALSE,,,,Lab -20˚C,FALSE,FALSE,
E1375.2T.AX22,1375,,2,FALSE,AX22,Axial 2022,,,,V22C-07,1,Niskin; Sterivex 0.22µm filter ,95% EtOH,Coquille Vent Field,,,1520.0,,,,,,,,,,,,,,,,,Sean McAllister,,FALSE,,,,Lab -20˚C,FALSE,FALSE,
E1376.1T.AX22,1376,,1,FALSE,AX22,Axial 2022,,,,V22C-07,2,Niskin; Sterivex 0.22µm filter ,95% EtOH,Coquille Vent Field,,,1499.0,,,,,,,,,,,,,,,,,Sean McAllister,,FALSE,,,,Lab -20˚C,FALSE,FALSE,
E1376.2T.AX22,1376,,2,FALSE,AX22,Axial 2022,,,,V22C-07,2,Niskin; Sterivex 0.22µm filter ,95% EtOH,Coquille Vent Field,,,1499.0,,,,,,,,,,,,,,,,,Sean McAllister,,FALSE,,,,Lab -20˚C,FALSE,FALSE,
E1377.1B.AX22,1377,1,,FALSE,AX22,Axial 2022,,,,V22C-07,3,Niskin; Sterivex 0.22µm filter ,95% EtOH,Coquille Vent Field,,,1494.0,,,,,,,,,,,,,,,,,Sean McAllister,,FALSE,,,,Lab -20˚C,FALSE,FALSE,
E1377.2B.AX22,1377,2,,FALSE,AX22,Axial 2022,,,,V22C-07,4,Niskin; Sterivex 0.22µm filter ,95% EtOH,Coquille Vent Field,,,1494.0,,,,,,,,,,,,,,,,,Sean McAllister,,FALSE,,,,Lab -20˚C,FALSE,FALSE,
E1378.1T.AX22,1378,,1,FALSE,AX22,Axial 2022,,,,V22C-07,23,Niskin; Sterivex 0.22µm filter ,95% EtOH,Coquille Vent Field,,,1477.0,,,,,,,,,,,,,,,,,Sean McAllister,,FALSE,,,,Lab -20˚C,FALSE,FALSE,
E1378.2T.AX22,1378,,2,FALSE,AX22,Axial 2022,,,,V22C-07,23,Niskin; Sterivex 0.22µm filter ,95% EtOH,Coquille Vent Field,,,1477.0,,,,,,,,,,,,,,,,,Sean McAllister,,FALSE,,,,Lab -20˚C,FALSE,FALSE,
E1379.1T.AX22,1379,,1,FALSE,AX22,Axial 2022,,,,V22C-07,24,Niskin; Sterivex 0.22µm filter ,95% EtOH,Coquille Vent Field,,,1447.0,,,,,,,,,,,,,,,,,Sean McAllister,,FALSE,,,,Lab -20˚C,FALSE,FALSE,
E1379.2T.AX22,1379,,2,FALSE,AX22,Axial 2022,,,,V22C-07,24,Niskin; Sterivex 0.22µm filter ,95% EtOH,Coquille Vent Field,,,1447.0,,,,,,,,,,,,,,,,,Sean McAllister,,FALSE,,,,Lab -20˚C,FALSE,FALSE,
E1380.NC.AX22,1380,,,TRUE,AX22,Axial 2022,,07/11/22,,V22C-07,,Sterivex 0.22µm filter ,95% EtOH,,,,,,,,,,,,,,,,,,,,,Sean McAllister,,FALSE,,,,Lab -20˚C,FALSE,FALSE,
E1381.NC.OC0722,1381,,,TRUE,OC0722,OCNMS July 2022,,7/19/2022,,-,-,Sterivex 0.22µm filter,95% EtOH,Olympic Coast National Marine Sanctuary,,,-,,-,-,,-,-,,,1000,,,,,,,,Shannon Brown,,FALSE,,,,Lab -20˚C,FALSE,FALSE,
E1382.OC0722,1382,,,FALSE,OC0722,OCNMS July 2022,,7/19/2022,,TH042,1,Niskin; Sterivex 0.22µm filter,95% EtOH,Olympic Coast National Marine Sanctuary,Teahwhit Head,,32.3,,47˚ 52.699' N,124˚ 44.187' W,,12:58,13:22,,,1000,7.4,,33.8,2.1 mg/L,,,,Shannon Brown,,FALSE,,,,Lab -20˚C,FALSE,FALSE,
E1383.OC0722,1383,,,FALSE,OC0722,OCNMS July 2022,,7/19/2022,,TH042,2,Niskin; Sterivex 0.22µm filter,95% EtOH,Olympic Coast National Marine Sanctuary,Teahwhit Head,,30.2,,47˚ 52.699' N,124˚ 44.187' W,,12:58,13:22,,,1000,7.5,,33.8,2.11 mg/L,,,,Shannon Brown,,FALSE,,,,Lab -20˚C,FALSE,FALSE,
E1384.OC0722,1384,,,FALSE,OC0722,OCNMS July 2022,,7/19/2022,,TH042,3,Niskin; Sterivex 0.22µm filter,95% EtOH,Olympic Coast National Marine Sanctuary,Teahwhit Head,,28.8,,47˚ 52.699' N,124˚ 44.187' W,,12:58,13:22,,,1000,7.5,,33.7,2.13 mg/L,,,,Shannon Brown,,FALSE,,,,Lab -20˚C,FALSE,FALSE,
E1385.OC0722,1385,,,FALSE,OC0722,OCNMS July 2022,,7/19/2022,,TH042,4,Niskin; Sterivex 0.22µm filter,95% EtOH,Olympic Coast National Marine Sanctuary,Teahwhit Head,,28.1,,47˚ 52.699' N,124˚ 44.187' W,,12:58,13:22,,,1000,7.5,,33.7,2.17 mg/L,,,,Shannon Brown,,FALSE,,,,Lab -20˚C,FALSE,FALSE,
E1386.OC0722,1386,,,FALSE,OC0722,OCNMS July 2022,,7/19/2022,,TH042,5,Niskin; Sterivex 0.22µm filter,95% EtOH,Olympic Coast National Marine Sanctuary,Teahwhit Head,,29.3,,47˚ 52.699' N,124˚ 44.187' W,,12:58,13:22,,,1000,7.5,,33.7,2.15 mg/L,,,,Shannon Brown,,FALSE,,,,Lab -20˚C,FALSE,FALSE,
E1387.OC0722,1387,,,FALSE,OC0722,OCNMS July 2022,,7/19/2022,,TH042,6,Niskin; Sterivex 0.22µm filter,95% EtOH,Olympic Coast National Marine Sanctuary,Teahwhit Head,,31.0,,47˚ 52.699' N,124˚ 44.187' W,,12:58,13:22,,,1000,7.5,,33.7,2.18 mg/L,,,,Shannon Brown,,FALSE,,,,Lab -20˚C,FALSE,FALSE,
E1388.OC0722,1388,,,FALSE,OC0722,OCNMS July 2022,,7/19/2022,,TH042,8,Niskin; Sterivex 0.22µm filter,95% EtOH,Olympic Coast National Marine Sanctuary,Teahwhit Head,,32.1,,47˚ 52.699' N,124˚ 44.187' W,,12:58,13:22,,,1000,7.5,,33.7,2.14 mg/L,,,,Shannon Brown,,FALSE,,,,Lab -20˚C,FALSE,FALSE,
E1389.OC0722,1389,,,FALSE,OC0722,OCNMS July 2022,,7/19/2022,,TH042,9,Niskin; Sterivex 0.22µm filter,95% EtOH,Olympic Coast National Marine Sanctuary,Teahwhit Head,,32.9,,47˚ 52.699' N,124˚ 44.187' W,,12:58,13:22,,,1000,7.4,,33.8,2.07 mg/L,,,,Shannon Brown,,TRUE,100,OCNMS_ExtractionSheet,,Lab -20˚C,TRUE,FALSE,At Sequencing Center (R2)
E1390.OC0722,1390,,,FALSE,OC0722,OCNMS July 2022,,7/19/2022,,TH042,10,Niskin; Sterivex 0.22µm filter,95% EtOH,Olympic Coast National Marine Sanctuary,Teahwhit Head,,33.3,,47˚ 52.699' N,124˚ 44.187' W,,12:58,13:22,,,1000,7.4,,33.8,2.08 mg/L,,,,Shannon Brown,,TRUE,100,OCNMS_ExtractionSheet,,Lab -20˚C,TRUE,FALSE,At Sequencing Center (R2)
E1391.OC0722,1391,,,FALSE,OC0722,OCNMS July 2022,,7/19/2022,,TH042,12,Niskin; Sterivex 0.22µm filter,95% EtOH,Olympic Coast National Marine Sanctuary,Teahwhit Head,,33.3,,47˚ 52.699' N,124˚ 44.187' W,,12:58,13:22,,,1000,7.4,,33.7,2.08 mg/L,,,,Shannon Brown,,TRUE,100,OCNMS_ExtractionSheet,,Lab -20˚C,TRUE,FALSE,At Sequencing Center (R2)
E1392.OC0722,1392,,,FALSE,OC0722,OCNMS July 2022,,7/20/2022,,CE042,1,Niskin; Sterivex 0.22µm filter,95% EtOH,Olympic Coast National Marine Sanctuary,Cape Elizabeth,,32.5,,47˚ 21.009' N,124˚ 29.134' W,,10:25,10:40,,,1000,7.7,,33.5,3.78  mg/L,,,,Shannon Brown,,FALSE,,,,Lab -20˚C,FALSE,FALSE,
E1393.OC0722,1393,,,FALSE,OC0722,OCNMS July 2022,,7/20/2022,,CE042,2,Niskin; Sterivex 0.22µm filter,95% EtOH,Olympic Coast National Marine Sanctuary,Cape Elizabeth,,33.4,,47˚ 21.009' N,124˚ 29.134' W,,10:25,10:40,,,1000,7.7,,33.5,3.8 mg/L,,,,Shannon Brown,,FALSE,,,,Lab -20˚C,FALSE,FALSE,
E1394.OC0722,1394,,,FALSE,OC0722,OCNMS July 2022,,7/20/2022,,CE042,3,Niskin; Sterivex 0.22µm filter,95% EtOH,Olympic Coast National Marine Sanctuary,Cape Elizabeth,,33.1,,47˚ 21.009' N,124˚ 29.134' W,,10:25,10:40,,,1000,7.7,,33.5,3.78 mg/L,,,,Shannon Brown,,FALSE,,,,Lab -20˚C,FALSE,FALSE,
E1395.OC0722,1395,,,FALSE,OC0722,OCNMS July 2022,,7/20/2022,,CE042,5,Niskin; Sterivex 0.22µm filter,95% EtOH,Olympic Coast National Marine Sanctuary,Cape Elizabeth,,33.5,,47˚ 21.009' N,124˚ 29.134' W,,10:25,10:40,,,1000,7.7,,33.5,3.78 mg/L,,,,Shannon Brown,,FALSE,,,,Lab -20˚C,FALSE,FALSE,
E1396.OC0722,1396,,,FALSE,OC0722,OCNMS July 2022,,7/20/2022,,CE042,6,Niskin; Sterivex 0.22µm filter,95% EtOH,Olympic Coast National Marine Sanctuary,Cape Elizabeth,,33.2,,47˚ 21.009' N,124˚ 29.134' W,,10:25,10:40,,,1000,7.7,,33.5,3.79 mg/L,,,,Shannon Brown,,FALSE,,,,Lab -20˚C,FALSE,FALSE,
E1397.OC0722,1397,,,FALSE,OC0722,OCNMS July 2022,,7/20/2022,,CE042,8,Niskin; Sterivex 0.22µm filter,95% EtOH,Olympic Coast National Marine Sanctuary,Cape Elizabeth,,33.4,,47˚ 21.009' N,124˚ 29.134' W,,10:25,10:40,,,1000,7.7,,33.5,3.78 mg/L,,,,Shannon Brown,,FALSE,,,,Lab -20˚C,FALSE,FALSE,
E1398.OC0722,1398,,,FALSE,OC0722,OCNMS July 2022,,7/20/2022,,CE042,9,Niskin; Sterivex 0.22µm filter,95% EtOH,Olympic Coast National Marine Sanctuary,Cape Elizabeth,,32.8,,47˚ 21.009' N,124˚ 29.134' W,,10:25,10:40,,,1000,7.7,,33.5,3.77 mg/L,,,,Shannon Brown,,FALSE,,,,Lab -20˚C,FALSE,FALSE,
E1399.OC0722,1399,,,FALSE,OC0722,OCNMS July 2022,,7/20/2022,,CE042,10,Niskin; Sterivex 0.22µm filter,95% EtOH,Olympic Coast National Marine Sanctuary,Cape Elizabeth,,33.1,,47˚ 21.009' N,124˚ 29.134' W,,10:25,10:40,,,1000,7.7,,33.5,3.76 mg/L,,,,Shannon Brown,,FALSE,,,,Lab -20˚C,FALSE,FALSE,
E1400.OC0722,1400,,,FALSE,OC0722,OCNMS July 2022,,7/20/2022,,CE042,11,Niskin; Sterivex 0.22µm filter,95% EtOH,Olympic Coast National Marine Sanctuary,Cape Elizabeth,,33.6,,47˚ 21.009' N,124˚ 29.134' W,,10:25,10:40,,,1000,7.7,,33.5,3.77 mg/L,,,,Shannon Brown,,FALSE,,,,Lab -20˚C,FALSE,FALSE,
E1401.OC0722,1401,,,FALSE,OC0722,OCNMS July 2022,,7/20/2022,,CE042,12,Niskin; Sterivex 0.22µm filter,95% EtOH,Olympic Coast National Marine Sanctuary,Cape Elizabeth,,33.7,,47˚ 21.009' N,124˚ 29.134' W,,10:25,10:40,,,1000,7.7,,33.5,3.76 mg/L,,,,Shannon Brown,,FALSE,,,,Lab -20˚C,FALSE,FALSE,
E1402.NC.OC0722,1402,,,TRUE,OC0722,OCNMS July 2022,,7/20/2022,,-,-,Sterivex 0.22µm filter,95% EtOH,Olympic Coast National Marine Sanctuary,,,-,,-,-,,-,-,,,1000,,,,,,,,Shannon Brown,,FALSE,,,,Lab -20˚C,FALSE,FALSE,
E1403.OC0722,1403,,,FALSE,OC0722,OCNMS July 2022,,6/23/2022,,TH042,1,PPS Unit; Programmed Sampling,95% EtOH,Olympic Coast National Marine Sanctuary,Teahwhit Head,,33.7,8,47˚ 52.699' N,124˚ 44.187' W,,00:00,00:12,,,1000,,,,,,,,Shannon Brown,,TRUE,100,OCNMS_ExtractionSheet,,Lab -20˚C,TRUE,FALSE,At Sequencing Center (R2)
E1404.OC0722,1404,,,FALSE,OC0722,OCNMS July 2022,,6/23/2022,,TH042,2,PPS Unit; Programmed Sampling,95% EtOH,Olympic Coast National Marine Sanctuary,Teahwhit Head,,33.7,8,47˚ 52.699' N,124˚ 44.187' W,,12:00,12:01,,,87,,,,,,,,Shannon Brown,Sudden pressure release,TRUE,100,OCNMS_ExtractionSheet,,Lab -20˚C,TRUE,FALSE,At Sequencing Center (R2)
E1405.OC0722,1405,,,FALSE,OC0722,OCNMS July 2022,,6/24/2022,,TH042,3,PPS Unit; Programmed Sampling,95% EtOH,Olympic Coast National Marine Sanctuary,Teahwhit Head,,33.7,8,47˚ 52.699' N,124˚ 44.187' W,,00:00,00:00,,,16,,,,,,,,Shannon Brown,Sudden pressure release,FALSE,,,,Lab -20˚C,FALSE,FALSE,
E1406.OC0722,1406,,,FALSE,OC0722,OCNMS July 2022,,6/24/2022,,TH042,4,PPS Unit; Programmed Sampling,95% EtOH,Olympic Coast National Marine Sanctuary,Teahwhit Head,,33.7,8,47˚ 52.699' N,124˚ 44.187' W,,12:00,12:14,,,1000,,,,,,,,Shannon Brown,,TRUE,100,OCNMS_ExtractionSheet,,Lab -20˚C,TRUE,FALSE,At Sequencing Center (R2)
E1407.OC0722,1407,,,FALSE,OC0722,OCNMS July 2022,,6/25/2022,,TH042,5,PPS Unit; Programmed Sampling,95% EtOH,Olympic Coast National Marine Sanctuary,Teahwhit Head,,33.7,8,47˚ 52.699' N,124˚ 44.187' W,,00:00,00:00,,,24,,,,,,,,Shannon Brown,Sudden pressure release,FALSE,,,,Lab -20˚C,FALSE,FALSE,
E1408.OC0722,1408,,,FALSE,OC0722,OCNMS July 2022,,6/26/2022,,TH042,6,PPS Unit; Programmed Sampling,95% EtOH,Olympic Coast National Marine Sanctuary,Teahwhit Head,,33.7,8,47˚ 52.699' N,124˚ 44.187' W,,12:00,12:00,,,28,,,,,,,,Shannon Brown,Sudden pressure release,TRUE,100,OCNMS_ExtractionSheet,,Lab -20˚C,FALSE,FALSE,
E1409.OC0722,1409,,,FALSE,OC0722,OCNMS July 2022,,6/28/2022,,TH042,7,PPS Unit; Programmed Sampling,95% EtOH,Olympic Coast National Marine Sanctuary,Teahwhit Head,,33.7,8,47˚ 52.699' N,124˚ 44.187' W,,00:00,00:00,,,21,,,,,,,,Shannon Brown,Sudden pressure release,FALSE,,,,Lab -20˚C,FALSE,FALSE,
E1410.OC0722,1410,,,FALSE,OC0722,OCNMS July 2022,,6/29/2022,,TH042,8,PPS Unit; Programmed Sampling,95% EtOH,Olympic Coast National Marine Sanctuary,Teahwhit Head,,33.7,8,47˚ 52.699' N,124˚ 44.187' W,,12:00,12:14,,,1000,,,,,,,,Shannon Brown,,TRUE,100,OCNMS_ExtractionSheet,,Lab -20˚C,TRUE,FALSE,At Sequencing Center (R2)
E1411.OC0722,1411,,,FALSE,OC0722,OCNMS July 2022,,7/1/2022,,TH042,9,PPS Unit; Programmed Sampling,95% EtOH,Olympic Coast National Marine Sanctuary,Teahwhit Head,,33.7,8,47˚ 52.699' N,124˚ 44.187' W,,00:00,00:00,,,16,,,,,,,,Shannon Brown,Sudden pressure release,FALSE,,,,Lab -20˚C,FALSE,FALSE,
E1412.OC0722,1412,,,FALSE,OC0722,OCNMS July 2022,,7/2/2022,,TH042,10,PPS Unit; Programmed Sampling,95% EtOH,Olympic Coast National Marine Sanctuary,Teahwhit Head,,33.7,8,47˚ 52.699' N,124˚ 44.187' W,,12:00,12:14,,,1000,,,,,,,,Shannon Brown,,TRUE,100,OCNMS_ExtractionSheet,,Lab -20˚C,TRUE,FALSE,At Sequencing Center (R2)
E1413.OC0722,1413,,,FALSE,OC0722,OCNMS July 2022,,7/4/2022,,TH042,11,PPS Unit; Programmed Sampling,95% EtOH,Olympic Coast National Marine Sanctuary,Teahwhit Head,,33.7,8,47˚ 52.699' N,124˚ 44.187' W,,00:00,00:00,,,16,,,,,,,,Shannon Brown,Sudden pressure release,FALSE,,,,Lab -20˚C,FALSE,FALSE,
E1414.OC0722,1414,,,FALSE,OC0722,OCNMS July 2022,,7/5/2022,,TH042,12,PPS Unit; Programmed Sampling,95% EtOH,Olympic Coast National Marine Sanctuary,Teahwhit Head,,33.7,8,47˚ 52.699' N,124˚ 44.187' W,,12:00,12:14,,,812,,,,,,,,Shannon Brown,Minimum flow reached,TRUE,100,OCNMS_ExtractionSheet,,Lab -20˚C,TRUE,FALSE,At Sequencing Center (R2)
E1415.OC0722,1415,,,FALSE,OC0722,OCNMS July 2022,,7/7/2022,,TH042,13,PPS Unit; Programmed Sampling,95% EtOH,Olympic Coast National Marine Sanctuary,Teahwhit Head,,33.7,8,47˚ 52.699' N,124˚ 44.187' W,,00:00,00:00,,,16,,,,,,,,Shannon Brown,Sudden pressure release,FALSE,,,,Lab -20˚C,FALSE,FALSE,
E1416.OC0722,1416,,,FALSE,OC0722,OCNMS July 2022,,7/8/2022,,TH042,14,PPS Unit; Programmed Sampling,95% EtOH,Olympic Coast National Marine Sanctuary,Teahwhit Head,,33.7,8,47˚ 52.699' N,124˚ 44.187' W,,12:00,12:04,,,216,,,,,,,,Shannon Brown,Minimum flow reached,TRUE,100,OCNMS_ExtractionSheet,,Lab -20˚C,TRUE,FALSE,At Sequencing Center (R2)
E1417.OC0722,1417,,,FALSE,OC0722,OCNMS July 2022,,7/10/2022,,TH042,15,PPS Unit; Programmed Sampling,95% EtOH,Olympic Coast National Marine Sanctuary,Teahwhit Head,,33.7,8,47˚ 52.699' N,124˚ 44.187' W,,00:00,00:00,,,19,,,,,,,,Shannon Brown,Sudden pressure release,FALSE,,,,Lab -20˚C,FALSE,FALSE,
E1418.OC0722,1418,,,FALSE,OC0722,OCNMS July 2022,,7/11/2022,,TH042,16,PPS Unit; Programmed Sampling,95% EtOH,Olympic Coast National Marine Sanctuary,Teahwhit Head,,33.7,8,47˚ 52.699' N,124˚ 44.187' W,,12:00,12:16,,,1000,,,,,,,,Shannon Brown,,TRUE,100,OCNMS_ExtractionSheet,,Lab -20˚C,TRUE,FALSE,At Sequencing Center (R2)
E1419.OC0722,1419,,,FALSE,OC0722,OCNMS July 2022,,7/13/2022,,TH042,17,PPS Unit; Programmed Sampling,95% EtOH,Olympic Coast National Marine Sanctuary,Teahwhit Head,,33.7,8,47˚ 52.699' N,124˚ 44.187' W,,00:00,00:00,,,21,,,,,,,,Shannon Brown,Sudden pressure release,FALSE,,,,Lab -20˚C,FALSE,FALSE,
E1420.OC0722,1420,,,FALSE,OC0722,OCNMS July 2022,,7/14/2022,,TH042,18,PPS Unit; Programmed Sampling,95% EtOH,Olympic Coast National Marine Sanctuary,Teahwhit Head,,33.7,8,47˚ 52.699' N,124˚ 44.187' W,,12:00,12:13,,,1000,,,,,,,,Shannon Brown,,TRUE,100,OCNMS_ExtractionSheet,,Lab -20˚C,TRUE,FALSE,At Sequencing Center (R2)
E1421.OC0722,1421,,,FALSE,OC0722,OCNMS July 2022,,7/16/2022,,TH042,19,PPS Unit; Programmed Sampling,95% EtOH,Olympic Coast National Marine Sanctuary,Teahwhit Head,,33.7,8,47˚ 52.699' N,124˚ 44.187' W,,00:00,00:00,,,17,,,,,,,,Shannon Brown,Sudden pressure release,FALSE,,,,Lab -20˚C,FALSE,FALSE,
E1422.OC0722,1422,,,FALSE,OC0722,OCNMS July 2022,,7/17/2022,,TH042,20,PPS Unit; Programmed Sampling,95% EtOH,Olympic Coast National Marine Sanctuary,Teahwhit Head,,33.7,8,47˚ 52.699' N,124˚ 44.187' W,,12:00,12:08,,,479,,,,,,,,Shannon Brown,Minimum flow reached,TRUE,100,OCNMS_ExtractionSheet,,Lab -20˚C,TRUE,FALSE,At Sequencing Center (R2)
E1423.OC0722,1423,,,FALSE,OC0722,OCNMS July 2022,,7/18/2022,,TH042,21,PPS Unit; Programmed Sampling,95% EtOH,Olympic Coast National Marine Sanctuary,Teahwhit Head,,33.7,8,47˚ 52.699' N,124˚ 44.187' W,,00:00,00:00,,,19,,,,,,,,Shannon Brown,Sudden pressure release,FALSE,,,,Lab -20˚C,FALSE,FALSE,
E1424.OC0722,1424,,,FALSE,OC0722,OCNMS July 2022,,7/18/2022,,TH042,22,PPS Unit; Programmed Sampling,95% EtOH,Olympic Coast National Marine Sanctuary,Teahwhit Head,,33.7,8,47˚ 52.699' N,124˚ 44.187' W,,12:00,12:01,,,87,,,,,,,,Shannon Brown,Minimum flow reached,TRUE,100,OCNMS_ExtractionSheet,,Lab -20˚C,TRUE,FALSE,At Sequencing Center (R2)
E1425.OC0722,1425,,,FALSE,OC0722,OCNMS July 2022,,7/19/2022,,TH042,23,PPS Unit; Programmed Sampling,95% EtOH,Olympic Coast National Marine Sanctuary,Teahwhit Head,,33.7,8,47˚ 52.699' N,124˚ 44.187' W,,00:00,00:00,,,18,,,,,,,,Shannon Brown,Sudden pressure release,FALSE,,,,Lab -20˚C,FALSE,FALSE,
E1426.OC0722,1426,,,FALSE,OC0722,OCNMS July 2022,,7/19/2022,,TH042,24,PPS Unit; Programmed Sampling,95% EtOH,Olympic Coast National Marine Sanctuary,Teahwhit Head,,33.7,8,47˚ 52.699' N,124˚ 44.187' W,,12:00,12:15,,,1000,,,,,,,,Shannon Brown,,TRUE,100,OCNMS_ExtractionSheet,,Lab -20˚C,TRUE,FALSE,At Sequencing Center (R2)
E1427.OC0722,1427,,,FALSE,OC0722,OCNMS July 2022,,6/24/2022,,CE042,1,PPS Unit; Programmed Sampling,-,Olympic Coast National Marine Sanctuary,Cape Elizabeth,,33.7,8,47˚ 21.009' N,124˚ 29.134' W,,00:00,00:11,,,1000,,,,,,,,Shannon Brown,Fixation failure,FALSE,,,,Lab -20˚C,FALSE,FALSE,
E1428.OC0722,1428,,,FALSE,OC0722,OCNMS July 2022,,6/24/2022,,CE042,2,PPS Unit; Programmed Sampling,-,Olympic Coast National Marine Sanctuary,Cape Elizabeth,,33.7,8,47˚ 21.009' N,124˚ 29.134' W,,12:00,12:13,,,1000,,,,,,,,Shannon Brown,Fixation failure,FALSE,,,,Lab -20˚C,FALSE,FALSE,
E1429.OC0722,1429,,,FALSE,OC0722,OCNMS July 2022,,6/25/2022,,CE042,3,PPS Unit; Programmed Sampling,-,Olympic Coast National Marine Sanctuary,Cape Elizabeth,,33.7,8,47˚ 21.009' N,124˚ 29.134' W,,00:00,00:14,,,1000,,,,,,,,Shannon Brown,Fixation failure,FALSE,,,,Lab -20˚C,FALSE,FALSE,
E1430.OC0722,1430,,,FALSE,OC0722,OCNMS July 2022,,6/26/2022,,CE042,4,PPS Unit; Programmed Sampling,-,Olympic Coast National Marine Sanctuary,Cape Elizabeth,,33.7,8,47˚ 21.009' N,124˚ 29.134' W,,12:00,12:14,,,1000,,,,,,,,Shannon Brown,Fixation failure,FALSE,,,,Lab -20˚C,FALSE,FALSE,
E1431.OC0722,1431,,,FALSE,OC0722,OCNMS July 2022,,6/28/2022,,CE042,5,PPS Unit; Programmed Sampling,-,Olympic Coast National Marine Sanctuary,Cape Elizabeth,,33.7,8,47˚ 21.009' N,124˚ 29.134' W,,00:00,00:15,,,1000,,,,,,,,Shannon Brown,Fixation failure,FALSE,,,,Lab -20˚C,FALSE,FALSE,
E1432.OC0722,1432,,,FALSE,OC0722,OCNMS July 2022,,6/29/2022,,CE042,6,PPS Unit; Programmed Sampling,-,Olympic Coast National Marine Sanctuary,Cape Elizabeth,,33.7,8,47˚ 21.009' N,124˚ 29.134' W,,12:00,12:14,,,1000,,,,,,,,Shannon Brown,Fixation failure,FALSE,,,,Lab -20˚C,FALSE,FALSE,
E1433.OC0722,1433,,,FALSE,OC0722,OCNMS July 2022,,7/1/2022,,CE042,7,PPS Unit; Programmed Sampling,-,Olympic Coast National Marine Sanctuary,Cape Elizabeth,,33.7,8,47˚ 21.009' N,124˚ 29.134' W,,00:00,00:14,,,1000,,,,,,,,Shannon Brown,Fixation failure,FALSE,,,,Lab -20˚C,FALSE,FALSE,
E1434.OC0722,1434,,,FALSE,OC0722,OCNMS July 2022,,7/2/2022,,CE042,8,PPS Unit; Programmed Sampling,-,Olympic Coast National Marine Sanctuary,Cape Elizabeth,,33.7,8,47˚ 21.009' N,124˚ 29.134' W,,12:00,12:15,,,1000,,,,,,,,Shannon Brown,Fixation failure,FALSE,,,,Lab -20˚C,FALSE,FALSE,
E1435.OC0722,1435,,,FALSE,OC0722,OCNMS July 2022,,7/4/2022,,CE042,9,PPS Unit; Programmed Sampling,-,Olympic Coast National Marine Sanctuary,Cape Elizabeth,,33.7,8,47˚ 21.009' N,124˚ 29.134' W,,00:00,00:13,,,1000,,,,,,,,Shannon Brown,Fixation failure,FALSE,,,,Lab -20˚C,FALSE,FALSE,
E1436.OC0722,1436,,,FALSE,OC0722,OCNMS July 2022,,7/4/2022,,CE042,10,PPS Unit; Programmed Sampling,-,Olympic Coast National Marine Sanctuary,Cape Elizabeth,,33.7,8,47˚ 21.009' N,124˚ 29.134' W,,00:45,01:01,,,1000,,,,,,,,Shannon Brown,Fixation failure,FALSE,,,,Lab -20˚C,FALSE,FALSE,
E1437.OC0722,1437,,,FALSE,OC0722,OCNMS July 2022,,7/5/2022,,CE042,11,PPS Unit; Programmed Sampling,-,Olympic Coast National Marine Sanctuary,Cape Elizabeth,,33.7,8,47˚ 21.009' N,124˚ 29.134' W,,12:00,12:12,,,1000,,,,,,,,Shannon Brown,Fixation failure,FALSE,,,,Lab -20˚C,FALSE,FALSE,
E1438.OC0722,1438,,,FALSE,OC0722,OCNMS July 2022,,7/7/2022,,CE042,12,PPS Unit; Programmed Sampling,-,Olympic Coast National Marine Sanctuary,Cape Elizabeth,,33.7,8,47˚ 21.009' N,124˚ 29.134' W,,00:00,00:16,,,1000,,,,,,,,Shannon Brown,Fixation failure,FALSE,,,,Lab -20˚C,FALSE,FALSE,
E1439.OC0722,1439,,,FALSE,OC0722,OCNMS July 2022,,7/8/2022,,CE042,13,PPS Unit; Programmed Sampling,-,Olympic Coast National Marine Sanctuary,Cape Elizabeth,,33.7,8,47˚ 21.009' N,124˚ 29.134' W,,12:00,12:16,,,1000,,,,,,,,Shannon Brown,Fixation failure,FALSE,,,,Lab -20˚C,FALSE,FALSE,
E1440.OC0722,1440,,,FALSE,OC0722,OCNMS July 2022,,7/10/2022,,CE042,14,PPS Unit; Programmed Sampling,-,Olympic Coast National Marine Sanctuary,Cape Elizabeth,,33.7,8,47˚ 21.009' N,124˚ 29.134' W,,00:00,00:17,,,1000,,,,,,,,Shannon Brown,Fixation failure,FALSE,,,,Lab -20˚C,FALSE,FALSE,
E1441.OC0722,1441,,,FALSE,OC0722,OCNMS July 2022,,7/11/2022,,CE042,15,PPS Unit; Programmed Sampling,-,Olympic Coast National Marine Sanctuary,Cape Elizabeth,,33.7,8,47˚ 21.009' N,124˚ 29.134' W,,12:00,12:17,,,1000,,,,,,,,Shannon Brown,Fixation failure,FALSE,,,,Lab -20˚C,FALSE,FALSE,
E1442.OC0722,1442,,,FALSE,OC0722,OCNMS July 2022,,7/11/2022,,CE042,16,PPS Unit; Programmed Sampling,-,Olympic Coast National Marine Sanctuary,Cape Elizabeth,,33.7,8,47˚ 21.009' N,124˚ 29.134' W,,12:45,13:03,,,1000,,,,,,,,Shannon Brown,Fixation failure,FALSE,,,,Lab -20˚C,FALSE,FALSE,
E1443.OC0722,1443,,,FALSE,OC0722,OCNMS July 2022,,7/13/2022,,CE042,17,PPS Unit; Programmed Sampling,-,Olympic Coast National Marine Sanctuary,Cape Elizabeth,,33.7,8,47˚ 21.009' N,124˚ 29.134' W,,00:00,00:15,,,1000,,,,,,,,Shannon Brown,Fixation failure,FALSE,,,,Lab -20˚C,FALSE,FALSE,
E1444.OC0722,1444,,,FALSE,OC0722,OCNMS July 2022,,7/14/2022,,CE042,18,PPS Unit; Programmed Sampling,-,Olympic Coast National Marine Sanctuary,Cape Elizabeth,,33.7,8,47˚ 21.009' N,124˚ 29.134' W,,12:00,12:01,,,90,,,,,,,,Shannon Brown,Fixation failure; minimum flow reached (sample failure),FALSE,,,,Lab -20˚C,FALSE,FALSE,
E1445.OC0722,1445,,,FALSE,OC0722,OCNMS July 2022,,7/16/2022,,CE042,19,PPS Unit; Programmed Sampling,-,Olympic Coast National Marine Sanctuary,Cape Elizabeth,,33.7,8,47˚ 21.009' N,124˚ 29.134' W,,00:00,00:01,,,89,,,,,,,,Shannon Brown,Fixation failure; minimum flow reached (sample failure),FALSE,,,,Lab -20˚C,FALSE,FALSE,
E1446.OC0722,1446,,,FALSE,OC0722,OCNMS July 2022,,7/17/2022,,CE042,20,PPS Unit; Programmed Sampling,-,Olympic Coast National Marine Sanctuary,Cape Elizabeth,,33.7,8,47˚ 21.009' N,124˚ 29.134' W,,12:00,12:02,,,131,,,,,,,,Shannon Brown,Fixation failure; minimum flow reached (sample failure),FALSE,,,,Lab -20˚C,FALSE,FALSE,
E1447.OC0722,1447,,,FALSE,OC0722,OCNMS July 2022,,7/18/2022,,CE042,21,PPS Unit; Programmed Sampling,-,Olympic Coast National Marine Sanctuary,Cape Elizabeth,,33.7,8,47˚ 21.009' N,124˚ 29.134' W,,00:00,00:01,,,89,,,,,,,,Shannon Brown,Fixation failure; minimum flow reached (sample failure),FALSE,,,,Lab -20˚C,FALSE,FALSE,
E1448.OC0722,1448,,,FALSE,OC0722,OCNMS July 2022,,7/18/2022,,CE042,22,PPS Unit; Programmed Sampling,-,Olympic Coast National Marine Sanctuary,Cape Elizabeth,,33.7,8,47˚ 21.009' N,124˚ 29.134' W,,12:00,12:16,,,1000,,,,,,,,Shannon Brown,Fixation failure,FALSE,,,,Lab -20˚C,FALSE,FALSE,
E1449.OC0722,1449,,,FALSE,OC0722,OCNMS July 2022,,7/19/2022,,CE042,23,PPS Unit; Programmed Sampling,-,Olympic Coast National Marine Sanctuary,Cape Elizabeth,,33.7,8,47˚ 21.009' N,124˚ 29.134' W,,00:00,00:16,,,1000,,,,,,,,Shannon Brown,Fixation failure,FALSE,,,,Lab -20˚C,FALSE,FALSE,
E1450.OC0722,1450,,,FALSE,OC0722,OCNMS July 2022,,7/19/2022,,CE042,24,PPS Unit; Programmed Sampling,-,Olympic Coast National Marine Sanctuary,Cape Elizabeth,,33.7,8,47˚ 21.009' N,124˚ 29.134' W,,12:00,12:16,,,1000,,,,,,,,Shannon Brown,Fixation failure,FALSE,,,,Lab -20˚C,FALSE,FALSE,
E1451.NC.RC0083,1451,,,TRUE,RC0083,RC Alaska OA Cruise 2022,8/12/2022,08/11/22,,-,-,Sterivex 0.22µm filter,95% EtOH,,-,,-,,-,-,,-,,-,,1000,-,,-,,,-,Oxygen % Sat,Kesten Bozinovic,,FALSE,,,Planned extractions for Run 4,Lab -20˚C,FALSE,FALSE,
E1452.RC0083,1452,,,FALSE,RC0083,RC Alaska OA Cruise 2022,8/12/2022,08/11/22,,CTD001,1,Niskin; Sterivex 0.22µm filter,95% EtOH,,DE1,,113.4,,,,"54.68398,  -132.85512",19:52,,3:52,,1000,6.7,,33.1,,,42.555,Oxygen % Sat,Kesten Bozinovic,,FALSE,,,Planned extractions for Run 4,Lab -20˚C,FALSE,FALSE,
E1453.RC0083,1453,,,FALSE,RC0083,RC Alaska OA Cruise 2022,8/12/2022,08/11/22,,CTD001,3,Niskin; Sterivex 0.22µm filter,95% EtOH,,DE1,,25.2,,,,"54.68499,  -132.85376",19:58,,3:58,,0,10.7,,30.9,,,78.004,Oxygen % Sat,Kesten Bozinovic,"Filter locked, sample wasn't processed",FALSE,,,Planned extractions for Run 4,Lab -20˚C,FALSE,FALSE,
E1454.RC0083,1454,,,FALSE,RC0083,RC Alaska OA Cruise 2022,8/12/2022,08/11/22,,CTD001,5,Niskin; Sterivex 0.22µm filter,95% EtOH,,DE1,,3.4,,,,"54.68524,  -132.85325",20:00,,4:00,,1000,14.1,,28.8,,,104.419,Oxygen % Sat,Kesten Bozinovic,,FALSE,,,Planned extractions for Run 4,Lab -20˚C,FALSE,FALSE,
E1455.RC0083,1455,,,FALSE,RC0083,RC Alaska OA Cruise 2022,8/12/2022,08/11/22,,CTD004,1,Niskin; Sterivex 0.22µm filter,95% EtOH,,DE4,,342.3,,,,"54.66146,  -133.27985",23:34,,7:34,,1000,5.3,,33.9,,,24.292,Oxygen % Sat,Kesten Bozinovic,,FALSE,,,Planned extractions for Run 4,Lab -20˚C,FALSE,FALSE,
E1456.RC0083,1456,,,FALSE,RC0083,RC Alaska OA Cruise 2022,8/12/2022,08/11/22,,CTD004,5,Niskin; Sterivex 0.22µm filter,95% EtOH,,DE4,,100.7,,,,"54.66112,  -133.27544",23:44,,7:44,,1000,7.1,,32.7,,,60.542,Oxygen % Sat,Kesten Bozinovic,,FALSE,,,Planned extractions for Run 4,Lab -20˚C,FALSE,FALSE,
E1457.RC0083,1457,,,FALSE,RC0083,RC Alaska OA Cruise 2022,8/12/2022,08/11/22,,CTD004,10,Niskin; Sterivex 0.22µm filter,95% EtOH,,DE4,,2.8,,,,"54.6606,  -133.27171",23:50,,7:50,,1000,12.6,,31.3,,,102.27,Oxygen % Sat,Kesten Bozinovic,,FALSE,,,Planned extractions for Run 4,Lab -20˚C,FALSE,FALSE,
E1458.RC0083,1458,,,FALSE,RC0083,RC Alaska OA Cruise 2022,8/12/2022,08/12/22,,CTD006,1,Niskin; Sterivex 0.22µm filter,95% EtOH,,DE6,,241.6,,,,"54.63394,  -133.77878",03:15,,11:15,,1000,5.5,,33.8,,,26.326,Oxygen % Sat,Kesten Bozinovic,,FALSE,,,Planned extractions for Run 4,Lab -20˚C,FALSE,FALSE,
E1459.RC0083,1459,,,FALSE,RC0083,RC Alaska OA Cruise 2022,8/12/2022,08/12/22,,CTD006,5,Niskin; Sterivex 0.22µm filter,95% EtOH,,DE6,,76.7,,,,"54.63319,  -133.77932",03:22,,11:22,,1000,7.6,,32.5,,,67.269,Oxygen % Sat,Kesten Bozinovic,,FALSE,,,Planned extractions for Run 4,Lab -20˚C,FALSE,FALSE,
E1460.RC0083,1460,,,FALSE,RC0083,RC Alaska OA Cruise 2022,8/12/2022,08/12/22,,CTD006,9,Niskin; Sterivex 0.22µm filter,95% EtOH,,DE6,,3.0,,,,"54.6329,  -133.77968",03:28,,11:28,,1000,13.8,,31.2,,,104.198,Oxygen % Sat,Kesten Bozinovic,,FALSE,,,Planned extractions for Run 4,Lab -20˚C,FALSE,FALSE,
E1461.RC0083,1461,,,FALSE,RC0083,RC Alaska OA Cruise 2022,8/12/2022,08/12/22,,CTD008,1,Niskin; Sterivex 0.22µm filter,95% EtOH,,DE8,,500.4,,,,"54.57276,  -134.74624",07:55,,15:55,,1000,4.4,,34.0,,,11.496,Oxygen % Sat,Kesten Bozinovic,,FALSE,,,Planned extractions for Run 4,Lab -20˚C,FALSE,FALSE,
E1462.RC0083,1462,,,FALSE,RC0083,RC Alaska OA Cruise 2022,8/12/2022,08/12/22,,CTD008,7,Niskin; Sterivex 0.22µm filter,95% EtOH,,DE8,,50.1,,,,"54.57302,  -134.74746",08:12,,16:12,,1000,8.4,,32.3,,,101.117,Oxygen % Sat,Kesten Bozinovic,,FALSE,,,Planned extractions for Run 4,Lab -20˚C,FALSE,FALSE,
E1463.RC0083,1463,,,FALSE,RC0083,RC Alaska OA Cruise 2022,8/12/2022,08/12/22,,CTD008,10,Niskin; Sterivex 0.22µm filter,95% EtOH,,DE8,,4.0,,,,"54.57324,  -134.74826",08:17,,16:17,,1000,15.0,,32.1,,,102.684,Oxygen % Sat,Kesten Bozinovic,,FALSE,,,Planned extractions for Run 4,Lab -20˚C,FALSE,FALSE,
E1464.RC0083,1464,,,FALSE,RC0083,RC Alaska OA Cruise 2022,8/12/2022,08/12/22,,CTD009,1,Niskin; Sterivex 0.22µm filter,95% EtOH,,POW8,,1029.7,,,,"55.21574,  -135.35132",15:02,,23:02,,1000,3.3,,34.4,,,3.623,Oxygen % Sat,Kesten Bozinovic,,FALSE,,,Planned extractions for Run 4,Lab -20˚C,FALSE,FALSE,
E1465.RC0083,1465,,,FALSE,RC0083,RC Alaska OA Cruise 2022,8/12/2022,08/12/22,,CTD009,5,Niskin; Sterivex 0.22µm filter,95% EtOH,,POW8,,250.9,,,,"55.21734,  -135.35244",15:26,,23:26,,1000,5.5,,33.8,,,27.405,Oxygen % Sat,Kesten Bozinovic,,FALSE,,,Planned extractions for Run 4,Lab -20˚C,FALSE,FALSE,
E1466.RC0083,1466,,,FALSE,RC0083,RC Alaska OA Cruise 2022,8/12/2022,08/12/22,,CTD009,12,Niskin; Sterivex 0.22µm filter,95% EtOH,,POW8,,2.9,,,,"55.21788,  -135.35376",15:38,,23:38,,1000,14.5,,31.6,,,108.126,Oxygen % Sat,Kesten Bozinovic,,FALSE,,,Planned extractions for Run 4,Lab -20˚C,FALSE,FALSE,
E1467.RC0083,1467,,,FALSE,RC0083,RC Alaska OA Cruise 2022,8/13/2022,08/12/22,,CTD013,1,Niskin; Sterivex 0.22µm filter,95% EtOH,,POW4,,166.6,,,,"55.7336,  -134.4723",22:04,,6:04,,1000,6.0,,33.6,,,33.991,Oxygen % Sat,Kesten Bozinovic,,FALSE,,,Planned extractions for Run 4,Lab -20˚C,FALSE,FALSE,
E1468.RC0083,1468,,,FALSE,RC0083,RC Alaska OA Cruise 2022,8/13/2022,08/12/22,,CTD013,4,Niskin; Sterivex 0.22µm filter,95% EtOH,,POW4,,25.8,,,,"55.73486,  -134.47225",22:10,,6:10,,1000,9.2,,31.6,,,73.528,Oxygen % Sat,Kesten Bozinovic,,FALSE,,,Planned extractions for Run 4,Lab -20˚C,FALSE,FALSE,
E1469.RC0083,1469,,,FALSE,RC0083,RC Alaska OA Cruise 2022,8/13/2022,08/12/22,,CTD013,6,Niskin; Sterivex 0.22µm filter,95% EtOH,,POW4,,3.7,,,,"55.73532,  -134.47222",22:12,,6:12,,1000,10.1,,31.1,,,105.289,Oxygen % Sat,Kesten Bozinovic,,FALSE,,,Planned extractions for Run 4,Lab -20˚C,FALSE,FALSE,
E1470.RC0083,1470,,,FALSE,RC0083,RC Alaska OA Cruise 2022,8/13/2022,08/13/22,,CTD017,1,Niskin; Sterivex 0.22µm filter,95% EtOH,,CS2,,476.8,,,,"56.1767,  -134.40468",08:00,,16:00,,1000,5.1,,33.9,,,21.118,Oxygen % Sat,Kesten Bozinovic,,FALSE,,,Planned extractions for Run 4,Lab -20˚C,FALSE,FALSE,
E1471.RC0083,1471,,,FALSE,RC0083,RC Alaska OA Cruise 2022,8/13/2022,08/13/22,,CTD017,4,Niskin; Sterivex 0.22µm filter,95% EtOH,,CS2,,150.3,,,,"56.17521,  -134.40536",08:11,,16:11,,1000,6.3,,33.2,,,41.587,Oxygen % Sat,Kesten Bozinovic,,FALSE,,,Planned extractions for Run 4,Lab -20˚C,FALSE,FALSE,
E1472.RC0083,1472,,,FALSE,RC0083,RC Alaska OA Cruise 2022,8/13/2022,08/13/22,,CTD017,9,Niskin; Sterivex 0.22µm filter,95% EtOH,,CS2,,3.1,,,,"56.17376,  -134.40714",08:20,,16:20,,1000,9.5,,31.7,,,85.19,Oxygen % Sat,Kesten Bozinovic,,FALSE,,,Planned extractions for Run 4,Lab -20˚C,FALSE,FALSE,
E1473.RC0083,1473,,,FALSE,RC0083,RC Alaska OA Cruise 2022,8/13/2022,08/13/22,,CTD020,1,Niskin; Sterivex 0.22µm filter,95% EtOH,,CS5,,351.0,,,,"56.19036,  -134.62034",11:28,,19:28,,1000,5.3,,33.8,,,25.048,Oxygen % Sat,Kesten Bozinovic,,FALSE,,,Planned extractions for Run 4,Lab -20˚C,FALSE,FALSE,
E1474.RC0083,1474,,,FALSE,RC0083,RC Alaska OA Cruise 2022,8/13/2022,08/13/22,,CTD020,4,Niskin; Sterivex 0.22µm filter,95% EtOH,,CS5,,100.5,,,,"56.19184,  -134.62096",11:37,,19:37,,1000,6.7,,32.6,,,48.571,Oxygen % Sat,Kesten Bozinovic,,FALSE,,,Planned extractions for Run 4,Lab -20˚C,FALSE,FALSE,
E1475.RC0083,1475,,,FALSE,RC0083,RC Alaska OA Cruise 2022,8/13/2022,08/13/22,,CTD020,8,Niskin; Sterivex 0.22µm filter,95% EtOH,,CS5,,3.7,,,,"56.19306,  -134.6224",11:44,,19:44,,1000,11.4,,28.9,,,128.461,Oxygen % Sat,Kesten Bozinovic,,FALSE,,,Planned extractions for Run 4,Lab -20˚C,FALSE,FALSE,
E1476.RC0083,1476,,,FALSE,RC0083,RC Alaska OA Cruise 2022,8/14/2022,08/14/22,,CTD021,1,Niskin; Sterivex 0.22µm filter,95% EtOH,,SEC0,,59.0,,,,"56.77188,  -135.50368",11:21,,19:21,,1000,9.2,,31.8,,,72.25,Oxygen % Sat,Kesten Bozinovic,EtOH added ~20 min after filtering; filter was capped during that time,FALSE,,,Planned extractions for Run 4,Lab -20˚C,FALSE,FALSE,
E1477.RC0083,1477,,,FALSE,RC0083,RC Alaska OA Cruise 2022,8/14/2022,08/14/22,,CTD021,2,Niskin; Sterivex 0.22µm filter,95% EtOH,,SEC0,,24.2,,,,"56.77242,  -135.5041",11:23,,19:23,,1000,10.3,,31.5,,,81.289,Oxygen % Sat,Kesten Bozinovic,,FALSE,,,Planned extractions for Run 4,Lab -20˚C,FALSE,FALSE,
E1478.RC0083,1478,,,FALSE,RC0083,RC Alaska OA Cruise 2022,8/14/2022,08/14/22,,CTD021,4,Niskin; Sterivex 0.22µm filter,95% EtOH,,SEC0,,3.2,,,,"56.7732,  -135.50461",11:25,,19:25,,1000,13.1,,30.9,,,110.039,Oxygen % Sat,Kesten Bozinovic,,FALSE,,,Planned extractions for Run 4,Lab -20˚C,FALSE,FALSE,
E1479.RC0083,1479,,,FALSE,RC0083,RC Alaska OA Cruise 2022,8/14/2022,08/14/22,,CTD023,1,Niskin; Sterivex 0.22µm filter,95% EtOH,,SEC10,,180.9,,,,"56.69386,  -135.7495",13:08,,21:08,,1000,5.9,,33.4,,,36.901,Oxygen % Sat,Kesten Bozinovic,possible cross contaminiation from spray / rain,FALSE,,,Planned extractions for Run 4,Lab -20˚C,FALSE,FALSE,
E1480.RC0083,1480,,,FALSE,RC0083,RC Alaska OA Cruise 2022,8/14/2022,08/14/22,,CTD023,4,Niskin; Sterivex 0.22µm filter,95% EtOH,,SEC10,,72.4,,,,"56.69616,  -135.75154",13:12,,21:12,,1000,7.6,,32.3,,,73.497,Oxygen % Sat,Kesten Bozinovic,possible cross contaminiation from spray / rain,FALSE,,,Planned extractions for Run 4,Lab -20˚C,FALSE,FALSE,
E1481.RC0083,1481,,,FALSE,RC0083,RC Alaska OA Cruise 2022,8/14/2022,08/14/22,,CTD023,8,Niskin; Sterivex 0.22µm filter,95% EtOH,,SEC10,,2.4,,,,"56.69826,  -135.75191",13:17,,21:17,,1000,13.5,,31.3,,,109.01,Oxygen % Sat,Kesten Bozinovic,possible cross contaminiation from spray / rain,FALSE,,,Planned extractions for Run 4,Lab -20˚C,FALSE,FALSE,
E1482.RC0083,1482,,,FALSE,RC0083,RC Alaska OA Cruise 2022,8/15/2022,08/14/22,,CTD025,1,Niskin; Sterivex 0.22µm filter,95% EtOH,,SEC30,,1201.3,,,,"56.51876,  -136.26051",16:54,,0:54,,1000,3.0,,34.4,,,4.147,Oxygen % Sat,Kesten Bozinovic,,FALSE,,,Planned extractions for Run 4,Lab -20˚C,FALSE,FALSE,
E1483.RC0083,1483,,,FALSE,RC0083,RC Alaska OA Cruise 2022,8/15/2022,08/14/22,,CTD025,6,Niskin; Sterivex 0.22µm filter,95% EtOH,,SEC30,,199.4,,,,"56.521,  -136.26658",17:24,,1:24,,1000,5.9,,33.8,,,33.77,Oxygen % Sat,Kesten Bozinovic,,FALSE,,,Planned extractions for Run 4,Lab -20˚C,FALSE,FALSE,
E1484.RC0083,1484,,,FALSE,RC0083,RC Alaska OA Cruise 2022,8/15/2022,08/14/22,,CTD025,12,Niskin; Sterivex 0.22µm filter,95% EtOH,,SEC30,,3.2,,,,"56.52178,  -136.26862",17:33,,1:33,,50,14.9,,32.0,,,103.627,Oxygen % Sat,Kesten Bozinovic,Collection bottle leaked in storage; only 50 ml filtered,FALSE,,,Planned extractions for Run 4,Lab -20˚C,FALSE,FALSE,
E1485.RC0083,1485,,,FALSE,RC0083,RC Alaska OA Cruise 2022,8/17/2022,08/17/22,,CTD026,2,Niskin; Sterivex 0.22µm filter,95% EtOH,,LC5,,247.7,,,,"59.32514,  -135.38213",09:11,,17:11,,1000,4.4,,32.1,,,53.286,Oxygen % Sat,Kesten Bozinovic,samples taken ~ 1h after CTD was raised (to account for wind/sea spray,FALSE,,,Planned extractions for Run 4,Lab -20˚C,FALSE,FALSE,
E1486.RC0083,1486,,,FALSE,RC0083,RC Alaska OA Cruise 2022,8/17/2022,08/17/22,,CTD026,3,Niskin; Sterivex 0.22µm filter,95% EtOH,,LC5,,89.8,,,,"59.32667,  -135.38174",09:16,,17:16,,1000,4.4,,31.5,,,62.222,Oxygen % Sat,Kesten Bozinovic,samples taken ~ 1h after CTD was raised (to account for wind/sea spray,FALSE,,,Planned extractions for Run 4,Lab -20˚C,FALSE,FALSE,
E1487.RC0083,1487,,,FALSE,RC0083,RC Alaska OA Cruise 2022,8/17/2022,08/17/22,,CTD026,8,Niskin; Sterivex 0.22µm filter,95% EtOH,,LC5,,2.8,,,,"59.33066,  -135.38082",09:25,,17:25,,1000,11.0,,10.8,,,100.993,Oxygen % Sat,Kesten Bozinovic,samples taken ~ 1h after CTD was raised (to account for wind/sea spray,FALSE,,,Planned extractions for Run 4,Lab -20˚C,FALSE,FALSE,
E1488.RC0083,1488,,,FALSE,RC0083,RC Alaska OA Cruise 2022,8/17/2022,08/17/22,,CTD028,1,Niskin; Sterivex 0.22µm filter,95% EtOH,,LC3,,284.2,,,,"58.83306,  -135.18929",14:58,,22:58,,1000,5.3,,33.7,,,19.251,Oxygen % Sat,Kesten Bozinovic,Potential rain contamination,FALSE,,,Planned extractions for Run 4,Lab -20˚C,FALSE,FALSE,
E1489.RC0083,1489,,,FALSE,RC0083,RC Alaska OA Cruise 2022,8/17/2022,08/17/22,,CTD028,2,Niskin; Sterivex 0.22µm filter,95% EtOH,,LC3,,202.6,,,,"58.83343,  -135.18971",15:01,,23:01,,1000,5.3,,33.5,,,21.238,Oxygen % Sat,Kesten Bozinovic,Potential rain contamination,FALSE,,,Planned extractions for Run 4,Lab -20˚C,FALSE,FALSE,
E1490.RC0083,1490,,,FALSE,RC0083,RC Alaska OA Cruise 2022,8/17/2022,08/17/22,,CTD028,5,Niskin; Sterivex 0.22µm filter,95% EtOH,,LC3,,8.3,,,,"58.83525,  -135.19125",15:07,,23:07,,1000,11.6,,24.8,,,99.736,Oxygen % Sat,Kesten Bozinovic,Potential rain contamination,FALSE,,,Planned extractions for Run 4,Lab -20˚C,FALSE,FALSE,
E1491.RC0083,1491,,,FALSE,RC0083,RC Alaska OA Cruise 2022,8/18/2022,08/17/22,,CTD029,1,Niskin; Sterivex 0.22µm filter,95% EtOH,,JH1,,50.7,,,,"58.62574,  -134.95188",17:07,,1:07,,1000,7.8,,30.7,,,71.085,Oxygen % Sat,Kesten Bozinovic,,FALSE,,,Planned extractions for Run 4,Lab -20˚C,FALSE,FALSE,
E1492.RC0083,1492,,,FALSE,RC0083,RC Alaska OA Cruise 2022,8/18/2022,08/17/22,,CTD029,2,Niskin; Sterivex 0.22µm filter,95% EtOH,,JH1,,24.9,,,,"58.62586,  -134.95188",17:09,,1:09,,1000,8.7,,30.2,,,77.103,Oxygen % Sat,Kesten Bozinovic,,FALSE,,,Planned extractions for Run 4,Lab -20˚C,FALSE,FALSE,
E1493.RC0083,1493,,,FALSE,RC0083,RC Alaska OA Cruise 2022,8/18/2022,08/17/22,,CTD029,4,Niskin; Sterivex 0.22µm filter,95% EtOH,,JH1,,3.3,,,,"58.626,  -134.95204",17:11,,1:11,,1000,12.8,,14.7,,,105.262,Oxygen % Sat,Kesten Bozinovic,,FALSE,,,Planned extractions for Run 4,Lab -20˚C,FALSE,FALSE,
E1494.RC0083,1494,,,FALSE,RC0083,RC Alaska OA Cruise 2022,8/18/2022,08/17/22,,CTD030,1,Niskin; Sterivex 0.22µm filter,95% EtOH,,LC2,,301.1,,,,"58.61712,  -135.01396",17:41,,1:41,,1000,5.3,,33.7,,,20.917,Oxygen % Sat,Kesten Bozinovic,,FALSE,,,Planned extractions for Run 4,Lab -20˚C,FALSE,FALSE,
E1495.RC0083,1495,,,FALSE,RC0083,RC Alaska OA Cruise 2022,8/18/2022,08/17/22,,CTD030,4,Niskin; Sterivex 0.22µm filter,95% EtOH,,LC2,,100.3,,,,"58.61842,  -135.01336",17:48,,1:48,,1000,5.2,,32.3,,,47.073,Oxygen % Sat,Kesten Bozinovic,,FALSE,,,Planned extractions for Run 4,Lab -20˚C,FALSE,FALSE,
E1496.RC0083,1496,,,FALSE,RC0083,RC Alaska OA Cruise 2022,8/18/2022,08/17/22,,CTD030,7,Niskin; Sterivex 0.22µm filter,95% EtOH,,LC2,,10.0,,,,"58.61914,  -135.0126",17:52,,1:52,,1000,10.7,,28.3,,,98.33,Oxygen % Sat,Kesten Bozinovic,,FALSE,,,Planned extractions for Run 4,Lab -20˚C,FALSE,FALSE,
E1497.RC0083,1497,,,FALSE,RC0083,RC Alaska OA Cruise 2022,8/18/2022,08/17/22,,CTD032,1,Niskin; Sterivex 0.22µm filter,95% EtOH,,JH3,,129.7,,,,"58.56424,  -135.11926",19:18,,3:18,,1000,5.1,,33.0,,,30.927,Oxygen % Sat,Kesten Bozinovic,,FALSE,,,Planned extractions for Run 4,Lab -20˚C,FALSE,FALSE,
E1498.RC0083,1498,,,FALSE,RC0083,RC Alaska OA Cruise 2022,8/18/2022,08/17/22,,CTD032,3,Niskin; Sterivex 0.22µm filter,95% EtOH,,JH3,,24.3,,,,"58.56467,  -135.11926",19:22,,3:22,,1000,8.7,,30.0,,,77.944,Oxygen % Sat,Kesten Bozinovic,,FALSE,,,Planned extractions for Run 4,Lab -20˚C,FALSE,FALSE,
E1499.RC0083,1499,,,FALSE,RC0083,RC Alaska OA Cruise 2022,8/18/2022,08/17/22,,CTD032,4,Niskin; Sterivex 0.22µm filter,95% EtOH,,JH3,,3.4,,,,"58.56504,  -135.11963",19:23,,3:23,,1000,12.4,,19.7,,,107.144,Oxygen % Sat,Kesten Bozinovic,,FALSE,,,Planned extractions for Run 4,Lab -20˚C,FALSE,FALSE,
E1500.NC.RC0083,1500,,,TRUE,RC0083,RC Alaska OA Cruise 2022,8/18/2022,08/17/22,,,-,Sterivex 0.22µm filter,95% EtOH,,-,,-,,,,"-,  -",-,,-,,1000,-,,-,,,-,Oxygen % Sat,Kesten Bozinovic,,FALSE,,,Planned extractions for Run 4,Lab -20˚C,FALSE,FALSE,
E1501.RC0083,1501,,,FALSE,RC0083,RC Alaska OA Cruise 2022,8/18/2022,08/17/22,,CTD033,1,Niskin; Sterivex 0.22µm filter,95% EtOH,,LC1,,551.353,,,,"58.45152,  -135.04592",20:39,,4:39,,1000,5.2,,33.8,,,20.386,Oxygen % Sat,Kesten Bozinovic,,FALSE,,,Planned extractions for Run 4,Lab -20˚C,FALSE,FALSE,
E1502.RC0083,1502,,,FALSE,RC0083,RC Alaska OA Cruise 2022,8/18/2022,08/17/22,,CTD033,4,Niskin; Sterivex 0.22µm filter,95% EtOH,,LC1,,100.807,,,,"58.45168,  -135.04856",20:52,,4:52,,1000,5.7,,32.1,,,50.595,Oxygen % Sat,Kesten Bozinovic,,FALSE,,,Planned extractions for Run 4,Lab -20˚C,FALSE,FALSE,
E1503.RC0083,1503,,,FALSE,RC0083,RC Alaska OA Cruise 2022,8/18/2022,08/17/22,,CTD033,8,Niskin; Sterivex 0.22µm filter,95% EtOH,,LC1,,2.883,,,,"58.452,  -135.0483",20:57,,4:57,,1000,12.2,,20.5,,,107.107,Oxygen % Sat,Kesten Bozinovic,,FALSE,,,Planned extractions for Run 4,Lab -20˚C,FALSE,FALSE,
E1504.RC0083,1504,,,FALSE,RC0083,RC Alaska OA Cruise 2022,8/18/2022,08/17/22,,CTD035,1,Niskin; Sterivex 0.22µm filter,95% EtOH,,UCC,,149.993,,,,"58.1317,  -135.06748",23:46,,7:46,,1000,5.3,,33.1,,,31.608,Oxygen % Sat,Kesten Bozinovic,,FALSE,,,Planned extractions for Run 4,Lab -20˚C,FALSE,FALSE,
E1505.RC0083,1505,,,FALSE,RC0083,RC Alaska OA Cruise 2022,8/18/2022,08/17/22,,CTD035,2,Niskin; Sterivex 0.22µm filter,95% EtOH,,UCC,,50.647,,,,"58.13148,  -135.06794",23:49,,7:49,,1000,7.3,,30.9,,,56.646,Oxygen % Sat,Kesten Bozinovic,,FALSE,,,Planned extractions for Run 4,Lab -20˚C,FALSE,FALSE,
E1506.RC0083,1506,,,FALSE,RC0083,RC Alaska OA Cruise 2022,8/18/2022,08/17/22,,CTD035,4,Niskin; Sterivex 0.22µm filter,95% EtOH,,UCC,,2.958,,,,"58.1313,  -135.06832",23:51,,7:51,,1000,12.1,,23.0,,,109.505,Oxygen % Sat,Kesten Bozinovic,,FALSE,,,Planned extractions for Run 4,Lab -20˚C,FALSE,FALSE,
E1507.RC0083,1507,,,FALSE,RC0083,RC Alaska OA Cruise 2022,8/18/2022,08/18/22,,CTD037,1,Niskin; Sterivex 0.22µm filter,95% EtOH,,UCA,,386.58,,,,"58.07826,  -135.00172",01:13,,9:13,,1000,5.2,,33.8,,,20.885,Oxygen % Sat,Kesten Bozinovic,,FALSE,,,Planned extractions for Run 4,Lab -20˚C,FALSE,FALSE,
E1508.RC0083,1508,,,FALSE,RC0083,RC Alaska OA Cruise 2022,8/18/2022,08/18/22,,CTD037,4,Niskin; Sterivex 0.22µm filter,95% EtOH,,UCA,,100.885,,,,"58.07792,  -135.00034",01:22,,9:22,,1000,5.4,,32.5,,,43.487,Oxygen % Sat,Kesten Bozinovic,,FALSE,,,Planned extractions for Run 4,Lab -20˚C,FALSE,FALSE,
E1509.RC0083,1509,,,FALSE,RC0083,RC Alaska OA Cruise 2022,8/18/2022,08/18/22,,CTD037,8,Niskin; Sterivex 0.22µm filter,95% EtOH,,UCA,,2.927,,,,"58.07762,  -134.99913",01:28,,9:28,,1000,10.8,,28.6,,,99.371,Oxygen % Sat,Kesten Bozinovic,,FALSE,,,Planned extractions for Run 4,Lab -20˚C,FALSE,FALSE,
E1510.RC0083,1510,,,FALSE,RC0083,RC Alaska OA Cruise 2022,8/18/2022,08/18/22,,CTD038,1,Niskin; Sterivex 0.22µm filter,95% EtOH,,ISA,,95.714,,,,"58.22144,  -135.53126",03:45,,11:45,,1000,6.3,,32.0,,,43.177,Oxygen % Sat,Kesten Bozinovic,,FALSE,,,Planned extractions for Run 4,Lab -20˚C,FALSE,FALSE,
E1511.RC0083,1511,,,FALSE,RC0083,RC Alaska OA Cruise 2022,8/18/2022,08/18/22,,CTD038,4,Niskin; Sterivex 0.22µm filter,95% EtOH,,ISA,,3.221,,,,"58.22178,  -135.53144",03:50,,11:50,,1000,10.4,,27.0,,,89.357,Oxygen % Sat,Kesten Bozinovic,,FALSE,,,Planned extractions for Run 4,Lab -20˚C,FALSE,FALSE,
E1512.RC0083,1512,,,FALSE,RC0083,RC Alaska OA Cruise 2022,8/18/2022,08/18/22,,CTD041,1,Niskin; Sterivex 0.22µm filter,95% EtOH,,ISD,,213.372,,,,"58.2733,  -135.39854",05:52,,13:52,,1000,5.4,,33.4,,,27.24,Oxygen % Sat,Kesten Bozinovic,,FALSE,,,Planned extractions for Run 4,Lab -20˚C,FALSE,FALSE,
E1513.RC0083,1513,,,FALSE,RC0083,RC Alaska OA Cruise 2022,8/18/2022,08/18/22,,CTD041,4,Niskin; Sterivex 0.22µm filter,95% EtOH,,ISD,,3.373,,,,"58.273,  -135.3979",06:00,,14:00,,1000,12.3,,23.5,,,104.447,Oxygen % Sat,Kesten Bozinovic,,FALSE,,,Planned extractions for Run 4,Lab -20˚C,FALSE,FALSE,
E1514.RC0083,1514,,,FALSE,RC0083,RC Alaska OA Cruise 2022,8/18/2022,08/18/22,,CTD042,1,Niskin; Sterivex 0.22µm filter,95% EtOH,,XS1,,70.083,,,,"58.1086,  -136.52538",13:46,,21:46,,1000,8.1,,32.1,,,59.158,Oxygen % Sat,Kesten Bozinovic,,FALSE,,,Planned extractions for Run 4,Lab -20˚C,FALSE,FALSE,
E1515.RC0083,1515,,,FALSE,RC0083,RC Alaska OA Cruise 2022,8/18/2022,08/18/22,,CTD042,3,Niskin; Sterivex 0.22µm filter,95% EtOH,,XS1,,24.709,,,,"58.10849,  -136.52466",13:49,,21:49,,1000,13.1,,31.2,,,93.677,Oxygen % Sat,Kesten Bozinovic,,FALSE,,,Planned extractions for Run 4,Lab -20˚C,FALSE,FALSE,
E1516.RC0083,1516,,,FALSE,RC0083,RC Alaska OA Cruise 2022,8/18/2022,08/18/22,,CTD042,5,Niskin; Sterivex 0.22µm filter,95% EtOH,,XS1,,2.992,,,,"58.1084,  -136.52413",13:50,,21:50,,1000,14.1,,31.1,,,101.944,Oxygen % Sat,Kesten Bozinovic,,FALSE,,,Planned extractions for Run 4,Lab -20˚C,FALSE,FALSE,
E1517.RC0083,1517,,,FALSE,RC0083,RC Alaska OA Cruise 2022,8/18/2022,08/18/22,,CTD043,1,Niskin; Sterivex 0.22µm filter,95% EtOH,,XS2,,314.496,,,,"58.13,  -136.55502",14:27,,22:27,,1000,6.0,,33.5,,,37.551,Oxygen % Sat,Kesten Bozinovic,,FALSE,,,Planned extractions for Run 4,Lab -20˚C,FALSE,FALSE,
E1518.RC0083,1518,,,FALSE,RC0083,RC Alaska OA Cruise 2022,8/18/2022,08/18/22,,CTD043,5,Niskin; Sterivex 0.22µm filter,95% EtOH,,XS2,,100.207,,,,"58.1301,  -136.55322",14:34,,22:34,,1000,7.0,,32.4,,,50.531,Oxygen % Sat,Kesten Bozinovic,,FALSE,,,Planned extractions for Run 4,Lab -20˚C,FALSE,FALSE,
E1519.RC0083,1519,,,FALSE,RC0083,RC Alaska OA Cruise 2022,8/18/2022,08/18/22,,CTD043,8,Niskin; Sterivex 0.22µm filter,95% EtOH,,XS2,,10.419,,,,"58.13008,  -136.55194",14:39,,22:39,,1000,11.5,,30.8,,,85.089,Oxygen % Sat,Kesten Bozinovic,,FALSE,,,Planned extractions for Run 4,Lab -20˚C,FALSE,FALSE,
E1520.RC0083,1520,,,FALSE,RC0083,RC Alaska OA Cruise 2022,8/19/2022,08/18/22,,CTD045,1,Niskin; Sterivex 0.22µm filter,95% EtOH,,XS4,,102.388,,,,"58.17369,  -136.61379",16:12,,0:12,,1000,6.8,,32.6,,,48.542,Oxygen % Sat,Kesten Bozinovic,,FALSE,,,Planned extractions for Run 4,Lab -20˚C,FALSE,FALSE,
E1521.RC0083,1521,,,FALSE,RC0083,RC Alaska OA Cruise 2022,8/19/2022,08/18/22,,CTD045,2,Niskin; Sterivex 0.22µm filter,95% EtOH,,XS4,,50.767,,,,"58.17368,  -136.61292",16:14,,0:14,,1000,9.3,,31.2,,,68.571,Oxygen % Sat,Kesten Bozinovic,,FALSE,,,Planned extractions for Run 4,Lab -20˚C,FALSE,FALSE,
E1522.RC0083,1522,,,FALSE,RC0083,RC Alaska OA Cruise 2022,8/19/2022,08/18/22,,CTD045,5,Niskin; Sterivex 0.22µm filter,95% EtOH,,XS4,,3.53,,,,"58.17376,  -136.6114",16:17,,0:17,,1000,12.1,,30.9,,,90.892,Oxygen % Sat,Kesten Bozinovic,,FALSE,,,Planned extractions for Run 4,Lab -20˚C,FALSE,FALSE,
E1523.RC0083,1523,,,FALSE,RC0083,RC Alaska OA Cruise 2022,8/19/2022,08/18/22,,CTD046,1,Niskin; Sterivex 0.22µm filter,95% EtOH,,SEM30,,162.702,,,,"58.01056,  -137.73272",20:34,,4:34,,500,6.1,,33.6,,,40.001,Oxygen % Sat,Kesten Bozinovic,"filter air locked, ~500mL filtered through processed sample",FALSE,,,Planned extractions for Run 4,Lab -20˚C,FALSE,FALSE,
E1524.RC0083,1524,,,FALSE,RC0083,RC Alaska OA Cruise 2022,8/19/2022,08/18/22,,CTD046,3,Niskin; Sterivex 0.22µm filter,95% EtOH,,SEM30,,50.41,,,,"58.0103,  -137.73289",20:38,,4:38,,1000,7.9,,32.2,,,76.672,Oxygen % Sat,Kesten Bozinovic,,FALSE,,,Planned extractions for Run 4,Lab -20˚C,FALSE,FALSE,
E1525.RC0083,1525,,,FALSE,RC0083,RC Alaska OA Cruise 2022,8/19/2022,08/18/22,,CTD046,6,Niskin; Sterivex 0.22µm filter,95% EtOH,,SEM30,,2.569,,,,"58.01016,  -137.73326",20:41,,4:41,,1000,14.6,,31.6,,,101.499,Oxygen % Sat,Kesten Bozinovic,,FALSE,,,Planned extractions for Run 4,Lab -20˚C,FALSE,FALSE,
E1526.RC0083,1526,,,FALSE,RC0083,RC Alaska OA Cruise 2022,8/19/2022,08/18/22,,CTD048,1,Niskin; Sterivex 0.22µm filter,95% EtOH,,SEM10,,112.314,,,,"58.1721,  -137.22258",23:29,,7:29,,1000,6.5,,32.8,,,59.874,Oxygen % Sat,Kesten Bozinovic,,FALSE,,,Planned extractions for Run 4,Lab -20˚C,FALSE,FALSE,
E1527.RC0083,1527,,,FALSE,RC0083,RC Alaska OA Cruise 2022,8/19/2022,08/18/22,,CTD048,3,Niskin; Sterivex 0.22µm filter,95% EtOH,,SEM10,,50.744,,,,"58.1723,  -137.22313",23:31,,7:31,,1000,8.4,,32.2,,,88.283,Oxygen % Sat,Kesten Bozinovic,,FALSE,,,Planned extractions for Run 4,Lab -20˚C,FALSE,FALSE,
E1528.RC0083,1528,,,FALSE,RC0083,RC Alaska OA Cruise 2022,8/19/2022,08/18/22,,CTD048,6,Niskin; Sterivex 0.22µm filter,95% EtOH,,SEM10,,3.219,,,,"58.17255,  -137.22379",23:34,,7:34,,1000,14.5,,31.7,,,102.315,Oxygen % Sat,Kesten Bozinovic,,FALSE,,,Planned extractions for Run 4,Lab -20˚C,FALSE,FALSE,
E1529.RC0083,1529,,,FALSE,RC0083,RC Alaska OA Cruise 2022,8/19/2022,08/19/22,,CTD050,1,Niskin; Sterivex 0.22µm filter,95% EtOH,,SEM2.5,,119.813,,,,"58.23415,  -137.00525",01:04,,9:04,,1000,6.9,,32.5,,,61.229,Oxygen % Sat,Kesten Bozinovic,,FALSE,,,Planned extractions for Run 4,Lab -20˚C,FALSE,FALSE,
E1530.RC0083,1530,,,FALSE,RC0083,RC Alaska OA Cruise 2022,8/19/2022,08/19/22,,CTD050,4,Niskin; Sterivex 0.22µm filter,95% EtOH,,SEM2.5,,25.978,,,,"58.23486,  -137.00507",01:09,,9:09,,1000,9.4,,31.4,,,71.359,Oxygen % Sat,Kesten Bozinovic,,FALSE,,,Planned extractions for Run 4,Lab -20˚C,FALSE,FALSE,
E1531.RC0083,1531,,,FALSE,RC0083,RC Alaska OA Cruise 2022,8/19/2022,08/19/22,,CTD050,6,Niskin; Sterivex 0.22µm filter,95% EtOH,,SEM2.5,,3.956,,,,"58.23512,  -137.00502",01:10,,9:10,,1000,14.4,,31.6,,,101.492,Oxygen % Sat,Kesten Bozinovic,,FALSE,,,Planned extractions for Run 4,Lab -20˚C,FALSE,FALSE,
E1532.RC0083,1532,,,FALSE,RC0083,RC Alaska OA Cruise 2022,8/19/2022,08/19/22,,CTD052,1,Niskin; Sterivex 0.22µm filter,95% EtOH,,SEM-2.5,,62.467,,,,"58.27112,  -136.87108",02:22,,10:22,,1000,8.2,,31.5,,,62.295,Oxygen % Sat,Kesten Bozinovic,,FALSE,,,Planned extractions for Run 4,Lab -20˚C,FALSE,FALSE,
E1533.RC0083,1533,,,FALSE,RC0083,RC Alaska OA Cruise 2022,8/19/2022,08/19/22,,CTD052,3,Niskin; Sterivex 0.22µm filter,95% EtOH,,SEM-2.5,,26.526,,,,"58.2714,  -136.87042",02:24,,10:24,,1000,9.2,,31.0,,,76.387,Oxygen % Sat,Kesten Bozinovic,,FALSE,,,Planned extractions for Run 4,Lab -20˚C,FALSE,FALSE,
E1534.RC0083,1534,,,FALSE,RC0083,RC Alaska OA Cruise 2022,8/19/2022,08/19/22,,CTD052,5,Niskin; Sterivex 0.22µm filter,95% EtOH,,SEM-2.5,,3.529,,,,"58.27166,  -136.86972",02:26,,10:26,,1000,11.1,,30.5,,,90.755,Oxygen % Sat,Kesten Bozinovic,,FALSE,,,Planned extractions for Run 4,Lab -20˚C,FALSE,FALSE,
E1535.RC0083,1535,,,FALSE,RC0083,RC Alaska OA Cruise 2022,8/19/2022,08/19/22,,CTD053,1,Niskin; Sterivex 0.22µm filter,95% EtOH,,GB24,,124.628,,,,"58.3315,  -136.11309",05:39,,13:39,,1000,7.4,,32.1,,,52.501,Oxygen % Sat,Kesten Bozinovic,,FALSE,,,Planned extractions for Run 4,Lab -20˚C,FALSE,FALSE,
E1536.RC0083,1536,,,FALSE,RC0083,RC Alaska OA Cruise 2022,8/19/2022,08/19/22,,CTD053,3,Niskin; Sterivex 0.22µm filter,95% EtOH,,GB24,,25.067,,,,"58.33178,  -136.11083",05:43,,13:43,,1000,8.0,,30.7,,,61.081,Oxygen % Sat,Kesten Bozinovic,,FALSE,,,Planned extractions for Run 4,Lab -20˚C,FALSE,FALSE,
E1537.RC0083,1537,,,FALSE,RC0083,RC Alaska OA Cruise 2022,8/19/2022,08/19/22,,CTD053,5,Niskin; Sterivex 0.22µm filter,95% EtOH,,GB24,,2.912,,,,"58.33216,  -136.10966",05:46,,13:46,,1000,8.6,,29.4,,,69.894,Oxygen % Sat,Kesten Bozinovic,,FALSE,,,Planned extractions for Run 4,Lab -20˚C,FALSE,FALSE,
E1538.RC0083,1538,,,FALSE,RC0083,RC Alaska OA Cruise 2022,8/20/2022,08/19/22,,CTD055,1,Niskin; Sterivex 0.22µm filter,95% EtOH,,GB12,,267.83,,,,"59.0319,  -137.01602",19:26,,3:26,,1000,5.2,,30.9,,,77.887,Oxygen % Sat,Kesten Bozinovic,Silty,FALSE,,,Planned extractions for Run 4,Lab -20˚C,FALSE,FALSE,
E1539.RC0083,1539,,,FALSE,RC0083,RC Alaska OA Cruise 2022,8/20/2022,08/19/22,,CTD055,3,Niskin; Sterivex 0.22µm filter,95% EtOH,,GB12,,74.794,,,,"59.03162,  -137.01548",19:31,,3:31,,1000,7.0,,30.4,,,78.688,Oxygen % Sat,Kesten Bozinovic,,FALSE,,,Planned extractions for Run 4,Lab -20˚C,FALSE,FALSE,
E1540.RC0083,1540,,,FALSE,RC0083,RC Alaska OA Cruise 2022,8/20/2022,08/19/22,,CTD055,6,Niskin; Sterivex 0.22µm filter,95% EtOH,,GB12,,2.827,,,,"59.0314,  -137.01512",19:35,,3:35,,1000,5.1,,21.0,,,92.549,Oxygen % Sat,Kesten Bozinovic,,FALSE,,,Planned extractions for Run 4,Lab -20˚C,FALSE,FALSE,
E1541.RC0083,1541,,,FALSE,RC0083,RC Alaska OA Cruise 2022,8/20/2022,08/19/22,,CTD060,1,Niskin; Sterivex 0.22µm filter,95% EtOH,,GB07,,380.083,,,,"58.81024,  -136.47109",23:43,,7:43,,1000,4.7,,31.1,,,78.117,Oxygen % Sat,Kesten Bozinovic,,FALSE,,,Planned extractions for Run 4,Lab -20˚C,FALSE,FALSE,
E1542.RC0083,1542,,,FALSE,RC0083,RC Alaska OA Cruise 2022,8/20/2022,08/19/22,,CTD060,6,Niskin; Sterivex 0.22µm filter,95% EtOH,,GB07,,3.031,,,,"58.80882,  -136.46766",23:55,,7:55,,1000,8.9,,23.2,,,115.046,Oxygen % Sat,Kesten Bozinovic,,FALSE,,,Planned extractions for Run 4,Lab -20˚C,FALSE,FALSE,
E1543.RC0083,1543,,,FALSE,RC0083,RC Alaska OA Cruise 2022,8/20/2022,08/20/22,,CTD063,1,Niskin; Sterivex 0.22µm filter,95% EtOH,,GB13,,96.604,,,,"58.71388,  -136.11356",07:12,,15:12,,1000,6.8,,30.6,,,69.57,Oxygen % Sat,Kesten Bozinovic,,FALSE,,,Planned extractions for Run 4,Lab -20˚C,FALSE,FALSE,
E1544.RC0083,1544,,,FALSE,RC0083,RC Alaska OA Cruise 2022,8/20/2022,08/20/22,,CTD063,3,Niskin; Sterivex 0.22µm filter,95% EtOH,,GB13,,25.866,,,,"58.71347,  -136.11307",07:15,,15:15,,1000,7.5,,30.0,,,69.139,Oxygen % Sat,Kesten Bozinovic,,FALSE,,,Planned extractions for Run 4,Lab -20˚C,FALSE,FALSE,
E1545.RC0083,1545,,,FALSE,RC0083,RC Alaska OA Cruise 2022,8/20/2022,08/20/22,,CTD063,5,Niskin; Sterivex 0.22µm filter,95% EtOH,,GB13,,3.214,,,,"58.71314,  -136.1127",07:18,,15:18,,1000,9.3,,21.4,,,117.263,Oxygen % Sat,Kesten Bozinovic,,FALSE,,,Planned extractions for Run 4,Lab -20˚C,FALSE,FALSE,
E1546.RC0083,1546,,,FALSE,RC0083,RC Alaska OA Cruise 2022,8/20/2022,08/20/22,,CTD066,1,Niskin; Sterivex 0.22µm filter,95% EtOH,,GB16,,299.175,,,,"58.89238,  -136.09455",09:46,,17:46,,1000,4.7,,30.9,,,77.138,Oxygen % Sat,Kesten Bozinovic,,FALSE,,,Planned extractions for Run 4,Lab -20˚C,FALSE,FALSE,
E1547.RC0083,1547,,,FALSE,RC0083,RC Alaska OA Cruise 2022,8/20/2022,08/20/22,,CTD066,5,Niskin; Sterivex 0.22µm filter,95% EtOH,,GB16,,50.394,,,,"58.8909,  -136.0952",09:56,,17:56,,1000,7.1,,30.3,,,67.593,Oxygen % Sat,Kesten Bozinovic,,FALSE,,,Planned extractions for Run 4,Lab -20˚C,FALSE,FALSE,
E1548.RC0083,1548,,,FALSE,RC0083,RC Alaska OA Cruise 2022,8/20/2022,08/20/22,,CTD066,7,Niskin; Sterivex 0.22µm filter,95% EtOH,,GB16,,2.622,,,,"58.8904,  -136.09552",09:59,,17:59,,1000,6.5,,17.4,,,93.479,Oxygen % Sat,Kesten Bozinovic,,FALSE,,,Planned extractions for Run 4,Lab -20˚C,FALSE,FALSE,
E1549.RC0083,1549,,,FALSE,RC0083,RC Alaska OA Cruise 2022,8/20/2022,08/20/22,,CTD070,1,Niskin; Sterivex 0.22µm filter,95% EtOH,,GB20,,226.95,,,,"59.06522,  -136.19928",12:44,,20:44,,1000,4.9,,30.8,,,77.416,Oxygen % Sat,Kesten Bozinovic,,FALSE,,,Planned extractions for Run 4,Lab -20˚C,FALSE,FALSE,
E1550.RC0083,1550,,,FALSE,RC0083,RC Alaska OA Cruise 2022,8/20/2022,08/20/22,,CTD070,3,Niskin; Sterivex 0.22µm filter,95% EtOH,,GB20,,50.304,,,,"59.06512,  -136.19866",12:50,,20:50,,1000,7.0,,30.2,,,76.888,Oxygen % Sat,Kesten Bozinovic,,FALSE,,,Planned extractions for Run 4,Lab -20˚C,FALSE,FALSE,
E1551.NC.RC0083,1551,,,TRUE,RC0083,RC Alaska OA Cruise 2022,8/20/2022,08/20/22,,,-,Sterivex 0.22µm filter,95% EtOH,,-,,-,,,,"-,  -",-,,-,,1000,-,,-,,,-,Oxygen % Sat,Kesten Bozinovic,,FALSE,,,Planned extractions for Run 4,Lab -20˚C,FALSE,FALSE,
E1552.RC0083,1552,,,FALSE,RC0083,RC Alaska OA Cruise 2022,8/20/2022,08/20/22,,CTD070,5,Niskin; Sterivex 0.22µm filter,95% EtOH,,GB20,,2.839,,,,"59.06514,  -136.19821",12:54,,20:54,,1000,4.1,,12.2,,,96.844,Oxygen % Sat,Kesten Bozinovic,"the female filter end got stuck in the tube lock & broke off when trying to remove; sealed that end w/ tin foil wrapped in parafilm while maintaining serility (sample is likely lost, but possibly preserved)",FALSE,,,Planned extractions for Run 4,Lab -20˚C,FALSE,FALSE,
E1553.RC0083,1553,,,FALSE,RC0083,RC Alaska OA Cruise 2022,8/21/2022,08/20/22,,CTD073,1,Niskin; Sterivex 0.22µm filter,95% EtOH,,GB04,,277.106,,,,"58.6493,  -136.11146",17:53,,1:53,,1000,5.2,,31.0,,,75.546,Oxygen % Sat,Kesten Bozinovic,,FALSE,,,Planned extractions for Run 4,Lab -20˚C,FALSE,FALSE,
E1554.RC0083,1554,,,FALSE,RC0083,RC Alaska OA Cruise 2022,8/21/2022,08/20/22,,CTD073,4,Niskin; Sterivex 0.22µm filter,95% EtOH,,GB04,,49.889,,,,"58.64868,  -136.11042",18:01,,2:01,,1000,7.5,,30.3,,,64.907,Oxygen % Sat,Kesten Bozinovic,,FALSE,,,Planned extractions for Run 4,Lab -20˚C,FALSE,FALSE,
E1555.RC0083,1555,,,FALSE,RC0083,RC Alaska OA Cruise 2022,8/21/2022,08/20/22,,CTD073,6,Niskin; Sterivex 0.22µm filter,95% EtOH,,GB04,,3.163,,,,"58.64848,  -136.11",18:03,,2:03,,1000,9.7,,20.2,,,120.339,Oxygen % Sat,Kesten Bozinovic,,FALSE,,,Planned extractions for Run 4,Lab -20˚C,FALSE,FALSE,
E1556.RC0083,1556,,,FALSE,RC0083,RC Alaska OA Cruise 2022,8/21/2022,08/20/22,,CTD076,1,Niskin; Sterivex 0.22µm filter,95% EtOH,,GB01,,54.261,,,,"58.4144,  -135.99438",20:07,,4:07,,1000,7.7,,31.5,,,55.927,Oxygen % Sat,Kesten Bozinovic,,FALSE,,,Planned extractions for Run 4,Lab -20˚C,FALSE,FALSE,
E1557.RC0083,1557,,,FALSE,RC0083,RC Alaska OA Cruise 2022,8/21/2022,08/20/22,,CTD076,4,Niskin; Sterivex 0.22µm filter,95% EtOH,,GB01,,3.197,,,,"58.41531,  -135.9944",20:11,,4:11,,1000,9.7,,27.7,,,85.731,Oxygen % Sat,Kesten Bozinovic,,FALSE,,,Planned extractions for Run 4,Lab -20˚C,FALSE,FALSE,
E1558.RC0083,1558,,,FALSE,RC0083,RC Alaska OA Cruise 2022,8/21/2022,08/21/22,,CTD078,1,Niskin; Sterivex 0.22µm filter,95% EtOH,,LFC,,108.167,,,,"58.34938,  -134.7801",15:20,,23:20,,1000,5.4,,32.2,,,40.342,Oxygen % Sat,Kesten Bozinovic,,FALSE,,,Planned extractions for Run 4,Lab -20˚C,FALSE,FALSE,
E1559.RC0083,1559,,,FALSE,RC0083,RC Alaska OA Cruise 2022,8/22/2022,08/21/22,,CTD078,4,Niskin; Sterivex 0.22µm filter,95% EtOH,,LFC,,3.049,,,,"58.34882,  -134.78004",15:24,,23:24,,1000,12.9,,18.7,,,96.926,Oxygen % Sat,Kesten Bozinovic,,FALSE,,,Planned extractions for Run 4,Lab -20˚C,FALSE,FALSE,
E1560.RC0083,1560,,,FALSE,RC0083,RC Alaska OA Cruise 2022,8/22/2022,08/21/22,,CTD080,1,Niskin; Sterivex 0.22µm filter,95% EtOH,,SPC,,51.116,,,,"58.23078,  -134.62942",16:43,,0:43,,1000,6.3,,31.5,,,50.069,Oxygen % Sat,Kesten Bozinovic,,FALSE,,,Planned extractions for Run 4,Lab -20˚C,FALSE,FALSE,
E1561.RC0083,1561,,,FALSE,RC0083,RC Alaska OA Cruise 2022,8/22/2022,08/21/22,,CTD080,4,Niskin; Sterivex 0.22µm filter,95% EtOH,,SPC,,3.46,,,,"58.2301,  -134.6284",16:46,,0:46,,1000,13.2,,18.4,,,98.954,Oxygen % Sat,Kesten Bozinovic,,FALSE,,,Planned extractions for Run 4,Lab -20˚C,FALSE,FALSE,
E1562.RC0083,1562,,,FALSE,RC0083,RC Alaska OA Cruise 2022,8/22/2022,08/21/22,,CTD082,1,Niskin; Sterivex 0.22µm filter,95% EtOH,,SPA,,86.336,,,,"58.1793,  -134.27926",18:24,,2:24,,1000,5.5,,32.7,,,25.014,Oxygen % Sat,Kesten Bozinovic,,FALSE,,,Planned extractions for Run 4,Lab -20˚C,FALSE,FALSE,
E1563.RC0083,1563,,,FALSE,RC0083,RC Alaska OA Cruise 2022,8/23/2022,08/21/22,,CTD082,4,Niskin; Sterivex 0.22µm filter,95% EtOH,,SPA,,3.202,,,,"58.17922,  -134.27995",18:27,,2:27,,1000,13.2,,14.6,,,102.776,Oxygen % Sat,Kesten Bozinovic,,FALSE,,,Planned extractions for Run 4,Lab -20˚C,FALSE,FALSE,
E1564.RC0083,1564,,,FALSE,RC0083,RC Alaska OA Cruise 2022,8/23/2022,08/23/22,,CTD117,1,Niskin; Sterivex 0.22µm filter,95% EtOH,,MCS1,,397.037,,,,"56.47108,  -134.45546",10:43,,18:43,,1000,5.3,,33.9,,,19.79,Oxygen % Sat,Kesten Bozinovic,"very slightly raining, possible cross contamination",FALSE,,,Planned extractions for Run 4,Lab -20˚C,FALSE,FALSE,
E1565.RC0083,1565,,,FALSE,RC0083,RC Alaska OA Cruise 2022,8/23/2022,08/23/22,,CTD117,4,Niskin; Sterivex 0.22µm filter,95% EtOH,,MCS1,,99.895,,,,"56.47078,  -134.45484",10:53,,18:53,,1000,6.5,,32.6,,,38.551,Oxygen % Sat,Kesten Bozinovic,"very slightly raining, possible cross contamination",FALSE,,,Planned extractions for Run 4,Lab -20˚C,FALSE,FALSE,
E1566.RC0083,1566,,,FALSE,RC0083,RC Alaska OA Cruise 2022,8/24/2022,08/23/22,,CTD117,8,Niskin; Sterivex 0.22µm filter,95% EtOH,,MCS1,,2.928,,,,"56.4701,  -134.45446",10:59,,18:59,,1000,11.1,,27.9,,,86.964,Oxygen % Sat,Kesten Bozinovic,"very slightly raining, possible cross contamination",FALSE,,,Planned extractions for Run 4,Lab -20˚C,FALSE,FALSE,
E1567.RC0083,1567,,,FALSE,RC0083,RC Alaska OA Cruise 2022,8/24/2022,08/23/22,,CTD129,1,Niskin; Sterivex 0.22µm filter,95% EtOH,,MSC3B,,846.944,,,,"57.25776,  -134.70744",23:33,,7:33,,1000,5.1,,33.9,,,17.454,Oxygen % Sat,Kesten Bozinovic,,FALSE,,,Planned extractions for Run 4,Lab -20˚C,FALSE,FALSE,
E1568.RC0083,1568,,,FALSE,RC0083,RC Alaska OA Cruise 2022,8/24/2022,08/23/22,,CTD129,5,Niskin; Sterivex 0.22µm filter,95% EtOH,,MSC3B,,149.973,,,,"57.26152,  -134.70915",23:53,,7:53,,1000,5.7,,33.2,,,28.659,Oxygen % Sat,Kesten Bozinovic,,FALSE,,,Planned extractions for Run 4,Lab -20˚C,FALSE,FALSE,
E1569.RC0083,1569,,,FALSE,RC0083,RC Alaska OA Cruise 2022,8/24/2022,08/24/22,,CTD129,10,Niskin; Sterivex 0.22µm filter,95% EtOH,,MSC3B,,3.147,,,,"57.26325,  -134.71018",00:00,,8:00,,1000,11.4,,28.6,,,104.241,Oxygen % Sat,Kesten Bozinovic,,FALSE,,,Planned extractions for Run 4,Lab -20˚C,FALSE,FALSE,
E1570.RC0083,1570,,,FALSE,RC0083,RC Alaska OA Cruise 2022,8/24/2022,08/24/22,,CTD133,1,Niskin; Sterivex 0.22µm filter,95% EtOH,,MCS5B,,546.205,,,,"57.93548,  -134.8145",06:56,,14:56,,1000,5.1,,33.8,,,17.99,Oxygen % Sat,Kesten Bozinovic,,FALSE,,,Planned extractions for Run 4,Lab -20˚C,FALSE,FALSE,
E1571.RC0083,1571,,,FALSE,RC0083,RC Alaska OA Cruise 2022,8/24/2022,08/24/22,,CTD133,5,Niskin; Sterivex 0.22µm filter,95% EtOH,,MCS5B,,75.316,,,,"57.93825,  -134.81202",07:11,,15:11,,1000,5.7,,31.9,,,48.208,Oxygen % Sat,Kesten Bozinovic,,FALSE,,,Planned extractions for Run 4,Lab -20˚C,FALSE,FALSE,
E1572.RC0083,1572,,,FALSE,RC0083,RC Alaska OA Cruise 2022,8/24/2022,08/24/22,,CTD133,9,Niskin; Sterivex 0.22µm filter,95% EtOH,,MCS5B,,3.199,,,,"57.93979,  -134.8112",07:17,,15:17,,600,14.9,,23.7,,,96.969,Oxygen % Sat,Kesten Bozinovic,"filter airlocked, ~600mL filtered",FALSE,,,Planned extractions for Run 4,Lab -20˚C,FALSE,FALSE,
E1573.NC.RC0083,1573,,,TRUE,RC0083,RC Alaska OA Cruise 2022,8/24/2022,08/24/22,,,-,Sterivex 0.22µm filter,95% EtOH,,-,,-,,-,-,,-,,-,,1000,-,,-,,,-,Oxygen % Sat,Kesten Bozinovic,,FALSE,,,Planned extractions for Run 4,Lab -20˚C,FALSE,FALSE,
E1574.NC.,1574,,,TRUE,,WOAC Fall 2022,,9/12/2022,,-,-,Sterivex 0.22µm filter,95% EtOH,,,,-,,,,,,,,,,,,,,,,,Jackson Page-Roth,,FALSE,,,,Lab -20˚C,FALSE,FALSE,
E1575.1T.,1575,,1,FALSE,,WOAC Fall 2022,,9/12/2022,,P28,11,Niskin; Sterivex 0.22µm filter,95% EtOH,,,,0.0,,42° 42.360' W,122° 27.199' W,,08:20,,,,,,,,,,,,Jackson Page-Roth,,FALSE,,,,Lab -20˚C,FALSE,FALSE,
E1575.2T.,1575,,2,FALSE,,WOAC Fall 2022,,9/12/2022,,P28,11,Niskin; Sterivex 0.22µm filter,95% EtOH,,,,0.0,,42° 42.360' W,122° 27.199' W,,08:20,,,,,,,,,,,,Jackson Page-Roth,,FALSE,,,,Lab -20˚C,FALSE,FALSE,
E1575.3T.,1575,,3,FALSE,,WOAC Fall 2022,,9/12/2022,,P28,11,Niskin; Sterivex 0.22µm filter,95% EtOH,,,,0.0,,42° 42.360' W,122° 27.199' W,,08:20,,,,,,,,,,,,Jackson Page-Roth,,FALSE,,,,Lab -20˚C,FALSE,FALSE,
E1576.1T.,1576,,1,FALSE,,WOAC Fall 2022,,9/12/2022,,P28,4,Niskin; Sterivex 0.22µm filter,95% EtOH,,,,100.0,,42° 42.360' W,122° 27.199' W,,08:20,,,,,,,,,,,,Jackson Page-Roth,,FALSE,,,,Lab -20˚C,FALSE,FALSE,
E1576.2T.,1576,,2,FALSE,,WOAC Fall 2022,,9/12/2022,,P28,4,Niskin; Sterivex 0.22µm filter,95% EtOH,,,,100.0,,42° 42.360' W,122° 27.199' W,,08:20,,,,,,,,,,,,Jackson Page-Roth,,FALSE,,,,Lab -20˚C,FALSE,FALSE,
E1576.3T.,1576,,3,FALSE,,WOAC Fall 2022,,9/12/2022,,P28,4,Niskin; Sterivex 0.22µm filter,95% EtOH,,,,100.0,,42° 42.360' W,122° 27.199' W,,08:20,,,,,,,,,,,,Jackson Page-Roth,Niskin ran out so bottle was filled with ~900 mL,FALSE,,,,Lab -20˚C,FALSE,FALSE,
E1577.1T.,1577,,1,FALSE,,WOAC Fall 2022,,9/12/2022,,P28,2,Niskin; Sterivex 0.22µm filter,95% EtOH,,,,bottom,,42° 42.360' W,122° 27.199' W,,08:20,,,,,,,,,,,,Jackson Page-Roth,,FALSE,,,,Lab -20˚C,FALSE,FALSE,
E1577.2T.,1577,,2,FALSE,,WOAC Fall 2022,,9/12/2022,,P28,2,Niskin; Sterivex 0.22µm filter,95% EtOH,,,,bottom,,42° 42.360' W,122° 27.199' W,,08:20,,,,,,,,,,,,Jackson Page-Roth,,FALSE,,,,Lab -20˚C,FALSE,FALSE,
E1577.3T.,1577,,3,FALSE,,WOAC Fall 2022,,9/12/2022,,P28,2,Niskin; Sterivex 0.22µm filter,95% EtOH,,,,bottom,,42° 42.360' W,122° 27.199' W,,08:20,,,,,,,,,,,,Jackson Page-Roth,Sterivex started leaking,FALSE,,,,Lab -20˚C,FALSE,FALSE,
E1578.1T.,1578,,1,FALSE,,WOAC Fall 2022,,9/12/2022,,P4,9,Niskin; Sterivex 0.22µm filter,95% EtOH,,,,0.0,,40° 14.658' W,122° 33.209' W,,15:45,,,,,,,,,,,,Jackson Page-Roth,,FALSE,,,,Lab -20˚C,FALSE,FALSE,
E1578.2T.,1578,,2,FALSE,,WOAC Fall 2022,,9/12/2022,,P4,9,Niskin; Sterivex 0.22µm filter,95% EtOH,,,,0.0,,40° 14.658' W,122° 33.209' W,,15:45,,,,,,,,,,,,Jackson Page-Roth,,FALSE,,,,Lab -20˚C,FALSE,FALSE,
E1578.3T.,1578,,3,FALSE,,WOAC Fall 2022,,9/12/2022,,P4,9,Niskin; Sterivex 0.22µm filter,95% EtOH,,,,0.0,,40° 14.658' W,122° 33.209' W,,15:45,,,,,,,,,,,,Jackson Page-Roth,Minor sterivex leak during filtering,FALSE,,,,Lab -20˚C,FALSE,FALSE,
E1579.1T.,1579,,1,FALSE,,WOAC Fall 2022,,9/12/2022,,P4,5,Niskin; Sterivex 0.22µm filter,95% EtOH,,,,20.0,,40° 14.658' W,122° 33.209' W,,15:45,,,,,,,,,,,,Jackson Page-Roth,,FALSE,,,,Lab -20˚C,FALSE,FALSE,
E1579.2T.,1579,,2,FALSE,,WOAC Fall 2022,,9/12/2022,,P4,5,Niskin; Sterivex 0.22µm filter,95% EtOH,,,,20.0,,40° 14.658' W,122° 33.209' W,,15:45,,,,,,,,,,,,Jackson Page-Roth,,FALSE,,,,Lab -20˚C,FALSE,FALSE,
E1579.3T.,1579,,3,FALSE,,WOAC Fall 2022,,9/12/2022,,P4,5,Niskin; Sterivex 0.22µm filter,95% EtOH,,,,20.0,,40° 14.658' W,122° 33.209' W,,15:45,,,,,,,,,,,,Jackson Page-Roth,,FALSE,,,,Lab -20˚C,FALSE,FALSE,
E1580.1T.,1580,,1,FALSE,,WOAC Fall 2022,,9/12/2022,,P4,2,Niskin; Sterivex 0.22µm filter,95% EtOH,,,,bottom,,40° 14.658' W,122° 33.209' W,,15:45,,,,,,,,,,,,Jackson Page-Roth,,FALSE,,,,Lab -20˚C,FALSE,FALSE,
E1580.2T.,1580,,2,FALSE,,WOAC Fall 2022,,9/12/2022,,P4,2,Niskin; Sterivex 0.22µm filter,95% EtOH,,,,bottom,,40° 14.658' W,122° 33.209' W,,15:45,,,,,,,,,,,,Jackson Page-Roth,,FALSE,,,,Lab -20˚C,FALSE,FALSE,
E1580.3T.,1580,,3,FALSE,,WOAC Fall 2022,,9/12/2022,,P4,2,Niskin; Sterivex 0.22µm filter,95% EtOH,,,,bottom,,40° 14.658' W,122° 33.209' W,,15:45,,,,,,,,,,,,Jackson Page-Roth,,FALSE,,,,Lab -20˚C,FALSE,FALSE,
E1581.1T.,1581,,1,FALSE,,WOAC Fall 2022,,9/13/2022,,P22,10,Niskin; Sterivex 0.22µm filter,95% EtOH,,,,0.0,,48° 16.079' W,123° 1.531' W,,09:40,,,,,,,,,,,,Jackson Page-Roth,,FALSE,,,,Lab -20˚C,FALSE,FALSE,
E1581.2T.,1581,,2,FALSE,,WOAC Fall 2022,,9/13/2022,,P22,10,Niskin; Sterivex 0.22µm filter,95% EtOH,,,,0.0,,48° 16.079' W,123° 1.531' W,,09:40,,,,,,,,,,,,Jackson Page-Roth,,FALSE,,,,Lab -20˚C,FALSE,FALSE,
E1581.3T.,1581,,3,FALSE,,WOAC Fall 2022,,9/13/2022,,P22,10,Niskin; Sterivex 0.22µm filter,95% EtOH,,,,0.0,,48° 16.079' W,123° 1.531' W,,09:40,,,,,,,,,,,,Jackson Page-Roth,,FALSE,,,,Lab -20˚C,FALSE,FALSE,
E1582.1T.,1582,,1,FALSE,,WOAC Fall 2022,,9/13/2022,,P22,5,Niskin; Sterivex 0.22µm filter,95% EtOH,,,,50.0,,48° 16.079' W,123° 1.531' W,,09:40,,,,,,,,,,,,Jackson Page-Roth,Sterivex fell on the ground after being capped,FALSE,,,,Lab -20˚C,FALSE,FALSE,
E1582.2T.,1582,,2,FALSE,,WOAC Fall 2022,,9/13/2022,,P22,5,Niskin; Sterivex 0.22µm filter,95% EtOH,,,,50.0,,48° 16.079' W,123° 1.531' W,,09:40,,,,,,,,,,,,Jackson Page-Roth,,FALSE,,,,Lab -20˚C,FALSE,FALSE,
E1582.3T.,1582,,3,FALSE,,WOAC Fall 2022,,9/13/2022,,P22,5,Niskin; Sterivex 0.22µm filter,95% EtOH,,,,50.0,,48° 16.079' W,123° 1.531' W,,09:40,,,,,,,,,,,,Jackson Page-Roth,,FALSE,,,,Lab -20˚C,FALSE,FALSE,
E1583.1T.,1583,,1,FALSE,,WOAC Fall 2022,,9/13/2022,,P22,2,Niskin; Sterivex 0.22µm filter,95% EtOH,,,,bottom,,48° 16.079' W,123° 1.531' W,,09:40,,,,,,,,,,,,Jackson Page-Roth,,FALSE,,,,Lab -20˚C,FALSE,FALSE,
E1583.2T.,1583,,2,FALSE,,WOAC Fall 2022,,9/13/2022,,P22,2,Niskin; Sterivex 0.22µm filter,95% EtOH,,,,bottom,,48° 16.079' W,123° 1.531' W,,09:40,,,,,,,,,,,,Jackson Page-Roth,,FALSE,,,,Lab -20˚C,FALSE,FALSE,
E1583.3T.,1583,,3,FALSE,,WOAC Fall 2022,,9/13/2022,,P22,2,Niskin; Sterivex 0.22µm filter,95% EtOH,,,,bottom,,48° 16.079' W,123° 1.531' W,,09:40,,,,,,,,,,,,Jackson Page-Roth,,FALSE,,,,Lab -20˚C,FALSE,FALSE,
E1584.1T.,1584,,1,FALSE,,WOAC Fall 2022,,9/13/2022,,P7,10,Niskin; Sterivex 0.22µm filter,95% EtOH,,,,0.0,,47° 59.099' W,122° 37.244' W,,14:20,,,,,,,,,,,,Jackson Page-Roth,,FALSE,,,,Lab -20˚C,FALSE,FALSE,
E1584.2T.,1584,,2,FALSE,,WOAC Fall 2022,,9/13/2022,,P7,10,Niskin; Sterivex 0.22µm filter,95% EtOH,,,,0.0,,47° 59.099' W,122° 37.244' W,,14:20,,,,,,,,,,,,Jackson Page-Roth,,FALSE,,,,Lab -20˚C,FALSE,FALSE,
E1584.3T.,1584,,3,FALSE,,WOAC Fall 2022,,9/13/2022,,P7,10,Niskin; Sterivex 0.22µm filter,95% EtOH,,,,0.0,,47° 59.099' W,122° 37.244' W,,14:20,,,,,,,,,,,,Jackson Page-Roth,,FALSE,,,,Lab -20˚C,FALSE,FALSE,
E1585.1T.,1585,,1,FALSE,,WOAC Fall 2022,,9/13/2022,,P7,6,Niskin; Sterivex 0.22µm filter,95% EtOH,,,,20.0,,47° 59.099' W,122° 37.244' W,,14:20,,,,,,,,,,,,Jackson Page-Roth,,FALSE,,,,Lab -20˚C,FALSE,FALSE,
E1585.2T.,1585,,2,FALSE,,WOAC Fall 2022,,9/13/2022,,P7,6,Niskin; Sterivex 0.22µm filter,95% EtOH,,,,20.0,,47° 59.099' W,122° 37.244' W,,14:20,,,,,,,,,,,,Jackson Page-Roth,,FALSE,,,,Lab -20˚C,FALSE,FALSE,
E1585.3T.,1585,,3,FALSE,,WOAC Fall 2022,,9/13/2022,,P7,6,Niskin; Sterivex 0.22µm filter,95% EtOH,,,,20.0,,47° 59.099' W,122° 37.244' W,,14:20,,,,,,,,,,,,Jackson Page-Roth,,FALSE,,,,Lab -20˚C,FALSE,FALSE,
E1586.1T.,1586,,1,FALSE,,WOAC Fall 2022,,9/13/2022,,P7,2,Niskin; Sterivex 0.22µm filter,95% EtOH,,,,bottom,,47° 59.099' W,122° 37.244' W,,14:20,,,,,,,,,,,,Jackson Page-Roth,,FALSE,,,,Lab -20˚C,FALSE,FALSE,
E1586.2T.,1586,,2,FALSE,,WOAC Fall 2022,,9/13/2022,,P7,2,Niskin; Sterivex 0.22µm filter,95% EtOH,,,,bottom,,47° 59.099' W,122° 37.244' W,,14:20,,,,,,,,,,,,Jackson Page-Roth,,FALSE,,,,Lab -20˚C,FALSE,FALSE,
E1586.3T.,1586,,3,FALSE,,WOAC Fall 2022,,9/13/2022,,P7,2,Niskin; Sterivex 0.22µm filter,95% EtOH,,,,bottom,,47° 59.099' W,122° 37.244' W,,14:20,,,,,,,,,,,,Jackson Page-Roth,,FALSE,,,,Lab -20˚C,FALSE,FALSE,
E1587.1T.,1587,,1,FALSE,,WOAC Fall 2022,,9/13/2022,,P8,11,Niskin; Sterivex 0.22µm filter,95% EtOH,,,,0.0,,47° 52.730' W,122° 36.277' W,,15:15,,,,,,,,,,,,Jackson Page-Roth,,FALSE,,,,Lab -20˚C,FALSE,FALSE,
E1587.2T.,1587,,2,FALSE,,WOAC Fall 2022,,9/13/2022,,P8,11,Niskin; Sterivex 0.22µm filter,95% EtOH,,,,0.0,,47° 52.730' W,122° 36.277' W,,15:15,,,,,,,,,,,,Jackson Page-Roth,,FALSE,,,,Lab -20˚C,FALSE,FALSE,
E1587.3T.,1587,,3,FALSE,,WOAC Fall 2022,,9/13/2022,,P8,11,Niskin; Sterivex 0.22µm filter,95% EtOH,,,,0.0,,47° 52.730' W,122° 36.277' W,,15:15,,,,,,,,,,,,Jackson Page-Roth,,FALSE,,,,Lab -20˚C,FALSE,FALSE,
E1588.1T.,1588,,1,FALSE,,WOAC Fall 2022,,9/13/2022,,P8,6,Niskin; Sterivex 0.22µm filter,95% EtOH,,,,50.0,,47° 52.730' W,122° 36.277' W,,15:15,,,,,,,,,,,,Jackson Page-Roth,,FALSE,,,,Lab -20˚C,FALSE,FALSE,
E1588.2T.,1588,,2,FALSE,,WOAC Fall 2022,,9/13/2022,,P8,6,Niskin; Sterivex 0.22µm filter,95% EtOH,,,,50.0,,47° 52.730' W,122° 36.277' W,,15:15,,,,,,,,,,,,Jackson Page-Roth,,FALSE,,,,Lab -20˚C,FALSE,FALSE,
E1588.3T.,1588,,3,FALSE,,WOAC Fall 2022,,9/13/2022,,P8,6,Niskin; Sterivex 0.22µm filter,95% EtOH,,,,50.0,,47° 52.730' W,122° 36.277' W,,15:15,,,,,,,,,,,,Jackson Page-Roth,,FALSE,,,,Lab -20˚C,FALSE,FALSE,
E1589.1T.,1589,,1,FALSE,,WOAC Fall 2022,,9/13/2022,,P8,2,Niskin; Sterivex 0.22µm filter,95% EtOH,,,,bottom,,47° 52.730' W,122° 36.277' W,,15:15,,,,,,,,,,,,Jackson Page-Roth,,FALSE,,,,Lab -20˚C,FALSE,FALSE,
E1589.2T.,1589,,2,FALSE,,WOAC Fall 2022,,9/13/2022,,P8,2,Niskin; Sterivex 0.22µm filter,95% EtOH,,,,bottom,,47° 52.730' W,122° 36.277' W,,15:15,,,,,,,,,,,,Jackson Page-Roth,,FALSE,,,,Lab -20˚C,FALSE,FALSE,
E1589.3T.,1589,,3,FALSE,,WOAC Fall 2022,,9/13/2022,,P8,2,Niskin; Sterivex 0.22µm filter,95% EtOH,,,,bottom,,47° 52.730' W,122° 36.277' W,,15:15,,,,,,,,,,,,Jackson Page-Roth,,FALSE,,,,Lab -20˚C,FALSE,FALSE,
E1590.NC.,1590,,,TRUE,,WOAC Fall 2022,,9/14/2022,,-,-,Sterivex 0.22µm filter,95% EtOH,,,,-,,-,-,,-,,,,,,,,,,,,Jackson Page-Roth,,FALSE,,,,Lab -20˚C,FALSE,FALSE,
E1591.1T.,1591,,1,FALSE,,WOAC Fall 2022,,9/14/2022,,P10,10,Niskin; Sterivex 0.22µm filter,95% EtOH,,,,0.0,,47° 47.972' W,122° 43.238' W,,08:30,,,,,,,,,,,,Jackson Page-Roth,Sterivex started leaking,FALSE,,,,Lab -20˚C,FALSE,FALSE,
E1591.2T.,1591,,2,FALSE,,WOAC Fall 2022,,9/14/2022,,P10,10,Niskin; Sterivex 0.22µm filter,95% EtOH,,,,0.0,,47° 47.972' W,122° 43.238' W,,08:30,,,,,,,,,,,,Jackson Page-Roth,,FALSE,,,,Lab -20˚C,FALSE,FALSE,
E1591.3T.,1591,,3,FALSE,,WOAC Fall 2022,,9/14/2022,,P10,10,Niskin; Sterivex 0.22µm filter,95% EtOH,,,,0.0,,47° 47.972' W,122° 43.238' W,,08:30,,,,,,,,,,,,Jackson Page-Roth,,FALSE,,,,Lab -20˚C,FALSE,FALSE,
E1592.1T.,1592,,1,FALSE,,WOAC Fall 2022,,9/14/2022,,P10,5,Niskin; Sterivex 0.22µm filter,95% EtOH,,,,20.0,,47° 47.972' W,122° 43.238' W,,08:30,,,,,,,,,,,,Jackson Page-Roth,Sharpie on end cap removed with chemical?,FALSE,,,,Lab -20˚C,FALSE,FALSE,
E1592.2T.,1592,,2,FALSE,,WOAC Fall 2022,,9/14/2022,,P10,5,Niskin; Sterivex 0.22µm filter,95% EtOH,,,,20.0,,47° 47.972' W,122° 43.238' W,,08:30,,,,,,,,,,,,Jackson Page-Roth,,FALSE,,,,Lab -20˚C,FALSE,FALSE,
E1592.3T.,1592,,3,FALSE,,WOAC Fall 2022,,9/14/2022,,P10,5,Niskin; Sterivex 0.22µm filter,95% EtOH,,,,20.0,,47° 47.972' W,122° 43.238' W,,08:30,,,,,,,,,,,,Jackson Page-Roth,,FALSE,,,,Lab -20˚C,FALSE,FALSE,
E1593.1T.,1593,,1,FALSE,,WOAC Fall 2022,,9/14/2022,,P10,2,Niskin; Sterivex 0.22µm filter,95% EtOH,,,,bottom,,47° 47.972' W,122° 43.238' W,,08:30,,,,,,,,,,,,Jackson Page-Roth,,FALSE,,,,Lab -20˚C,FALSE,FALSE,
E1593.2T.,1593,,2,FALSE,,WOAC Fall 2022,,9/14/2022,,P10,2,Niskin; Sterivex 0.22µm filter,95% EtOH,,,,bottom,,47° 47.972' W,122° 43.238' W,,08:30,,,,,,,,,,,,Jackson Page-Roth,,FALSE,,,,Lab -20˚C,FALSE,FALSE,
E1593.3T.,1593,,3,FALSE,,WOAC Fall 2022,,9/14/2022,,P10,2,Niskin; Sterivex 0.22µm filter,95% EtOH,,,,bottom,,47° 47.972' W,122° 43.238' W,,08:30,,,,,,,,,,,,Jackson Page-Roth,,FALSE,,,,Lab -20˚C,FALSE,FALSE,
E1594.1T.,1594,,1,FALSE,,WOAC Fall 2022,,9/14/2022,,P12,10,Niskin; Sterivex 0.22µm filter,95% EtOH,,,,0.0,,47° 25.574' W,123° 6.413' W,,13:30,,,,,,,,,,,,Jackson Page-Roth,,FALSE,,,,Lab -20˚C,FALSE,FALSE,
E1594.2T.,1594,,2,FALSE,,WOAC Fall 2022,,9/14/2022,,P12,10,Niskin; Sterivex 0.22µm filter,95% EtOH,,,,0.0,,47° 25.574' W,123° 6.413' W,,13:30,,,,,,,,,,,,Jackson Page-Roth,,FALSE,,,,Lab -20˚C,FALSE,FALSE,
E1594.3T.,1594,,3,FALSE,,WOAC Fall 2022,,9/14/2022,,P12,10,Niskin; Sterivex 0.22µm filter,95% EtOH,,,,0.0,,47° 25.574' W,123° 6.413' W,,13:30,,,,,,,,,,,,Jackson Page-Roth,,FALSE,,,,Lab -20˚C,FALSE,FALSE,
E1595.1T.,1595,,1,FALSE,,WOAC Fall 2022,,9/14/2022,,P12,5,Niskin; Sterivex 0.22µm filter,95% EtOH,,,,50.0,,47° 25.574' W,123° 6.413' W,,13:30,,,,,,,,,,,,Jackson Page-Roth,,FALSE,,,,Lab -20˚C,FALSE,FALSE,
E1595.2T.,1595,,2,FALSE,,WOAC Fall 2022,,9/14/2022,,P12,5,Niskin; Sterivex 0.22µm filter,95% EtOH,,,,50.0,,47° 25.574' W,123° 6.413' W,,13:30,,,,,,,,,,,,Jackson Page-Roth,Sterivex shot off tube,FALSE,,,,Lab -20˚C,FALSE,FALSE,
E1595.3T.,1595,,3,FALSE,,WOAC Fall 2022,,9/14/2022,,P12,5,Niskin; Sterivex 0.22µm filter,95% EtOH,,,,50.0,,47° 25.574' W,123° 6.413' W,,13:30,,,,,,,,,,,,Jackson Page-Roth,,FALSE,,,,Lab -20˚C,FALSE,FALSE,
E1596.1T.,1596,,1,FALSE,,WOAC Fall 2022,,9/14/2022,,P12,2,Niskin; Sterivex 0.22µm filter,95% EtOH,,,,bottom,,47° 25.574' W,123° 6.413' W,,13:30,,,,,,,,,,,,Jackson Page-Roth,,FALSE,,,,Lab -20˚C,FALSE,FALSE,
E1596.2T.,1596,,2,FALSE,,WOAC Fall 2022,,9/14/2022,,P12,2,Niskin; Sterivex 0.22µm filter,95% EtOH,,,,bottom,,47° 25.574' W,123° 6.413' W,,13:30,,,,,,,,,,,,Jackson Page-Roth,,FALSE,,,,Lab -20˚C,FALSE,FALSE,
E1596.3T.,1596,,3,FALSE,,WOAC Fall 2022,,9/14/2022,,P12,2,Niskin; Sterivex 0.22µm filter,95% EtOH,,,,bottom,,47° 25.574' W,123° 6.413' W,,13:30,,,,,,,,,,,,Jackson Page-Roth,,FALSE,,,,Lab -20˚C,FALSE,FALSE,
E1597.1T.,1597,,1,FALSE,,WOAC Fall 2022,,9/14/2022,,P402,8,Niskin; Sterivex 0.22µm filter,95% EtOH,,,,0.0,,47° 21.412' W,123° 1.430' W,,15:20,,,,,,,,,,,,Jackson Page-Roth,,FALSE,,,,Lab -20˚C,FALSE,FALSE,
E1597.2T.,1597,,2,FALSE,,WOAC Fall 2022,,9/14/2022,,P402,8,Niskin; Sterivex 0.22µm filter,95% EtOH,,,,0.0,,47° 21.412' W,123° 1.430' W,,15:20,,,,,,,,,,,,Jackson Page-Roth,,FALSE,,,,Lab -20˚C,FALSE,FALSE,
E1597.3T.,1597,,3,FALSE,,WOAC Fall 2022,,9/14/2022,,P402,8,Niskin; Sterivex 0.22µm filter,95% EtOH,,,,0.0,,47° 21.412' W,123° 1.430' W,,15:20,,,,,,,,,,,,Jackson Page-Roth,,FALSE,,,,Lab -20˚C,FALSE,FALSE,
E1598.1T.,1598,,1,FALSE,,WOAC Fall 2022,,9/14/2022,,P402,5,Niskin; Sterivex 0.22µm filter,95% EtOH,,,,20.0,,47° 21.412' W,123° 1.430' W,,15:20,,,,,,,,,,,,Jackson Page-Roth,,FALSE,,,,Lab -20˚C,FALSE,FALSE,
E1598.2T.,1598,,2,FALSE,,WOAC Fall 2022,,9/14/2022,,P402,5,Niskin; Sterivex 0.22µm filter,95% EtOH,,,,20.0,,47° 21.412' W,123° 1.430' W,,15:20,,,,,,,,,,,,Jackson Page-Roth,,FALSE,,,,Lab -20˚C,FALSE,FALSE,
E1598.3T.,1598,,3,FALSE,,WOAC Fall 2022,,9/14/2022,,P402,5,Niskin; Sterivex 0.22µm filter,95% EtOH,,,,20.0,,47° 21.412' W,123° 1.430' W,,15:20,,,,,,,,,,,,Jackson Page-Roth,,FALSE,,,,Lab -20˚C,FALSE,FALSE,
E1599.1T.,1599,,1,FALSE,,WOAC Fall 2022,,9/14/2022,,P402,2,Niskin; Sterivex 0.22µm filter,95% EtOH,,,,bottom,,47° 21.412' W,123° 1.430' W,,15:20,,,,,,,,,,,,Jackson Page-Roth,,FALSE,,,,Lab -20˚C,FALSE,FALSE,
E1599.2T.,1599,,2,FALSE,,WOAC Fall 2022,,9/14/2022,,P402,2,Niskin; Sterivex 0.22µm filter,95% EtOH,,,,bottom,,47° 21.412' W,123° 1.430' W,,15:20,,,,,,,,,,,,Jackson Page-Roth,,FALSE,,,,Lab -20˚C,FALSE,FALSE,
E1599.3T.,1599,,3,FALSE,,WOAC Fall 2022,,9/14/2022,,P402,2,Niskin; Sterivex 0.22µm filter,95% EtOH,,,,bottom,,47° 21.412' W,123° 1.430' W,,15:20,,,,,,,,,,,,Jackson Page-Roth,,FALSE,,,,Lab -20˚C,FALSE,FALSE,
E1600.1T.,1600,,1,FALSE,,WOAC Fall 2022,,9/15/2022,,P29,12,Niskin; Sterivex 0.22µm filter,95% EtOH,,,,0.0,,47° 33.401' W,122° 26.525' W,,12:30,,,,,,,,,,,,Jackson Page-Roth,Sterivex leaked a little,FALSE,,,,Lab -20˚C,FALSE,FALSE,
E1600.2T.,1600,,2,FALSE,,WOAC Fall 2022,,9/15/2022,,P29,12,Niskin; Sterivex 0.22µm filter,95% EtOH,,,,0.0,,47° 33.401' W,122° 26.525' W,,12:30,,,,,,,,,,,,Jackson Page-Roth,,FALSE,,,,Lab -20˚C,FALSE,FALSE,
E1600.3T.,1600,,3,FALSE,,WOAC Fall 2022,,9/15/2022,,P29,12,Niskin; Sterivex 0.22µm filter,95% EtOH,,,,0.0,,47° 33.401' W,122° 26.525' W,,12:30,,,,,,,,,,,,Jackson Page-Roth,,FALSE,,,,Lab -20˚C,FALSE,FALSE,
E1601.1T.,1601,,1,FALSE,,WOAC Fall 2022,,9/15/2022,,P29,7,Niskin; Sterivex 0.22µm filter,95% EtOH,,,,50.0,,47° 33.401' W,122° 26.525' W,,12:30,,,,,,,,,,,,Jackson Page-Roth,,FALSE,,,,Lab -20˚C,FALSE,FALSE,
E1601.2T.,1601,,2,FALSE,,WOAC Fall 2022,,9/15/2022,,P29,7,Niskin; Sterivex 0.22µm filter,95% EtOH,,,,50.0,,47° 33.401' W,122° 26.525' W,,12:30,,,,,,,,,,,,Jackson Page-Roth,,FALSE,,,,Lab -20˚C,FALSE,FALSE,
E1601.3T.,1601,,3,FALSE,,WOAC Fall 2022,,9/15/2022,,P29,7,Niskin; Sterivex 0.22µm filter,95% EtOH,,,,50.0,,47° 33.401' W,122° 26.525' W,,12:30,,,,,,,,,,,,Jackson Page-Roth,,FALSE,,,,Lab -20˚C,FALSE,FALSE,
E1602.1T.,1602,,1,FALSE,,WOAC Fall 2022,,9/15/2022,,P29,1,Niskin; Sterivex 0.22µm filter,95% EtOH,,,,bottom,,47° 33.401' W,122° 26.525' W,,12:30,,,,,,,,,,,,Jackson Page-Roth,,FALSE,,,,Lab -20˚C,FALSE,FALSE,
E1602.2T.,1602,,2,FALSE,,WOAC Fall 2022,,9/15/2022,,P29,1,Niskin; Sterivex 0.22µm filter,95% EtOH,,,,bottom,,47° 33.401' W,122° 26.525' W,,12:30,,,,,,,,,,,,Jackson Page-Roth,,FALSE,,,,Lab -20˚C,FALSE,FALSE,
E1602.3T.,1602,,3,FALSE,,WOAC Fall 2022,,9/15/2022,09/15/22,P29,1,Niskin; Sterivex 0.22µm filter,95% EtOH,,,,bottom,,47° 33.401' W,122° 26.525' W,,12:30,,,,,,,,,,,,Jackson Page-Roth,,FALSE,,,,Lab -20˚C,FALSE,FALSE,
E1603.1T.,1603,,1,FALSE,,WOAC Fall 2022,,9/16/2022,,P36,11,Niskin; Sterivex 0.22µm filter,95% EtOH,,,,0.0,,47° 10.066' W,122° 47.022' W,,10:15,,,,,,,,,,,,Jackson Page-Roth,,FALSE,,,,Lab -20˚C,FALSE,FALSE,
E1603.2T.,1603,,2,FALSE,,WOAC Fall 2022,,9/16/2022,,P36,11,Niskin; Sterivex 0.22µm filter,95% EtOH,,,,0.0,,47° 10.066' W,122° 47.022' W,,10:15,,,,,,,,,,,,Jackson Page-Roth,,FALSE,,,,Lab -20˚C,FALSE,FALSE,
E1603.3T.,1603,,3,FALSE,,WOAC Fall 2022,,9/16/2022,,P36,11,Niskin; Sterivex 0.22µm filter,95% EtOH,,,,0.0,,47° 10.066' W,122° 47.022' W,,10:15,,,,,,,,,,,,Jackson Page-Roth,,FALSE,,,,Lab -20˚C,FALSE,FALSE,
E1604.1T.,1604,,1,FALSE,,WOAC Fall 2022,,9/16/2022,,P36,5,Niskin; Sterivex 0.22µm filter,95% EtOH,,,,50.0,,47° 10.066' W,122° 47.022' W,,10:15,,,,,,,,,,,,Jackson Page-Roth,,FALSE,,,,Lab -20˚C,FALSE,FALSE,
E1604.2T.,1604,,2,FALSE,,WOAC Fall 2022,,9/16/2022,,P36,5,Niskin; Sterivex 0.22µm filter,95% EtOH,,,,50.0,,47° 10.066' W,122° 47.022' W,,10:15,,,,,,,,,,,,Jackson Page-Roth,,FALSE,,,,Lab -20˚C,FALSE,FALSE,
E1604.3T.,1604,,3,FALSE,,WOAC Fall 2022,,9/16/2022,,P36,5,Niskin; Sterivex 0.22µm filter,95% EtOH,,,,50.0,,47° 10.066' W,122° 47.022' W,,10:15,,,,,,,,,,,,Jackson Page-Roth,,FALSE,,,,Lab -20˚C,FALSE,FALSE,
E1605.1T.,1605,,1,FALSE,,WOAC Fall 2022,,9/16/2022,,P36,2,Niskin; Sterivex 0.22µm filter,95% EtOH,,,,bottom,,47° 10.066' W,122° 47.022' W,,10:15,,,,,,,,,,,,Jackson Page-Roth,,FALSE,,,,Lab -20˚C,FALSE,FALSE,
E1605.2T.,1605,,2,FALSE,,WOAC Fall 2022,,9/16/2022,,P36,2,Niskin; Sterivex 0.22µm filter,95% EtOH,,,,bottom,,47° 10.066' W,122° 47.022' W,,10:15,,,,,,,,,,,,Jackson Page-Roth,,FALSE,,,,Lab -20˚C,FALSE,FALSE,
E1605.3T.,1605,,3,FALSE,,WOAC Fall 2022,,9/16/2022,,P36,2,Niskin; Sterivex 0.22µm filter,95% EtOH,,,,bottom,,47° 10.066' W,122° 47.022' W,,10:15,,,,,,,,,,,,Jackson Page-Roth,,FALSE,,,,Lab -20˚C,FALSE,FALSE,
E1606.1T.,1606,,1,FALSE,,WOAC Fall 2022,,9/16/2022,,P38,11,Niskin; Sterivex 0.22µm filter,95% EtOH,,,,0.0,,47° 16.684' W,122° 42.432' W,,11:30,,,,,,,,,,,,Jackson Page-Roth,,FALSE,,,,Lab -20˚C,FALSE,FALSE,
E1606.2T.,1606,,2,FALSE,,WOAC Fall 2022,,9/16/2022,,P38,11,Niskin; Sterivex 0.22µm filter,95% EtOH,,,,0.0,,47° 16.684' W,122° 42.432' W,,11:30,,,,,,,,,,,,Jackson Page-Roth,,FALSE,,,,Lab -20˚C,FALSE,FALSE,
E1606.3T.,1606,,3,FALSE,,WOAC Fall 2022,,9/16/2022,,P38,11,Niskin; Sterivex 0.22µm filter,95% EtOH,,,,0.0,,47° 16.684' W,122° 42.432' W,,11:30,,,,,,,,,,,,Jackson Page-Roth,,FALSE,,,,Lab -20˚C,FALSE,FALSE,
E1607.1T.,1607,,1,FALSE,,WOAC Fall 2022,,9/16/2022,,P38,5,Niskin; Sterivex 0.22µm filter,95% EtOH,,,,50.0,,47° 16.684' W,122° 42.432' W,,11:30,,,,,,,,,,,,Jackson Page-Roth,,FALSE,,,,Lab -20˚C,FALSE,FALSE,
E1607.2T.,1607,,2,FALSE,,WOAC Fall 2022,,9/16/2022,,P38,5,Niskin; Sterivex 0.22µm filter,95% EtOH,,,,50.0,,47° 16.684' W,122° 42.432' W,,11:30,,,,,,,,,,,,Jackson Page-Roth,,FALSE,,,,Lab -20˚C,FALSE,FALSE,
E1607.3T.,1607,,3,FALSE,,WOAC Fall 2022,,9/16/2022,,P38,5,Niskin; Sterivex 0.22µm filter,95% EtOH,,,,50.0,,47° 16.684' W,122° 42.432' W,,11:30,,,,,,,,,,,,Jackson Page-Roth,,FALSE,,,,Lab -20˚C,FALSE,FALSE,
E1608.1T.,1608,,1,FALSE,,WOAC Fall 2022,,9/16/2022,,P38,2,Niskin; Sterivex 0.22µm filter,95% EtOH,,,,bottom,,47° 16.684' W,122° 42.432' W,,11:30,,,,,,,,,,,,Jackson Page-Roth,,FALSE,,,,Lab -20˚C,FALSE,FALSE,
E1608.2T.,1608,,2,FALSE,,WOAC Fall 2022,,9/16/2022,,P38,2,Niskin; Sterivex 0.22µm filter,95% EtOH,,,,bottom,,47° 16.684' W,122° 42.432' W,,11:30,,,,,,,,,,,,Jackson Page-Roth,,FALSE,,,,Lab -20˚C,FALSE,FALSE,
E1608.3T.,1608,,3,FALSE,,WOAC Fall 2022,,9/16/2022,,P38,2,Niskin; Sterivex 0.22µm filter,95% EtOH,,,,bottom,,47° 16.684' W,122° 42.432' W,,11:30,,,,,,,,,,,,Jackson Page-Roth,,FALSE,,,,Lab -20˚C,FALSE,FALSE,
E1609.NC.,1609,,,TRUE,,WOAC Fall 2022,,9/16/2022,,-,-,Sterivex 0.22µm filter,95% EtOH,,,,-,,-,-,,-,,,,,,,,,,,,Jackson Page-Roth,,FALSE,,,,Lab -20˚C,FALSE,FALSE,
E1610.NC.DY2209,1610,,,TRUE,DY2209,EcoFOCI Fall Mooring 2022,,09/20/22,,-,-,Sterivex 0.22µm filter,95% EtOH,,,,-,,-,-,,,,-,,1000,,,,,,,,Shannon Brown,,FALSE,,,Planned extractions for Run 4,Lab -20˚C,FALSE,FALSE,
E1611.DY2209,1611,,,FALSE,DY2209,EcoFOCI Fall Mooring 2022,09/21/22,09/20/22,,CTD001,1,Niskin; Sterivex 0.22µm filter,95% EtOH,,M14,,33.0,,64° 00.23',163° 53.97',,,,5:10,,1000,,,,,,,,Shannon Brown,,FALSE,,,Planned extractions for Run 4,Lab -20˚C,FALSE,FALSE,
E1612.DY2209,1612,,,FALSE,DY2209,EcoFOCI Fall Mooring 2022,09/21/22,09/20/22,,CTD001,2,Niskin; Sterivex 0.22µm filter,95% EtOH,,M14,,20.0,,64° 00.23',163° 53.97',,,,5:10,,1000,,,,,,,,Shannon Brown,,FALSE,,,Planned extractions for Run 4,Lab -20˚C,FALSE,FALSE,
E1613.DY2209,1613,,,FALSE,DY2209,EcoFOCI Fall Mooring 2022,09/21/22,09/20/22,,CTD001,3,Niskin; Sterivex 0.22µm filter,95% EtOH,,M14,,10.0,,64° 00.23',163° 53.97',,,,5:10,,1000,,,,,,,,Shannon Brown,,FALSE,,,Planned extractions for Run 4,Lab -20˚C,FALSE,FALSE,
E1614.DY2209,1614,,,FALSE,DY2209,EcoFOCI Fall Mooring 2022,09/21/22,09/21/22,,CTD002,1,Niskin; Sterivex 0.22µm filter,95% EtOH,,DB02-3,,33.0,,64° 40.40',168° 13.10',,,,9:17,,1000,,,,,,,,Shannon Brown,,FALSE,,,Planned extractions for Run 4,Lab -20˚C,FALSE,FALSE,
E1615.DY2209,1615,,,FALSE,DY2209,EcoFOCI Fall Mooring 2022,09/21/22,09/21/22,,CTD002,2,Niskin; Sterivex 0.22µm filter,95% EtOH,,DB02-3,,20.0,,64° 40.40',168° 13.10',,,,9:17,,1000,,,,,,,,Shannon Brown,,FALSE,,,Planned extractions for Run 4,Lab -20˚C,FALSE,FALSE,
E1616.DY2209,1616,,,FALSE,DY2209,EcoFOCI Fall Mooring 2022,09/21/22,09/21/22,,CTD002,3,Niskin; Sterivex 0.22µm filter,95% EtOH,,DB02-3,,10.0,,64° 40.40',168° 13.10',,,,9:17,,1000,,,,,,,,Shannon Brown,,FALSE,,,Planned extractions for Run 4,Lab -20˚C,FALSE,FALSE,
E1617.DY2209,1617,,,FALSE,DY2209,EcoFOCI Fall Mooring 2022,09/21/22,09/21/22,,CTD003,1,Niskin; Sterivex 0.22µm filter,95% EtOH,,DB02-2,,41.0,,64° 40.75',169° 06.00',,,,12:00,,1000,,,,,,,,Shannon Brown,,FALSE,,,Planned extractions for Run 4,Lab -20˚C,FALSE,FALSE,
E1618.DY2209,1618,,,FALSE,DY2209,EcoFOCI Fall Mooring 2022,09/21/22,09/21/22,,CTD003,2,Niskin; Sterivex 0.22µm filter,95% EtOH,,DB02-2,,30.0,,64° 40.75',169° 06.00',,,,12:00,,1000,,,,,,,,Shannon Brown,,FALSE,,,Planned extractions for Run 4,Lab -20˚C,FALSE,FALSE,
E1619.DY2209,1619,,,FALSE,DY2209,EcoFOCI Fall Mooring 2022,09/21/22,09/21/22,,CTD003,5,Niskin; Sterivex 0.22µm filter,95% EtOH,,DB02-2,,10.0,,64° 40.75',169° 06.00',,,,12:00,,1000,,,,,,,,Shannon Brown,,FALSE,,,Planned extractions for Run 4,Lab -20˚C,FALSE,FALSE,
E1620.DY2209,1620,,,FALSE,DY2209,EcoFOCI Fall Mooring 2022,09/21/22,09/21/22,,CTD004,1,Niskin; Sterivex 0.22µm filter,95% EtOH,,DB02-5,,43.0,,64° 08.78',169° 08.78',,,,14:05,,1000,,,,,,,,Shannon Brown,,FALSE,,,Planned extractions for Run 4,Lab -20˚C,FALSE,FALSE,
E1621.DY2209,1621,,,FALSE,DY2209,EcoFOCI Fall Mooring 2022,09/21/22,09/21/22,,CTD004,2,Niskin; Sterivex 0.22µm filter,95% EtOH,,DB02-5,,30.0,,64° 08.78',169° 08.78',,,,14:05,,1000,,,,,,,,Shannon Brown,,FALSE,,,Planned extractions for Run 4,Lab -20˚C,FALSE,FALSE,
E1622.DY2209,1622,,,FALSE,DY2209,EcoFOCI Fall Mooring 2022,09/21/22,09/21/22,,CTD004,5,Niskin; Sterivex 0.22µm filter,95% EtOH,,DB02-5,,10.0,,64° 08.78',169° 08.78',,,,14:05,,1000,,,,,,,,Shannon Brown,,FALSE,,,Planned extractions for Run 4,Lab -20˚C,FALSE,FALSE,
E1622.NC.,1622,,,TRUE,,WOAC Cha'ba Cruise,,10/10/2022,,-,-,Sterivex 0.22µm filter,95% EtOH,,,,,,,,,10:01,,,,1000,,,,,,,,Sean McAllister,,TRUE,,,,Lab -20˚C,FALSE,FALSE,
E1623.1B.,1623,1,,FALSE,,WOAC Cha'ba Cruise,,10/10/2022,,P381,1,Niskin; Sterivex 0.22µm filter,95% EtOH,,,,95.0,,47°57.827',124°57.847',,07:45,,,,~900,,,,,,,,Sean McAllister,,TRUE,,,,Lab -20˚C,FALSE,FALSE,
E1623.2T.,1623,,2,FALSE,,WOAC Cha'ba Cruise,,10/10/2022,,P381,2,Niskin; Sterivex 0.22µm filter,95% EtOH,,,,95.0,,47°57.827',124°57.847',,07:45,,,,1000,,,,,,,,Sean McAllister,,TRUE,,,,Lab -20˚C,FALSE,FALSE,
E1623.3T.,1623,,3,FALSE,,WOAC Cha'ba Cruise,,10/10/2022,,P381,2,Niskin; Sterivex 0.22µm filter,95% EtOH,,,,95.0,,47°57.827',124°57.847',,07:45,,,,1000,,,,,,,,Sean McAllister,,TRUE,,,,Lab -20˚C,FALSE,FALSE,
E1624.1B.,1624,1,,FALSE,,WOAC Cha'ba Cruise,,10/10/2022,,P381,9,Niskin; Sterivex 0.22µm filter,95% EtOH,,,,50.0,,47°57.827',124°57.847',,07:45,,,,1000,,,,,,,,Sean McAllister,,TRUE,,,,Lab -20˚C,FALSE,FALSE,
E1624.2T.,1624,,2,FALSE,,WOAC Cha'ba Cruise,,10/10/2022,,P381,10,Niskin; Sterivex 0.22µm filter,95% EtOH,,,,50.0,,47°57.827',124°57.847',,07:45,,,,1000,,,,,,,,Sean McAllister,,TRUE,,,,Lab -20˚C,FALSE,FALSE,
E1624.3T.,1624,,3,FALSE,,WOAC Cha'ba Cruise,,10/10/2022,,P381,10,Niskin; Sterivex 0.22µm filter,95% EtOH,,,,50.0,,47°57.827',124°57.847',,07:45,,,,1000,,,,,,,,Sean McAllister,,TRUE,,,,Lab -20˚C,FALSE,FALSE,
E1625.1B.,1625,1,,FALSE,,WOAC Cha'ba Cruise,,10/10/2022,,P381,23,Niskin; Sterivex 0.22µm filter,95% EtOH,,,,0.0,,47°57.827',124°57.847',,07:45,,,,1000,,,,,,,,Sean McAllister,,TRUE,,,,Lab -20˚C,FALSE,FALSE,
E1625.2T.,1625,,2,FALSE,,WOAC Cha'ba Cruise,,10/10/2022,,P381,24,Niskin; Sterivex 0.22µm filter,95% EtOH,,,,0.0,,47°57.827',124°57.847',,07:45,,,,1000,,,,,,,,Sean McAllister,,TRUE,,,,Lab -20˚C,FALSE,FALSE,
E1625.3T.,1625,,3,FALSE,,WOAC Cha'ba Cruise,,10/10/2022,,P381,24,Niskin; Sterivex 0.22µm filter,95% EtOH,,,,0.0,,47°57.827',124°57.847',,07:45,,,,1000,,,,,,,,Sean McAllister,,TRUE,,,,Lab -20˚C,FALSE,FALSE,
E1626.1B.,1626,1,,FALSE,,WOAC Cha'ba Cruise,,10/12/2022,,P105,1,Niskin; Sterivex 0.22µm filter,95% EtOH,,,,330.0,,48°15.991',125°0.972',,02:12,,,,1000,,,,,,,,Sean McAllister,,TRUE,,,,Lab -20˚C,FALSE,FALSE,
E1626.2B.,1626,2,,FALSE,,WOAC Cha'ba Cruise,,10/12/2022,,P105,2,Niskin; Sterivex 0.22µm filter,95% EtOH,,,,330.0,,48°15.991',125°0.972',,02:12,,,,1000,,,,,,,,Sean McAllister,,TRUE,,,,Lab -20˚C,FALSE,FALSE,
E1626.3B.,1626,3,,FALSE,,WOAC Cha'ba Cruise,,10/12/2022,,P105,3,Niskin; Sterivex 0.22µm filter,95% EtOH,,,,330.0,,48°15.991',125°0.972',,02:12,,,,1000,,,,,,,,Sean McAllister,,TRUE,,,,Lab -20˚C,FALSE,FALSE,
E1627.1B.,1627,1,,FALSE,,WOAC Cha'ba Cruise,,10/12/2022,,P105,8,Niskin; Sterivex 0.22µm filter,95% EtOH,,,,100.0,,48°15.991',125°0.972',,02:12,,,,1000,,,,,,,,Sean McAllister,,TRUE,,,,Lab -20˚C,FALSE,FALSE,
E1627.2B.,1627,2,,FALSE,,WOAC Cha'ba Cruise,,10/12/2022,,P105,9,Niskin; Sterivex 0.22µm filter,95% EtOH,,,,100.0,,48°15.991',125°0.972',,02:12,,,,1000,,,,,,,,Sean McAllister,,TRUE,,,,Lab -20˚C,FALSE,FALSE,
E1627.3B.,1627,3,,FALSE,,WOAC Cha'ba Cruise,,10/12/2022,,P105,10,Niskin; Sterivex 0.22µm filter,95% EtOH,,,,100.0,,48°15.991',125°0.972',,02:12,,,,1000,,,,,,,,Sean McAllister,,TRUE,,,,Lab -20˚C,FALSE,FALSE,
E1628.1B.,1628,1,,FALSE,,WOAC Cha'ba Cruise,,10/12/2022,,P105,22,Niskin; Sterivex 0.22µm filter,95% EtOH,,,,0.0,,48°15.991',125°0.972',,02:12,,,,1000,,,,,,,,Sean McAllister,,TRUE,,,,Lab -20˚C,FALSE,FALSE,
E1628.2B.,1628,2,,FALSE,,WOAC Cha'ba Cruise,,10/12/2022,,P105,23,Niskin; Sterivex 0.22µm filter,95% EtOH,,,,0.0,,48°15.991',125°0.972',,02:12,,,,~900,,,,,,,,Sean McAllister,,TRUE,,,,Lab -20˚C,FALSE,FALSE,
E1628.3B.,1628,3,,FALSE,,WOAC Cha'ba Cruise,,10/12/2022,,P105,24,Niskin; Sterivex 0.22µm filter,95% EtOH,,,,0.0,,48°15.991',125°0.972',,02:12,,,,1000,,,,,,,,Sean McAllister,,TRUE,,,,Lab -20˚C,FALSE,FALSE,
E1629.,1629,,,FALSE,,WOAC Cha'ba Cruise,,10/13/2022,,P120,1,Niskin; Sterivex 0.22µm filter,95% EtOH,,,,280.0,,48°27.748',124°46.961',,02:11,,,,1000,,,,,,,,Sean McAllister,,TRUE,,,,Lab -20˚C,FALSE,FALSE,
E1630.,1630,,,FALSE,,WOAC Cha'ba Cruise,,10/13/2022,,P120,13,Niskin; Sterivex 0.22µm filter,95% EtOH,,,,30.0,,48°27.748',124°46.961',,02:11,,,,1000,,,,,,,,Sean McAllister,,TRUE,,,,Lab -20˚C,FALSE,FALSE,
E1631.,1631,,,FALSE,,WOAC Cha'ba Cruise,,10/13/2022,,P120,22,Niskin; Sterivex 0.22µm filter,95% EtOH,,,,0.0,,48°27.748',124°46.961',,02:11,,,,1000,,,,,,,,Sean McAllister,,TRUE,,,,Lab -20˚C,FALSE,FALSE,
E1632.,1632,,,FALSE,,WOAC Cha'ba Cruise,,10/14/2022,,P123,1,Niskin; Sterivex 0.22µm filter,95% EtOH,,,,225.0,,48°23.828',124°25.140',,03:39,,,,1000,,,,,,,,Sean McAllister,,TRUE,,,,Lab -20˚C,FALSE,FALSE,
E1633.,1633,,,FALSE,,WOAC Cha'ba Cruise,,10/14/2022,,P123,11,Niskin; Sterivex 0.22µm filter,95% EtOH,,,,30.0,,48°23.828',124°25.140',,03:39,,,,1000,,,,,,,,Sean McAllister,,FALSE,,,,Lab -20˚C,FALSE,FALSE,
E1634.,1634,,,FALSE,,WOAC Cha'ba Cruise,,10/14/2022,,P123,19,Niskin; Sterivex 0.22µm filter,95% EtOH,,,,0.0,,48°23.828',124°25.140',,03:39,,,,1000,,,,,,,,Sean McAllister,,TRUE,,,,Lab -20˚C,FALSE,FALSE,
E1635.,1635,,,FALSE,,WOAC Cha'ba Cruise,,10/14/2022,,P132,1,Niskin; Sterivex 0.22µm filter,95% EtOH,,,,178.0,,48°16.271',123°58.849',,07:18,,,,1000,,,,,,,,Sean McAllister,,TRUE,,,,Lab -20˚C,FALSE,FALSE,
E1636.,1636,,,FALSE,,WOAC Cha'ba Cruise,,10/14/2022,,P132,11,Niskin; Sterivex 0.22µm filter,95% EtOH,,,,30.0,,48°16.271',123°58.849',,07:18,,,,1000,,,,,,,,Sean McAllister,,FALSE,,,,Lab -20˚C,FALSE,FALSE,
E1637.,1637,,,FALSE,,WOAC Cha'ba Cruise,,10/14/2022,,P132,19,Niskin; Sterivex 0.22µm filter,95% EtOH,,,,0.0,,48°16.271',123°58.849',,07:18,,,,1000,,,,,,,,Sean McAllister,,TRUE,,,,Lab -20˚C,FALSE,FALSE,
E1638.,1638,,,FALSE,,WOAC Cha'ba Cruise,,10/14/2022,,P136,1,Niskin; Sterivex 0.22µm filter,95% EtOH,,,,1.0,,48°12.440',123°27.808',,11:27,,,,1000,,,,,,,,Sean McAllister,,TRUE,,,,Lab -20˚C,FALSE,FALSE,
E1639.,1639,,,FALSE,,WOAC Cha'ba Cruise,,10/14/2022,,P136,9,Niskin; Sterivex 0.22µm filter,95% EtOH,,,,9.0,,48°12.440',123°27.808',,11:27,,,,1000,,,,,,,,Sean McAllister,,FALSE,,,,Lab -20˚C,FALSE,FALSE,
E1640.,1640,,,FALSE,,WOAC Cha'ba Cruise,,10/14/2022,,P136,18,Niskin; Sterivex 0.22µm filter,95% EtOH,,,,18.0,,48°12.440',123°27.808',,11:27,,,,1000,,,,,,,,Sean McAllister,,TRUE,,,,Lab -20˚C,FALSE,FALSE,
E1641.NC.,1641,,,TRUE,,WOAC Cha'ba Cruise,,10/14/2022,,-,-,Sterivex 0.22µm filter,95% EtOH,,,,-,,-,-,,13:30,,,,1000,,,,,,,,Sean McAllister,,TRUE,,,,Lab -20˚C,FALSE,FALSE,
E1642.,1642,,,FALSE,,RV Falkor,,,,,,,,,,,,,,,,,,,,,,,,,,,,,,FALSE,,,,,FALSE,FALSE,
E1643.,1643,,,FALSE,,RV Falkor,,,,,,Niskin; Sterivex 0.22µm filter,95% EtOH,,,,,,,,,,,,,,,,,,,,,,,FALSE,,,,,FALSE,FALSE,
E1644.,1644,,,FALSE,,RV Falkor,,,,,,Niskin; Sterivex 0.22µm filter,95% EtOH,,,,,,,,,,,,,,,,,,,,,,,FALSE,,,,,FALSE,FALSE,
E1645.,1645,,,FALSE,,RV Falkor,,,,,,Niskin; Sterivex 0.22µm filter,95% EtOH,,,,,,,,,,,,,,,,,,,,,,,FALSE,,,,,FALSE,FALSE,
E1646.,1646,,,FALSE,,RV Falkor,,,,,,Niskin; Sterivex 0.22µm filter,95% EtOH,,,,,,,,,,,,,,,,,,,,,,,FALSE,,,,,FALSE,FALSE,
E1647.,1647,,,FALSE,,RV Falkor,,,,,,Niskin; Sterivex 0.22µm filter,95% EtOH,,,,,,,,,,,,,,,,,,,,,,,FALSE,,,,,FALSE,FALSE,
E1648.,1648,,,FALSE,,RV Falkor,,,,,,Niskin; Sterivex 0.22µm filter,95% EtOH,,,,,,,,,,,,,,,,,,,,,,,FALSE,,,,,FALSE,FALSE,
E1649.,1649,,,FALSE,,RV Falkor,,,,,,Niskin; Sterivex 0.22µm filter,95% EtOH,,,,,,,,,,,,,,,,,,,,,,,FALSE,,,,,FALSE,FALSE,
E1650.,1650,,,FALSE,,RV Falkor,,,,,,Niskin; Sterivex 0.22µm filter,95% EtOH,,,,,,,,,,,,,,,,,,,,,,,FALSE,,,,,FALSE,FALSE,
E1651.NC.,1651,,,TRUE,,RV Falkor,,,,,,Niskin; Sterivex 0.22µm filter,95% EtOH,,,,,,,,,,,,,,,,,,,,,,,FALSE,,,,,FALSE,FALSE,
E1652.,1652,,,FALSE,,RV Falkor,,,,,,Niskin; Sterivex 0.22µm filter,95% EtOH,,,,,,,,,,,,,,,,,,,,,,,FALSE,,,,,FALSE,FALSE,
E1653.,1653,,,FALSE,,RV Falkor,,,,,,Niskin; Sterivex 0.22µm filter,95% EtOH,,,,,,,,,,,,,,,,,,,,,,,FALSE,,,,,FALSE,FALSE,
E1654.,1654,,,FALSE,,RV Falkor,,,,,,Niskin; Sterivex 0.22µm filter,95% EtOH,,,,,,,,,,,,,,,,,,,,,,,FALSE,,,,,FALSE,FALSE,
E1655.,1655,,,FALSE,,RV Falkor,,,,,,Niskin; Sterivex 0.22µm filter,95% EtOH,,,,,,,,,,,,,,,,,,,,,,,FALSE,,,,,FALSE,FALSE,
E1656.,1656,,,FALSE,,RV Falkor,,,,,,Niskin; Sterivex 0.22µm filter,95% EtOH,,,,,,,,,,,,,,,,,,,,,,,FALSE,,,,,FALSE,FALSE,
E1657.,1657,,,FALSE,,RV Falkor,,,,,,Niskin; Sterivex 0.22µm filter,95% EtOH,,,,,,,,,,,,,,,,,,,,,,,FALSE,,,,,FALSE,FALSE,
E1658.,1658,,,FALSE,,RV Falkor,,,,,,Niskin; Sterivex 0.22µm filter,95% EtOH,,,,,,,,,,,,,,,,,,,,,,,FALSE,,,,,FALSE,FALSE,
E1659.,1659,,,FALSE,,RV Falkor,,,,,,Niskin; Sterivex 0.22µm filter,95% EtOH,,,,,,,,,,,,,,,,,,,,,,,FALSE,,,,,FALSE,FALSE,
E1660.,1660,,,FALSE,,RV Falkor,,,,,,Niskin; Sterivex 0.22µm filter,95% EtOH,,,,,,,,,,,,,,,,,,,,,,,FALSE,,,,,FALSE,FALSE,
E1661.,1661,,,FALSE,,RV Falkor,,,,,,Niskin; Sterivex 0.22µm filter,95% EtOH,,,,,,,,,,,,,,,,,,,,,,,FALSE,,,,,FALSE,FALSE,
E1662.,1662,,,FALSE,,RV Falkor,,,,,,Niskin; Sterivex 0.22µm filter,95% EtOH,,,,,,,,,,,,,,,,,,,,,,,FALSE,,,,,FALSE,FALSE,
E1663.,1663,,,FALSE,,RV Falkor,,,,,,Niskin; Sterivex 0.22µm filter,95% EtOH,,,,,,,,,,,,,,,,,,,,,,,FALSE,,,,,FALSE,FALSE,
E1664.,1664,,,FALSE,,RV Falkor,,,,,,Niskin; Sterivex 0.22µm filter,95% EtOH,,,,,,,,,,,,,,,,,,,,,,,FALSE,,,,,FALSE,FALSE,
E1665.,1665,,,FALSE,,RV Falkor,,,,,,Niskin; Sterivex 0.22µm filter,95% EtOH,,,,,,,,,,,,,,,,,,,,,,,FALSE,,,,,FALSE,FALSE,
E1666.,1666,,,FALSE,,RV Falkor,,,,,,Niskin; Sterivex 0.22µm filter,95% EtOH,,,,,,,,,,,,,,,,,,,,,,,FALSE,,,,,FALSE,FALSE,
E1667.,1667,,,FALSE,,RV Falkor,,,,,,Niskin; Sterivex 0.22µm filter,95% EtOH,,,,,,,,,,,,,,,,,,,,,,,FALSE,,,,,FALSE,FALSE,
E1668.,1668,,,FALSE,,RV Falkor,,,,,,Niskin; Sterivex 0.22µm filter,95% EtOH,,,,,,,,,,,,,,,,,,,,,,,FALSE,,,,,FALSE,FALSE,
E1669.,1669,,,FALSE,,RV Falkor,,,,,,Niskin; Sterivex 0.22µm filter,95% EtOH,,,,,,,,,,,,,,,,,,,,,,,FALSE,,,,,FALSE,FALSE,
E1670.,1670,,,FALSE,,RV Falkor,,,,,,Niskin; Sterivex 0.22µm filter,95% EtOH,,,,,,,,,,,,,,,,,,,,,,,FALSE,,,,,FALSE,FALSE,
E1671.,1671,,,FALSE,,RV Falkor,,,,,,Niskin; Sterivex 0.22µm filter,95% EtOH,,,,,,,,,,,,,,,,,,,,,,,FALSE,,,,,FALSE,FALSE,
E1672.,1672,,,FALSE,,RV Falkor,,,,,,Niskin; Sterivex 0.22µm filter,95% EtOH,,,,,,,,,,,,,,,,,,,,,,,FALSE,,,,,FALSE,FALSE,
E1673.,1673,,,FALSE,,RV Falkor,,,,,,Niskin; Sterivex 0.22µm filter,95% EtOH,,,,,,,,,,,,,,,,,,,,,,,FALSE,,,,,FALSE,FALSE,
E1674.,1674,,,FALSE,,RV Falkor,,,,,,Niskin; Sterivex 0.22µm filter,95% EtOH,,,,,,,,,,,,,,,,,,,,,,,FALSE,,,,,FALSE,FALSE,
E1675.,1675,,,FALSE,,RV Falkor,,,,,,Niskin; Sterivex 0.22µm filter,95% EtOH,,,,,,,,,,,,,,,,,,,,,,,FALSE,,,,,FALSE,FALSE,
E1676.,1676,,,FALSE,,RV Falkor,,,,,,Niskin; Sterivex 0.22µm filter,95% EtOH,,,,,,,,,,,,,,,,,,,,,,,FALSE,,,,,FALSE,FALSE,
E1677.,1677,,,FALSE,,RV Falkor,,,,,,Niskin; Sterivex 0.22µm filter,95% EtOH,,,,,,,,,,,,,,,,,,,,,,,FALSE,,,,,FALSE,FALSE,
E1678.,1678,,,FALSE,,RV Falkor,,,,,,Niskin; Sterivex 0.22µm filter,95% EtOH,,,,,,,,,,,,,,,,,,,,,,,FALSE,,,,,FALSE,FALSE,
E1679.,1679,,,FALSE,,RV Falkor,,,,,,Niskin; Sterivex 0.22µm filter,95% EtOH,,,,,,,,,,,,,,,,,,,,,,,FALSE,,,,,FALSE,FALSE,
E1680.,1680,,,FALSE,,RV Falkor,,,,,,Niskin; Sterivex 0.22µm filter,95% EtOH,,,,,,,,,,,,,,,,,,,,,,,FALSE,,,,,FALSE,FALSE,
E1681.,1681,,,FALSE,,RV Falkor,,,,,,Niskin; Sterivex 0.22µm filter,95% EtOH,,,,,,,,,,,,,,,,,,,,,,,FALSE,,,,,FALSE,FALSE,
E1682.,1682,,,FALSE,,RV Falkor,,,,,,Niskin; Sterivex 0.22µm filter,95% EtOH,,,,,,,,,,,,,,,,,,,,,,,FALSE,,,,,FALSE,FALSE,
E1683.,1683,,,FALSE,,RV Falkor,,,,,,Niskin; Sterivex 0.22µm filter,95% EtOH,,,,,,,,,,,,,,,,,,,,,,,FALSE,,,,,FALSE,FALSE,
E1684.NC.,1684,,,TRUE,,RV Falkor,,,,,,Niskin; Sterivex 0.22µm filter,95% EtOH,,,,,,,,,,,,,,,,,,,,,,,FALSE,,,,,FALSE,FALSE,
E1685.,1685,,,FALSE,,RV Falkor,,,,,,Niskin; Sterivex 0.22µm filter,95% EtOH,,,,,,,,,,,,,,,,,,,,,,,FALSE,,,,,FALSE,FALSE,
E1686.,1686,,,FALSE,,RV Falkor,,,,,,Niskin; Sterivex 0.22µm filter,95% EtOH,,,,,,,,,,,,,,,,,,,,,,,FALSE,,,,,FALSE,FALSE,
E1687.,1687,,,FALSE,,RV Falkor,,,,,,Niskin; Sterivex 0.22µm filter,95% EtOH,,,,,,,,,,,,,,,,,,,,,,,FALSE,,,,,FALSE,FALSE,
E1688.,1688,,,FALSE,,RV Falkor,,,,,,Niskin; Sterivex 0.22µm filter,95% EtOH,,,,,,,,,,,,,,,,,,,,,,,FALSE,,,,,FALSE,FALSE,
E1689.,1689,,,FALSE,,RV Falkor,,,,,,Niskin; Sterivex 0.22µm filter,95% EtOH,,,,,,,,,,,,,,,,,,,,,,,FALSE,,,,,FALSE,FALSE,
E1690.,1690,,,FALSE,,RV Falkor,,,,,,Niskin; Sterivex 0.22µm filter,95% EtOH,,,,,,,,,,,,,,,,,,,,,,,FALSE,,,,,FALSE,FALSE,
E1691.,1691,,,FALSE,,RV Falkor,,,,,,Niskin; Sterivex 0.22µm filter,95% EtOH,,,,,,,,,,,,,,,,,,,,,,,FALSE,,,,,FALSE,FALSE,
E1692.,1692,,,FALSE,,RV Falkor,,,,,,Niskin; Sterivex 0.22µm filter,95% EtOH,,,,,,,,,,,,,,,,,,,,,,,FALSE,,,,,FALSE,FALSE,
E1693.,1693,,,FALSE,,RV Falkor,,,,,,Niskin; Sterivex 0.22µm filter,95% EtOH,,,,,,,,,,,,,,,,,,,,,,,FALSE,,,,,FALSE,FALSE,
E1694.NC.,1694,,,TRUE,,RV Falkor,,,,,,Niskin; Sterivex 0.22µm filter,95% EtOH,,,,,,,,,,,,,,,,,,,,,,,FALSE,,,,,FALSE,FALSE,
E1695.,1695,,,FALSE,,RV Falkor,,,,,,Niskin; Sterivex 0.22µm filter,95% EtOH,,,,,,,,,,,,,,,,,,,,,,,FALSE,,,,,FALSE,FALSE,
E1696.,1696,,,FALSE,,RV Falkor,,,,,,Niskin; Sterivex 0.22µm filter,95% EtOH,,,,,,,,,,,,,,,,,,,,,,,FALSE,,,,,FALSE,FALSE,
E1697.,1697,,,FALSE,,RV Falkor,,,,,,Niskin; Sterivex 0.22µm filter,95% EtOH,,,,,,,,,,,,,,,,,,,,,,,FALSE,,,,,FALSE,FALSE,
E1698.,1698,,,FALSE,,RV Falkor,,,,,,Niskin; Sterivex 0.22µm filter,95% EtOH,,,,,,,,,,,,,,,,,,,,,,,FALSE,,,,,FALSE,FALSE,
E1699.,1699,,,FALSE,,RV Falkor,,,,,,Niskin; Sterivex 0.22µm filter,95% EtOH,,,,,,,,,,,,,,,,,,,,,,,FALSE,,,,,FALSE,FALSE,
E1700.,1700,,,FALSE,,RV Falkor,,,,,,Niskin; Sterivex 0.22µm filter,95% EtOH,,,,,,,,,,,,,,,,,,,,,,,FALSE,,,,,FALSE,FALSE,
E1701.,1701,,,FALSE,,RV Falkor,,,,,,Niskin; Sterivex 0.22µm filter,95% EtOH,,,,,,,,,,,,,,,,,,,,,,,FALSE,,,,,FALSE,FALSE,
E1702.,1702,,,FALSE,,RV Falkor,,,,,,Niskin; Sterivex 0.22µm filter,95% EtOH,,,,,,,,,,,,,,,,,,,,,,,FALSE,,,,,FALSE,FALSE,
E1703.,1703,,,FALSE,,RV Falkor,,,,,,Niskin; Sterivex 0.22µm filter,95% EtOH,,,,,,,,,,,,,,,,,,,,,,,FALSE,,,,,FALSE,FALSE,
E1704.,1704,,,FALSE,,RV Falkor,,,,,,Niskin; Sterivex 0.22µm filter,95% EtOH,,,,,,,,,,,,,,,,,,,,,,,FALSE,,,,,FALSE,FALSE,
E1705.,1705,,,FALSE,,RV Falkor,,,,,,Niskin; Sterivex 0.22µm filter,95% EtOH,,,,,,,,,,,,,,,,,,,,,,,FALSE,,,,,FALSE,FALSE,
E1706.,1706,,,FALSE,,RV Falkor,,,,,,Niskin; Sterivex 0.22µm filter,95% EtOH,,,,,,,,,,,,,,,,,,,,,,,FALSE,,,,,FALSE,FALSE,
E1707.,1707,,,FALSE,,RV Falkor,,,,,,Niskin; Sterivex 0.22µm filter,95% EtOH,,,,,,,,,,,,,,,,,,,,,,,FALSE,,,,,FALSE,FALSE,
E1708.,1708,,,FALSE,,RV Falkor,,,,,,Niskin; Sterivex 0.22µm filter,95% EtOH,,,,,,,,,,,,,,,,,,,,,,,FALSE,,,,,FALSE,FALSE,
E1709.,1709,,,FALSE,,RV Falkor,,,,,,Niskin; Sterivex 0.22µm filter,95% EtOH,,,,,,,,,,,,,,,,,,,,,,,FALSE,,,,,FALSE,FALSE,
E1710.,1710,,,FALSE,,RV Falkor,,,,,,Niskin; Sterivex 0.22µm filter,95% EtOH,,,,,,,,,,,,,,,,,,,,,,,FALSE,,,,,FALSE,FALSE,
E1711.,1711,,,FALSE,,RV Falkor,,,,,,Niskin; Sterivex 0.22µm filter,95% EtOH,,,,,,,,,,,,,,,,,,,,,,,FALSE,,,,,FALSE,FALSE,
E1712.,1712,,,FALSE,,RV Falkor,,,,,,Niskin; Sterivex 0.22µm filter,95% EtOH,,,,,,,,,,,,,,,,,,,,,,,FALSE,,,,,FALSE,FALSE,
E1713.,1713,,,FALSE,,RV Falkor,,,,,,Niskin; Sterivex 0.22µm filter,95% EtOH,,,,,,,,,,,,,,,,,,,,,,,FALSE,,,,,FALSE,FALSE,
E1714.,1714,,,FALSE,,RV Falkor,,,,,,Niskin; Sterivex 0.22µm filter,95% EtOH,,,,,,,,,,,,,,,,,,,,,,,FALSE,,,,,FALSE,FALSE,
E1715.,1715,,,FALSE,,RV Falkor,,,,,,Niskin; Sterivex 0.22µm filter,95% EtOH,,,,,,,,,,,,,,,,,,,,,,,FALSE,,,,,FALSE,FALSE,
E1716.NC.,1716,,,TRUE,,RV Falkor,,,,,,,,,,,,,,,,,,,,,,,,,,,,,,FALSE,,,,,FALSE,FALSE,
E1717.NC.DY2306,1717,,,TRUE,DY2306,EcoFOCI Spring Mooring,,,,-,-,Sterivex 0.22µm filter,95% EtOH,,,,,,,,,,,,,1000,,,,,,,,Shannon Brown,,FALSE,,,,Hallway -20˚C,FALSE,FALSE,
E1718.DY2306,1718,,,FALSE,DY2306,EcoFOCI Spring Mooring,4/24/2023,,,CTD004,1,Niskin; Sterivex 0.22µm filter,95% EtOH,,UBS2,,135.5,,54°25.35',165°08.86',,,,8:51,,1000,,,,,,,,Shannon Brown,Lost the 10 m sample as the Niskin didn't close,FALSE,,,,Hallway -20˚C,FALSE,FALSE,
E1719.DY2306,1719,,,FALSE,DY2306,EcoFOCI Spring Mooring,4/24/2023,,,CTD004,7,Niskin; Sterivex 0.22µm filter,95% EtOH,,UBS2,,30.0,,54°25.35',165°08.86',,,,8:51,,1000,,,,,,,,Shannon Brown,Lost the 10 m sample as the Niskin didn't close,FALSE,,,,Hallway -20˚C,FALSE,FALSE,
E1720.DY2306,1720,,,FALSE,DY2306,EcoFOCI Spring Mooring,4/24/2023,,,CTD007,1,Niskin; Sterivex 0.22µm filter,95% EtOH,,UBW1,,471.8,,54°21.61',165°55.90',,,,14:44,,1000,,,,,,,,Shannon Brown,,FALSE,,,,Hallway -20˚C,FALSE,FALSE,
E1721.DY2306,1721,,,FALSE,DY2306,EcoFOCI Spring Mooring,4/24/2023,,,CTD007,8,Niskin; Sterivex 0.22µm filter,95% EtOH,,UBW1,,30.4,,54°21.61',165°55.90',,,,14:44,,1000,,,,,,,,Shannon Brown,,FALSE,,,,Hallway -20˚C,FALSE,FALSE,
E1722.DY2306,1722,,,FALSE,DY2306,EcoFOCI Spring Mooring,4/24/2023,,,CTD007,10,Niskin; Sterivex 0.22µm filter,95% EtOH,,UBW1,,10.4,,54°21.61',165°55.90',,,,14:44,,1000,,,,,,,,Shannon Brown,,FALSE,,,,Hallway -20˚C,FALSE,FALSE,
E1723.DY2306,1723,,,FALSE,DY2306,EcoFOCI Spring Mooring,4/24/2023,,,CTD010,1,Niskin; Sterivex 0.22µm filter,95% EtOH,,UBW4,,290.2,,54°41.21',166°13.81',,,,22:34,,1000,,,,,,,,Shannon Brown,Stored in fridge for ~2 hours before filtering,FALSE,,,,Hallway -20˚C,FALSE,FALSE,
E1724.DY2306,1724,,,FALSE,DY2306,EcoFOCI Spring Mooring,4/24/2023,,,CTD010,7,Niskin; Sterivex 0.22µm filter,95% EtOH,,UBW4,,30.2,,54°41.21',166°13.81',,,,22:34,,1000,,,,,,,,Shannon Brown,Stored in fridge for ~2 hours before filtering,FALSE,,,,Hallway -20˚C,FALSE,FALSE,
E1725.DY2306,1725,,,FALSE,DY2306,EcoFOCI Spring Mooring,4/24/2023,,,CTD010,9,Niskin; Sterivex 0.22µm filter,95% EtOH,,UBW4,,10.9,,54°41.21',166°13.81',,,,22:34,,1000,,,,,,,,Shannon Brown,Stored in fridge for ~2 hours before filtering,FALSE,,,,Hallway -20˚C,FALSE,FALSE,
E1726.DY2306,1726,,,FALSE,DY2306,EcoFOCI Spring Mooring,4/25/2023,,,CTD014,1,Niskin; Sterivex 0.22µm filter,95% EtOH,,UBN4,,122.0,,54°56.11',165°28.95',,,,6:00,,1000,,,,,,,,Shannon Brown,,FALSE,,,,Hallway -20˚C,FALSE,FALSE,
E1727.DY2306,1727,,,FALSE,DY2306,EcoFOCI Spring Mooring,4/25/2023,,,CTD014,6,Niskin; Sterivex 0.22µm filter,95% EtOH,,UBN4,,31.0,,54°56.11',165°28.95',,,,6:00,,1000,,,,,,,,Shannon Brown,,FALSE,,,,Hallway -20˚C,FALSE,FALSE,
E1728.DY2306,1728,,,FALSE,DY2306,EcoFOCI Spring Mooring,4/25/2023,,,CTD014,8,Niskin; Sterivex 0.22µm filter,95% EtOH,,UBN4,,11.2,,54°56.11',165°28.95',,,,6:00,,1000,,,,,,,,Shannon Brown,,FALSE,,,,Hallway -20˚C,FALSE,FALSE,
E1729.DY2306,1729,,,FALSE,DY2306,EcoFOCI Spring Mooring,4/25/2023,,,CTD016,1,Niskin; Sterivex 0.22µm filter,95% EtOH,,UBN6,,110.6,,55°02.85',165°05.82',,,,8:41,,800,,,,,,,,Shannon Brown,Airlocked (smaller volume filtered),FALSE,,,,Hallway -20˚C,FALSE,FALSE,
E1730.DY2306,1730,,,FALSE,DY2306,EcoFOCI Spring Mooring,4/25/2023,,,CTD016,5,Niskin; Sterivex 0.22µm filter,95% EtOH,,UBN6,,30.5,,55°02.85',165°05.82',,,,8:41,,1000,,,,,,,,Shannon Brown,,FALSE,,,,Hallway -20˚C,FALSE,FALSE,
E1731.DY2306,1731,,,FALSE,DY2306,EcoFOCI Spring Mooring,4/25/2023,,,CTD016,8,Niskin; Sterivex 0.22µm filter,95% EtOH,,UBN6,,10.3,,55°02.85',165°05.82',,,,8:41,,1000,,,,,,,,Shannon Brown,,FALSE,,,,Hallway -20˚C,FALSE,FALSE,
E1732.DY2306,1732,,,FALSE,DY2306,EcoFOCI Spring Mooring,4/25/2023,,,CTD019,1,Niskin; Sterivex 0.22µm filter,95% EtOH,,UBE3,,44.1,,54°43.32',164°46.47',,,,13:28,,1000,,,,,,,,Shannon Brown,,FALSE,,,,Hallway -20˚C,FALSE,FALSE,
E1733.DY2306,1733,,,FALSE,DY2306,EcoFOCI Spring Mooring,4/25/2023,,,CTD019,3,Niskin; Sterivex 0.22µm filter,95% EtOH,,UBE3,,30.2,,54°43.32',164°46.47',,,,13:28,,1000,,,,,,,,Shannon Brown,,FALSE,,,,Hallway -20˚C,FALSE,FALSE,
E1734.DY2306,1734,,,FALSE,DY2306,EcoFOCI Spring Mooring,4/25/2023,,,CTD019,5,Niskin; Sterivex 0.22µm filter,95% EtOH,,UBE3,,10.6,,54°43.32',164°46.47',,,,13:28,,1000,,,,,,,,Shannon Brown,,FALSE,,,,Hallway -20˚C,FALSE,FALSE,
E1735.DY2306,1735,,,FALSE,DY2306,EcoFOCI Spring Mooring,4/27/2023,,,CTD027,1,Niskin; Sterivex 0.22µm filter,95% EtOH,,70M26,,65.6,,58°16.76',170°06.56',,,,2:44,,1000,,,,,,,,Shannon Brown,,FALSE,,,,Hallway -20˚C,FALSE,FALSE,
E1736.DY2306,1736,,,FALSE,DY2306,EcoFOCI Spring Mooring,4/27/2023,,,CTD027,4,Niskin; Sterivex 0.22µm filter,95% EtOH,,70M26,,31.2,,58°16.76',170°06.56',,,,2:44,,1000,,,,,,,,Shannon Brown,,FALSE,,,,Hallway -20˚C,FALSE,FALSE,
E1737.DY2306,1737,,,FALSE,DY2306,EcoFOCI Spring Mooring,4/27/2023,,,CTD027,6,Niskin; Sterivex 0.22µm filter,95% EtOH,,70M26,,10.7,,58°16.76',170°06.56',,,,2:44,,1000,,,,,,,,Shannon Brown,,FALSE,,,,Hallway -20˚C,FALSE,FALSE,
E1738.DY2306,1738,,,FALSE,DY2306,EcoFOCI Spring Mooring,4/27/2023,,,CTD025,1,Niskin; Sterivex 0.22µm filter,95% EtOH,,Ice Edge Station 2,,66.7,,58°20.05',169°57.60',,,,0:05,,1000,,,,,,,,Shannon Brown,,FALSE,,,,Hallway -20˚C,FALSE,FALSE,
E1739.DY2306,1739,,,FALSE,DY2306,EcoFOCI Spring Mooring,4/27/2023,,,CTD025,2,Niskin; Sterivex 0.22µm filter,95% EtOH,,Ice Edge Station 2,,31.1,,58°20.05',169°57.60',,,,0:05,,1000,,,,,,,,Shannon Brown,,FALSE,,,,Hallway -20˚C,FALSE,FALSE,
E1740.DY2306,1740,,,FALSE,DY2306,EcoFOCI Spring Mooring,4/27/2023,,,CTD025,3,Niskin; Sterivex 0.22µm filter,95% EtOH,,Ice Edge Station 2,,10.9,,58°20.05',169°57.60',,,,0:05,,1000,,,,,,,,Shannon Brown,,FALSE,,,,Hallway -20˚C,FALSE,FALSE,
E1741.DY2306,1741,,,FALSE,DY2306,EcoFOCI Spring Mooring,4/26/2023,,,CTD024,1,Niskin; Sterivex 0.22µm filter,95% EtOH,,Ice Edge Station 1,,65.5,,58°19.67',169°51.10',,,,22:56,,1000,,,,,,,,Shannon Brown,,FALSE,,,,Hallway -20˚C,FALSE,FALSE,
E1742.DY2306,1742,,,FALSE,DY2306,EcoFOCI Spring Mooring,4/26/2023,,,CTD024,4,Niskin; Sterivex 0.22µm filter,95% EtOH,,Ice Edge Station 1,,31.5,,58°19.67',169°51.10',,,,22:56,,1000,,,,,,,,Shannon Brown,,FALSE,,,,Hallway -20˚C,FALSE,FALSE,
E1743.DY2306,1743,,,FALSE,DY2306,EcoFOCI Spring Mooring,4/26/2023,,,CTD024,6,Niskin; Sterivex 0.22µm filter,95% EtOH,,Ice Edge Station 1,,10.8,,58°19.67',169°51.10',,,,22:56,,1000,,,,,,,,Shannon Brown,,FALSE,,,,Hallway -20˚C,FALSE,FALSE,
E1744.DY2306,1744,,,FALSE,DY2306,EcoFOCI Spring Mooring,4/26/2023,,,CTD023,1,Niskin; Sterivex 0.22µm filter,95% EtOH,,Ice Station 2,,65.7,,58°19.43',169°42.17',,,,17:08,,1000,,,,,,,,Shannon Brown,,FALSE,,,,Hallway -20˚C,FALSE,FALSE,
E1745.DY2306,1745,,,FALSE,DY2306,EcoFOCI Spring Mooring,4/26/2023,,,CTD023,2,Niskin; Sterivex 0.22µm filter,95% EtOH,,Ice Station 2,,31.0,,58°19.43',169°42.17',,,,17:08,,1000,,,,,,,,Shannon Brown,,FALSE,,,,Hallway -20˚C,FALSE,FALSE,
E1746.DY2306,1746,,,FALSE,DY2306,EcoFOCI Spring Mooring,4/26/2023,,,CTD023,3,Niskin; Sterivex 0.22µm filter,95% EtOH,,Ice Station 2,,10.8,,58°19.43',169°42.17',,,,17:08,,1000,,,,,,,,Shannon Brown,,FALSE,,,,Hallway -20˚C,FALSE,FALSE,
E1747.DY2306,1747,,,FALSE,DY2306,EcoFOCI Spring Mooring,4/26/2023,,,CTD022,1,Niskin; Sterivex 0.22µm filter,95% EtOH,,Ice Station 1,,66.0,,58°16.73',169°43.24',,,,19:46,,1000,,,,,,,,Shannon Brown,,FALSE,,,,Hallway -20˚C,FALSE,FALSE,
E1748.DY2306,1748,,,FALSE,DY2306,EcoFOCI Spring Mooring,4/26/2023,,,CTD022,2,Niskin; Sterivex 0.22µm filter,95% EtOH,,Ice Station 1,,31.0,,58°16.73',169°43.24',,,,19:46,,1000,,,,,,,,Shannon Brown,,FALSE,,,,Hallway -20˚C,FALSE,FALSE,
E1749.DY2306,1749,,,FALSE,DY2306,EcoFOCI Spring Mooring,4/26/2023,,,CTD022,3,Niskin; Sterivex 0.22µm filter,95% EtOH,,Ice Station 1,,11.0,,58°16.73',169°43.24',,,,19:46,,1000,,,,,,,,Shannon Brown,,FALSE,,,,Hallway -20˚C,FALSE,FALSE,
E1750.DY2306,1750,,,FALSE,DY2306,EcoFOCI Spring Mooring,4/27/2023,,,CTD028,1,Niskin; Sterivex 0.22µm filter,95% EtOH,,70M24,,64.8,,58°02.70',169°40.85',,,,5:41,,1000,,,,,,,,Shannon Brown,,FALSE,,,,Hallway -20˚C,FALSE,FALSE,
E1751.DY2306,1751,,,FALSE,DY2306,EcoFOCI Spring Mooring,4/27/2023,,,CTD028,4,Niskin; Sterivex 0.22µm filter,95% EtOH,,70M24,,30.9,,58°02.70',169°40.85',,,,5:41,,1000,,,,,,,,Shannon Brown,,FALSE,,,,Hallway -20˚C,FALSE,FALSE,
E1752.NC.DY2306,1752,,,TRUE,DY2306,EcoFOCI Spring Mooring,4/27/2023,,,CTD028,6,Niskin; Sterivex 0.22µm filter,95% EtOH,,70M24,,10.5,,58°02.70',169°40.85',,,,5:41,,1000,,,,,,,,Shannon Brown,,FALSE,,,,Hallway -20˚C,FALSE,FALSE,
E1753.DY2306,1753,,,FALSE,DY2306,EcoFOCI Spring Mooring,4/27/2023,,,CTD030,1,Niskin; Sterivex 0.22µm filter,95% EtOH,,70M22,,62.6,,57°55.79',169°19.96',,,,8:16,,1000,,,,,,,,Shannon Brown,,FALSE,,,,Hallway -20˚C,FALSE,FALSE,
E1754.DY2306,1754,,,FALSE,DY2306,EcoFOCI Spring Mooring,4/27/2023,,,CTD030,4,Niskin; Sterivex 0.22µm filter,95% EtOH,,70M22,,30.4,,57°55.79',169°19.96',,,,8:16,,1000,,,,,,,,Shannon Brown,,FALSE,,,,Hallway -20˚C,FALSE,FALSE,
E1755.DY2306,1755,,,FALSE,DY2306,EcoFOCI Spring Mooring,4/27/2023,,,CTD030,6,Niskin; Sterivex 0.22µm filter,95% EtOH,,70M22,,10.5,,57°55.79',169°19.96',,,,8:16,,1000,,,,,,,,Shannon Brown,,FALSE,,,,Hallway -20˚C,FALSE,FALSE,
E1756.DY2306,1756,,,FALSE,DY2306,EcoFOCI Spring Mooring,4/27/2023,,,CTD033,1,Niskin; Sterivex 0.22µm filter,95% EtOH,,M4,,67.3,,57°51.25',168°54.18',,,,17:25,,1000,,,,,,,,Shannon Brown,Stored in fridge for 4-10 hours before filtering,FALSE,,,,Hallway -20˚C,FALSE,FALSE,
E1757.DY2306,1757,,,FALSE,DY2306,EcoFOCI Spring Mooring,4/27/2023,,,CTD033,4,Niskin; Sterivex 0.22µm filter,95% EtOH,,M4,,30.9,,57°51.25',168°54.18',,,,17:25,,1000,,,,,,,,Shannon Brown,Stored in fridge for 4-10 hours before filtering,FALSE,,,,Hallway -20˚C,FALSE,FALSE,
E1758.DY2306,1758,,,FALSE,DY2306,EcoFOCI Spring Mooring,4/27/2023,,,CTD033,6,Niskin; Sterivex 0.22µm filter,95% EtOH,,M4,,9.6,,57°51.25',168°54.18',,,,17:25,,1000,,,,,,,,Shannon Brown,Stored in fridge for 4-10 hours before filtering,FALSE,,,,Hallway -20˚C,FALSE,FALSE,
E1759.DY2306,1759,,,FALSE,DY2306,EcoFOCI Spring Mooring,4/27/2023,,,CTD034,1,Niskin; Sterivex 0.22µm filter,95% EtOH,,70M19,,63.9,,57°39.24',169°00.63',,,,19:40,,1000,,,,,,,,Shannon Brown,Stored in fridge for 4-10 hours before filtering,FALSE,,,,Hallway -20˚C,FALSE,FALSE,
E1760.DY2306,1760,,,FALSE,DY2306,EcoFOCI Spring Mooring,4/27/2023,,,CTD034,4,Niskin; Sterivex 0.22µm filter,95% EtOH,,70M19,,31.0,,57°39.24',169°00.63',,,,19:40,,1000,,,,,,,,Shannon Brown,Stored in fridge for 4-10 hours before filtering,FALSE,,,,Hallway -20˚C,FALSE,FALSE,
E1761.DY2306,1761,,,FALSE,DY2306,EcoFOCI Spring Mooring,4/27/2023,,,CTD034,6,Niskin; Sterivex 0.22µm filter,95% EtOH,,70M19,,10.6,,57°39.24',169°00.63',,,,19:40,,1000,,,,,,,,Shannon Brown,Stored in fridge for 4-10 hours before filtering,FALSE,,,,Hallway -20˚C,FALSE,FALSE,
E1762.DY2306,1762,,,FALSE,DY2306,EcoFOCI Spring Mooring,4/27/2023,,,CTD035,1,Niskin; Sterivex 0.22µm filter,95% EtOH,,70M18,,66.5,,57°31.41',168°36.68',,,,21:42,,1000,,,,,,,,Shannon Brown,Stored in fridge for 4-10 hours before filtering,FALSE,,,,Hallway -20˚C,FALSE,FALSE,
E1763.DY2306,1763,,,FALSE,DY2306,EcoFOCI Spring Mooring,4/27/2023,,,CTD035,4,Niskin; Sterivex 0.22µm filter,95% EtOH,,70M18,,30.6,,57°31.41',168°36.68',,,,21:42,,1000,,,,,,,,Shannon Brown,Stored in fridge for 4-10 hours before filtering,FALSE,,,,Hallway -20˚C,FALSE,FALSE,
E1764.DY2306,1764,,,FALSE,DY2306,EcoFOCI Spring Mooring,4/27/2023,,,CTD035,6,Niskin; Sterivex 0.22µm filter,95% EtOH,,70M18,,10.2,,57°31.41',168°36.68',,,,21:42,,1000,,,,,,,,Shannon Brown,Stored in fridge for 4-10 hours before filtering,FALSE,,,,Hallway -20˚C,FALSE,FALSE,
E1765.DY2306,1765,,,FALSE,DY2306,EcoFOCI Spring Mooring,4/28/2023,,,CTD037,1,Niskin; Sterivex 0.22µm filter,95% EtOH,,70M16,,67.3,,57°30.05',167°59.30',,,,0:34,,1000,,,,,,,,Shannon Brown,Stored in fridge for 4-10 hours before filtering,FALSE,,,,Hallway -20˚C,FALSE,FALSE,
E1766.DY2306,1766,,,FALSE,DY2306,EcoFOCI Spring Mooring,4/28/2023,,,CTD037,4,Niskin; Sterivex 0.22µm filter,95% EtOH,,70M16,,30.9,,57°30.05',167°59.30',,,,0:34,,1000,,,,,,,,Shannon Brown,Stored in fridge for 4-10 hours before filtering,FALSE,,,,Hallway -20˚C,FALSE,FALSE,
E1767.DY2306,1767,,,FALSE,DY2306,EcoFOCI Spring Mooring,4/28/2023,,,CTD037,6,Niskin; Sterivex 0.22µm filter,95% EtOH,,70M16,,10.3,,57°30.05',167°59.30',,,,0:34,,1000,,,,,,,,Shannon Brown,Stored in fridge for 4-10 hours before filtering,FALSE,,,,Hallway -20˚C,FALSE,FALSE,
E1768.DY2306,1768,,,FALSE,DY2306,EcoFOCI Spring Mooring,4/28/2023,,,CTD039,1,Niskin; Sterivex 0.22µm filter,95% EtOH,,70M14,,65.6,,57°29.87',167°20.57',,,,3:31,,1000,,,,,,,,Shannon Brown,,FALSE,,,,Hallway -20˚C,FALSE,FALSE,
E1769.DY2306,1769,,,FALSE,DY2306,EcoFOCI Spring Mooring,4/28/2023,,,CTD039,4,Niskin; Sterivex 0.22µm filter,95% EtOH,,70M14,,30.6,,57°29.87',167°20.57',,,,3:31,,1000,,,,,,,,Shannon Brown,,FALSE,,,,Hallway -20˚C,FALSE,FALSE,
E1770.DY2306,1770,,,FALSE,DY2306,EcoFOCI Spring Mooring,4/28/2023,,,CTD039,6,Niskin; Sterivex 0.22µm filter,95% EtOH,,70M14,,9.7,,57°29.87',167°20.57',,,,3:31,,1000,,,,,,,,Shannon Brown,,FALSE,,,,Hallway -20˚C,FALSE,FALSE,
E1771.NC.DY2306,1771,,,TRUE,DY2306,EcoFOCI Spring Mooring,4/28/2023,,,,-,Sterivex 0.22µm filter,95% EtOH,,,,,,,,,,,,,1000,,,,,,,,Shannon Brown,,FALSE,,,,Hallway -20˚C,FALSE,FALSE,
E1772.DY2306,1772,,,FALSE,DY2306,EcoFOCI Spring Mooring,4/28/2023,,,CTD041,1,Niskin; Sterivex 0.22µm filter,95% EtOH,,70M12,,64.1,,57°25.86',166°48.78',,,,6:15,,1000,,,,,,,,Shannon Brown,,FALSE,,,,Hallway -20˚C,FALSE,FALSE,
E1773.DY2306,1773,,,FALSE,DY2306,EcoFOCI Spring Mooring,4/28/2023,,,CTD041,4,Niskin; Sterivex 0.22µm filter,95% EtOH,,70M12,,31.1,,57°25.86',166°48.78',,,,6:15,,1000,,,,,,,,Shannon Brown,,FALSE,,,,Hallway -20˚C,FALSE,FALSE,
E1774.DY2306,1774,,,FALSE,DY2306,EcoFOCI Spring Mooring,4/28/2023,,,CTD041,6,Niskin; Sterivex 0.22µm filter,95% EtOH,,70M12,,10.5,,57°25.86',166°48.78',,,,6:15,,1000,,,,,,,,Shannon Brown,"Accidently have a repeated sample ID, but from two different sites",FALSE,,,,Hallway -20˚C,FALSE,FALSE,
E1777.DY2306,1777,,,FALSE,DY2306,EcoFOCI Spring Mooring,4/28/2023,,,CTD043,1,Niskin; Sterivex 0.22µm filter,95% EtOH,,70M10,,63.4,,57°26.39',166°19.60',,,,8:47,,1000,,,,,,,,Shannon Brown,"Accidently have a repeated sample ID, but from two different sites",FALSE,,,,,FALSE,FALSE,
E1775.DY2306,1775,,,FALSE,DY2306,EcoFOCI Spring Mooring,4/28/2023,,,CTD043,4,Niskin; Sterivex 0.22µm filter,95% EtOH,,70M10,,30.3,,57°26.39',166°19.60',,,,8:47,,1000,,,,,,,,Shannon Brown,,FALSE,,,,Hallway -20˚C,FALSE,FALSE,
E1776.DY2306,1776,,,FALSE,DY2306,EcoFOCI Spring Mooring,4/28/2023,,,CTD043,6,Niskin; Sterivex 0.22µm filter,95% EtOH,,70M10,,10.0,,57°26.39',166°19.60',,,,8:47,,1000,,,,,,,,Shannon Brown,,FALSE,,,,Hallway -20˚C,FALSE,FALSE,
E1777.DY2306,1777,,,FALSE,DY2306,EcoFOCI Spring Mooring,,,,,,,,,,,,,,,,,,,,,,,,,,,,,Missing this sample ID; need to check physical samples & notebook,FALSE,,,,Hallway -20˚C,FALSE,FALSE,
E1778.DY2306,1778,,,FALSE,DY2306,EcoFOCI Spring Mooring,4/28/2023,,,CTD049,1,Niskin; Sterivex 0.22µm filter,95% EtOH,,70M8,,64.0,,57°15.70',165°44.93',,,,19:37,,1000,,,,,,,,Shannon Brown,Stored in fridge for 2-6 hours before filtering,FALSE,,,,Hallway -20˚C,FALSE,FALSE,
E1779.DY2306,1779,,,FALSE,DY2306,EcoFOCI Spring Mooring,4/28/2023,,,CTD049,4,Niskin; Sterivex 0.22µm filter,95% EtOH,,70M8,,31.1,,57°15.70',165°44.93',,,,19:37,,1000,,,,,,,,Shannon Brown,Stored in fridge for 2-6 hours before filtering,FALSE,,,,Hallway -20˚C,FALSE,FALSE,
E1780.DY2306,1780,,,FALSE,DY2306,EcoFOCI Spring Mooring,4/28/2023,,,CTD049,6,Niskin; Sterivex 0.22µm filter,95% EtOH,,70M8,,10.6,,57°15.70',165°44.93',,,,19:37,,1000,,,,,,,,Shannon Brown,Stored in fridge for 2-6 hours before filtering,FALSE,,,,Hallway -20˚C,FALSE,FALSE,
E1781.DY2306,1781,,,FALSE,DY2306,EcoFOCI Spring Mooring,4/28/2023,,,CTD051,1,Niskin; Sterivex 0.22µm filter,95% EtOH,,70M6,,66.8,,56°59.58',165°22.49',,,,22:22,,1000,,,,,,,,Shannon Brown,Stored in fridge for 2-6 hours before filtering,FALSE,,,,Hallway -20˚C,FALSE,FALSE,
E1782.DY2306,1782,,,FALSE,DY2306,EcoFOCI Spring Mooring,4/28/2023,,,CTD051,4,Niskin; Sterivex 0.22µm filter,95% EtOH,,70M6,,30.7,,56°59.58',165°22.49',,,,22:22,,1000,,,,,,,,Shannon Brown,Stored in fridge for 2-6 hours before filtering,FALSE,,,,Hallway -20˚C,FALSE,FALSE,
E1783.DY2306,1783,,,FALSE,DY2306,EcoFOCI Spring Mooring,4/28/2023,,,CTD051,6,Niskin; Sterivex 0.22µm filter,95% EtOH,,70M6,,11.1,,56°59.58',165°22.49',,,,22:22,,1000,,,,,,,,Shannon Brown,Stored in fridge for 2-6 hours before filtering,FALSE,,,,Hallway -20˚C,FALSE,FALSE,
E1784.DY2306,1784,,,FALSE,DY2306,EcoFOCI Spring Mooring,4/29/2023,,,CTD053,1,Niskin; Sterivex 0.22µm filter,95% EtOH,,70M4,,67.2,,56°54.46',164°50.17',,,,1:37,,1000,,,,,,,,Shannon Brown,Sampled last on niskins,FALSE,,,,Hallway -20˚C,FALSE,FALSE,
E1785.DY2306,1785,,,FALSE,DY2306,EcoFOCI Spring Mooring,4/29/2023,,,CTD053,4,Niskin; Sterivex 0.22µm filter,95% EtOH,,70M4,,31.2,,56°54.46',164°50.17',,,,1:37,,1000,,,,,,,,Shannon Brown,Sampled last on niskins,FALSE,,,,Hallway -20˚C,FALSE,FALSE,
E1786.DY2306,1786,,,FALSE,DY2306,EcoFOCI Spring Mooring,4/29/2023,,,CTD053,7,Niskin; Sterivex 0.22µm filter,95% EtOH,,70M4,,11.3,,56°54.46',164°50.17',,,,1:37,,1000,,,,,,,,Shannon Brown,Sampled last on niskins,FALSE,,,,Hallway -20˚C,FALSE,FALSE,
E1787.DY2306,1787,,,FALSE,DY2306,EcoFOCI Spring Mooring,4/29/2023,,,CTD055,1,Niskin; Sterivex 0.22µm filter,95% EtOH,,M2W,,69.0,,56°45.96',164°20.09',,,,4:23,,1000,,,,,,,,Shannon Brown,,FALSE,,,,Hallway -20˚C,FALSE,FALSE,
E1788.DY2306,1788,,,FALSE,DY2306,EcoFOCI Spring Mooring,4/29/2023,,,CTD055,4,Niskin; Sterivex 0.22µm filter,95% EtOH,,M2W,,30.4,,56°45.96',164°20.09',,,,4:23,,1000,,,,,,,,Shannon Brown,,FALSE,,,,Hallway -20˚C,FALSE,FALSE,
E1789.DY2306,1789,,,FALSE,DY2306,EcoFOCI Spring Mooring,4/29/2023,,,CTD055,7,Niskin; Sterivex 0.22µm filter,95% EtOH,,M2W,,11.0,,56°45.96',164°20.09',,,,4:23,,1000,,,,,,,,Shannon Brown,,FALSE,,,,Hallway -20˚C,FALSE,FALSE,
E1790.DY2306,1790,,,FALSE,DY2306,EcoFOCI Spring Mooring,4/29/2023,,,CTD057,1,Niskin; Sterivex 0.22µm filter,95% EtOH,,M2E,,64.2,,56°56.56',163°50.12',,,,8:35,,1000,,,,,,,,Shannon Brown,,FALSE,,,,Hallway -20˚C,FALSE,FALSE,
E1791.DY2306,1791,,,FALSE,DY2306,EcoFOCI Spring Mooring,4/29/2023,,,CTD057,4,Niskin; Sterivex 0.22µm filter,95% EtOH,,M2E,,30.5,,56°56.56',163°50.12',,,,8:35,,1000,,,,,,,,Shannon Brown,,FALSE,,,,Hallway -20˚C,FALSE,FALSE,
E1792.DY2306,1792,,,FALSE,DY2306,EcoFOCI Spring Mooring,4/29/2023,,,CTD057,6,Niskin; Sterivex 0.22µm filter,95% EtOH,,M2E,,10.4,,56°56.56',163°50.12',,,,8:35,,1000,,,,,,,,Shannon Brown,,FALSE,,,,Hallway -20˚C,FALSE,FALSE,
E1793.DY2306,1793,,,FALSE,DY2306,EcoFOCI Spring Mooring,4/29/2023,,,CTD059,1,Niskin; Sterivex 0.22µm filter,95% EtOH,,M2,,67.5,,56°52.35',164°03.25',,,,14:49,,1000,,,,,,,,Shannon Brown,Stored in fridge for ~14 hours before filtering,FALSE,,,,Hallway -20˚C,FALSE,FALSE,
E1794.DY2306,1794,,,FALSE,DY2306,EcoFOCI Spring Mooring,4/29/2023,,,CTD059,4,Niskin; Sterivex 0.22µm filter,95% EtOH,,M2,,30.9,,56°52.35',164°03.25',,,,14:49,,1000,,,,,,,,Shannon Brown,Stored in fridge for ~14 hours before filtering,FALSE,,,,Hallway -20˚C,FALSE,FALSE,
E1795.DY2306,1795,,,FALSE,DY2306,EcoFOCI Spring Mooring,4/29/2023,,,CTD059,6,Niskin; Sterivex 0.22µm filter,95% EtOH,,M2,,9.9,,56°52.35',164°03.25',,,,14:49,,1000,,,,,,,,Shannon Brown,Stored in fridge for ~14 hours before filtering,FALSE,,,,Hallway -20˚C,FALSE,FALSE,
E1796.DY2306,1796,,,FALSE,DY2306,EcoFOCI Spring Mooring,4/30/2023,,,CTD065,4,Niskin; Sterivex 0.22µm filter,95% EtOH,,M2C,,32.0,,56°51.86',164°02.96',,,,14:14,,1000,,,,,,,,Shannon Brown,M2 repeat; stored in fridge for 11 hours before filtering,FALSE,,,,Hallway -20˚C,FALSE,FALSE,
E1797.DY2306,1797,,,FALSE,DY2306,EcoFOCI Spring Mooring,4/30/2023,,,CTD065,1,Niskin; Sterivex 0.22µm filter,95% EtOH,,M2C,,65.8,,56°51.86',164°02.96',,,,14:14,,1000,,,,,,,,Shannon Brown,M2 repeat; stored in fridge for 11 hours before filtering,FALSE,,,,Hallway -20˚C,FALSE,FALSE,
E1798.DY2306,1798,,,FALSE,DY2306,EcoFOCI Spring Mooring,4/30/2023,,,CTD065,6,Niskin; Sterivex 0.22µm filter,95% EtOH,,M2C,,11.4,,56°51.86',164°02.96',,,,14:14,,1000,,,,,,,,Shannon Brown,M2 repeat; stored in fridge for 11 hours before filtering,FALSE,,,,Hallway -20˚C,FALSE,FALSE,
E1799.DY2306,1799,,,FALSE,DY2306,EcoFOCI Spring Mooring,5/2/2023,,,CTD068,1,Niskin; Sterivex 0.22µm filter,95% EtOH,,KUM2A,,36.2,,58°15.67',163°39.66',,,,2:23,,1000,,,,,,,,Shannon Brown,,FALSE,,,,Hallway -20˚C,FALSE,FALSE,
E1800.DY2306,1800,,,FALSE,DY2306,EcoFOCI Spring Mooring,5/2/2023,,,CTD068,3,Niskin; Sterivex 0.22µm filter,95% EtOH,,KUM2A,,10.9,,58°15.67',163°39.66',,,,2:23,,1000,,,,,,,,Shannon Brown,,FALSE,,,,Hallway -20˚C,FALSE,FALSE,
E1801.DY2306,1801,,,FALSE,DY2306,EcoFOCI Spring Mooring,5/5/2023,,,CTD078,1,Niskin; Sterivex 0.22µm filter,95% EtOH,,AW1,,202.1,,53°58.89',166°58.55',,,,22:01,,1000,,,,,,,,Shannon Brown,Stored in fridge for 6-7 hours before filtering,FALSE,,,,Hallway -20˚C,FALSE,FALSE,
E1802.DY2306,1802,,,FALSE,DY2306,EcoFOCI Spring Mooring,5/5/2023,,,CTD078,2,Niskin; Sterivex 0.22µm filter,95% EtOH,,AW1,,101.1,,53°58.89',166°58.55',,,,22:01,,1000,,,,,,,,Shannon Brown,Stored in fridge for 6-7 hours before filtering,FALSE,,,,Hallway -20˚C,FALSE,FALSE,
E1803.DY2306,1803,,,FALSE,DY2306,EcoFOCI Spring Mooring,5/5/2023,,,CTD078,8,Niskin; Sterivex 0.22µm filter,95% EtOH,,AW1,,13.0,,53°58.89',166°58.55',,,,22:01,,1000,,,,,,,,Shannon Brown,Stored in fridge for 6-7 hours before filtering,FALSE,,,,Hallway -20˚C,FALSE,FALSE,
E1804.DY2306,1804,,,FALSE,DY2306,EcoFOCI Spring Mooring,5/6/2023,,,CTD080,1,Niskin; Sterivex 0.22µm filter,95% EtOH,,AW3,,1519.7,,54°10.28',167°09.38',,,,2:29,,1000,,,,,,,,Shannon Brown,,FALSE,,,,Hallway -20˚C,FALSE,FALSE,
E1805.DY2306,1805,,,FALSE,DY2306,EcoFOCI Spring Mooring,5/6/2023,,,CTD080,2,Niskin; Sterivex 0.22µm filter,95% EtOH,,AW3,,757.3,,54°10.28',167°09.38',,,,2:29,,1000,,,,,,,,Shannon Brown,,FALSE,,,,Hallway -20˚C,FALSE,FALSE,
E1806.DY2306,1806,,,FALSE,DY2306,EcoFOCI Spring Mooring,5/6/2023,,,CTD080,10,Niskin; Sterivex 0.22µm filter,95% EtOH,,AW3,,10.7,,54°10.28',167°09.38',,,,2:29,,1000,,,,,,,,Shannon Brown,,FALSE,,,,Hallway -20˚C,FALSE,FALSE,
E1807.DY2306,1807,,,FALSE,DY2306,EcoFOCI Spring Mooring,5/6/2023,,,CTD082,1,Niskin; Sterivex 0.22µm filter,95% EtOH,,AW5,,647.3,,54°26.95',167°23.07',,,,7:28,,1000,,,,,,,,Shannon Brown,,FALSE,,,,Hallway -20˚C,FALSE,FALSE,
E1808.DY2306,1808,,,FALSE,DY2306,EcoFOCI Spring Mooring,5/6/2023,,,CTD082,3,Niskin; Sterivex 0.22µm filter,95% EtOH,,AW5,,303.2,,54°26.95',167°23.07',,,,7:28,,1000,,,,,,,,Shannon Brown,,FALSE,,,,Hallway -20˚C,FALSE,FALSE,
E1809.DY2306,1809,,,FALSE,DY2306,EcoFOCI Spring Mooring,5/6/2023,,,CTD082,10,Niskin; Sterivex 0.22µm filter,95% EtOH,,AW5,,10.5,,54°26.95',167°23.07',,,,7:28,,1000,,,,,,,,Shannon Brown,,FALSE,,,,Hallway -20˚C,FALSE,FALSE,
E1810.DY2306,1810,,,FALSE,DY2306,EcoFOCI Spring Mooring,5/6/2023,,,CTD084,1,Niskin; Sterivex 0.22µm filter,95% EtOH,,UT5,,425.4,,54°33.33',166°35.80',,,,13:14,,1000,,,,,,,,Shannon Brown,,FALSE,,,,Hallway -20˚C,FALSE,FALSE,
E1811.DY2306,1811,,,FALSE,DY2306,EcoFOCI Spring Mooring,5/6/2023,,,CTD084,3,Niskin; Sterivex 0.22µm filter,95% EtOH,,UT5,,202.1,,54°33.33',166°35.80',,,,13:14,,1000,,,,,,,,Shannon Brown,,FALSE,,,,Hallway -20˚C,FALSE,FALSE,
E1812.DY2306,1812,,,FALSE,DY2306,EcoFOCI Spring Mooring,5/6/2023,,,CTD084,10,Niskin; Sterivex 0.22µm filter,95% EtOH,,UT5,,10.7,,54°33.33',166°35.80',,,,13:14,,1000,,,,,,,,Shannon Brown,,FALSE,,,,Hallway -20˚C,FALSE,FALSE,
E1813.DY2306,1813,,,FALSE,DY2306,EcoFOCI Spring Mooring,5/6/2023,,,CTD085,1,Niskin; Sterivex 0.22µm filter,95% EtOH,,UT3,,985.6,,54°17.90',166°22.04',,,,16:37,,1000,,,,,,,,Shannon Brown,,FALSE,,,,Hallway -20˚C,FALSE,FALSE,
E1814.DY2306,1814,,,FALSE,DY2306,EcoFOCI Spring Mooring,5/6/2023,,,CTD085,2,Niskin; Sterivex 0.22µm filter,95% EtOH,,UT3,,507.1,,54°17.90',166°22.04',,,,16:37,,1000,,,,,,,,Shannon Brown,,FALSE,,,,Hallway -20˚C,FALSE,FALSE,
E1815.DY2306,1815,,,FALSE,DY2306,EcoFOCI Spring Mooring,5/6/2023,,,CTD085,9,Niskin; Sterivex 0.22µm filter,95% EtOH,,UT3,,10.8,,54°17.90',166°22.04',,,,16:37,,1000,,,,,,,,Shannon Brown,,FALSE,,,,Hallway -20˚C,FALSE,FALSE,
E1816.DY2306,1816,,,FALSE,DY2306,EcoFOCI Spring Mooring,5/6/2023,,,CTD087,1,Niskin; Sterivex 0.22µm filter,95% EtOH,,UT1,,119.8,,54°10.09',166°14.05',,,,20:01,,1000,,,,,,,,Shannon Brown,,FALSE,,,,Hallway -20˚C,FALSE,FALSE,
E1817.DY2306,1817,,,FALSE,DY2306,EcoFOCI Spring Mooring,5/6/2023,,,CTD087,4,Niskin; Sterivex 0.22µm filter,95% EtOH,,UT1,,51.1,,54°10.09',166°14.05',,,,20:01,,1000,,,,,,,,Shannon Brown,,FALSE,,,,Hallway -20˚C,FALSE,FALSE,
E1818.DY2306,1818,,,FALSE,DY2306,EcoFOCI Spring Mooring,5/6/2023,,,CTD087,8,Niskin; Sterivex 0.22µm filter,95% EtOH,,UT1,,10.8,,54°10.09',166°14.05',,,,20:01,,1000,,,,,,,,Shannon Brown,,FALSE,,,,Hallway -20˚C,FALSE,FALSE,
E1819.NC.DY2306,1819,,,TRUE,DY2306,EcoFOCI Spring Mooring,,,,-,-,Sterivex 0.22µm filter,95% EtOH,,,,,,,,,,,,,1000,,,,,,,,Shannon Brown,,FALSE,,,,Hallway -20˚C,FALSE,FALSE,
E1820.DY2306,1820,,,FALSE,DY2306,M2 Automated Sampler,,,PPS Port 1,-,-,PPS Unit; Programmed Sampling,95% EtOH,,,,,,,,,,,,,,,,,,,,,,,FALSE,,,,In Automated Sampler,FALSE,FALSE,
E1821.DY2306,1821,,,FALSE,DY2306,M2 Automated Sampler,,,PPS Port 2,-,-,PPS Unit; Programmed Sampling,95% EtOH,,,,,,,,,,,,,,,,,,,,,,,FALSE,,,,In Automated Sampler,FALSE,FALSE,
E1822.DY2306,1822,,,FALSE,DY2306,M2 Automated Sampler,,,PPS Port 3,-,-,PPS Unit; Programmed Sampling,95% EtOH,,,,,,,,,,,,,,,,,,,,,,,FALSE,,,,In Automated Sampler,FALSE,FALSE,
E1823.DY2306,1823,,,FALSE,DY2306,M2 Automated Sampler,,,PPS Port 4,-,-,PPS Unit; Programmed Sampling,95% EtOH,,,,,,,,,,,,,,,,,,,,,,,FALSE,,,,In Automated Sampler,FALSE,FALSE,
E1824.DY2306,1824,,,FALSE,DY2306,M2 Automated Sampler,,,PPS Port 5,-,-,PPS Unit; Programmed Sampling,95% EtOH,,,,,,,,,,,,,,,,,,,,,,,FALSE,,,,In Automated Sampler,FALSE,FALSE,
E1825.DY2306,1825,,,FALSE,DY2306,M2 Automated Sampler,,,PPS Port 6,-,-,PPS Unit; Programmed Sampling,95% EtOH,,,,,,,,,,,,,,,,,,,,,,,FALSE,,,,In Automated Sampler,FALSE,FALSE,
E1826.DY2306,1826,,,FALSE,DY2306,M2 Automated Sampler,,,PPS Port 7,-,-,PPS Unit; Programmed Sampling,95% EtOH,,,,,,,,,,,,,,,,,,,,,,,FALSE,,,,In Automated Sampler,FALSE,FALSE,
E1827.DY2306,1827,,,FALSE,DY2306,M2 Automated Sampler,,,PPS Port 8,-,-,PPS Unit; Programmed Sampling,95% EtOH,,,,,,,,,,,,,,,,,,,,,,,FALSE,,,,In Automated Sampler,FALSE,FALSE,
E1828.DY2306,1828,,,FALSE,DY2306,M2 Automated Sampler,,,PPS Port 9,-,-,PPS Unit; Programmed Sampling,95% EtOH,,,,,,,,,,,,,,,,,,,,,,,FALSE,,,,In Automated Sampler,FALSE,FALSE,
E1829.DY2306,1829,,,FALSE,DY2306,M2 Automated Sampler,,,PPS Port 10,-,-,PPS Unit; Programmed Sampling,95% EtOH,,,,,,,,,,,,,,,,,,,,,,,FALSE,,,,In Automated Sampler,FALSE,FALSE,
E1830.DY2306,1830,,,FALSE,DY2306,M2 Automated Sampler,,,PPS Port 11,-,-,PPS Unit; Programmed Sampling,95% EtOH,,,,,,,,,,,,,,,,,,,,,,,FALSE,,,,In Automated Sampler,FALSE,FALSE,
E1831.DY2306,1831,,,FALSE,DY2306,M2 Automated Sampler,,,PPS Port 12,-,-,PPS Unit; Programmed Sampling,95% EtOH,,,,,,,,,,,,,,,,,,,,,,,FALSE,,,,In Automated Sampler,FALSE,FALSE,
E1832.DY2306,1832,,,FALSE,DY2306,M2 Automated Sampler,,,PPS Port 13,-,-,PPS Unit; Programmed Sampling,95% EtOH,,,,,,,,,,,,,,,,,,,,,,,FALSE,,,,In Automated Sampler,FALSE,FALSE,
E1833.DY2306,1833,,,FALSE,DY2306,M2 Automated Sampler,,,PPS Port 14,-,-,PPS Unit; Programmed Sampling,95% EtOH,,,,,,,,,,,,,,,,,,,,,,,FALSE,,,,In Automated Sampler,FALSE,FALSE,
E1834.DY2306,1834,,,FALSE,DY2306,M2 Automated Sampler,,,PPS Port 15,-,-,PPS Unit; Programmed Sampling,95% EtOH,,,,,,,,,,,,,,,,,,,,,,,FALSE,,,,In Automated Sampler,FALSE,FALSE,
E1835.DY2306,1835,,,FALSE,DY2306,M2 Automated Sampler,,,PPS Port 16,-,-,PPS Unit; Programmed Sampling,95% EtOH,,,,,,,,,,,,,,,,,,,,,,,FALSE,,,,In Automated Sampler,FALSE,FALSE,
E1836.DY2306,1836,,,FALSE,DY2306,M2 Automated Sampler,,,PPS Port 17,-,-,PPS Unit; Programmed Sampling,95% EtOH,,,,,,,,,,,,,,,,,,,,,,,FALSE,,,,In Automated Sampler,FALSE,FALSE,
E1837.DY2306,1837,,,FALSE,DY2306,M2 Automated Sampler,,,PPS Port 18,-,-,PPS Unit; Programmed Sampling,95% EtOH,,,,,,,,,,,,,,,,,,,,,,,FALSE,,,,In Automated Sampler,FALSE,FALSE,
E1838.DY2306,1838,,,FALSE,DY2306,M2 Automated Sampler,,,PPS Port 19,-,-,PPS Unit; Programmed Sampling,95% EtOH,,,,,,,,,,,,,,,,,,,,,,,FALSE,,,,In Automated Sampler,FALSE,FALSE,
E1839.DY2306,1839,,,FALSE,DY2306,M2 Automated Sampler,,,PPS Port 20,-,-,PPS Unit; Programmed Sampling,95% EtOH,,,,,,,,,,,,,,,,,,,,,,,FALSE,,,,In Automated Sampler,FALSE,FALSE,
E1840.DY2306,1840,,,FALSE,DY2306,M2 Automated Sampler,,,PPS Port 21,-,-,PPS Unit; Programmed Sampling,95% EtOH,,,,,,,,,,,,,,,,,,,,,,,FALSE,,,,In Automated Sampler,FALSE,FALSE,
E1841.DY2306,1841,,,FALSE,DY2306,M2 Automated Sampler,,,PPS Port 22,-,-,PPS Unit; Programmed Sampling,95% EtOH,,,,,,,,,,,,,,,,,,,,,,,FALSE,,,,In Automated Sampler,FALSE,FALSE,
E1842.DY2306,1842,,,FALSE,DY2306,M2 Automated Sampler,,,PPS Port 23,-,-,PPS Unit; Programmed Sampling,95% EtOH,,,,,,,,,,,,,,,,,,,,,,,FALSE,,,,Lab -80˚C,FALSE,FALSE,
E1843.,1843,,,FALSE,,Kotzebue Demo,,,,,,Niskin; Sterivex 0.22µm filter,95% EtOH,Kotzebue,,,,,,,,,,,,,,,,,,,,Matt Galaska,,FALSE,,,,,FALSE,FALSE,
E1844.,1844,,,FALSE,,Kotzebue Demo,,,,,,Niskin; Sterivex 0.22µm filter,95% EtOH,Kotzebue,,,,,,,,,,,,,,,,,,,,Matt Galaska,,FALSE,,,,,FALSE,FALSE,
E1845.OC0623,1845,,,FALSE,OC0623,OCNMS June 2023,,6/15/2023,Sample 11,,11,Niskin; Sterivex 0.22µm filter,95% EtOH,Olympic Coast National Marine Sanctuary,Teahwhit Head,,33.5,,47˚ 52.699' N,124˚ 44.187' W,,14:30,,,,1000,8.0,,33.6,3.67 mg/L,,,,Matt Galaska,,TRUE,100,OCNMS_ExtractionSheet,,,TRUE,FALSE,At Sequencing Center (R2)
E1846.OC0623,1846,,,FALSE,OC0623,OCNMS June 2023,,6/15/2023,Sample 9,,9,Niskin; Sterivex 0.22µm filter,95% EtOH,Olympic Coast National Marine Sanctuary,Teahwhit Head,,34.2,,47˚ 52.699' N,124˚ 44.187' W,,14:30,,,,1000,7.9,,33.6,3.68 mg/L,,,,Matt Galaska,,TRUE,100,OCNMS_ExtractionSheet,,,TRUE,FALSE,At Sequencing Center (R2)
E1847.OC0623,1847,,,FALSE,OC0623,OCNMS June 2023,,6/15/2023,Sample 5,,5,Niskin; Sterivex 0.22µm filter,95% EtOH,Olympic Coast National Marine Sanctuary,Teahwhit Head,,34.2,,47˚ 52.699' N,124˚ 44.187' W,,14:30,,,,1000,7.9,,33.6,3.69 mg/L,,,,Matt Galaska,,TRUE,100,OCNMS_ExtractionSheet,,,TRUE,FALSE,At Sequencing Center (R2)
E1848.NC.OC0723,1848,,,TRUE,OC0723,OCNMS June 2023,,,,-,-,Sterivex 0.22µm filter,95% EtOH,,,,,,,,,,,,,1000,,,,,,,,,,TRUE,100,OCNMS_ExtractionSheet,,,TRUE,FALSE,At Sequencing Center (R2)
E1849.OC0723,1849,,,FALSE,OC0723,OCNMS July 2023,,6/16/2023,PPS Port 1,,,PPS Unit; Programmed Sampling,95% EtOH,Olympic Coast National Marine Sanctuary,Teahwhit Head,,34.0,,47˚ 52.699' N,124˚ 44.187' W,,00:01,00:18,,,1000,,,,,,,,,,TRUE,100,OCNMS_ExtractionSheet,,,TRUE,FALSE,At Sequencing Center (R2)
E1850.OC0723,1850,,,FALSE,OC0723,OCNMS July 2023,,6/17/2023,PPS Port 2,,,PPS Unit; Programmed Sampling,95% EtOH,Olympic Coast National Marine Sanctuary,Teahwhit Head,,34.0,,47˚ 52.699' N,124˚ 44.187' W,,12:01,12:18,,,1001,,,,,,,,,,TRUE,100,OCNMS_ExtractionSheet,,,TRUE,FALSE,At Sequencing Center (R2)
E1851.OC0723,1851,,,FALSE,OC0723,OCNMS July 2023,,6/19/2023,PPS Port 3,,,PPS Unit; Programmed Sampling,95% EtOH,Olympic Coast National Marine Sanctuary,Teahwhit Head,,34.0,,47˚ 52.699' N,124˚ 44.187' W,,00:01,00:18,,,1001,,,,,,,,,,TRUE,100,OCNMS_ExtractionSheet,,,TRUE,FALSE,At Sequencing Center (R2)
E1852.OC0723,1852,,,FALSE,OC0723,OCNMS July 2023,,6/20/2023,PPS Port 4,,,PPS Unit; Programmed Sampling,95% EtOH,Olympic Coast National Marine Sanctuary,Teahwhit Head,,34.0,,47˚ 52.699' N,124˚ 44.187' W,,12:01,12:18,,,1001,,,,,,,,,,TRUE,100,OCNMS_ExtractionSheet,,,TRUE,FALSE,At Sequencing Center (R2)
E1853.OC0723,1853,,,FALSE,OC0723,OCNMS July 2023,,6/22/2023,PPS Port 5,,,PPS Unit; Programmed Sampling,95% EtOH,Olympic Coast National Marine Sanctuary,Teahwhit Head,,34.0,,47˚ 52.699' N,124˚ 44.187' W,,00:01,00:18,,,1001,,,,,,,,,,TRUE,100,OCNMS_ExtractionSheet,,,TRUE,FALSE,At Sequencing Center (R2)
E1854.OC0723,1854,,,FALSE,OC0723,OCNMS July 2023,,6/23/2023,PPS Port 6,,,PPS Unit; Programmed Sampling,95% EtOH,Olympic Coast National Marine Sanctuary,Teahwhit Head,,34.0,,47˚ 52.699' N,124˚ 44.187' W,,12:01,12:19,,,1001,,,,,,,,,,TRUE,100,OCNMS_ExtractionSheet,,,TRUE,FALSE,At Sequencing Center (R2)
E1855.OC0723,1855,,,FALSE,OC0723,OCNMS July 2023,,6/25/2023,PPS Port 7,,,PPS Unit; Programmed Sampling,95% EtOH,Olympic Coast National Marine Sanctuary,Teahwhit Head,,34.0,,47˚ 52.699' N,124˚ 44.187' W,,00:01,00:19,,,1001,,,,,,,,,,TRUE,100,OCNMS_ExtractionSheet,,,TRUE,FALSE,At Sequencing Center (R2)
E1856.OC0723,1856,,,FALSE,OC0723,OCNMS July 2023,,6/26/2023,PPS Port 8,,,PPS Unit; Programmed Sampling,95% EtOH,Olympic Coast National Marine Sanctuary,Teahwhit Head,,34.0,,47˚ 52.699' N,124˚ 44.187' W,,12:01,12:19,,,1001,,,,,,,,,,TRUE,100,OCNMS_ExtractionSheet,,,TRUE,FALSE,At Sequencing Center (R2)
E1857.OC0723,1857,,,FALSE,OC0723,OCNMS July 2023,,6/29/2023,PPS Port 9,,,PPS Unit; Programmed Sampling,95% EtOH,Olympic Coast National Marine Sanctuary,Teahwhit Head,,34.0,,47˚ 52.699' N,124˚ 44.187' W,,00:01,00:18,,,1001,,,,,,,,,,TRUE,100,OCNMS_ExtractionSheet,,,TRUE,FALSE,At Sequencing Center (R2)
E1858.OC0723,1858,,,FALSE,OC0723,OCNMS July 2023,,6/30/2023,PPS Port 10,,,PPS Unit; Programmed Sampling,95% EtOH,Olympic Coast National Marine Sanctuary,Teahwhit Head,,34.0,,47˚ 52.699' N,124˚ 44.187' W,,12:01,12:18,,,1001,,,,,,,,,,TRUE,100,OCNMS_ExtractionSheet,,,TRUE,FALSE,At Sequencing Center (R2)
E1859.OC0723,1859,,,FALSE,OC0723,OCNMS July 2023,,7/1/2023,PPS Port 11,,,PPS Unit; Programmed Sampling,95% EtOH,Olympic Coast National Marine Sanctuary,Teahwhit Head,,34.0,,47˚ 52.699' N,124˚ 44.187' W,,00:01,00:18,,,1001,,,,,,,,,,TRUE,100,OCNMS_ExtractionSheet,,,TRUE,FALSE,At Sequencing Center (R2)
E1860.OC0723,1860,,,FALSE,OC0723,OCNMS July 2023,,7/2/2023,PPS Port 12,,,PPS Unit; Programmed Sampling,95% EtOH,Olympic Coast National Marine Sanctuary,Teahwhit Head,,34.0,,47˚ 52.699' N,124˚ 44.187' W,,12:01,12:18,,,1001,,,,,,,,,,TRUE,100,OCNMS_ExtractionSheet,,,TRUE,FALSE,At Sequencing Center (R2)
E1861.OC0723,1861,,,FALSE,OC0723,OCNMS July 2023,,7/4/2023,PPS Port 13,,,PPS Unit; Programmed Sampling,95% EtOH,Olympic Coast National Marine Sanctuary,Teahwhit Head,,34.0,,47˚ 52.699' N,124˚ 44.187' W,,00:01,00:18,,,1001,,,,,,,,,,TRUE,100,OCNMS_ExtractionSheet,,,TRUE,FALSE,At Sequencing Center (R2)
E1862.OC0723,1862,,,FALSE,OC0723,OCNMS July 2023,,7/5/2023,PPS Port 14,,,PPS Unit; Programmed Sampling,95% EtOH,Olympic Coast National Marine Sanctuary,Teahwhit Head,,34.0,,47˚ 52.699' N,124˚ 44.187' W,,12:01,12:18,,,1001,,,,,,,,,,TRUE,100,OCNMS_ExtractionSheet,,,TRUE,FALSE,At Sequencing Center (R2)
E1863.OC0723,1863,,,FALSE,OC0723,OCNMS July 2023,,7/7/2023,PPS Port 15,,,PPS Unit; Programmed Sampling,95% EtOH,Olympic Coast National Marine Sanctuary,Teahwhit Head,,34.0,,47˚ 52.699' N,124˚ 44.187' W,,00:01,00:18,,,1001,,,,,,,,,,TRUE,100,OCNMS_ExtractionSheet,,,TRUE,FALSE,At Sequencing Center (R2)
E1864.OC0723,1864,,,FALSE,OC0723,OCNMS July 2023,,7/8/2023,PPS Port 16,,,PPS Unit; Programmed Sampling,95% EtOH,Olympic Coast National Marine Sanctuary,Teahwhit Head,,34.0,,47˚ 52.699' N,124˚ 44.187' W,,12:01,12:18,,,1001,,,,,,,,,,TRUE,100,OCNMS_ExtractionSheet,,,TRUE,FALSE,At Sequencing Center (R2)
E1865.OC0723,1865,,,FALSE,OC0723,OCNMS July 2023,,7/10/2023,PPS Port 17,,,PPS Unit; Programmed Sampling,95% EtOH,Olympic Coast National Marine Sanctuary,Teahwhit Head,,34.0,,47˚ 52.699' N,124˚ 44.187' W,,00:01,00:18,,,1000,,,,,,,,,,TRUE,100,OCNMS_ExtractionSheet,,,TRUE,FALSE,At Sequencing Center (R2)
E1866.OC0723,1866,,,FALSE,OC0723,OCNMS July 2023,,7/11/2023,PPS Port 18,,,PPS Unit; Programmed Sampling,95% EtOH,Olympic Coast National Marine Sanctuary,Teahwhit Head,,34.0,,47˚ 52.699' N,124˚ 44.187' W,,12:00,12:18,,,1001,,,,,,,,,,TRUE,100,OCNMS_ExtractionSheet,,,TRUE,FALSE,At Sequencing Center (R2)
E1867.OC0723,1867,,,FALSE,OC0723,OCNMS July 2023,,7/13/2023,PPS Port 19,,,PPS Unit; Programmed Sampling,95% EtOH,Olympic Coast National Marine Sanctuary,Teahwhit Head,,34.0,,47˚ 52.699' N,124˚ 44.187' W,,00:00,00:18,,,1001,,,,,,,,,,TRUE,100,OCNMS_ExtractionSheet,,,TRUE,FALSE,At Sequencing Center (R2)
E1868.OC0723,1868,,,FALSE,OC0723,OCNMS July 2023,,7/14/2023,PPS Port 20,,,PPS Unit; Programmed Sampling,95% EtOH,Olympic Coast National Marine Sanctuary,Teahwhit Head,,34.0,,47˚ 52.699' N,124˚ 44.187' W,,12:01,12:19,,,1001,,,,,,,,,,TRUE,100,OCNMS_ExtractionSheet,,,TRUE,FALSE,At Sequencing Center (R2)
E1869.OC0723,1869,,,FALSE,OC0723,OCNMS July 2023,,7/16/2023,PPS Port 21,,,PPS Unit; Programmed Sampling,95% EtOH,Olympic Coast National Marine Sanctuary,Teahwhit Head,,34.0,,47˚ 52.699' N,124˚ 44.187' W,,00:01,00:19,,,1001,,,,,,,,,,TRUE,100,OCNMS_ExtractionSheet,,,TRUE,FALSE,At Sequencing Center (R2)
E1870.OC0723,1870,,,FALSE,OC0723,OCNMS July 2023,,7/17/2023,PPS Port 22,,,PPS Unit; Programmed Sampling,95% EtOH,Olympic Coast National Marine Sanctuary,Teahwhit Head,,34.0,,47˚ 52.699' N,124˚ 44.187' W,,12:01,12:19,,,1001,,,,,,,,,,TRUE,100,OCNMS_ExtractionSheet,,,TRUE,FALSE,At Sequencing Center (R2)
E1871.OC0723,1871,,,FALSE,OC0723,OCNMS July 2023,,7/19/2023,PPS Port 23,,,PPS Unit; Programmed Sampling,95% EtOH,Olympic Coast National Marine Sanctuary,Teahwhit Head,,34.0,,47˚ 52.699' N,124˚ 44.187' W,,00:01,00:18,,,1001,,,,,,,,,,TRUE,100,OCNMS_ExtractionSheet,,,TRUE,FALSE,At Sequencing Center (R2)
E1872.OC0723,1872,,,FALSE,OC0723,OCNMS July 2023,,7/20/2023,PPS Port 24,,,PPS Unit; Programmed Sampling,95% EtOH,Olympic Coast National Marine Sanctuary,Teahwhit Head,,34.0,,47˚ 52.699' N,124˚ 44.187' W,,12:01,12:18,,,1001,,,,,,,,,,TRUE,100,OCNMS_ExtractionSheet,,,TRUE,FALSE,At Sequencing Center (R2)
E1873.OC0723,1873,,,FALSE,OC0723,OCNMS July 2023,,7/26/2023,,,3,Niskin; Sterivex 0.22µm filter,95% EtOH,Olympic Coast National Marine Sanctuary,Teahwhit Head,,33.6,,47˚ 52.699' N,124˚ 44.187' W,,12:54,13:05,,,1000,8.1,,33.7,3.53 mg/L,,,,Shannon Brown,,TRUE,100,OCNMS_ExtractionSheet,,,TRUE,FALSE,At Sequencing Center (R2)
E1874.OC0723,1874,,,FALSE,OC0723,OCNMS July 2023,,7/26/2023,,,5,Niskin; Sterivex 0.22µm filter,95% EtOH,Olympic Coast National Marine Sanctuary,Teahwhit Head,,33.7,,47˚ 52.699' N,124˚ 44.187' W,,12:54,13:05,,,1000,8.1,,33.7,3.52 mg/L,,,,Shannon Brown,,TRUE,100,OCNMS_ExtractionSheet,,,TRUE,FALSE,At Sequencing Center (R2)
E1875.OC0723,1875,,,FALSE,OC0723,OCNMS July 2023,,7/26/2023,,,11,Niskin; Sterivex 0.22µm filter,95% EtOH,Olympic Coast National Marine Sanctuary,Teahwhit Head,,33.7,,47˚ 52.699' N,124˚ 44.187' W,,12:54,13:05,,,1000,8.1,,33.7,3.53 mg/L,,,,Shannon Brown,,TRUE,100,OCNMS_ExtractionSheet,,,TRUE,FALSE,At Sequencing Center (R2)
E1876.NC.OC0723,1876,,,TRUE,OC0723,OCNMS July 2023,,,,-,-,Sterivex 0.22µm filter,95% EtOH,,,,,,,,,,,,,1000,,,,,,,,Shannon Brown,,TRUE,100,OCNMS_ExtractionSheet,,,TRUE,FALSE,At Sequencing Center (R2)
E1877.SKQ23-12S,1877,,,FALSE,SKQ23-12S,SKQ23 EcoFOCI DBO,9/14/23,9/14/23,,CTD001,1,Niskin; Sterivex 0.22µm filter,95% EtOH,,M8,,67.6,,62° 11.695' N,174° 40.410' W,,05:34,,13:34,,,,,,,,,,,,FALSE,,,Extractions being handled by Wes Larson (UAF),,FALSE,FALSE,
E1878.SKQ23-12S,1878,,,FALSE,SKQ23-12S,SKQ23 EcoFOCI DBO,9/14/23,9/14/23,,CTD001,12,Niskin; Sterivex 0.22µm filter,95% EtOH,,M8,,30.4,,62° 11.695' N,174° 40.410' W,,05:44,,13:44,,,,,,,,,,,,FALSE,,,Extractions being handled by Wes Larson (UAF),,FALSE,FALSE,
E1879.SKQ23-12S,1879,,,FALSE,SKQ23-12S,SKQ23 EcoFOCI DBO,9/14/23,9/14/23,,CTD001,18,Niskin; Sterivex 0.22µm filter,95% EtOH,,M8,,10.3,,62° 11.695' N,174° 40.410' W,,05:51,,13:51,,,,,,,,,,,,FALSE,,,Extractions being handled by Wes Larson (UAF),,FALSE,FALSE,
E1880.SKQ23-12S,1880,,,FALSE,SKQ23-12S,SKQ23 EcoFOCI DBO,9/15/23,9/14/23,,CTD002,1,Niskin; Sterivex 0.22µm filter,95% EtOH,,DBO1.1,,74.2,,62° 00.602' N,175° 03.599' W,,21:31,,5:31,,,,,,,,,,,,FALSE,,,Extractions being handled by Wes Larson (UAF),,FALSE,FALSE,
E1881.SKQ23-12S,1881,,,FALSE,SKQ23-12S,SKQ23 EcoFOCI DBO,9/15/23,9/14/23,,CTD002,10,Niskin; Sterivex 0.22µm filter,95% EtOH,,DBO1.1,,30.6,,62° 00.602' N,175° 03.599' W,,21:39,,5:39,,,,,,,,,,,,FALSE,,,Extractions being handled by Wes Larson (UAF),,FALSE,FALSE,
E1882.SKQ23-12S,1882,,,FALSE,SKQ23-12S,SKQ23 EcoFOCI DBO,9/15/23,9/14/23,,CTD002,16,Niskin; Sterivex 0.22µm filter,95% EtOH,,DBO1.1,,10.5,,62° 00.602' N,175° 03.599' W,,21:46,,5:46,,,,,,,,,,,,FALSE,,,Extractions being handled by Wes Larson (UAF),,FALSE,FALSE,
E1883.SKQ23-12S,1883,,,FALSE,SKQ23-12S,SKQ23 EcoFOCI DBO,9/15/23,9/14/23,,CTD003,1,Niskin; Sterivex 0.22µm filter,95% EtOH,,DBO1.2,,75.6,,62° 03.024' N,175° 12.681' W,,00:07,,8:07,,,,,,,,,,,,FALSE,,,Extractions being handled by Wes Larson (UAF),,FALSE,FALSE,
E1884.SKQ23-12S,1884,,,FALSE,SKQ23-12S,SKQ23 EcoFOCI DBO,9/15/23,9/14/23,,CTD003,12,Niskin; Sterivex 0.22µm filter,95% EtOH,,DBO1.2,,27.4,,62° 03.024' N,175° 12.681' W,,00:18,,8:18,,,,,,,,,,,,FALSE,,,Extractions being handled by Wes Larson (UAF),,FALSE,FALSE,
E1885.SKQ23-12S,1885,,,FALSE,SKQ23-12S,SKQ23 EcoFOCI DBO,9/15/23,9/14/23,,CTD003,17,Niskin; Sterivex 0.22µm filter,95% EtOH,,DBO1.2,,10.2,,62° 03.024' N,175° 12.681' W,,00:24,,8:24,,,,,,,,,,,,FALSE,,,Extractions being handled by Wes Larson (UAF),,FALSE,FALSE,
E1886.SKQ23-12S,1886,,,FALSE,SKQ23-12S,SKQ23 EcoFOCI DBO,9/15/23,9/15/23,,CTD005,1,Niskin; Sterivex 0.22µm filter,95% EtOH,,DBO1.4,,66.0,,62° 23.400' N,174° 34.200' W,,14:19,,22:19,,,,,,,,,,,,FALSE,,,Extractions being handled by Wes Larson (UAF),,FALSE,FALSE,
E1887.SKQ23-12S,1887,,,FALSE,SKQ23-12S,SKQ23 EcoFOCI DBO,9/15/23,9/15/23,,CTD005,12,Niskin; Sterivex 0.22µm filter,95% EtOH,,DBO1.4,,24.4,,62° 23.400' N,174° 34.200' W,,14:30,,22:30,,,,,,,,,,,,FALSE,,,Extractions being handled by Wes Larson (UAF),,FALSE,FALSE,
E1888.SKQ23-12S,1888,,,FALSE,SKQ23-12S,SKQ23 EcoFOCI DBO,9/15/23,9/15/23,,CTD005,21,Niskin; Sterivex 0.22µm filter,95% EtOH,,DBO1.4,,1.5,,62° 23.400' N,174° 34.200' W,,14:37,,22:37,,,,,,,,,,,,FALSE,,,Extractions being handled by Wes Larson (UAF),,FALSE,FALSE,
E1889.SKQ23-12S,1889,,,FALSE,SKQ23-12S,SKQ23 EcoFOCI DBO,9/16/23,9/15/23,,CTD007,1,Niskin; Sterivex 0.22µm filter,95% EtOH,,DBO1.6,,61.2,,62° 33.600' N,173° 33.000' W,,20:54,,4:54,,,,,,,,,,,,FALSE,,,Extractions being handled by Wes Larson (UAF),,FALSE,FALSE,
E1890.SKQ23-12S,1890,,,FALSE,SKQ23-12S,SKQ23 EcoFOCI DBO,9/16/23,9/15/23,,CTD007,10,Niskin; Sterivex 0.22µm filter,95% EtOH,,DBO1.6,,30.5,,62° 33.600' N,173° 33.000' W,,21:01,,5:01,,,,,,,,,,,,FALSE,,,Extractions being handled by Wes Larson (UAF),,FALSE,FALSE,
E1891.SKQ23-12S,1891,,,FALSE,SKQ23-12S,SKQ23 EcoFOCI DBO,9/16/23,9/15/23,,CTD007,18,Niskin; Sterivex 0.22µm filter,95% EtOH,,DBO1.6,,10.6,,62° 33.600' N,173° 33.000' W,,21:08,,5:08,,,,,,,,,,,,FALSE,,,Extractions being handled by Wes Larson (UAF),,FALSE,FALSE,
E1892.SKQ23-12S,1892,,,FALSE,SKQ23-12S,SKQ23 EcoFOCI DBO,9/16/23,9/16/23,,CTD009,1,Niskin; Sterivex 0.22µm filter,95% EtOH,,DBO1.8,,66.6,,63° 01.800' N,173° 27.600' W,,03:01,,11:01,,,,,,,,,,,,FALSE,,,Extractions being handled by Wes Larson (UAF),,FALSE,FALSE,
E1893.SKQ23-12S,1893,,,FALSE,SKQ23-12S,SKQ23 EcoFOCI DBO,9/16/23,9/16/23,,CTD009,10,Niskin; Sterivex 0.22µm filter,95% EtOH,,DBO1.8,,30.4,,63° 01.800' N,173° 27.600' W,,03:09,,11:09,,,,,,,,,,,,FALSE,,,Extractions being handled by Wes Larson (UAF),,FALSE,FALSE,
E1894.SKQ23-12S,1894,,,FALSE,SKQ23-12S,SKQ23 EcoFOCI DBO,9/16/23,9/16/23,,CTD009,17,Niskin; Sterivex 0.22µm filter,95% EtOH,,DBO1.8,,10.3,,63° 01.800' N,173° 27.600' W,,03:15,,11:15,,,,,,,,,,,,FALSE,,,Extractions being handled by Wes Larson (UAF),,FALSE,FALSE,
E1895.SKQ23-12S,1895,,,FALSE,SKQ23-12S,SKQ23 EcoFOCI DBO,9/17/23,9/16/23,,CTD012,1,Niskin; Sterivex 0.22µm filter,95% EtOH,,DBO2.09,,41.4,,64° 40.300' N,170° 15.740' W,,19:50,,3:50,,,,,,,,,,,,FALSE,,,Extractions being handled by Wes Larson (UAF),,FALSE,FALSE,
E1896.SKQ23-12S,1896,,,FALSE,SKQ23-12S,SKQ23 EcoFOCI DBO,9/17/23,9/16/23,,CTD012,8,Niskin; Sterivex 0.22µm filter,95% EtOH,,DBO2.09,,30.3,,64° 40.300' N,170° 15.740' W,,19:53,,3:53,,,,,,,,,,,,FALSE,,,Extractions being handled by Wes Larson (UAF),,FALSE,FALSE,
E1897.SKQ23-12S,1897,,,FALSE,SKQ23-12S,SKQ23 EcoFOCI DBO,9/17/23,9/16/23,,CTD012,15,Niskin; Sterivex 0.22µm filter,95% EtOH,,DBO2.09,,10.3,,64° 40.300' N,170° 15.740' W,,19:59,,3:59,,,,,,,,,,,,FALSE,,,Extractions being handled by Wes Larson (UAF),,FALSE,FALSE,
E1898.SKQ23-12S,1898,,,FALSE,SKQ23-12S,SKQ23 EcoFOCI DBO,9/17/23,9/17/23,,CTD014,1,Niskin; Sterivex 0.22µm filter,95% EtOH,,DBO2.1,,41.0,,64° 40.200' N,169° 55.200' W,,00:38,,8:38,,,,,,,,,,,,FALSE,,,Extractions being handled by Wes Larson (UAF),,FALSE,FALSE,
E1899.SKQ23-12S,1899,,,FALSE,SKQ23-12S,SKQ23 EcoFOCI DBO,9/17/23,9/17/23,,CTD014,8,Niskin; Sterivex 0.22µm filter,95% EtOH,,DBO2.1,,30.7,,64° 40.200' N,169° 55.200' W,,00:41,,8:41,,,,,,,,,,,,FALSE,,,Extractions being handled by Wes Larson (UAF),,FALSE,FALSE,
E1900.SKQ23-12S,1900,,,FALSE,SKQ23-12S,SKQ23 EcoFOCI DBO,9/17/23,9/17/23,,CTD014,13,Niskin; Sterivex 0.22µm filter,95% EtOH,,DBO2.1,,10.4,,64° 40.200' N,169° 55.200' W,,00:49,,8:49,,,,,,,,,,,,FALSE,,,Extractions being handled by Wes Larson (UAF),,FALSE,FALSE,
E1901.SKQ23-12S,1901,,,FALSE,SKQ23-12S,SKQ23 EcoFOCI DBO,9/17/23,9/17/23,,CTD016,1,Niskin; Sterivex 0.22µm filter,95% EtOH,,DBO2.2,,40.0,,64° 40.800' N,169° 06.000' W,,05:47,,13:47,,,,,,,,,,,,FALSE,,,Extractions being handled by Wes Larson (UAF),,FALSE,FALSE,
E1902.SKQ23-12S,1902,,,FALSE,SKQ23-12S,SKQ23 EcoFOCI DBO,9/17/23,9/17/23,,CTD016,5,Niskin; Sterivex 0.22µm filter,95% EtOH,,DBO2.2,,30.4,,64° 40.800' N,169° 06.000' W,,05:50,,13:50,,,,,,,,,,,,FALSE,,,Extractions being handled by Wes Larson (UAF),,FALSE,FALSE,
E1903.SKQ23-12S,1903,,,FALSE,SKQ23-12S,SKQ23 EcoFOCI DBO,9/17/23,9/17/23,,CTD016,13,Niskin; Sterivex 0.22µm filter,95% EtOH,,DBO2.2,,10.8,,64° 40.800' N,169° 06.000' W,,05:56,,13:56,,,,,,,,,,,,FALSE,,,Extractions being handled by Wes Larson (UAF),,FALSE,FALSE,
E1904.SKQ23-12S,1904,,,FALSE,SKQ23-12S,SKQ23 EcoFOCI DBO,9/17/23,9/17/23,,CTD018,1,Niskin; Sterivex 0.22µm filter,95% EtOH,,DBO2.3,,33.0,,64° 40.200' N,168° 14.100' W,,11:01,,19:01,,,,,,,,,,,,FALSE,,,Extractions being handled by Wes Larson (UAF),,FALSE,FALSE,
E1905.SKQ23-12S,1905,,,FALSE,SKQ23-12S,SKQ23 EcoFOCI DBO,9/17/23,9/17/23,,CTD018,12,Niskin; Sterivex 0.22µm filter,95% EtOH,,DBO2.3,,10.1,,64° 40.200' N,168° 14.100' W,,11:06,,19:06,,,,,,,,,,,,FALSE,,,Extractions being handled by Wes Larson (UAF),,FALSE,FALSE,
E1906.SKQ23-12S,1906,,,FALSE,SKQ23-12S,SKQ23 EcoFOCI DBO,9/17/23,9/17/23,,CTD019,1,Niskin; Sterivex 0.22µm filter,95% EtOH,,DBO2.7,,40.6,,65° 00.000' N,168° 13.325' W,,14:36,,22:36,,,,,,,,,,,,FALSE,,,Extractions being handled by Wes Larson (UAF),,FALSE,FALSE,
E1907.SKQ23-12S,1907,,,FALSE,SKQ23-12S,SKQ23 EcoFOCI DBO,9/17/23,9/17/23,,CTD019,7,Niskin; Sterivex 0.22µm filter,95% EtOH,,DBO2.7,,30.1,,65° 00.000' N,168° 13.325' W,,14:39,,22:39,,,,,,,,,,,,FALSE,,,Extractions being handled by Wes Larson (UAF),,FALSE,FALSE,
E1908.SKQ23-12S,1908,,,FALSE,SKQ23-12S,SKQ23 EcoFOCI DBO,9/17/23,9/17/23,,CTD019,13,Niskin; Sterivex 0.22µm filter,95% EtOH,,DBO2.7,,10.0,,65° 00.000' N,168° 13.325' W,,14:44,,22:44,,,,,,,,,,,,FALSE,,,Extractions being handled by Wes Larson (UAF),,FALSE,FALSE,
E1909.SKQ23-12S,1909,,,FALSE,SKQ23-12S,SKQ23 EcoFOCI DBO,9/18/23,9/17/23,,CTD021,1,Niskin; Sterivex 0.22µm filter,95% EtOH,,DBO2.5,,43.2,,64° 58.470' N,169° 29.240' W,,19:00,,3:00,,,,,,,,,,,,FALSE,,,Extractions being handled by Wes Larson (UAF),,FALSE,FALSE,
E1910.SKQ23-12S,1910,,,FALSE,SKQ23-12S,SKQ23 EcoFOCI DBO,9/18/23,9/17/23,,CTD021,8,Niskin; Sterivex 0.22µm filter,95% EtOH,,DBO2.5,,30.1,,64° 58.470' N,169° 29.240' W,,19:04,,3:04,,,,,,,,,,,,FALSE,,,Extractions being handled by Wes Larson (UAF),,FALSE,FALSE,
E1911.SKQ23-12S,1911,,,FALSE,SKQ23-12S,SKQ23 EcoFOCI DBO,9/18/23,9/17/23,,CTD021,18,Niskin; Sterivex 0.22µm filter,95% EtOH,,DBO2.5,,10.2,,64° 58.470' N,169° 29.240' W,,19:09,,3:09,,,,,,,,,,,,FALSE,,,Extractions being handled by Wes Larson (UAF),,FALSE,FALSE,
E1912.SKQ23-12S,1912,,,FALSE,SKQ23-12S,SKQ23 EcoFOCI DBO,9/18/23,9/17/23,,CTD023,1,Niskin; Sterivex 0.22µm filter,95% EtOH,,DBO2.4,,43.1,,64° 57.700' N,169° 53.160' W,,23:10,,7:10,,,,,,,,,,,,FALSE,,,Extractions being handled by Wes Larson (UAF),,FALSE,FALSE,
E1913.SKQ23-12S,1913,,,FALSE,SKQ23-12S,SKQ23 EcoFOCI DBO,9/18/23,9/17/23,,CTD023,8,Niskin; Sterivex 0.22µm filter,95% EtOH,,DBO2.4,,30.8,,64° 57.700' N,169° 53.160' W,,23:14,,7:14,,,,,,,,,,,,FALSE,,,Extractions being handled by Wes Larson (UAF),,FALSE,FALSE,
E1914.SKQ23-12S,1914,,,FALSE,SKQ23-12S,SKQ23 EcoFOCI DBO,9/18/23,9/17/23,,CTD023,15,Niskin; Sterivex 0.22µm filter,95% EtOH,,DBO2.4,,10.5,,64° 57.700' N,169° 53.160' W,,23:20,,7:20,,,,,,,,,,,,FALSE,,,Extractions being handled by Wes Larson (UAF),,FALSE,FALSE,
E1915.SKQ23-12S,1915,,,FALSE,SKQ23-12S,SKQ23 EcoFOCI DBO,9/20/23,9/20/23,,CTD025,1,Niskin; Sterivex 0.22µm filter,95% EtOH,,DBO5.1,,41.2,,71° 14.811' N,157° 09.854' W,,13:15,,21:15,,,,,,,,,,,,FALSE,,,Extractions being handled by Wes Larson (UAF),,FALSE,FALSE,
E1916.SKQ23-12S,1916,,,FALSE,SKQ23-12S,SKQ23 EcoFOCI DBO,9/20/23,9/20/23,,CTD025,7,Niskin; Sterivex 0.22µm filter,95% EtOH,,DBO5.1,,30.3,,71° 14.811' N,157° 09.854' W,,13:18,,21:18,,,,,,,,,,,,FALSE,,,Extractions being handled by Wes Larson (UAF),,FALSE,FALSE,
E1917.SKQ23-12S,1917,,,FALSE,SKQ23-12S,SKQ23 EcoFOCI DBO,9/20/23,9/20/23,,CTD025,14,Niskin; Sterivex 0.22µm filter,95% EtOH,,DBO5.1,,10.1,,71° 14.811' N,157° 09.854' W,,13:24,,21:24,,,,,,,,,,,,FALSE,,,Extractions being handled by Wes Larson (UAF),,FALSE,FALSE,
E1918.SKQ23-12S,1918,,,FALSE,SKQ23-12S,SKQ23 EcoFOCI DBO,9/20/23,9/20/23,,CTD026,1,Niskin; Sterivex 0.22µm filter,95% EtOH,,DBO5.2,,51.4,,71° 17.260' N,157° 14.749' W,,15:22,,23:22,,,,,,,,,,,,FALSE,,,Extractions being handled by Wes Larson (UAF),,FALSE,FALSE,
E1919.SKQ23-12S,1919,,,FALSE,SKQ23-12S,SKQ23 EcoFOCI DBO,9/20/23,9/20/23,,CTD026,10,Niskin; Sterivex 0.22µm filter,95% EtOH,,DBO5.2,,30.3,,71° 17.260' N,157° 14.749' W,,15:28,,23:28,,,,,,,,,,,,FALSE,,,Extractions being handled by Wes Larson (UAF),,FALSE,FALSE,
E1920.SKQ23-12S,1920,,,FALSE,SKQ23-12S,SKQ23 EcoFOCI DBO,9/20/23,9/20/23,,CTD026,17,Niskin; Sterivex 0.22µm filter,95% EtOH,,DBO5.2,,9.8,,71° 17.260' N,157° 14.749' W,,15:36,,23:36,,,,,,,,,,,,FALSE,,,Extractions being handled by Wes Larson (UAF),,FALSE,FALSE,
E1921.SKQ23-12S,1921,,,FALSE,SKQ23-12S,SKQ23 EcoFOCI DBO,9/21/23,9/20/23,,CTD027,1,Niskin; Sterivex 0.22µm filter,95% EtOH,,DBO5.3,,85.4,,71° 19.797' N,157° 19.900' W,,17:18,,1:18,,,,,,,,,,,,FALSE,,,Extractions being handled by Wes Larson (UAF),,FALSE,FALSE,
E1922.SKQ23-12S,1922,,,FALSE,SKQ23-12S,SKQ23 EcoFOCI DBO,9/21/23,9/20/23,,CTD027,12,Niskin; Sterivex 0.22µm filter,95% EtOH,,DBO5.3,,30.8,,71° 19.797' N,157° 19.900' W,,17:29,,1:29,,,,,,,,,,,,FALSE,,,Extractions being handled by Wes Larson (UAF),,FALSE,FALSE,
E1923.SKQ23-12S,1923,,,FALSE,SKQ23-12S,SKQ23 EcoFOCI DBO,9/21/23,9/20/23,,CTD027,18,Niskin; Sterivex 0.22µm filter,95% EtOH,,DBO5.3,,10.9,,71° 19.797' N,157° 19.900' W,,17:33,,1:33,,,,,,,,,,,,FALSE,,,Extractions being handled by Wes Larson (UAF),,FALSE,FALSE,
E1924.SKQ23-12S,1924,,,FALSE,SKQ23-12S,SKQ23 EcoFOCI DBO,9/21/23,9/20/23,,CTD028,1,Niskin; Sterivex 0.22µm filter,95% EtOH,,DBO5.4,,106.8,,71° 22.320' N,157° 24.860' W,,19:25,,3:25,,,,,,,,,,,,FALSE,,,Extractions being handled by Wes Larson (UAF),,FALSE,FALSE,
E1925.SKQ23-12S,1925,,,FALSE,SKQ23-12S,SKQ23 EcoFOCI DBO,9/21/23,9/20/23,,CTD028,11,Niskin; Sterivex 0.22µm filter,95% EtOH,,DBO5.4,,30.1,,71° 22.320' N,157° 24.860' W,,19:36,,3:36,,,,,,,,,,,,FALSE,,,Extractions being handled by Wes Larson (UAF),,FALSE,FALSE,
E1926.SKQ23-12S,1926,,,FALSE,SKQ23-12S,SKQ23 EcoFOCI DBO,9/21/23,9/20/23,,CTD028,18,Niskin; Sterivex 0.22µm filter,95% EtOH,,DBO5.4,,9.7,,71° 22.320' N,157° 24.860' W,,19:41,,3:41,,,,,,,,,,,,FALSE,,,Extractions being handled by Wes Larson (UAF),,FALSE,FALSE,
E1927.SKQ23-12S,1927,,,FALSE,SKQ23-12S,SKQ23 EcoFOCI DBO,9/21/23,9/20/23,,CTD029,1,Niskin; Sterivex 0.22µm filter,95% EtOH,,DBO5.5,,119.9,,71° 24.542' N,157° 29.663' W,,21:10,,5:10,,,,,,,,,,,,FALSE,,,Extractions being handled by Wes Larson (UAF),,FALSE,FALSE,
E1928.SKQ23-12S,1928,,,FALSE,SKQ23-12S,SKQ23 EcoFOCI DBO,9/21/23,9/20/23,,CTD029,14,Niskin; Sterivex 0.22µm filter,95% EtOH,,DBO5.5,,30.6,,71° 24.542' N,157° 29.663' W,,21:25,,5:25,,,,,,,,,,,,FALSE,,,Extractions being handled by Wes Larson (UAF),,FALSE,FALSE,
E1929.SKQ23-12S,1929,,,FALSE,SKQ23-12S,SKQ23 EcoFOCI DBO,9/21/23,9/20/23,,CTD029,18,Niskin; Sterivex 0.22µm filter,95% EtOH,,DBO5.5,,10.5,,71° 24.542' N,157° 29.663' W,,21:30,,5:30,,,,,,,,,,,,FALSE,,,Extractions being handled by Wes Larson (UAF),,FALSE,FALSE,
E1930.SKQ23-12S,1930,,,FALSE,SKQ23-12S,SKQ23 EcoFOCI DBO,9/21/23,9/20/23,,CTD030,1,Niskin; Sterivex 0.22µm filter,95% EtOH,,DBO5.6,,104.5,,71° 27.300' N,157° 34.980' W,,23:36,,7:36,,,,,,,,,,,,FALSE,,,Extractions being handled by Wes Larson (UAF),,FALSE,FALSE,
E1931.SKQ23-12S,1931,,,FALSE,SKQ23-12S,SKQ23 EcoFOCI DBO,9/21/23,9/20/23,,CTD030,11,Niskin; Sterivex 0.22µm filter,95% EtOH,,DBO5.6,,30.4,,71° 27.300' N,157° 34.980' W,,23:47,,7:47,,,,,,,,,,,,FALSE,,,Extractions being handled by Wes Larson (UAF),,FALSE,FALSE,
E1932.SKQ23-12S,1932,,,FALSE,SKQ23-12S,SKQ23 EcoFOCI DBO,9/21/23,9/20/23,,CTD030,18,Niskin; Sterivex 0.22µm filter,95% EtOH,,DBO5.6,,10.6,,71° 27.300' N,157° 34.980' W,,23:55,,7:55,,,,,,,,,,,,FALSE,,,Extractions being handled by Wes Larson (UAF),,FALSE,FALSE,
E1933.SKQ23-12S,1933,,,FALSE,SKQ23-12S,SKQ23 EcoFOCI DBO,9/21/23,9/21/23,,CTD031,1,Niskin; Sterivex 0.22µm filter,95% EtOH,,DBO5.7,,76.4,,71° 30.000' N,157° 40.320' W,,01:59,,9:59,,,,,,,,,,,,FALSE,,,Extractions being handled by Wes Larson (UAF),,FALSE,FALSE,
E1934.SKQ23-12S,1934,,,FALSE,SKQ23-12S,SKQ23 EcoFOCI DBO,9/21/23,9/21/23,,CTD031,11,Niskin; Sterivex 0.22µm filter,95% EtOH,,DBO5.7,,30.1,,71° 30.000' N,157° 40.320' W,,02:10,,10:10,,,,,,,,,,,,FALSE,,,Extractions being handled by Wes Larson (UAF),,FALSE,FALSE,
E1935.SKQ23-12S,1935,,,FALSE,SKQ23-12S,SKQ23 EcoFOCI DBO,9/21/23,9/21/23,,CTD031,17,Niskin; Sterivex 0.22µm filter,95% EtOH,,DBO5.7,,9.9,,71° 30.000' N,157° 40.320' W,,02:15,,10:15,,,,,,,,,,,,FALSE,,,Extractions being handled by Wes Larson (UAF),,FALSE,FALSE,
E1936.SKQ23-12S,1936,,,FALSE,SKQ23-12S,SKQ23 EcoFOCI DBO,9/21/23,9/21/23,,CTD032,1,Niskin; Sterivex 0.22µm filter,95% EtOH,,DBO5.8,,65.7,,71° 32.220' N,157° 45.180' W,,04:47,,12:47,,,,,,,,,,,,FALSE,,,Extractions being handled by Wes Larson (UAF),,FALSE,FALSE,
E1937.SKQ23-12S,1937,,,FALSE,SKQ23-12S,SKQ23 EcoFOCI DBO,9/21/23,9/21/23,,CTD032,9,Niskin; Sterivex 0.22µm filter,95% EtOH,,DBO5.8,,30.7,,71° 32.220' N,157° 45.180' W,,04:55,,12:55,,,,,,,,,,,,FALSE,,,Extractions being handled by Wes Larson (UAF),,FALSE,FALSE,
E1938.SKQ23-12S,1938,,,FALSE,SKQ23-12S,SKQ23 EcoFOCI DBO,9/21/23,9/21/23,,CTD032,15,Niskin; Sterivex 0.22µm filter,95% EtOH,,DBO5.8,,10.5,,71° 32.220' N,157° 45.180' W,,05:01,,13:01,,,,,,,,,,,,FALSE,,,Extractions being handled by Wes Larson (UAF),,FALSE,FALSE,
E1939.SKQ23-12S,1939,,,FALSE,SKQ23-12S,SKQ23 EcoFOCI DBO,9/21/23,9/21/23,,CTD033,1,Niskin; Sterivex 0.22µm filter,95% EtOH,,DBO5.9,,59.6,,71° 34.680' N,157° 50.280' W,,06:32,,14:32,,,,,,,,,,,,FALSE,,,Extractions being handled by Wes Larson (UAF),,FALSE,FALSE,
E1940.SKQ23-12S,1940,,,FALSE,SKQ23-12S,SKQ23 EcoFOCI DBO,9/21/23,9/21/23,,CTD033,10,Niskin; Sterivex 0.22µm filter,95% EtOH,,DBO5.9,,29.5,,71° 34.680' N,157° 50.280' W,,06:41,,14:41,,,,,,,,,,,,FALSE,,,Extractions being handled by Wes Larson (UAF),,FALSE,FALSE,
E1941.SKQ23-12S,1941,,,FALSE,SKQ23-12S,SKQ23 EcoFOCI DBO,9/21/23,9/21/23,,CTD033,17,Niskin; Sterivex 0.22µm filter,95% EtOH,,DBO5.9,,11.1,,71° 34.680' N,157° 50.280' W,,06:48,,14:48,,,,,,,,,,,,FALSE,,,Extractions being handled by Wes Larson (UAF),,FALSE,FALSE,
E1942.SKQ23-12S,1942,,,FALSE,SKQ23-12S,SKQ23 EcoFOCI DBO,9/21/23,9/21/23,,CTD034,1,Niskin; Sterivex 0.22µm filter,95% EtOH,,DBO5.10,,56.7,,71° 37.200' N,157° 55.500' W,,08:42,,16:42,,,,,,,,,,,,FALSE,,,Extractions being handled by Wes Larson (UAF),,FALSE,FALSE,
E1943.SKQ23-12S,1943,,,FALSE,SKQ23-12S,SKQ23 EcoFOCI DBO,9/21/23,9/21/23,,CTD034,10,Niskin; Sterivex 0.22µm filter,95% EtOH,,DBO5.10,,30.2,,71° 37.200' N,157° 55.500' W,,08:50,,16:50,,,,,,,,,,,,FALSE,,,Extractions being handled by Wes Larson (UAF),,FALSE,FALSE,
E1944.SKQ23-12S,1944,,,FALSE,SKQ23-12S,SKQ23 EcoFOCI DBO,9/21/23,9/21/23,,CTD034,16,Niskin; Sterivex 0.22µm filter,95% EtOH,,DBO5.10,,10.5,,71° 37.200' N,157° 55.500' W,,08:54,,16:54,,,,,,,,,,,,FALSE,,,Extractions being handled by Wes Larson (UAF),,FALSE,FALSE,
E1945.SKQ23-12S,1945,,,FALSE,SKQ23-12S,SKQ23 EcoFOCI DBO,9/22/23,9/21/23,,CTD035,1,Niskin; Sterivex 0.22µm filter,95% EtOH,,BF2,,79.0,,71° 45.075' N,154° 27.669' W,,18:09,,2:09,,,,,,,,,,,,FALSE,,,Extractions being handled by Wes Larson (UAF),,FALSE,FALSE,
E1946.SKQ23-12S,1946,,,FALSE,SKQ23-12S,SKQ23 EcoFOCI DBO,9/22/23,9/21/23,,CTD035,5,Niskin; Sterivex 0.22µm filter,95% EtOH,,BF2,,30.5,,71° 45.075' N,154° 27.669' W,,18:17,,2:17,,,,,,,,,,,,FALSE,,,Extractions being handled by Wes Larson (UAF),,FALSE,FALSE,
E1947.SKQ23-12S,1947,,,FALSE,SKQ23-12S,SKQ23 EcoFOCI DBO,9/22/23,9/21/23,,CTD035,7,Niskin; Sterivex 0.22µm filter,95% EtOH,,BF2,,10.1,,71° 45.075' N,154° 27.669' W,,18:21,,2:21,,,,,,,,,,,,FALSE,,,Extractions being handled by Wes Larson (UAF),,FALSE,FALSE,
E1948.SKQ23-12S,1948,,,FALSE,SKQ23-12S,SKQ23 EcoFOCI DBO,9/22/23,9/22/23,,CTD036,1,Niskin; Sterivex 0.22µm filter,95% EtOH,,CK9,,992.6,,72° 28.000' N,156° 33.000' W,,06:34,,14:34,,,,,,,,,,,,FALSE,,,Extractions being handled by Wes Larson (UAF),,FALSE,FALSE,
E1949.SKQ23-12S,1949,,,FALSE,SKQ23-12S,SKQ23 EcoFOCI DBO,9/22/23,9/22/23,,CTD036,7,Niskin; Sterivex 0.22µm filter,95% EtOH,,CK9,,505.6,,72° 28.000' N,156° 33.000' W,,06:52,,14:52,,,,,,,,,,,,FALSE,,,Extractions being handled by Wes Larson (UAF),,FALSE,FALSE,
E1950.SKQ23-12S,1950,,,FALSE,SKQ23-12S,SKQ23 EcoFOCI DBO,9/22/23,9/22/23,,CTD036,15,Niskin; Sterivex 0.22µm filter,95% EtOH,,CK9,,101.2,,72° 28.000' N,156° 33.000' W,,07:16,,15:16,,,,,,,,,,,,FALSE,,,Extractions being handled by Wes Larson (UAF),,FALSE,FALSE,
E1951.SKQ23-12S,1951,,,FALSE,SKQ23-12S,SKQ23 EcoFOCI DBO,9/22/23,9/22/23,,CTD036,19,Niskin; Sterivex 0.22µm filter,95% EtOH,,CK9,,30.4,,72° 28.000' N,156° 33.000' W,,07:25,,15:25,,,,,,,,,,,,FALSE,,,Extractions being handled by Wes Larson (UAF),,FALSE,FALSE,
E1952.SKQ23-12S,1952,,,FALSE,SKQ23-12S,SKQ23 EcoFOCI DBO,9/22/23,9/22/23,,CTD036,22,Niskin; Sterivex 0.22µm filter,95% EtOH,,CK9,,10.4,,72° 28.000' N,156° 33.000' W,,07:30,,15:30,,,,,,,,,,,,FALSE,,,Extractions being handled by Wes Larson (UAF),,FALSE,FALSE,
E1953.SKQ23-12S,1953,,,FALSE,SKQ23-12S,SKQ23 EcoFOCI DBO,9/23/23,9/22-23/23,,CTD037,1,Niskin; Sterivex 0.22µm filter,95% EtOH,,DBO4.1n,,49.2,,71° 11.640' N,160° 16.200' W,,00:06,,8:06,,,,,,,,,,,,FALSE,,,Extractions being handled by Wes Larson (UAF),,FALSE,FALSE,
E1954.SKQ23-12S,1954,,,FALSE,SKQ23-12S,SKQ23 EcoFOCI DBO,9/23/23,9/22-23/23,,CTD037,8,Niskin; Sterivex 0.22µm filter,95% EtOH,,DBO4.1n,,30.2,,71° 11.640' N,160° 16.200' W,,00:11,,8:11,,,,,,,,,,,,FALSE,,,Extractions being handled by Wes Larson (UAF),,FALSE,FALSE,
E1955.SKQ23-12S,1955,,,FALSE,SKQ23-12S,SKQ23 EcoFOCI DBO,9/23/23,9/22-23/23,,CTD037,16,Niskin; Sterivex 0.22µm filter,95% EtOH,,DBO4.1n,,10.3,,71° 11.640' N,160° 16.200' W,,00:20,,8:20,,,,,,,,,,,,FALSE,,,Extractions being handled by Wes Larson (UAF),,FALSE,FALSE,
E1956.SKQ23-12S,1956,,,FALSE,SKQ23-12S,SKQ23 EcoFOCI DBO,9/23/23,9/23/23,,CTD038,1,Niskin; Sterivex 0.22µm filter,95% EtOH,,DBO4.2n,,43.3,,71° 19.310' N,160° 39.090' W,,03:59,,11:59,,,,,,,,,,,,FALSE,,,Extractions being handled by Wes Larson (UAF),,FALSE,FALSE,
E1957.SKQ23-12S,1957,,,FALSE,SKQ23-12S,SKQ23 EcoFOCI DBO,9/23/23,9/23/23,,CTD038,10,Niskin; Sterivex 0.22µm filter,95% EtOH,,DBO4.2n,,30.6,,71° 19.310' N,160° 39.090' W,,04:04,,12:04,,,,,,,,,,,,FALSE,,,Extractions being handled by Wes Larson (UAF),,FALSE,FALSE,
E1958.SKQ23-12S,1958,,,FALSE,SKQ23-12S,SKQ23 EcoFOCI DBO,9/23/23,9/23/23,,CTD038,18,Niskin; Sterivex 0.22µm filter,95% EtOH,,DBO4.2n,DBO4.2n,10.4,,71° 19.310' N,160° 39.090' W,,04:11,,12:11,,,,,,,,,,,,FALSE,,,Extractions being handled by Wes Larson (UAF),,FALSE,FALSE,
E1959.SKQ23-12S,1959,,,FALSE,SKQ23-12S,SKQ23 EcoFOCI DBO,9/24/23,9/23/23,,CTD042,1,Niskin; Sterivex 0.22µm filter,95% EtOH,,DBO4.3n,,42.1,,71° 27.255' N,161° 02.337' W,,20:59,,4:59,,,,,,,,,,,,FALSE,,,Extractions being handled by Wes Larson (UAF),,FALSE,FALSE,
E1960.SKQ23-12S,1960,,,FALSE,SKQ23-12S,SKQ23 EcoFOCI DBO,9/24/23,9/23/23,,CTD042,6,Niskin; Sterivex 0.22µm filter,95% EtOH,,DBO4.3n,,30.4,,71° 27.255' N,161° 02.337' W,,21:02,,5:02,,,,,,,,,,,,FALSE,,,Extractions being handled by Wes Larson (UAF),,FALSE,FALSE,
E1961.SKQ23-12S,1961,,,FALSE,SKQ23-12S,SKQ23 EcoFOCI DBO,9/24/23,9/23/23,,CTD042,15,Niskin; Sterivex 0.22µm filter,95% EtOH,,DBO4.3n,,10.5,,71° 27.255' N,161° 02.337' W,,21:11,,5:11,,,,,,,,,,,,FALSE,,,Extractions being handled by Wes Larson (UAF),,FALSE,FALSE,
E1962.SKQ23-12S,1962,,,FALSE,SKQ23-12S,SKQ23 EcoFOCI DBO,9/24/23,9/24/23,,CTD044,1,Niskin; Sterivex 0.22µm filter,95% EtOH,,DBO4.4n,,42.3,,71° 35.280' N,161° 24.120' W,,00:21,,8:21,,,,,,,,,,,,FALSE,,,Extractions being handled by Wes Larson (UAF),,FALSE,FALSE,
E1963.SKQ23-12S,1963,,,FALSE,SKQ23-12S,SKQ23 EcoFOCI DBO,9/24/23,9/24/23,,CTD044,8,Niskin; Sterivex 0.22µm filter,95% EtOH,,DBO4.4n,,30.4,,71° 35.280' N,161° 24.120' W,,00:24,,8:24,,,,,,,,,,,,FALSE,,,Extractions being handled by Wes Larson (UAF),,FALSE,FALSE,
E1964.SKQ23-12S,1964,,,FALSE,SKQ23-12S,SKQ23 EcoFOCI DBO,9/24/23,9/24/23,,CTD044,15,Niskin; Sterivex 0.22µm filter,95% EtOH,,DBO4.4n,,10.1,,71° 35.280' N,161° 24.120' W,,00:31,,8:31,,,,,,,,,,,,FALSE,,,Extractions being handled by Wes Larson (UAF),,FALSE,FALSE,
E1965.SKQ23-12S,1965,,,FALSE,SKQ23-12S,SKQ23 EcoFOCI DBO,9/25/23,9/24/23,,CTD047,1,Niskin; Sterivex 0.22µm filter,95% EtOH,,DBO4.5n,,38.1,,71° 43.200' N,161° 46.440' W,,19:14,,3:14,,,,,,,,,,,,FALSE,,,Extractions being handled by Wes Larson (UAF),,FALSE,FALSE,
E1966.SKQ23-12S,1966,,,FALSE,SKQ23-12S,SKQ23 EcoFOCI DBO,9/25/23,9/24/23,,CTD047,5,Niskin; Sterivex 0.22µm filter,95% EtOH,,DBO4.5n,,30.6,,71° 43.200' N,161° 46.440' W,,19:16,,3:16,,,,,,,,,,,,FALSE,,,Extractions being handled by Wes Larson (UAF),,FALSE,FALSE,
E1967.SKQ23-12S,1967,,,FALSE,SKQ23-12S,SKQ23 EcoFOCI DBO,9/25/23,9/24/23,,CTD047,12,Niskin; Sterivex 0.22µm filter,95% EtOH,,DBO4.5n,,10.2,,71° 43.200' N,161° 46.440' W,,19:22,,3:22,,,,,,,,,,,,FALSE,,,Extractions being handled by Wes Larson (UAF),,FALSE,FALSE,
E1968.SKQ23-12S,1968,,,FALSE,SKQ23-12S,SKQ23 EcoFOCI DBO,9/25/23,9/24/23,,CTD049,1,Niskin; Sterivex 0.22µm filter,95% EtOH,,DBO4.6n,,36.2,,71° 51.003' N,162° 09.410' W,,22:50,,6:50,,,,,,,,,,,,FALSE,,,Extractions being handled by Wes Larson (UAF),,FALSE,FALSE,
E1969.SKQ23-12S,1969,,,FALSE,SKQ23-12S,SKQ23 EcoFOCI DBO,9/25/23,9/24/23,,CTD049,5,Niskin; Sterivex 0.22µm filter,95% EtOH,,DBO4.6n,,30.7,,71° 51.003' N,162° 09.410' W,,22:52,,6:52,,,,,,,,,,,,FALSE,,,Extractions being handled by Wes Larson (UAF),,FALSE,FALSE,
E1970.SKQ23-12S,1970,,,FALSE,SKQ23-12S,SKQ23 EcoFOCI DBO,9/25/23,9/24/23,,CTD049,13,Niskin; Sterivex 0.22µm filter,95% EtOH,,DBO4.6n,,10.3,,71° 51.003' N,162° 09.410' W,,22:59,,6:59,,,,,,,,,,,,FALSE,,,Extractions being handled by Wes Larson (UAF),,FALSE,FALSE,
E1971.SKQ23-12S,1971,,,FALSE,SKQ23-12S,SKQ23 EcoFOCI DBO,9/26/23,9/25/23,,CTD050,1,Niskin; Sterivex 0.22µm filter,95% EtOH,,IC11,,34.2,,70° 34.780' N,162° 29.446' W,,08:06,,16:06,,,,,,,,,,,,FALSE,,,Extractions being handled by Wes Larson (UAF),,FALSE,FALSE,
E1972.SKQ23-12S,1972,,,FALSE,SKQ23-12S,SKQ23 EcoFOCI DBO,9/26/23,9/25/23,,CTD050,10,Niskin; Sterivex 0.22µm filter,95% EtOH,,IC11,,10.3,,70° 34.780' N,162° 29.446' W,,08:11,,16:11,,,,,,,,,,,,FALSE,,,Extractions being handled by Wes Larson (UAF),,FALSE,FALSE,
E1973.SKQ23-12S,1973,,,FALSE,SKQ23-12S,SKQ23 EcoFOCI DBO,9/26/23,9/26/23,,CTD051,1,Niskin; Sterivex 0.22µm filter,95% EtOH,,IC10,,37.2,,70° 43.032' N,162° 51.390' W,,11:09,,19:09,,,,,,,,,,,,FALSE,,,Extractions being handled by Wes Larson (UAF),,FALSE,FALSE,
E1974.SKQ23-12S,1974,,,FALSE,SKQ23-12S,SKQ23 EcoFOCI DBO,9/26/23,9/26/23,,CTD051,14,Niskin; Sterivex 0.22µm filter,95% EtOH,,IC10,,10.4,,70° 43.032' N,162° 51.390' W,,11:17,,19:17,,,,,,,,,,,,FALSE,,,Extractions being handled by Wes Larson (UAF),,FALSE,FALSE,
E1975.SKQ23-12S,1975,,,FALSE,SKQ23-12S,SKQ23 EcoFOCI DBO,9/26/23,9/26/23,,CTD053,1,Niskin; Sterivex 0.22µm filter,95% EtOH,,IC09,,39.2,,70° 50.940' N,163° 11.232' W,,15:42,,23:42,,,,,,,,,,,,FALSE,,,Extractions being handled by Wes Larson (UAF),,FALSE,FALSE,
E1976.SKQ23-12S,1976,,,FALSE,SKQ23-12S,SKQ23 EcoFOCI DBO,9/26/23,9/26/23,,CTD053,14,Niskin; Sterivex 0.22µm filter,95% EtOH,,IC09,,10.1,,70° 50.940' N,163° 11.232' W,,15:51,,23:51,,,,,,,,,,,,FALSE,,,Extractions being handled by Wes Larson (UAF),,FALSE,FALSE,
E1977.SKQ23-12S,1977,,,FALSE,SKQ23-12S,SKQ23 EcoFOCI DBO,9/27/23,9/26/23,,CTD054,1,Niskin; Sterivex 0.22µm filter,95% EtOH,,IC08,,40.2,,70° 58.350' N,163° 33.852' W,,18:33,,2:33,,,,,,,,,,,,FALSE,,,Extractions being handled by Wes Larson (UAF),,FALSE,FALSE,
E1978.SKQ23-12S,1978,,,FALSE,SKQ23-12S,SKQ23 EcoFOCI DBO,9/27/23,9/26/23,,CTD054,6,Niskin; Sterivex 0.22µm filter,95% EtOH,,IC08,,30.5,,70° 58.350' N,163° 33.852' W,,18:35,,2:35,,,,,,,,,,,,FALSE,,,Extractions being handled by Wes Larson (UAF),,FALSE,FALSE,
E1979.SKQ23-12S,1979,,,FALSE,SKQ23-12S,SKQ23 EcoFOCI DBO,9/27/23,9/26/23,,CTD054,13,Niskin; Sterivex 0.22µm filter,95% EtOH,,IC08,,10.5,,70° 58.350' N,163° 33.852' W,,18:42,,2:42,,,,,,,,,,,,FALSE,,,Extractions being handled by Wes Larson (UAF),,FALSE,FALSE,
E1980.SKQ23-12S,1980,,,FALSE,SKQ23-12S,SKQ23 EcoFOCI DBO,9/27/23,9/26/23,,CTD055,1,Niskin; Sterivex 0.22µm filter,95% EtOH,,IC07,,38.2,,71° 05.082' N,163° 48.108' W,,20:02,,4:02,,,,,,,,,,,,FALSE,,,Extractions being handled by Wes Larson (UAF),,FALSE,FALSE,
E1981.SKQ23-12S,1981,,,FALSE,SKQ23-12S,SKQ23 EcoFOCI DBO,9/27/23,9/26/23,,CTD055,13,Niskin; Sterivex 0.22µm filter,95% EtOH,,IC07,,10.3,,71° 05.082' N,163° 48.108' W,,20:11,,4:11,,,,,,,,,,,,FALSE,,,Extractions being handled by Wes Larson (UAF),,FALSE,FALSE,
E1982.SKQ23-12S,1982,,,FALSE,SKQ23-12S,SKQ23 EcoFOCI DBO,9/27/23,9/26/23,,CTD056,1,Niskin; Sterivex 0.22µm filter,95% EtOH,,IC06,,39.1,,71° 11.700' N,164° 12.108' W,,22:49,,6:49,,,,,,,,,,,,FALSE,,,Extractions being handled by Wes Larson (UAF),,FALSE,FALSE,
E1983.SKQ23-12S,1983,,,FALSE,SKQ23-12S,SKQ23 EcoFOCI DBO,9/27/23,9/26/23,,CTD056,13,Niskin; Sterivex 0.22µm filter,95% EtOH,,IC06,,10.5,,71° 11.700' N,164° 12.108' W,,22:58,,6:58,,,,,,,,,,,,FALSE,,,Extractions being handled by Wes Larson (UAF),,FALSE,FALSE,
E1984.SKQ23-12S,1984,,,FALSE,SKQ23-12S,SKQ23 EcoFOCI DBO,9/27/23,9/27/23,,CTD057,1,Niskin; Sterivex 0.22µm filter,95% EtOH,,IC05,,39.0,,71° 20.202' N,164° 36.702' W,,00:35,,8:35,,,,,,,,,,,,FALSE,,,Extractions being handled by Wes Larson (UAF),,FALSE,FALSE,
E1985.SKQ23-12S,1985,,,FALSE,SKQ23-12S,SKQ23 EcoFOCI DBO,9/27/23,9/27/23,,CTD057,13,Niskin; Sterivex 0.22µm filter,95% EtOH,,IC05,,10.3,,71° 20.202' N,164° 36.702' W,,00:43,,8:43,,,,,,,,,,,,FALSE,,,Extractions being handled by Wes Larson (UAF),,FALSE,FALSE,
E1986.SKQ23-12S,1986,,,FALSE,SKQ23-12S,SKQ23 EcoFOCI DBO,9/27/23,9/27/23,,CTD058,1,Niskin; Sterivex 0.22µm filter,95% EtOH,,IC04,,37.1,,71° 26.910' N,164° 55.140' W,,03:45,,11:45,,,,,,,,,,,,FALSE,,,Extractions being handled by Wes Larson (UAF),,FALSE,FALSE,
E1987.SKQ23-12S,1987,,,FALSE,SKQ23-12S,SKQ23 EcoFOCI DBO,9/27/23,9/27/23,,CTD058,12,Niskin; Sterivex 0.22µm filter,95% EtOH,,IC04,,10.3,,71° 26.910' N,164° 55.140' W,,03:52,,11:52,,,,,,,,,,,,FALSE,,,Extractions being handled by Wes Larson (UAF),,FALSE,FALSE,
E1988.SKQ23-12S,1988,,,FALSE,SKQ23-12S,SKQ23 EcoFOCI DBO,9/27/23,9/27/23,,CTD060,1,Niskin; Sterivex 0.22µm filter,95% EtOH,,IC03,,37.2,,71° 36.032' N,165° 18.229' W,,14:18,,22:18,,,,,,,,,,,,FALSE,,,Extractions being handled by Wes Larson (UAF),,FALSE,FALSE,
E1989.SKQ23-12S,1989,,,FALSE,SKQ23-12S,SKQ23 EcoFOCI DBO,9/27/23,9/27/23,,CTD060,13,Niskin; Sterivex 0.22µm filter,95% EtOH,,IC03,,10.2,,71° 36.032' N,165° 18.229' W,,14:28,,22:28,,,,,,,,,,,,FALSE,,,Extractions being handled by Wes Larson (UAF),,FALSE,FALSE,
E1990.SKQ23-12S,1990,,,FALSE,SKQ23-12S,SKQ23 EcoFOCI DBO,9/28/23,9/27/23,,CTD062,1,Niskin; Sterivex 0.22µm filter,95% EtOH,,IC02,,36.2,,71° 42.312' N,165° 36.168' W,,17:32,,1:32,,,,,,,,,,,,FALSE,,,Extractions being handled by Wes Larson (UAF),,FALSE,FALSE,
E1991.SKQ23-12S,1991,,,FALSE,SKQ23-12S,SKQ23 EcoFOCI DBO,9/28/23,9/27/23,,CTD062,14,Niskin; Sterivex 0.22µm filter,95% EtOH,,IC02,,10.2,,71° 42.312' N,165° 36.168' W,,17:41,,1:41,,,,,,,,,,,,FALSE,,,Extractions being handled by Wes Larson (UAF),,FALSE,FALSE,
E1992.SKQ23-12S,1992,,,FALSE,SKQ23-12S,SKQ23 EcoFOCI DBO,9/28/23,9/27/23,,CTD063,1,Niskin; Sterivex 0.22µm filter,95% EtOH,,IC01,,39.2,,71° 49.812' N,165° 58.188' W,,22:24,,6:24,,,,,,,,,,,,FALSE,,,Extractions being handled by Wes Larson (UAF),,FALSE,FALSE,
E1993.SKQ23-12S,1993,,,FALSE,SKQ23-12S,SKQ23 EcoFOCI DBO,9/28/23,9/27/23,,CTD063,14,Niskin; Sterivex 0.22µm filter,95% EtOH,,IC01,,10.5,,71° 49.812' N,165° 58.188' W,,22:35,,6:35,,,,,,,,,,,,FALSE,,,Extractions being handled by Wes Larson (UAF),,FALSE,FALSE,
E1994.SKQ23-12S,1994,,,FALSE,SKQ23-12S,SKQ23 EcoFOCI DBO,9/29/23,9/29/23,,CTD068,1,Niskin; Sterivex 0.22µm filter,95% EtOH,,DBO3.8,,45.4,,67° 40.592' N,168° 56.880' W,,13:49,,21:49,,,,,,,,,,,,FALSE,,,Extractions being handled by Wes Larson (UAF),,FALSE,FALSE,
E1995.SKQ23-12S,1995,,,FALSE,SKQ23-12S,SKQ23 EcoFOCI DBO,9/29/23,9/29/23,,CTD068,8,Niskin; Sterivex 0.22µm filter,95% EtOH,,DBO3.8,,30.4,,67° 40.592' N,168° 56.880' W,,13:55,,21:55,,,,,,,,,,,,FALSE,,,Extractions being handled by Wes Larson (UAF),,FALSE,FALSE,
E1996.SKQ23-12S,1996,,,FALSE,SKQ23-12S,SKQ23 EcoFOCI DBO,9/29/23,9/29/23,,CTD068,17,Niskin; Sterivex 0.22µm filter,95% EtOH,,DBO3.8,,10.1,,67° 40.592' N,168° 56.880' W,,14:01,,22:01,,,,,,,,,,,,FALSE,,,Extractions being handled by Wes Larson (UAF),,FALSE,FALSE,
E1997.SKQ23-12S,1997,,,FALSE,SKQ23-12S,SKQ23 EcoFOCI DBO,9/30/23,9/29/23,,CTD069,1,Niskin; Sterivex 0.22µm filter,95% EtOH,,DBO3.7,,45.3,,67° 47.000' N,168° 35.760' W,,17:31,,1:31,,,,,,,,,,,,FALSE,,,Extractions being handled by Wes Larson (UAF),,FALSE,FALSE,
E1998.SKQ23-12S,1998,,,FALSE,SKQ23-12S,SKQ23 EcoFOCI DBO,9/30/23,9/29/23,,CTD069,8,Niskin; Sterivex 0.22µm filter,95% EtOH,,DBO3.7,,30.5,,67° 47.000' N,168° 35.760' W,,17:35,,1:35,,,,,,,,,,,,FALSE,,,Extractions being handled by Wes Larson (UAF),,FALSE,FALSE,
E1999.SKQ23-12S,1999,,,FALSE,SKQ23-12S,SKQ23 EcoFOCI DBO,9/30/23,9/29/23,,CTD069,15,Niskin; Sterivex 0.22µm filter,95% EtOH,,DBO3.7,,10.2,,67° 47.000' N,168° 35.760' W,,17:41,,1:41,,,,,,,,,,,,FALSE,,,Extractions being handled by Wes Larson (UAF),,FALSE,FALSE,
E2000.SKQ23-12S,2000,,,FALSE,SKQ23-12S,SKQ23 EcoFOCI DBO,9/30/23,9/29/23,,CTD070,1,Niskin; Sterivex 0.22µm filter,95% EtOH,,DBO3.6,,53.5,,67° 53.850' N,168° 14.040' W,,20:27,,4:27,,,,,,,,,,,,FALSE,,,Extractions being handled by Wes Larson (UAF),,FALSE,FALSE,
E2001.SKQ23-12S,2001,,,FALSE,SKQ23-12S,SKQ23 EcoFOCI DBO,9/30/23,9/29/23,,CTD070,10,Niskin; Sterivex 0.22µm filter,95% EtOH,,DBO3.6,,30.3,,67° 53.850' N,168° 14.040' W,,20:33,,4:33,,,,,,,,,,,,FALSE,,,Extractions being handled by Wes Larson (UAF),,FALSE,FALSE,
E2002.SKQ23-12S,2002,,,FALSE,SKQ23-12S,SKQ23 EcoFOCI DBO,9/30/23,9/29/23,,CTD070,18,Niskin; Sterivex 0.22µm filter,95% EtOH,,DBO3.6,,10.3,,67° 53.850' N,168° 14.040' W,,20:37,,4:37,,,,,,,,,,,,FALSE,,,Extractions being handled by Wes Larson (UAF),,FALSE,FALSE,
E2003.SKQ23-12S,2003,,,FALSE,SKQ23-12S,SKQ23 EcoFOCI DBO,10/1/23,10/01/23,,CTD071,1,Niskin; Sterivex 0.22µm filter,95% EtOH,,DBO3.4,,44.1,,67° 07.974' N,167° 29.218' W,,07:45,,15:45,,,,,,,,,,,,FALSE,,,Extractions being handled by Wes Larson (UAF),,FALSE,FALSE,
E2004.SKQ23-12S,2004,,,FALSE,SKQ23-12S,SKQ23 EcoFOCI DBO,10/1/23,10/01/23,,CTD071,6,Niskin; Sterivex 0.22µm filter,95% EtOH,,DBO3.4,,30.2,,67° 07.974' N,167° 29.218' W,,07:48,,15:48,,,,,,,,,,,,FALSE,,,Extractions being handled by Wes Larson (UAF),,FALSE,FALSE,
E2005.SKQ23-12S,2005,,,FALSE,SKQ23-12S,SKQ23 EcoFOCI DBO,10/1/23,10/01/23,,CTD071,14,Niskin; Sterivex 0.22µm filter,95% EtOH,,DBO3.4,,10.5,,67° 07.974' N,167° 29.218' W,,07:53,,15:53,,,,,,,,,,,,FALSE,,,Extractions being handled by Wes Larson (UAF),,FALSE,FALSE,
E2006.SKQ23-12S,2006,,,FALSE,SKQ23-12S,SKQ23 EcoFOCI DBO,10/1/23,10/01/23,,CTD072,1,Niskin; Sterivex 0.22µm filter,95% EtOH,,DBO3.5,,47.4,,67° 00.780' N,167° 52.500' W,,10:55,,18:55,,,,,,,,,,,,FALSE,,,Extractions being handled by Wes Larson (UAF),,FALSE,FALSE,
E2007.SKQ23-12S,2007,,,FALSE,SKQ23-12S,SKQ23 EcoFOCI DBO,10/1/23,10/01/23,,CTD072,9,Niskin; Sterivex 0.22µm filter,95% EtOH,,DBO3.5,,30.1,,67° 00.780' N,167° 52.500' W,,11:00,,19:00,,,,,,,,,,,,FALSE,,,Extractions being handled by Wes Larson (UAF),,FALSE,FALSE,
E2008.SKQ23-12S,2008,,,FALSE,SKQ23-12S,SKQ23 EcoFOCI DBO,10/1/23,10/01/23,,CTD072,15,Niskin; Sterivex 0.22µm filter,95% EtOH,,DBO3.5,,10.4,,67° 00.780' N,167° 52.500' W,,11:04,,19:04,,,,,,,,,,,,FALSE,,,Extractions being handled by Wes Larson (UAF),,FALSE,FALSE,
E2009.SKQ23-12S,2009,,,FALSE,SKQ23-12S,SKQ23 EcoFOCI DBO,10/2/23,10/01/23,,CTD074,1,Niskin; Sterivex 0.22µm filter,95% EtOH,,DBO3..3,,42.1,,68° 11.204' N,167° 17.698' W,,19:48,,3:48,,,,,,,,,,,,FALSE,,,Extractions being handled by Wes Larson (UAF),,FALSE,FALSE,
E2010.SKQ23-12S,2010,,,FALSE,SKQ23-12S,SKQ23 EcoFOCI DBO,10/2/23,10/01/23,,CTD074,6,Niskin; Sterivex 0.22µm filter,95% EtOH,,DBO3..3,,30.6,,68° 11.204' N,167° 17.698' W,,19:51,,3:51,,,,,,,,,,,,FALSE,,,Extractions being handled by Wes Larson (UAF),,FALSE,FALSE,
E2011.SKQ23-12S,2011,,,FALSE,SKQ23-12S,SKQ23 EcoFOCI DBO,10/2/23,10/01/23,,CTD074,13,Niskin; Sterivex 0.22µm filter,95% EtOH,,DBO3..3,,10.3,,68° 11.204' N,167° 17.698' W,,19:58,,3:58,,,,,,,,,,,,FALSE,,,Extractions being handled by Wes Larson (UAF),,FALSE,FALSE,
E2012.SKQ23-12S,2012,,,FALSE,SKQ23-12S,SKQ23 EcoFOCI DBO,10/2/23,10/01/23,,CTD075,1,Niskin; Sterivex 0.22µm filter,95% EtOH,,DBO3..2,,38.2,,68° 14.810' N,167° 07.320' W,,21:47,,5:47,,,,,,,,,,,,FALSE,,,Extractions being handled by Wes Larson (UAF),,FALSE,FALSE,
E2013.SKQ23-12S,2013,,,FALSE,SKQ23-12S,SKQ23 EcoFOCI DBO,10/2/23,10/01/23,,CTD075,12,Niskin; Sterivex 0.22µm filter,95% EtOH,,DBO3..2,,10.0,,68° 14.810' N,167° 07.320' W,,21:56,,5:56,,,,,,,,,,,,FALSE,,,Extractions being handled by Wes Larson (UAF),,FALSE,FALSE,
E2014.SKQ23-12S,2014,,,FALSE,SKQ23-12S,SKQ23 EcoFOCI DBO,10/2/23,10/02/23,,CTD076,1,Niskin; Sterivex 0.22µm filter,95% EtOH,,DBO3.1,,29.9,,68° 18.250' N,166° 55.440' W,,00:23,,8:23,,,,,,,,,,,,FALSE,,,Extractions being handled by Wes Larson (UAF),,FALSE,FALSE,
E2015.SKQ23-12S,2015,,,FALSE,SKQ23-12S,SKQ23 EcoFOCI DBO,10/2/23,10/02/23,,CTD076,8,Niskin; Sterivex 0.22µm filter,95% EtOH,,DBO3.1,,10.4,,68° 18.250' N,166° 55.440' W,,00:29,,8:29,,,,,,,,,,,,FALSE,,,Extractions being handled by Wes Larson (UAF),,FALSE,FALSE,
E2016.SKQ23-12S,2016,,,FALSE,SKQ23-12S,SKQ23 EcoFOCI DBO,10/3/23,10/02/23,,CTD077,1,Niskin; Sterivex 0.22µm filter,95% EtOH,,BS8,,43.3,,65° 46.943' N,168° 50.381' W,,20:44,,4:44,,,,,,,,,,,,FALSE,,,Extractions being handled by Wes Larson (UAF),,FALSE,FALSE,
E2017.SKQ23-12S,2017,,,FALSE,SKQ23-12S,SKQ23 EcoFOCI DBO,10/3/23,10/02/23,,CTD077,7,Niskin; Sterivex 0.22µm filter,95% EtOH,,BS8,,30.7,,65° 46.943' N,168° 50.381' W,,20:47,,4:47,,,,,,,,,,,,FALSE,,,Extractions being handled by Wes Larson (UAF),,FALSE,FALSE,
E2018.SKQ23-12S,2018,,,FALSE,SKQ23-12S,SKQ23 EcoFOCI DBO,10/3/23,10/02/23,,CTD077,14,Niskin; Sterivex 0.22µm filter,95% EtOH,,BS8,,10.1,,65° 46.943' N,168° 50.381' W,,20:54,,4:54,,,,,,,,,,,,FALSE,,,Extractions being handled by Wes Larson (UAF),,FALSE,FALSE,
E2019.SKQ23-12S,2019,,,FALSE,SKQ23-12S,SKQ23 EcoFOCI DBO,10/3/23,10/02/23,,CTD079,1,Niskin; Sterivex 0.22µm filter,95% EtOH,,BS6,,46.3,,65° 44.250' N,168° 39.000' W,,23:12,,7:12,,,,,,,,,,,,FALSE,,,Extractions being handled by Wes Larson (UAF),,FALSE,FALSE,
E2020.SKQ23-12S,2020,,,FALSE,SKQ23-12S,SKQ23 EcoFOCI DBO,10/3/23,10/02/23,,CTD079,7,Niskin; Sterivex 0.22µm filter,95% EtOH,,BS6,,30.3,,65° 44.250' N,168° 39.000' W,,23:15,,7:15,,,,,,,,,,,,FALSE,,,Extractions being handled by Wes Larson (UAF),,FALSE,FALSE,
E2021.SKQ23-12S,2021,,,FALSE,SKQ23-12S,SKQ23 EcoFOCI DBO,10/3/23,10/02/23,,CTD079,13,Niskin; Sterivex 0.22µm filter,95% EtOH,,BS6,,10.3,,65° 44.250' N,168° 39.000' W,,23:20,,7:20,,,,,,,,,,,,FALSE,,,Extractions being handled by Wes Larson (UAF),,FALSE,FALSE,
E2022.SKQ23-12S,2022,,,FALSE,SKQ23-12S,SKQ23 EcoFOCI DBO,10/3/23,10/03/23,,CTD082,1,Niskin; Sterivex 0.22µm filter,95% EtOH,,BS3,,47.8,,65° 40.195' N,168° 22.074' W,,01:55,,9:55,,,,,,,,,,,,FALSE,,,Extractions being handled by Wes Larson (UAF),,FALSE,FALSE,
E2023.SKQ23-12S,2023,,,FALSE,SKQ23-12S,SKQ23 EcoFOCI DBO,10/3/23,10/03/23,,CTD082,9,Niskin; Sterivex 0.22µm filter,95% EtOH,,BS3,,30.4,,65° 40.195' N,168° 22.074' W,,01:59,,9:59,,,,,,,,,,,,FALSE,,,Extractions being handled by Wes Larson (UAF),,FALSE,FALSE,
E2024.SKQ23-12S,2024,,,FALSE,SKQ23-12S,SKQ23 EcoFOCI DBO,10/3/23,10/03/23,,CTD082,15,Niskin; Sterivex 0.22µm filter,95% EtOH,,BS3,,10.6,,65° 40.195' N,168° 22.074' W,,02:03,,10:03,,,,,,,,,,,,FALSE,,,Extractions being handled by Wes Larson (UAF),,FALSE,FALSE,
E2025.SKQ23-12S,2025,,,FALSE,SKQ23-12S,SKQ23 EcoFOCI DBO,10/3/23,10/03/23,,CTD084,1,Niskin; Sterivex 0.22µm filter,95% EtOH,,BS1,,23.8,,65° 37.100' N,168° 09.170 W,,04:02,,12:02,,,,,,,,,,,,FALSE,,,Extractions being handled by Wes Larson (UAF),,FALSE,FALSE,
E2026.SKQ23-12S,2026,,,FALSE,SKQ23-12S,SKQ23 EcoFOCI DBO,10/3/23,10/03/23,,CTD084,9,Niskin; Sterivex 0.22µm filter,95% EtOH,,BS1,,10.6,,65° 37.100' N,168° 09.170 W,,04:06,,12:06,,,,,,,,,,,,FALSE,,,Extractions being handled by Wes Larson (UAF),,FALSE,FALSE,
E2027.SKQ23-12S,2027,,,FALSE,SKQ23-12S,SKQ23 EcoFOCI DBO,,,,,,Niskin; Sterivex 0.22µm filter,95% EtOH,,,,,,,,,,,,,,,,,,,,,,,FALSE,,,Extractions being handled by Wes Larson (UAF),,FALSE,FALSE,
E2028.NC.SKQ23-12S,2028,,,TRUE,SKQ23-12S,SKQ23 EcoFOCI DBO,,10/2/2023,,-,-,Sterivex 0.22µm filter,95% EtOH,Negative Control,,,,,,,,,,,,,,,,,,,,,,FALSE,,,Extractions being handled by Wes Larson (UAF),,FALSE,FALSE,
E2029.NC.SKQ23-12S,2029,,,TRUE,SKQ23-12S,SKQ23 EcoFOCI DBO,,9/21/2023,,-,-,Sterivex 0.22µm filter,95% EtOH,Negative Control,,,,,,,,,,,,,,,,,,,,,,FALSE,,,Extractions being handled by Wes Larson (UAF),,FALSE,FALSE,
E2030.NC.SKQ23-12S,2030,,,TRUE,SKQ23-12S,SKQ23 EcoFOCI DBO,,9/14/2023,,-,-,Sterivex 0.22µm filter,95% EtOH,Negative Control,,,,,,,,,,,,,,,,,,,,,,FALSE,,,Extractions being handled by Wes Larson (UAF),,FALSE,FALSE,
E2031.,2031,,,FALSE,,,,,PPS Negative Control,,,,,,,,,,,,,,,,,,,,,,,,,,,FALSE,,,,,FALSE,FALSE,
E2032.,2032,,,FALSE,,,,,PPS Port 1 - Stevezy,,,PPS Unit; Programmed Sampling,95% EtOH,,,,,,,,,,,,,,,,,,,,,,,FALSE,,,,,FALSE,FALSE,
E2033.,2033,,,FALSE,,,,,PPS Port 2 - Stevezy,,,PPS Unit; Programmed Sampling,95% EtOH,,,,,,,,,,,,,,,,,,,,,,,FALSE,,,,,FALSE,FALSE,
E2034.,2034,,,FALSE,,,,,PPS Port 3 - Stevezy,,,PPS Unit; Programmed Sampling,95% EtOH,,,,,,,,,,,,,,,,,,,,,,,FALSE,,,,,FALSE,FALSE,
E2035.,2035,,,FALSE,,,,,PPS Port 4 - Stevezy,,,PPS Unit; Programmed Sampling,95% EtOH,,,,,,,,,,,,,,,,,,,,,,,FALSE,,,,,FALSE,FALSE,
E2036.,2036,,,FALSE,,,,,PPS Port 5 - Stevezy,,,PPS Unit; Programmed Sampling,95% EtOH,,,,,,,,,,,,,,,,,,,,,,,FALSE,,,,,FALSE,FALSE,
E2037.,2037,,,FALSE,,,,,PPS Port 6 - Stevezy,,,PPS Unit; Programmed Sampling,95% EtOH,,,,,,,,,,,,,,,,,,,,,,,FALSE,,,,,FALSE,FALSE,
E2038.,2038,,,FALSE,,,,,PPS Port 7 - Stevezy,,,PPS Unit; Programmed Sampling,95% EtOH,,,,,,,,,,,,,,,,,,,,,,,FALSE,,,,,FALSE,FALSE,
E2039.,2039,,,FALSE,,,,,PPS Port 8 - Stevezy,,,PPS Unit; Programmed Sampling,95% EtOH,,,,,,,,,,,,,,,,,,,,,,,FALSE,,,,,FALSE,FALSE,
E2040.,2040,,,FALSE,,,,,PPS Port 9 - Stevezy,,,PPS Unit; Programmed Sampling,95% EtOH,,,,,,,,,,,,,,,,,,,,,,,FALSE,,,,,FALSE,FALSE,
E2041.,2041,,,FALSE,,,,,PPS Port 10 - Stevezy,,,PPS Unit; Programmed Sampling,95% EtOH,,,,,,,,,,,,,,,,,,,,,,,FALSE,,,,,FALSE,FALSE,
E2042.,2042,,,FALSE,,,,,PPS Port 11 - Stevezy,,,PPS Unit; Programmed Sampling,95% EtOH,,,,,,,,,,,,,,,,,,,,,,,FALSE,,,,,FALSE,FALSE,
E2043.,2043,,,FALSE,,,,,PPS Port 12 - Stevezy,,,PPS Unit; Programmed Sampling,95% EtOH,,,,,,,,,,,,,,,,,,,,,,,FALSE,,,,,FALSE,FALSE,
E2044.,2044,,,FALSE,,,,,PPS Port 13 - Stevezy,,,PPS Unit; Programmed Sampling,95% EtOH,,,,,,,,,,,,,,,,,,,,,,,FALSE,,,,,FALSE,FALSE,
E2045.,2045,,,FALSE,,,,,PPS Port 14 - Stevezy,,,PPS Unit; Programmed Sampling,95% EtOH,,,,,,,,,,,,,,,,,,,,,,,FALSE,,,,,FALSE,FALSE,
E2046.,2046,,,FALSE,,,,,PPS Port 15 - Stevezy,,,PPS Unit; Programmed Sampling,95% EtOH,,,,,,,,,,,,,,,,,,,,,,,FALSE,,,,,FALSE,FALSE,
E2047.,2047,,,FALSE,,,,,PPS Port 16 - Stevezy,,,PPS Unit; Programmed Sampling,95% EtOH,,,,,,,,,,,,,,,,,,,,,,,FALSE,,,,,FALSE,FALSE,
E2048.,2048,,,FALSE,,,,,PPS Port 17 - Stevezy,,,PPS Unit; Programmed Sampling,95% EtOH,,,,,,,,,,,,,,,,,,,,,,,FALSE,,,,,FALSE,FALSE,
E2049.,2049,,,FALSE,,,,,PPS Port 18 - Stevezy ,,,PPS Unit; Programmed Sampling,95% EtOH,,,,,,,,,,,,,,,,,,,,,,,FALSE,,,,,FALSE,FALSE,
E2050.,2050,,,FALSE,,,,,PPS Port 19 - Stevezy,,,PPS Unit; Programmed Sampling,95% EtOH,,,,,,,,,,,,,,,,,,,,,,,FALSE,,,,,FALSE,FALSE,
E2051.,2051,,,FALSE,,,,,PPS Port 20 - Stevezy,,,PPS Unit; Programmed Sampling,95% EtOH,,,,,,,,,,,,,,,,,,,,,,,FALSE,,,,,FALSE,FALSE,
E2052.,2052,,,FALSE,,,,,PPS Port 21 - Stevezy,,,PPS Unit; Programmed Sampling,95% EtOH,,,,,,,,,,,,,,,,,,,,,,,FALSE,,,,,FALSE,FALSE,
E2053.,2053,,,FALSE,,,,,PPS Port 22 - Stevezy,,,PPS Unit; Programmed Sampling,95% EtOH,,,,,,,,,,,,,,,,,,,,,,,FALSE,,,,,FALSE,FALSE,
E2054.,2054,,,FALSE,,,,,PPS Port 23 - Stevezy,,,PPS Unit; Programmed Sampling,95% EtOH,,,,,,,,,,,,,,,,,,,,,,,FALSE,,,,,FALSE,FALSE,
E2055.,2055,,,FALSE,,,,,PPS Port 24 - Stevezy,,,PPS Unit; Programmed Sampling,95% EtOH,,,,,,,,,,,,,,,,,,,,,,,FALSE,,,,,FALSE,FALSE,
E2056.,2056,,,FALSE,,,,,PPS Negative Control,,,,,,,,,,,,,,,,,,,,,,,,,,,FALSE,,,,,FALSE,FALSE,
E2057.,2057,,,FALSE,,,,,PPS Port 1 - Ned,,,PPS Unit; Programmed Sampling,95% EtOH,,,,,,,,,,,,,,,,,,,,,,,FALSE,,,,,FALSE,FALSE,
E2058.,2058,,,FALSE,,,,,PPS Port 2 - Ned,,,PPS Unit; Programmed Sampling,95% EtOH,,,,,,,,,,,,,,,,,,,,,,,FALSE,,,,,FALSE,FALSE,
E2059.,2059,,,FALSE,,,,,PPS Port 3 - Ned,,,PPS Unit; Programmed Sampling,95% EtOH,,,,,,,,,,,,,,,,,,,,,,,FALSE,,,,,FALSE,FALSE,
E2060.,2060,,,FALSE,,,,,PPS Port 4 - Ned,,,PPS Unit; Programmed Sampling,95% EtOH,,,,,,,,,,,,,,,,,,,,,,,FALSE,,,,,FALSE,FALSE,
E2061.,2061,,,FALSE,,,,,PPS Port 5 - Ned,,,PPS Unit; Programmed Sampling,95% EtOH,,,,,,,,,,,,,,,,,,,,,,,FALSE,,,,,FALSE,FALSE,
E2062.,2062,,,FALSE,,,,,PPS Port 6 - Ned,,,PPS Unit; Programmed Sampling,95% EtOH,,,,,,,,,,,,,,,,,,,,,,,FALSE,,,,,FALSE,FALSE,
E2063.,2063,,,FALSE,,,,,PPS Port 7 - Ned,,,PPS Unit; Programmed Sampling,95% EtOH,,,,,,,,,,,,,,,,,,,,,,,FALSE,,,,,FALSE,FALSE,
E2064.,2064,,,FALSE,,,,,PPS Port 8 - Ned,,,PPS Unit; Programmed Sampling,95% EtOH,,,,,,,,,,,,,,,,,,,,,,,FALSE,,,,,FALSE,FALSE,
E2065.,2065,,,FALSE,,,,,PPS Port 9 - Ned,,,PPS Unit; Programmed Sampling,95% EtOH,,,,,,,,,,,,,,,,,,,,,,,FALSE,,,,,FALSE,FALSE,
E2066.,2066,,,FALSE,,,,,PPS Port 10 - Ned,,,PPS Unit; Programmed Sampling,95% EtOH,,,,,,,,,,,,,,,,,,,,,,,FALSE,,,,,FALSE,FALSE,
E2067.,2067,,,FALSE,,,,,PPS Port 11 - Ned,,,PPS Unit; Programmed Sampling,95% EtOH,,,,,,,,,,,,,,,,,,,,,,,FALSE,,,,,FALSE,FALSE,
E2068.,2068,,,FALSE,,,,,PPS Port 12 - Ned,,,PPS Unit; Programmed Sampling,95% EtOH,,,,,,,,,,,,,,,,,,,,,,,FALSE,,,,,FALSE,FALSE,
E2069.,2069,,,FALSE,,,,,PPS Port 13 - Ned,,,PPS Unit; Programmed Sampling,95% EtOH,,,,,,,,,,,,,,,,,,,,,,,FALSE,,,,,FALSE,FALSE,
E2070.,2070,,,FALSE,,,,,PPS Port 14 - Ned,,,PPS Unit; Programmed Sampling,95% EtOH,,,,,,,,,,,,,,,,,,,,,,,FALSE,,,,,FALSE,FALSE,
E2071.,2071,,,FALSE,,,,,PPS Port 15 - Ned,,,PPS Unit; Programmed Sampling,95% EtOH,,,,,,,,,,,,,,,,,,,,,,,FALSE,,,,,FALSE,FALSE,
E2072.,2072,,,FALSE,,,,,PPS Port 16 - Ned,,,PPS Unit; Programmed Sampling,95% EtOH,,,,,,,,,,,,,,,,,,,,,,,FALSE,,,,,FALSE,FALSE,
E2073.,2073,,,FALSE,,,,,PPS Port 17 - Ned,,,PPS Unit; Programmed Sampling,95% EtOH,,,,,,,,,,,,,,,,,,,,,,,FALSE,,,,,FALSE,FALSE,
E2074.,2074,,,FALSE,,,,,PPS Port 18 - Ned,,,PPS Unit; Programmed Sampling,95% EtOH,,,,,,,,,,,,,,,,,,,,,,,FALSE,,,,,FALSE,FALSE,
E2075.,2075,,,FALSE,,,,,PPS Port 19 - Ned,,,PPS Unit; Programmed Sampling,95% EtOH,,,,,,,,,,,,,,,,,,,,,,,FALSE,,,,,FALSE,FALSE,
E2076.,2076,,,FALSE,,,,,PPS Port 20 - Ned,,,PPS Unit; Programmed Sampling,95% EtOH,,,,,,,,,,,,,,,,,,,,,,,FALSE,,,,,FALSE,FALSE,
E2077.,2077,,,FALSE,,,,,PPS Port 21 - Ned,,,PPS Unit; Programmed Sampling,95% EtOH,,,,,,,,,,,,,,,,,,,,,,,FALSE,,,,,FALSE,FALSE,
E2078.,2078,,,FALSE,,,,,PPS Port 22 - Ned,,,PPS Unit; Programmed Sampling,95% EtOH,,,,,,,,,,,,,,,,,,,,,,,FALSE,,,,,FALSE,FALSE,
E2079.,2079,,,FALSE,,,,,PPS Port 23 - Ned,,,PPS Unit; Programmed Sampling,95% EtOH,,,,,,,,,,,,,,,,,,,,,,,FALSE,,,,,FALSE,FALSE,
E2080.,2080,,,FALSE,,,,,PPS Port 24 - Ned,,,PPS Unit; Programmed Sampling,95% EtOH,,,,,,,,,,,,,,,,,,,,,,,FALSE,,,,,FALSE,FALSE,
E2081.1B.SKQ23-12S,2081,1,,FALSE,SKQ23-12S,SKQ23 EcoFOCI DBO,,9/12/2022,M2,,,Aquamonitor; HgCl2,95% EtOH,,CEO,,38.0,~8.21,71° 36.026' N,161° 29.974' W,,00:12,,,,,,,,,,,,Seth Danielson and Matt Galaska,,FALSE,,,,,FALSE,FALSE,
E2081.2B.SKQ23-12S,2081,2,,FALSE,SKQ23-12S,SKQ23 EcoFOCI DBO,,9/12/2022,M3,,,Aquamonitor; HgCl2,95% EtOH,,CEO,,38.0,~8.21,71° 36.026' N,161° 29.974' W,,00:27,,,,,,,,,,,,Seth Danielson and Matt Galaska,,FALSE,,,,,FALSE,FALSE,
E2081.3B.SKQ23-12S,2081,3,,FALSE,SKQ23-12S,SKQ23 EcoFOCI DBO,,9/12/2022,M4,,,Aquamonitor; HgCl2,95% EtOH,,CEO,,38.0,~8.21,71° 36.026' N,161° 29.974' W,,00:42,,,,,,,,,,,,Seth Danielson and Matt Galaska,,FALSE,,,,,FALSE,FALSE,
E2081.4B.SKQ23-12S,2081,4,,FALSE,SKQ23-12S,SKQ23 EcoFOCI DBO,,9/12/2022,M5,,,Aquamonitor; HgCl2,95% EtOH,,CEO,,38.0,~8.21,71° 36.026' N,161° 29.974' W,,00:57,,,,,,,,,,,,Seth Danielson and Matt Galaska,,FALSE,,,,,FALSE,FALSE,
E2082.SKQ23-12S,2082,,,FALSE,SKQ23-12S,SKQ23 EcoFOCI DBO,,9/21/2022,M6,,,Aquamonitor; HgCl2,95% EtOH,,CEO,,38.0,~8.21,71° 36.026' N,161° 29.974' W,,00:12,,,,,,,,,,,,Seth Danielson and Matt Galaska,,FALSE,,,,,FALSE,FALSE,
E2083.SKQ23-12S,2083,,,FALSE,SKQ23-12S,SKQ23 EcoFOCI DBO,,9/30/2022,M7,,,Aquamonitor; HgCl2,95% EtOH,,CEO,,38.0,~8.21,71° 36.026' N,161° 29.974' W,,00:12,,,,,,,,,,,,Seth Danielson and Matt Galaska,,FALSE,,,,,FALSE,FALSE,
E2084.SKQ23-12S,2084,,,FALSE,SKQ23-12S,SKQ23 EcoFOCI DBO,,10/9/2022,M8,,,Aquamonitor; HgCl2,95% EtOH,,CEO,,38.0,~8.21,71° 36.026' N,161° 29.974' W,,00:12,,,,,,,,,,,,Seth Danielson and Matt Galaska,,TRUE,100,,,,FALSE,FALSE,
E2085.SKQ23-12S,2085,,,FALSE,SKQ23-12S,SKQ23 EcoFOCI DBO,,10/18/2022,M9,,,Aquamonitor; HgCl2,95% EtOH,,CEO,,38.0,~8.21,71° 36.026' N,161° 29.974' W,,00:12,,,,,,,,,,,,Seth Danielson and Matt Galaska,,FALSE,,,,,FALSE,FALSE,
E2086.SKQ23-12S,2086,,,FALSE,SKQ23-12S,SKQ23 EcoFOCI DBO,,10/27/2022,M10,,,Aquamonitor; HgCl2,95% EtOH,,CEO,,38.0,~8.21,71° 36.026' N,161° 29.974' W,,00:12,,,,,,,,,,,,Seth Danielson and Matt Galaska,,FALSE,,,,,FALSE,FALSE,
E2087.SKQ23-12S,2087,,,FALSE,SKQ23-12S,SKQ23 EcoFOCI DBO,,11/5/2022,M11,,,Aquamonitor; HgCl2,95% EtOH,,CEO,,38.0,~8.21,71° 36.026' N,161° 29.974' W,,00:12,,,,,,,,,,,,Seth Danielson and Matt Galaska,,FALSE,,,,,FALSE,FALSE,
E2088.SKQ23-12S,2088,,,FALSE,SKQ23-12S,SKQ23 EcoFOCI DBO,,11/14/2022,M12,,,Aquamonitor; HgCl2,95% EtOH,,CEO,,38.0,~8.21,71° 36.026' N,161° 29.974' W,,00:12,,,,,,,,,,,,Seth Danielson and Matt Galaska,,FALSE,,,,,FALSE,FALSE,
E2089.SKQ23-12S,2089,,,FALSE,SKQ23-12S,SKQ23 EcoFOCI DBO,,12/2/2022,M14,,,Aquamonitor; HgCl2,95% EtOH,,CEO,,38.0,~8.21,71° 36.026' N,161° 29.974' W,,00:12,,,,,,,,,,,,Seth Danielson and Matt Galaska,,FALSE,,,,,FALSE,FALSE,
E2090.SKQ23-12S,2090,,,FALSE,SKQ23-12S,SKQ23 EcoFOCI DBO,,12/11/2022,M15,,,Aquamonitor; HgCl2,95% EtOH,,CEO,,38.0,~8.21,71° 36.026' N,161° 29.974' W,,00:12,,,,,,,,,,,,Seth Danielson and Matt Galaska,,TRUE,100,,,,FALSE,FALSE,
E2091.SKQ23-12S,2091,,,FALSE,SKQ23-12S,SKQ23 EcoFOCI DBO,,12/20/2022,M16,,,Aquamonitor; HgCl2,95% EtOH,,CEO,,38.0,~8.21,71° 36.026' N,161° 29.974' W,,00:12,,,,,,,,,,,,Seth Danielson and Matt Galaska,,FALSE,,,,,FALSE,FALSE,
E2092.SKQ23-12S,2092,,,FALSE,SKQ23-12S,SKQ23 EcoFOCI DBO,,12/29/2022,M17,,,Aquamonitor; HgCl2,95% EtOH,,CEO,,38.0,~8.21,71° 36.026' N,161° 29.974' W,,00:12,,,,,,,,,,,,Seth Danielson and Matt Galaska,,FALSE,,,,,FALSE,FALSE,
E2093.SKQ23-12S,2093,,,FALSE,SKQ23-12S,SKQ23 EcoFOCI DBO,,1/7/2023,M18,,,Aquamonitor; HgCl2,95% EtOH,,CEO,,38.0,~8.21,71° 36.026' N,161° 29.974' W,,00:12,,,,,,,,,,,,Seth Danielson and Matt Galaska,,FALSE,,,,,FALSE,FALSE,
E2094.SKQ23-12S,2094,,,FALSE,SKQ23-12S,SKQ23 EcoFOCI DBO,,1/16/2023,M19,,,Aquamonitor; HgCl2,95% EtOH,,CEO,,38.0,~8.21,71° 36.026' N,161° 29.974' W,,00:12,,,,,,,,,,,,Seth Danielson and Matt Galaska,,FALSE,,,,,FALSE,FALSE,
E2095.SKQ23-12S,2095,,,FALSE,SKQ23-12S,SKQ23 EcoFOCI DBO,,1/25/2023,M20,,,Aquamonitor; HgCl2,95% EtOH,,CEO,,38.0,~8.21,71° 36.026' N,161° 29.974' W,,00:12,,,,,,,,,,,,Seth Danielson and Matt Galaska,,FALSE,,,,,FALSE,FALSE,
E2096.SKQ23-12S,2096,,,FALSE,SKQ23-12S,SKQ23 EcoFOCI DBO,,2/3/2023,M21,,,Aquamonitor; HgCl2,95% EtOH,,CEO,,38.0,~8.21,71° 36.026' N,161° 29.974' W,,00:12,,,,,,,,,,,,Seth Danielson and Matt Galaska,,FALSE,,,,,FALSE,FALSE,
E2097.SKQ23-12S,2097,,,FALSE,SKQ23-12S,SKQ23 EcoFOCI DBO,,2/12/2023,M22,,,Aquamonitor; HgCl2,95% EtOH,,CEO,,38.0,~8.21,71° 36.026' N,161° 29.974' W,,00:12,,,,,,,,,,,,Seth Danielson and Matt Galaska,,TRUE,100,,,,FALSE,FALSE,
E2098.SKQ23-12S,2098,,,FALSE,SKQ23-12S,SKQ23 EcoFOCI DBO,,2/21/2023,M23,,,Aquamonitor; HgCl2,95% EtOH,,CEO,,38.0,~8.21,71° 36.026' N,161° 29.974' W,,00:12,,,,,,,,,,,,Seth Danielson and Matt Galaska,,FALSE,,,,,FALSE,FALSE,
E2099.SKQ23-12S,2099,,,FALSE,SKQ23-12S,SKQ23 EcoFOCI DBO,,3/2/2023,M24,,,Aquamonitor; HgCl2,95% EtOH,,CEO,,38.0,~8.21,71° 36.026' N,161° 29.974' W,,00:12,,,,,,,,,,,,Seth Danielson and Matt Galaska,,FALSE,,,,,FALSE,FALSE,
E2100.,2100,,,FALSE,,,,,,,,,,,,,,,,,,,,,,,,,,,,,,,,FALSE,,,,,FALSE,FALSE,
E2101.,2101,,,FALSE,,,,,,,,,,,,,,,,,,,,,,,,,,,,,,,,FALSE,,,,,FALSE,FALSE,
E2102.,2102,,,FALSE,,,,,,,,,,,,,,,,,,,,,,,,,,,,,,,,FALSE,,,,,FALSE,FALSE,
E2103.,2103,,,FALSE,,,,,,,,,,,,,,,,,,,,,,,,,,,,,,,,FALSE,,,,,FALSE,FALSE,
E2104.,2104,,,FALSE,,,,,,,,,,,,,,,,,,,,,,,,,,,,,,,,FALSE,,,,,FALSE,FALSE,
E2105.,2105,,,FALSE,,,,,,,,,,,,,,,,,,,,,,,,,,,,,,,,FALSE,,,,,FALSE,FALSE,
E2106.,2106,,,FALSE,,,,,,,,,,,,,,,,,,,,,,,,,,,,,,,,FALSE,,,,,FALSE,FALSE,
E2107.,2107,,,FALSE,,,,,,,,,,,,,,,,,,,,,,,,,,,,,,,,FALSE,,,,,FALSE,FALSE,
E2108.,2108,,,FALSE,,,,,,,,,,,,,,,,,,,,,,,,,,,,,,,,FALSE,,,,,FALSE,FALSE,
E2109.,2109,,,FALSE,,,,,,,,,,,,,,,,,,,,,,,,,,,,,,,,FALSE,,,,,FALSE,FALSE,
E2110.,2110,,,FALSE,,,,,,,,,,,,,,,,,,,,,,,,,,,,,,,,FALSE,,,,,FALSE,FALSE,
E2111.,2111,,,FALSE,,,,,,,,,,,,,,,,,,,,,,,,,,,,,,,,FALSE,,,,,FALSE,FALSE,
E2112.,2112,,,FALSE,,,,,,,,,,,,,,,,,,,,,,,,,,,,,,,,FALSE,,,,,FALSE,FALSE,
E2113.,2113,,,FALSE,,,,,,,,,,,,,,,,,,,,,,,,,,,,,,,,FALSE,,,,,FALSE,FALSE,
E2114.,2114,,,FALSE,,,,,,,,,,,,,,,,,,,,,,,,,,,,,,,,FALSE,,,,,FALSE,FALSE,
E2115.,2115,,,FALSE,,,,,,,,,,,,,,,,,,,,,,,,,,,,,,,,FALSE,,,,,FALSE,FALSE,
E2116.,2116,,,FALSE,,,,,,,,,,,,,,,,,,,,,,,,,,,,,,,,FALSE,,,,,FALSE,FALSE,
E2117.,2117,,,FALSE,,,,,,,,,,,,,,,,,,,,,,,,,,,,,,,,FALSE,,,,,FALSE,FALSE,
E2118.,2118,,,FALSE,,,,,,,,,,,,,,,,,,,,,,,,,,,,,,,,FALSE,,,,,FALSE,FALSE,
E2119.,2119,,,FALSE,,,,,,,,,,,,,,,,,,,,,,,,,,,,,,,,FALSE,,,,,FALSE,FALSE,
E2120.,2120,,,FALSE,,,,,,,,,,,,,,,,,,,,,,,,,,,,,,,,FALSE,,,,,FALSE,FALSE,
E2121.,2121,,,FALSE,,,,,,,,,,,,,,,,,,,,,,,,,,,,,,,,FALSE,,,,,FALSE,FALSE,
E2122.,2122,,,FALSE,,,,,,,,,,,,,,,,,,,,,,,,,,,,,,,,FALSE,,,,,FALSE,FALSE,
E2123.,2123,,,FALSE,,,,,,,,,,,,,,,,,,,,,,,,,,,,,,,,FALSE,,,,,FALSE,FALSE,
E2124.,2124,,,FALSE,,,,,,,,,,,,,,,,,,,,,,,,,,,,,,,,FALSE,,,,,FALSE,FALSE,
E2125.,2125,,,FALSE,,,,,,,,,,,,,,,,,,,,,,,,,,,,,,,,FALSE,,,,,FALSE,FALSE,
E2126.,2126,,,FALSE,,,,,,,,,,,,,,,,,,,,,,,,,,,,,,,,FALSE,,,,,FALSE,FALSE,
E2127.,2127,,,FALSE,,,,,,,,,,,,,,,,,,,,,,,,,,,,,,,,FALSE,,,,,FALSE,FALSE,
E2128.1B.OC0919,2128,1,,FALSE,OC0919,,,,CP2,,,Bottle; 0.45µm MCE cup filter,750 µL CTAB,,CANS,,Surface,,48° 09.978',124° 45.410',,,,,,,,,,,,,,Christopher Paight,,TRUE,,OCNMS_ExtractionSheet,Extracted by Chris Paight in 2019; quantified in 2024 by HW/ZG,,TRUE,FALSE,18S/16S done; other markers pending (R3)
E2128.2B.OC0919,2128,2,,FALSE,OC0919,,,,CP35,,,Bottle; 0.45µm MCE cup filter,750 µL CTAB,,CANS,,Surface,,48° 09.978',124° 45.410',,,,,,,,,,,,,,Christopher Paight,,TRUE,,OCNMS_ExtractionSheet,Extracted by Chris Paight in 2019; quantified in 2024 by HW/ZG,,TRUE,FALSE,18S/16S done; other markers pending (R3)
E2128.3B.OC0919,2128,3,,FALSE,OC0919,,,,CP24,,,Bottle; 0.45µm MCE cup filter,750 µL CTAB,,CANS,,Surface,,48° 09.978',124° 45.410',,,,,,,,,,,,,,Christopher Paight,,TRUE,,OCNMS_ExtractionSheet,Extracted by Chris Paight in 2019; quantified in 2024 by HW/ZG,,TRUE,FALSE,18S/16S done; other markers pending (R3)
E2128.4B.OC0919,2128,4,,FALSE,OC0919,,,,CP30,,,Bottle; 0.45µm MCE cup filter,750 µL CTAB,,CANS,,Surface,,48° 09.978',124° 45.410',,,,,,,,,,,,,,Christopher Paight,,TRUE,,OCNMS_ExtractionSheet,Extracted by Chris Paight in 2019; quantified in 2024 by HW/ZG,,TRUE,FALSE,18S/16S done; other markers pending (R3)
E2129.1B.OC0919,2129,1,,FALSE,OC0919,,,,CP1,,,Bottle; 0.45µm MCE cup filter,750 µL CTAB,,CA42,,Surface,,48° 09.961',124° 49.402,,,,,,,,,,,,,,Christopher Paight,,TRUE,,OCNMS_ExtractionSheet,Extracted by Chris Paight in 2019; quantified in 2024 by HW/ZG,,TRUE,FALSE,18S/16S done; other markers pending (R3)
E2129.2B.OC0919,2129,2,,FALSE,OC0919,,,,CP13,,,Bottle; 0.45µm MCE cup filter,750 µL CTAB,,CA42,,Surface,,48° 09.961',124° 49.402,,,,,,,,,,,,,,Christopher Paight,,TRUE,,OCNMS_ExtractionSheet,Extracted by Chris Paight in 2019; quantified in 2024 by HW/ZG,,TRUE,FALSE,18S/16S done; other markers pending (R3)
E2129.3B.OC0919,2129,3,,FALSE,OC0919,,,,CP3,,,Bottle; 0.45µm MCE cup filter,750 µL CTAB,,CA42,,Surface,,48° 09.961',124° 49.402,,,,,,,,,,,,,,Christopher Paight,,TRUE,,OCNMS_ExtractionSheet,Extracted by Chris Paight in 2019; quantified in 2024 by HW/ZG,,TRUE,FALSE,18S/16S done; other markers pending (R3)
E2129.4B.OC0919,2129,4,,FALSE,OC0919,,,,CP4,,,Bottle; 0.45µm MCE cup filter,750 µL CTAB,,CA42,,Surface,,48° 09.961',124° 49.402,,,,,,,,,,,,,,Christopher Paight,,TRUE,,OCNMS_ExtractionSheet,Extracted by Chris Paight in 2019; quantified in 2024 by HW/ZG,,TRUE,FALSE,18S/16S done; other markers pending (R3)
E2129.5B.OC0919,2129,5,,FALSE,OC0919,,,,CP25,,,Bottle; 0.45µm MCE cup filter,750 µL CTAB,,CA42,,Surface,,48° 09.961',124° 49.402,,,,,,,,,,,,,,Christopher Paight,,TRUE,,OCNMS_ExtractionSheet,Extracted by Chris Paight in 2019; quantified in 2024 by HW/ZG,,TRUE,FALSE,18S/16S done; other markers pending (R3)
E2130.1B.OC0919,2130,1,,FALSE,OC0919,,,,CP12,,,Bottle; 0.45µm MCE cup filter,750 µL CTAB,,CENS,,Surface,,47° 21.407',124° 20.888',,,,,,,,,,,,,,Christopher Paight,,TRUE,,OCNMS_ExtractionSheet,Extracted by Chris Paight in 2019; quantified in 2024 by HW/ZG,,TRUE,FALSE,18S/16S done; other markers pending (R3)
E2130.2B.OC0919,2130,2,,FALSE,OC0919,,,,CP40,,,Bottle; 0.45µm MCE cup filter,750 µL CTAB,,CENS,,Surface,,47° 21.407',124° 20.888',,,,,,,,,,,,,,Christopher Paight,,TRUE,,OCNMS_ExtractionSheet,Extracted by Chris Paight in 2019; quantified in 2024 by HW/ZG,,TRUE,FALSE,18S/16S done; other markers pending (R3)
E2130.3B.OC0919,2130,3,,FALSE,OC0919,,,,CP41,,,Bottle; 0.45µm MCE cup filter,750 µL CTAB,,CENS,,Surface,,47° 21.407',124° 20.888',,,,,,,,,,,,,,Christopher Paight,,TRUE,,OCNMS_ExtractionSheet,Extracted by Chris Paight in 2019; quantified in 2024 by HW/ZG,,TRUE,FALSE,18S/16S done; other markers pending (R3)
E2130.4B.OC0919,2130,4,,FALSE,OC0919,,,,CP42,,,Bottle; 0.45µm MCE cup filter,750 µL CTAB,,CENS,,Surface,,47° 21.407',124° 20.888',,,,,,,,,,,,,,Christopher Paight,,TRUE,,OCNMS_ExtractionSheet,Extracted by Chris Paight in 2019; quantified in 2024 by HW/ZG,,TRUE,FALSE,18S/16S done; other markers pending (R3)
E2130.5B.OC0919,2130,5,,FALSE,OC0919,,,,CP43,,,Bottle; 0.45µm MCE cup filter,750 µL CTAB,,CENS,,Surface,,47° 21.407',124° 20.888',,,,,,,,,,,,,,Christopher Paight,,TRUE,,OCNMS_ExtractionSheet,Extracted by Chris Paight in 2019; quantified in 2024 by HW/ZG,,TRUE,FALSE,18S/16S done; other markers pending (R3)
E2131.1B.OC0919,2131,1,,FALSE,OC0919,,,,CP11,,,Bottle; 0.45µm MCE cup filter,750 µL CTAB,,CE42,,Surface,,47° 21.188',124° 29.324',,,,,,,,,,,,,,Christopher Paight,,TRUE,,OCNMS_ExtractionSheet,Extracted by Chris Paight in 2019; quantified in 2024 by HW/ZG,,TRUE,FALSE,18S/16S done; other markers pending (R3)
E2131.2B.OC0919,2131,2,,FALSE,OC0919,,,,CP38,,,Bottle; 0.45µm MCE cup filter,750 µL CTAB,,CE42,,Surface,,47° 21.188',124° 29.324',,,,,,,,,,,,,,Christopher Paight,,TRUE,,OCNMS_ExtractionSheet,Extracted by Chris Paight in 2019; quantified in 2024 by HW/ZG,,TRUE,FALSE,18S/16S done; other markers pending (R3)
E2131.3B.OC0919,2131,3,,FALSE,OC0919,,,,CP23,,,Bottle; 0.45µm MCE cup filter,750 µL CTAB,,CE42,,Surface,,47° 21.188',124° 29.324',,,,,,,,,,,,,,Christopher Paight,,TRUE,,OCNMS_ExtractionSheet,Extracted by Chris Paight in 2019; quantified in 2024 by HW/ZG,,TRUE,FALSE,18S/16S done; other markers pending (R3)
E2131.4B.OC0919,2131,4,,FALSE,OC0919,,,,CP39,,,Bottle; 0.45µm MCE cup filter,750 µL CTAB,,CE42,,Surface,,47° 21.188',124° 29.324',,,,,,,,,,,,,,Christopher Paight,,TRUE,,OCNMS_ExtractionSheet,Extracted by Chris Paight in 2019; quantified in 2024 by HW/ZG,,TRUE,FALSE,18S/16S done; other markers pending (R3)
E2131.5B.OC0919,2131,5,,FALSE,OC0919,,,,CP17,,,Bottle; 0.45µm MCE cup filter,750 µL CTAB,,CE42,,Surface,,47° 21.188',124° 29.324',,,,,,,,,,,,,,Christopher Paight,,TRUE,,OCNMS_ExtractionSheet,Extracted by Chris Paight in 2019; quantified in 2024 by HW/ZG,,TRUE,FALSE,18S/16S done; other markers pending (R3)
E2132.1B.OC0919,2132,1,,FALSE,OC0919,,,,CP7,,,Bottle; 0.45µm MCE cup filter,750 µL CTAB,,CLNS,,Surface,,47° 36.050',124° 25.704',,,,,,,,,,,,,,Christopher Paight,,TRUE,,OCNMS_ExtractionSheet,Extracted by Chris Paight in 2019; quantified in 2024 by HW/ZG,,TRUE,FALSE,18S/16S done; other markers pending (R3)
E2132.2B.OC0919,2132,2,,FALSE,OC0919,,,,CP21,,,Bottle; 0.45µm MCE cup filter,750 µL CTAB,,CLNS,,Surface,,47° 36.050',124° 25.704',,,,,,,,,,,,,,Christopher Paight,,TRUE,,OCNMS_ExtractionSheet,Extracted by Chris Paight in 2019; quantified in 2024 by HW/ZG,,TRUE,FALSE,18S/16S done; other markers pending (R3)
E2132.3B.OC0919,2132,3,,FALSE,OC0919,,,,CP34,,,Bottle; 0.45µm MCE cup filter,750 µL CTAB,,CLNS,,Surface,,47° 36.050',124° 25.704',,,,,,,,,,,,,,Christopher Paight,,TRUE,,OCNMS_ExtractionSheet,Extracted by Chris Paight in 2019; quantified in 2024 by HW/ZG,,TRUE,FALSE,18S/16S done; other markers pending (R3)
E2132.4B.OC0919,2132,4,,FALSE,OC0919,,,,CP33,,,Bottle; 0.45µm MCE cup filter,750 µL CTAB,,CLNS,,Surface,,47° 36.050',124° 25.704',,,,,,,,,,,,,,Christopher Paight,,TRUE,,OCNMS_ExtractionSheet,Extracted by Chris Paight in 2019; quantified in 2024 by HW/ZG,,TRUE,FALSE,18S/16S done; other markers pending (R3)
E2132.5B.OC0919,2132,5,,FALSE,OC0919,,,,CP16,,,Bottle; 0.45µm MCE cup filter,750 µL CTAB,,CLNS,,Surface,,47° 36.050',124° 25.704',,,,,,,,,,,,,,Christopher Paight,,TRUE,,OCNMS_ExtractionSheet,Extracted by Chris Paight in 2019; quantified in 2024 by HW/ZG,,TRUE,FALSE,18S/16S done; other markers pending (R3)
E2133.1B.OC0919,2133,1,,FALSE,OC0919,,,,CP8,,,Bottle; 0.45µm MCE cup filter,750 µL CTAB,,CL42,,Surface,,47° 35.674',124° 29.824',,,,,,,,,,,,,,Christopher Paight,,TRUE,,OCNMS_ExtractionSheet,Extracted by Chris Paight in 2019; quantified in 2024 by HW/ZG,,TRUE,FALSE,18S/16S done; other markers pending (R3)
E2133.2B.OC0919,2133,2,,FALSE,OC0919,,,,CP19,,,Bottle; 0.45µm MCE cup filter,750 µL CTAB,,CL42,,Surface,,47° 35.674',124° 29.824',,,,,,,,,,,,,,Christopher Paight,,TRUE,,OCNMS_ExtractionSheet,Extracted by Chris Paight in 2019; quantified in 2024 by HW/ZG,,TRUE,FALSE,18S/16S done; other markers pending (R3)
E2133.3B.OC0919,2133,3,,FALSE,OC0919,,,,CP44,,,Bottle; 0.45µm MCE cup filter,750 µL CTAB,,CL42,,Surface,,47° 35.674',124° 29.824',,,,,,,,,,,,,,Christopher Paight,,TRUE,,OCNMS_ExtractionSheet,Extracted by Chris Paight in 2019; quantified in 2024 by HW/ZG,,TRUE,FALSE,18S/16S done; other markers pending (R3)
E2133.4B.OC0919,2133,4,,FALSE,OC0919,,,,CP45,,,Bottle; 0.45µm MCE cup filter,750 µL CTAB,,CL42,,Surface,,47° 35.674',124° 29.824',,,,,,,,,,,,,,Christopher Paight,,TRUE,,OCNMS_ExtractionSheet,Extracted by Chris Paight in 2019; quantified in 2024 by HW/ZG,,TRUE,FALSE,18S/16S done; other markers pending (R3)
E2133.5B.OC0919,2133,5,,FALSE,OC0919,,,,CP46,,,Bottle; 0.45µm MCE cup filter,750 µL CTAB,,CL42,,Surface,,47° 35.674',124° 29.824',,,,,,,,,,,,,,Christopher Paight,,TRUE,,OCNMS_ExtractionSheet,Extracted by Chris Paight in 2019; quantified in 2024 by HW/ZG,,TRUE,FALSE,18S/16S done; other markers pending (R3)
E2134.1B.OC0919,2134,1,,FALSE,OC0919,,,,CP5,,,Bottle; 0.45µm MCE cup filter,750 µL CTAB,,MB42,,Surface,,48° 19.438',124° 44.123',,,,,,,,,,,,,,Christopher Paight,,TRUE,,OCNMS_ExtractionSheet,Extracted by Chris Paight in 2019; quantified in 2024 by HW/ZG,,TRUE,FALSE,18S/16S done; other markers pending (R3)
E2134.2B.OC0919,2134,2,,FALSE,OC0919,,,,CP26,,,Bottle; 0.45µm MCE cup filter,750 µL CTAB,,MB42,,Surface,,48° 19.438',124° 44.123',,,,,,,,,,,,,,Christopher Paight,,TRUE,,OCNMS_ExtractionSheet,Extracted by Chris Paight in 2019; quantified in 2024 by HW/ZG,,TRUE,FALSE,18S/16S done; other markers pending (R3)
E2134.3B.OC0919,2134,3,,FALSE,OC0919,,,,CP22,,,Bottle; 0.45µm MCE cup filter,750 µL CTAB,,MB42,,Surface,,48° 19.438',124° 44.123',,,,,,,,,,,,,,Christopher Paight,,TRUE,,OCNMS_ExtractionSheet,Extracted by Chris Paight in 2019; quantified in 2024 by HW/ZG,,TRUE,FALSE,18S/16S done; other markers pending (R3)
E2134.4B.OC0919,2134,4,,FALSE,OC0919,,,,CP28,,,Bottle; 0.45µm MCE cup filter,750 µL CTAB,,MB42,,Surface,,48° 19.438',124° 44.123',,,,,,,,,,,,,,Christopher Paight,,TRUE,,OCNMS_ExtractionSheet,Extracted by Chris Paight in 2019; quantified in 2024 by HW/ZG,,TRUE,FALSE,18S/16S done; other markers pending (R3)
E2134.5B.OC0919,2134,5,,FALSE,OC0919,,,,CP14,,,Bottle; 0.45µm MCE cup filter,750 µL CTAB,,MB42,,Surface,,48° 19.438',124° 44.123',,,,,,,,,,,,,,Christopher Paight,,TRUE,,OCNMS_ExtractionSheet,Extracted by Chris Paight in 2019; quantified in 2024 by HW/ZG,,TRUE,FALSE,18S/16S done; other markers pending (R3)
E2135.1B.OC0919,2135,1,,FALSE,OC0919,,,,CP9,,,Bottle; 0.45µm MCE cup filter,750 µL CTAB,,THNS,,Surface,,47° 52.567',124° 37.168',,,,,,,,,,,,,,Christopher Paight,,TRUE,,OCNMS_ExtractionSheet,Extracted by Chris Paight in 2019; quantified in 2024 by HW/ZG,,TRUE,FALSE,18S/16S done; other markers pending (R3)
E2135.2B.OC0919,2135,2,,FALSE,OC0919,,,,CP29,,,Bottle; 0.45µm MCE cup filter,750 µL CTAB,,THNS,,Surface,,47° 52.567',124° 37.168',,,,,,,,,,,,,,Christopher Paight,,TRUE,,OCNMS_ExtractionSheet,Extracted by Chris Paight in 2019; quantified in 2024 by HW/ZG,,TRUE,FALSE,18S/16S done; other markers pending (R3)
E2135.3B.OC0919,2135,3,,FALSE,OC0919,,,,CP15,,,Bottle; 0.45µm MCE cup filter,750 µL CTAB,,THNS,,Surface,,47° 52.567',124° 37.168',,,,,,,,,,,,,,Christopher Paight,,TRUE,,OCNMS_ExtractionSheet,Extracted by Chris Paight in 2019; quantified in 2024 by HW/ZG,,TRUE,FALSE,18S/16S done; other markers pending (R3)
E2135.4B.OC0919,2135,4,,FALSE,OC0919,,,,CP31,,,Bottle; 0.45µm MCE cup filter,750 µL CTAB,,THNS,,Surface,,47° 52.567',124° 37.168',,,,,,,,,,,,,,Christopher Paight,,TRUE,,OCNMS_ExtractionSheet,Extracted by Chris Paight in 2019; quantified in 2024 by HW/ZG,,TRUE,FALSE,18S/16S done; other markers pending (R3)
E2135.5B.OC0919,2135,5,,FALSE,OC0919,,,,CP32,,,Bottle; 0.45µm MCE cup filter,750 µL CTAB,,THNS,,Surface,,47° 52.567',124° 37.168',,,,,,,,,,,,,,Christopher Paight,,TRUE,,OCNMS_ExtractionSheet,Extracted by Chris Paight in 2019; quantified in 2024 by HW/ZG,,TRUE,FALSE,18S/16S done; other markers pending (R3)
E2136.1B.OC0919,2136,1,,FALSE,OC0919,,,,CP36,,,Bottle; 0.45µm MCE cup filter,750 µL CTAB,,TH42,,Surface,,47° 52.569',124° 44.005',,,,,,,,,,,,,,Christopher Paight,,TRUE,,OCNMS_ExtractionSheet,Extracted by Chris Paight in 2019; quantified in 2024 by HW/ZG,,TRUE,FALSE,18S/16S done; other markers pending (R3)
E2136.2B.OC0919,2136,2,,FALSE,OC0919,,,,CP37,,,Bottle; 0.45µm MCE cup filter,750 µL CTAB,,TH42,,Surface,,47° 52.569',124° 44.005',,,,,,,,,,,,,,Christopher Paight,,TRUE,,OCNMS_ExtractionSheet,Extracted by Chris Paight in 2019; quantified in 2024 by HW/ZG,,TRUE,FALSE,18S/16S done; other markers pending (R3)
E2136.3B.OC0919,2136,3,,FALSE,OC0919,,,,CP10,,,Bottle; 0.45µm MCE cup filter,750 µL CTAB,,TH42,,Surface,,47° 52.569',124° 44.005',,,,,,,,,,,,,,Christopher Paight,,TRUE,,OCNMS_ExtractionSheet,Extracted by Chris Paight in 2019; quantified in 2024 by HW/ZG,,TRUE,FALSE,18S/16S done; other markers pending (R3)
E2136.4B.OC0919,2136,4,,FALSE,OC0919,,,,CP20,,,Bottle; 0.45µm MCE cup filter,750 µL CTAB,,TH42,,Surface,,47° 52.569',124° 44.005',,,,,,,,,,,,,,Christopher Paight,,TRUE,,OCNMS_ExtractionSheet,Extracted by Chris Paight in 2019; quantified in 2024 by HW/ZG,,TRUE,FALSE,18S/16S done; other markers pending (R3)
E2136.5B.OC0919,2136,5,,FALSE,OC0919,,,,CP27,,,Bottle; 0.45µm MCE cup filter,750 µL CTAB,,TH42,,Surface,,47° 52.569',124° 44.005',,,,,,,,,,,,,,Christopher Paight,,TRUE,,OCNMS_ExtractionSheet,Extracted by Chris Paight in 2019; quantified in 2024 by HW/ZG,,TRUE,FALSE,18S/16S done; other markers pending (R3)
E2137.1B.OC0919,2137,1,,FALSE,OC0919,,,,CP6,,,Niskin; 0.45µm MCE cup filter,750 µL CTAB,,,,,,,,,,,,,,,,,,,,,Christopher Paight,,TRUE,,OCNMS_ExtractionSheet,Extracted by Chris Paight in 2019; quantified in 2024 by HW/ZG,,TRUE,FALSE,18S/16S done; other markers pending (R3)
E2137.2B.OC0919,2137,2,,FALSE,OC0919,,,,CP18,,,Niskin; 0.45µm MCE cup filter,750 µL CTAB,,,,,,,,,,,,,,,,,,,,,Christopher Paight,,TRUE,,OCNMS_ExtractionSheet,Extracted by Chris Paight in 2019; quantified in 2024 by HW/ZG,,TRUE,FALSE,18S/16S done; other markers pending (R3)
E2138.1T.QIAvac Test,2138,,1,FALSE,QIAvac Test,,,,,,,,,"Lake Washington, NOAA shoreline",,,,,,,,,,,,500,,,,,,,,,,FALSE,,,,,FALSE,FALSE,
E2138.2T.QIAvac Test,2138,,2,FALSE,QIAvac Test,,,,,,,,,"Lake Washington, NOAA shoreline",,,,,,,,,,,,500,,,,,,,,,,FALSE,,,,,FALSE,FALSE,
E2139.1T.QIAvac Test,2139,,1,FALSE,QIAvac Test,,,,,,,,,"Lake Washington, NOAA shoreline",,,,,,,,,,,,500,,,,,,,,,,FALSE,,,,,FALSE,FALSE,
E2139.2T.QIAvac Test,2139,,2,FALSE,QIAvac Test,,,,,,,,,"Lake Washington, NOAA shoreline",,,,,,,,,,,,500,,,,,,,,,,FALSE,,,,,FALSE,FALSE,
E2139.3T.QIAvac Test,2139,,3,FALSE,QIAvac Test,,,,,,,,,"Lake Washington, NOAA shoreline",,,,,,,,,,,,500,,,,,,,,,,FALSE,,,,,FALSE,FALSE,
E2139.4T.QIAvac Test,2139,,4,FALSE,QIAvac Test,,,,,,,,,"Lake Washington, NOAA shoreline",,,,,,,,,,,,500,,,,,,,,,,FALSE,,,,,FALSE,FALSE,
E2140.Kotzebue23,2140,,,FALSE,Kotzebue23,,,05/26/2023,,,,1L Nalgene from shore,95% ethanol,Kotzebue Lagoon,,,,," 66°54'13.05""N","162°34'13.01""W",,,,,,1000,,,,,,,,,,FALSE,,,,,FALSE,FALSE,
E2141.Kotzebue23,2141,,,FALSE,Kotzebue23,,,05/26/2023,,,,1L Nalgene from shore,95% ethanol,Kotzebue Lagoon,,,,," 66°54'13.05""N","162°34'13.01""W",,,,,,1000,,,,,,,,,,FALSE,,,,,FALSE,FALSE,
E2142.Tonga2024,2142,,,FALSE,Tonga2024,,,,,,,,,,,,,,,,,,,,,,,,,,,,,,,FALSE,,,,,FALSE,FALSE,
E2143.Tonga2024,2143,,,FALSE,Tonga2024,,,,,,,,,,,,,,,,,,,,,,,,,,,,,,,FALSE,,,,,FALSE,FALSE,
E2144.Tonga2024,2144,,,FALSE,Tonga2024,,,,,,,,,,,,,,,,,,,,,,,,,,,,,,,FALSE,,,,,FALSE,FALSE,
E2145.Tonga2024,2145,,,FALSE,Tonga2024,,,,,,,,,,,,,,,,,,,,,,,,,,,,,,,FALSE,,,,,FALSE,FALSE,
E2146.Tonga2024,2146,,,FALSE,Tonga2024,,,,,,,,,,,,,,,,,,,,,,,,,,,,,,,FALSE,,,,,FALSE,FALSE,
E2147.Tonga2024,2147,,,FALSE,Tonga2024,,,,,,,,,,,,,,,,,,,,,,,,,,,,,,,FALSE,,,,,FALSE,FALSE,
E2148.Tonga2024,2148,,,FALSE,Tonga2024,,,,,,,,,,,,,,,,,,,,,,,,,,,,,,,FALSE,,,,,FALSE,FALSE,
E2149.Tonga2024,2149,,,FALSE,Tonga2024,,,,,,,,,,,,,,,,,,,,,,,,,,,,,,,FALSE,,,,,FALSE,FALSE,
E2150.Tonga2024,2150,,,FALSE,Tonga2024,,,,,,,,,,,,,,,,,,,,,,,,,,,,,,,FALSE,,,,,FALSE,FALSE,
E2151.Tonga2024,2151,,,FALSE,Tonga2024,,,,,,,,,,,,,,,,,,,,,,,,,,,,,,,FALSE,,,,,FALSE,FALSE,
E2152.Tonga2024,2152,,,FALSE,Tonga2024,,,,,,,,,,,,,,,,,,,,,,,,,,,,,,,FALSE,,,,,FALSE,FALSE,
E2153.Tonga2024,2153,,,FALSE,Tonga2024,,,,,,,,,,,,,,,,,,,,,,,,,,,,,,,FALSE,,,,,FALSE,FALSE,
E2154.Tonga2024,2154,,,FALSE,Tonga2024,,,,,,,,,,,,,,,,,,,,,,,,,,,,,,,FALSE,,,,,FALSE,FALSE,
E2155.Tonga2024,2155,,,FALSE,Tonga2024,,,,,,,,,,,,,,,,,,,,,,,,,,,,,,,FALSE,,,,,FALSE,FALSE,
E2156.Tonga2024,2156,,,FALSE,Tonga2024,,,,,,,,,,,,,,,,,,,,,,,,,,,,,,,FALSE,,,,,FALSE,FALSE,
E2157.Tonga2024,2157,,,FALSE,Tonga2024,,,,,,,,,,,,,,,,,,,,,,,,,,,,,,,FALSE,,,,,FALSE,FALSE,
E2158.Tonga2024,2158,,,FALSE,Tonga2024,,,,,,,,,,,,,,,,,,,,,,,,,,,,,,,FALSE,,,,,FALSE,FALSE,
E2159.Tonga2024,2159,,,FALSE,Tonga2024,,,,,,,,,,,,,,,,,,,,,,,,,,,,,,,FALSE,,,,,FALSE,FALSE,
E2160.Tonga2024,2160,,,FALSE,Tonga2024,,,,,,,,,,,,,,,,,,,,,,,,,,,,,,,FALSE,,,,,FALSE,FALSE,
E2161.Tonga2024,2161,,,FALSE,Tonga2024,,,,,,,,,93,,,,,,,,,,,,,,,,,,,,,,FALSE,,,,,FALSE,FALSE,
E2162.Tonga2024,2162,,,FALSE,Tonga2024,,,,,,,,,,,,,,,,,,,,,,,,,,,,,,,FALSE,,,,,FALSE,FALSE,
E2163.Tonga2024,2163,,,FALSE,Tonga2024,,,,,,,,,,,,,,,,,,,,,,,,,,,,,,,FALSE,,,,,FALSE,FALSE,
E2164.Tonga2024,2164,,,FALSE,Tonga2024,,,,,,,,,,,,,,,,,,,,,,,,,,,,,,,FALSE,,,,,FALSE,FALSE,
E2165.Tonga2024,2165,,,FALSE,Tonga2024,,,,,,,,,,,,,,,,,,,,,,,,,,,,,,,FALSE,,,,,FALSE,FALSE,
E2166.Tonga2024,2166,,,FALSE,Tonga2024,,,,,,,,,,,,,,,,,,,,,,,,,,,,,,,FALSE,,,,,FALSE,FALSE,
E2167.Tonga2024,2167,,,FALSE,Tonga2024,,,,,,,,,,,,,,,,,,,,,,,,,,,,,,,FALSE,,,,,FALSE,FALSE,
E2168.Tonga2024,2168,,,FALSE,Tonga2024,,,,,,,,,,,,,,,,,,,,,,,,,,,,,,,FALSE,,,,,FALSE,FALSE,
E2169.Tonga2024,2169,,,FALSE,Tonga2024,,,,,,,,,,,,,,,,,,,,,,,,,,,,,,,FALSE,,,,,FALSE,FALSE,
E2170.Tonga2024,2170,,,FALSE,Tonga2024,,,,,,,,,,,,,,,,,,,,,,,,,,,,,,,FALSE,,,,,FALSE,FALSE,
E2171.Tonga2024,2171,,,FALSE,Tonga2024,,,,,,,,,,,,,,,,,,,,,,,,,,,,,,,FALSE,,,,,FALSE,FALSE,
E2172.Tonga2024,2172,,,FALSE,Tonga2024,,,,,,,,,,,,,,,,,,,,,,,,,,,,,,,FALSE,,,,,FALSE,FALSE,
E2173.Tonga2024,2173,,,FALSE,Tonga2024,,,,,,,,,,,,,,,,,,,,,,,,,,,,,,,FALSE,,,,,FALSE,FALSE,
E2174.Tonga2024,2174,,,FALSE,Tonga2024,,,,,,,,,,,,,,,,,,,,,,,,,,,,,,,FALSE,,,,,FALSE,FALSE,
E2175.Tonga2024,2175,,,FALSE,Tonga2024,,,,,,,,,,,,,,,,,,,,,,,,,,,,,,,FALSE,,,,,FALSE,FALSE,
E2176.Tonga2024,2176,,,FALSE,Tonga2024,,,,,,,,,,,,,,,,,,,,,,,,,,,,,,,FALSE,,,,,FALSE,FALSE,
E2177.Tonga2024,2177,,,FALSE,Tonga2024,,,,,,,,,,,,,,,,,,,,,,,,,,,,,,,FALSE,,,,,FALSE,FALSE,
E2178.Tonga2024,2178,,,FALSE,Tonga2024,,,,,,,,,,,,,,,,,,,,,,,,,,,,,,,FALSE,,,,,FALSE,FALSE,
E2179.Tonga2024,2179,,,FALSE,Tonga2024,,,,,,,,,,,,,,,,,,,,,,,,,,,,,,,FALSE,,,,,FALSE,FALSE,
E2180.Tonga2024,2180,,,FALSE,Tonga2024,,,,,,,,,,,,,,,,,,,,,,,,,,,,,,,FALSE,,,,,FALSE,FALSE,
E2181.Tonga2024,2181,,,FALSE,Tonga2024,,,,,,,,,,,,,,,,,,,,,,,,,,,,,,,FALSE,,,,,FALSE,FALSE,
E2182.1B.DY2406,2182,1,,FALSE,DY2406,,4/30/2024,4/30/2024,,,,,,,,,0.0,,,,"57.82537, -152.32637",15:30,,23:30,,,,,,,,,,Han Weinrich,"Surface samples collection by hand (1L bottle), low flood tide water depth <1m",FALSE,,,,,FALSE,FALSE,
E2182.2B.DY2406,2182,2,,FALSE,DY2406,,4/30/2024,4/30/2024,,,,,,,,,0.0,,,,"57.82537, -152.32637",15:30,,23:30,,,,,,,,,,Han Weinrich,"Surface samples collection by hand (1L bottle), low flood tide water depth <1m",FALSE,,,,,FALSE,FALSE,
E2182.3B.DY2406,2182,3,,FALSE,DY2406,,4/30/2024,4/30/2024,,,,,,,,,0.0,,,,"57.82537, -152.32637",15:30,,23:30,,,,,,,,,,Han Weinrich,"Surface samples collection by hand (1L bottle), low flood tide water depth <1m",FALSE,,,,,FALSE,FALSE,
E2182.4B.DY2406,2182,4,,FALSE,DY2406,,4/30/2024,4/30/2024,,,,,,,,,0.0,,,,"57.82537, -152.32637",15:30,,23:30,,,,,,,,,,Han Weinrich,"Surface samples collection by hand (1L bottle), low flood tide water depth <1m",FALSE,,,,,FALSE,FALSE,
E2182.5B.DY2406,2182,5,,FALSE,DY2406,,4/30/2024,4/30/2024,,,,,,,,,0.0,,,,"57.82537, -152.32637",15:30,,23:30,,,,,,,,,,Han Weinrich,"Surface samples collection by hand (1L bottle), low flood tide water depth <1m",FALSE,,,,,FALSE,FALSE,
E2182.6B.DY2406,2182,6,,FALSE,DY2406,,4/30/2024,4/30/2024,,,,,,,,,0.0,,,,"57.82537, -152.32637",15:30,,23:30,,,,,,,,,,Han Weinrich,"Surface samples collection by hand (1L bottle), low flood tide water depth <1m",FALSE,,,,,FALSE,FALSE,
E2183.NC.DY2406,2183,,,TRUE,DY2406,,4/30/2024,4/30/2024,,,,,,,,,,,,,,,,,,,,,,,,,,,,FALSE,,,,,FALSE,FALSE,
E2184.1T.QiavacQuant,2184,,1,FALSE,QiavacQuant,,06/04/2024,06/04/2024,,,,,,,,,,,,,,,,,,500,,,,,,,,"Han Weinrich, Sam Setta, Ella Crotty",Surface samples collected from Lake Washington for testing purposes,FALSE,,,,,FALSE,FALSE,
E2184.2T.QiavacQuant,2184,,2,FALSE,QiavacQuant,,06/04/2024,06/04/2024,,,,,,,,,,,,,,,,,,500,,,,,,,,"Han Weinrich, Sam Setta, Ella Crotty",Surface samples collected from Lake Washington for testing purposes,FALSE,,,,,FALSE,FALSE,
E2184.3T.QiavacQuant,2184,,3,FALSE,QiavacQuant,,06/04/2024,06/04/2024,,,,,,,,,,,,,,,,,,500,,,,,,,,"Han Weinrich, Sam Setta, Ella Crotty",Surface samples collected from Lake Washington for testing purposes,FALSE,,,,,FALSE,FALSE,
E2184.4T.QiavacQuant,2184,,4,FALSE,QiavacQuant,,06/04/2024,06/04/2024,,,,,,,,,,,,,,,,,,500,,,,,,,,"Han Weinrich, Sam Setta, Ella Crotty",Surface samples collected from Lake Washington for testing purposes,FALSE,,,,,FALSE,FALSE,
E2185.1T.QiavacQuant,2185,,1,FALSE,QiavacQuant,,06/04/2024,06/04/2024,,,,,,,,,,,,,,,,,,500,,,,,,,,"Han Weinrich, Sam Setta, Ella Crotty",Surface samples collected from Lake Washington for testing purposes,FALSE,,,,,FALSE,FALSE,
E2185.2T.QiavacQuant,2185,,2,FALSE,QiavacQuant,,06/04/2024,06/04/2024,,,,,,,,,,,,,,,,,,500,,,,,,,,"Han Weinrich, Sam Setta, Ella Crotty",Surface samples collected from Lake Washington for testing purposes,FALSE,,,,,FALSE,FALSE,
E2185.3T.QiavacQuant,2185,,3,FALSE,QiavacQuant,,06/04/2024,06/04/2024,,,,,,,,,,,,,,,,,,500,,,,,,,,"Han Weinrich, Sam Setta, Ella Crotty",Surface samples collected from Lake Washington for testing purposes,FALSE,,,,,FALSE,FALSE,
E2185.4T.QiavacQuant,2185,,4,FALSE,QiavacQuant,,06/04/2024,06/04/2024,,,,,,,,,,,,,,,,,,270,,,,,,,,"Han Weinrich, Sam Setta, Ella Crotty",Surface samples collected from Lake Washington for testing purposes. Sterivex airlocked at 270mL.,FALSE,,,,,FALSE,FALSE,
E2186.1T.QiavacQuant,2186,,1,FALSE,QiavacQuant,,06/04/2024,06/04/2024,,,,,,,,,,,,,,,,,,500,,,,,,,,"Han Weinrich, Sam Setta, Ella Crotty",Surface samples collected from Lake Washington for testing purposes,FALSE,,,,,FALSE,FALSE,
E2186.2T.QiavacQuant,2186,,2,FALSE,QiavacQuant,,06/04/2024,06/04/2024,,,,,,,,,,,,,,,,,,400,,,,,,,,"Han Weinrich, Sam Setta, Ella Crotty",Surface samples collected from Lake Washington for testing purposes,FALSE,,,,,FALSE,FALSE,
E2186.3T.QiavacQuant,2186,,3,FALSE,QiavacQuant,,06/04/2024,06/04/2024,,,,,,,,,,,,,,,,,,500,,,,,,,,"Han Weinrich, Sam Setta, Ella Crotty",Surface samples collected from Lake Washington for testing purposes,FALSE,,,,,FALSE,FALSE,
E2186.4T.QiavacQuant,2186,,4,FALSE,QiavacQuant,,06/04/2024,06/04/2024,,,,,,,,,,,,,,,,,,500,,,,,,,,"Han Weinrich, Sam Setta, Ella Crotty",Surface samples collected from Lake Washington for testing purposes,FALSE,,,,,FALSE,FALSE,
E2187.,2187,,,FALSE,,,,,,,,,,,,,,,,,,,,,,,,,,,,,,,,FALSE,,,,,FALSE,FALSE,
E2188.,2188,,,FALSE,,,,,,,,,,,,,,,,,,,,,,,,,,,,,,,,FALSE,,,,,FALSE,FALSE,
E2189.,2189,,,FALSE,,,,,,,,,,,,,,,,,,,,,,,,,,,,,,,,FALSE,,,,,FALSE,FALSE,
E2190.,2190,,,FALSE,,,,,,,,,,,,,,,,,,,,,,,,,,,,,,,,FALSE,,,,,FALSE,FALSE,
E2191.,2191,,,FALSE,,,,,,,,,,,,,,,,,,,,,,,,,,,,,,,,FALSE,,,,,FALSE,FALSE,
E2192.,2192,,,FALSE,,,,,,,,,,,,,,,,,,,,,,,,,,,,,,,,FALSE,,,,,FALSE,FALSE,
E2193.,2193,,,FALSE,,,,,,,,,,,,,,,,,,,,,,,,,,,,,,,,FALSE,,,,,FALSE,FALSE,
E2194.,2194,,,FALSE,,,,,,,,,,,,,,,,,,,,,,,,,,,,,,,,FALSE,,,,,FALSE,FALSE,
E2195.,2195,,,FALSE,,,,,,,,,,,,,,,,,,,,,,,,,,,,,,,,FALSE,,,,,FALSE,FALSE,
E2196.,2196,,,FALSE,,,,,,,,,,,,,,,,,,,,,,,,,,,,,,,,FALSE,,,,,FALSE,FALSE,
E2197.,2197,,,FALSE,,,,,,,,,,,,,,,,,,,,,,,,,,,,,,,,FALSE,,,,,FALSE,FALSE,
E2198.,2198,,,FALSE,,,,,,,,,,,,,,,,,,,,,,,,,,,,,,,,FALSE,,,,,FALSE,FALSE,
E2199.,2199,,,FALSE,,,,,,,,,,,,,,,,,,,,,,,,,,,,,,,,FALSE,,,,,FALSE,FALSE,
E2200.,2200,,,FALSE,,,,,,,,,,,,,,,,,,,,,,,,,,,,,,,,FALSE,,,,,FALSE,FALSE,
E2201.,2201,,,FALSE,,,,,,,,,,,,,,,,,,,,,,,,,,,,,,,,FALSE,,,,,FALSE,FALSE,
E2202.,2202,,,FALSE,,,,,,,,,,,,,,,,,,,,,,,,,,,,,,,,FALSE,,,,,FALSE,FALSE,
E2203.,2203,,,FALSE,,,,,,,,,,,,,,,,,,,,,,,,,,,,,,,,FALSE,,,,,FALSE,FALSE,
E2204.,2204,,,FALSE,,,,,,,,,,,,,,,,,,,,,,,,,,,,,,,,FALSE,,,,,FALSE,FALSE,
E2205.,2205,,,FALSE,,,,,,,,,,,,,,,,,,,,,,,,,,,,,,,,FALSE,,,,,FALSE,FALSE,
E2206.,2206,,,FALSE,,,,,,,,,,,,,,,,,,,,,,,,,,,,,,,,FALSE,,,,,FALSE,FALSE,
E2207.,2207,,,FALSE,,,,,,,,,,,,,,,,,,,,,,,,,,,,,,,,FALSE,,,,,FALSE,FALSE,
E2208.,2208,,,FALSE,,,,,,,,,,,,,,,,,,,,,,,,,,,,,,,,FALSE,,,,,FALSE,FALSE,
E2209.,2209,,,FALSE,,,,,,,,,,,,,,,,,,,,,,,,,,,,,,,,FALSE,,,,,FALSE,FALSE,
E2210.,2210,,,FALSE,,,,,,,,,,,,,,,,,,,,,,,,,,,,,,,,FALSE,,,,,FALSE,FALSE,
E2211.,2211,,,FALSE,,,,,,,,,,,,,,,,,,,,,,,,,,,,,,,,FALSE,,,,,FALSE,FALSE,
E2212.,2212,,,FALSE,,,,,,,,,,,,,,,,,,,,,,,,,,,,,,,,FALSE,,,,,FALSE,FALSE,
E2213.,2213,,,FALSE,,,,,,,,,,,,,,,,,,,,,,,,,,,,,,,,FALSE,,,,,FALSE,FALSE,
E2214.,2214,,,FALSE,,,,,,,,,,,,,,,,,,,,,,,,,,,,,,,,FALSE,,,,,FALSE,FALSE,
E2215.,2215,,,FALSE,,,,,,,,,,,,,,,,,,,,,,,,,,,,,,,,FALSE,,,,,FALSE,FALSE,
E2216.,2216,,,FALSE,,,,,,,,,,,,,,,,,,,,,,,,,,,,,,,,FALSE,,,,,FALSE,FALSE,
E2217.,2217,,,FALSE,,,,,,,,,,,,,,,,,,,,,,,,,,,,,,,,FALSE,,,,,FALSE,FALSE,
E2218.,2218,,,FALSE,,,,,,,,,,,,,,,,,,,,,,,,,,,,,,,,FALSE,,,,,FALSE,FALSE,
E2219.,2219,,,FALSE,,,,,,,,,,,,,,,,,,,,,,,,,,,,,,,,FALSE,,,,,FALSE,FALSE,
E2220.,2220,,,FALSE,,,,,,,,,,,,,,,,,,,,,,,,,,,,,,,,FALSE,,,,,FALSE,FALSE,
E2221.,2221,,,FALSE,,,,,,,,,,,,,,,,,,,,,,,,,,,,,,,,FALSE,,,,,FALSE,FALSE,
E2222.,2222,,,FALSE,,,,,,,,,,,,,,,,,,,,,,,,,,,,,,,,FALSE,,,,,FALSE,FALSE,
E2223.,2223,,,FALSE,,,,,,,,,,,,,,,,,,,,,,,,,,,,,,,,FALSE,,,,,FALSE,FALSE,
E2224.,2224,,,FALSE,,,,,,,,,,,,,,,,,,,,,,,,,,,,,,,,FALSE,,,,,FALSE,FALSE,
E2225.,2225,,,FALSE,,,,,,,,,,,,,,,,,,,,,,,,,,,,,,,,FALSE,,,,,FALSE,FALSE,
E2226.,2226,,,FALSE,,,,,,,,,,,,,,,,,,,,,,,,,,,,,,,,FALSE,,,,,FALSE,FALSE,
E2227.,2227,,,FALSE,,,,,,,,,,,,,,,,,,,,,,,,,,,,,,,,FALSE,,,,,FALSE,FALSE,
E2228.,2228,,,FALSE,,,,,,,,,,,,,,,,,,,,,,,,,,,,,,,,FALSE,,,,,FALSE,FALSE,
E2229.,2229,,,FALSE,,,,,,,,,,,,,,,,,,,,,,,,,,,,,,,,FALSE,,,,,FALSE,FALSE,
E2230.,2230,,,FALSE,,,,,,,,,,,,,,,,,,,,,,,,,,,,,,,,FALSE,,,,,FALSE,FALSE,
E2231.,2231,,,FALSE,,,,,,,,,,,,,,,,,,,,,,,,,,,,,,,,FALSE,,,,,FALSE,FALSE,
E2232.,2232,,,FALSE,,,,,,,,,,,,,,,,,,,,,,,,,,,,,,,,FALSE,,,,,FALSE,FALSE,
E2233.,2233,,,FALSE,,,,,,,,,,,,,,,,,,,,,,,,,,,,,,,,FALSE,,,,,FALSE,FALSE,
E2234.,2234,,,FALSE,,,,,,,,,,,,,,,,,,,,,,,,,,,,,,,,FALSE,,,,,FALSE,FALSE,
E2235.,2235,,,FALSE,,,,,,,,,,,,,,,,,,,,,,,,,,,,,,,,FALSE,,,,,FALSE,FALSE,
E2236.,2236,,,FALSE,,,,,,,,,,,,,,,,,,,,,,,,,,,,,,,,FALSE,,,,,FALSE,FALSE,
E2237.,2237,,,FALSE,,,,,,,,,,,,,,,,,,,,,,,,,,,,,,,,FALSE,,,,,FALSE,FALSE,
E2238.,2238,,,FALSE,,,,,,,,,,,,,,,,,,,,,,,,,,,,,,,,FALSE,,,,,FALSE,FALSE,
E2239.,2239,,,FALSE,,,,,,,,,,,,,,,,,,,,,,,,,,,,,,,,FALSE,,,,,FALSE,FALSE,
E2240.,2240,,,FALSE,,,,,,,,,,,,,,,,,,,,,,,,,,,,,,,,FALSE,,,,,FALSE,FALSE,
E2241.,2241,,,FALSE,,,,,,,,,,,,,,,,,,,,,,,,,,,,,,,,FALSE,,,,,FALSE,FALSE,
E2242.,2242,,,FALSE,,,,,,,,,,,,,,,,,,,,,,,,,,,,,,,,FALSE,,,,,FALSE,FALSE,
E2243.,2243,,,FALSE,,,,,,,,,,,,,,,,,,,,,,,,,,,,,,,,FALSE,,,,,FALSE,FALSE,
E2244.,2244,,,FALSE,,,,,,,,,,,,,,,,,,,,,,,,,,,,,,,,FALSE,,,,,FALSE,FALSE,
E2245.,2245,,,FALSE,,,,,,,,,,,,,,,,,,,,,,,,,,,,,,,,FALSE,,,,,FALSE,FALSE,
E2246.,2246,,,FALSE,,,,,,,,,,,,,,,,,,,,,,,,,,,,,,,,FALSE,,,,,FALSE,FALSE,
E2247.,2247,,,FALSE,,,,,,,,,,,,,,,,,,,,,,,,,,,,,,,,FALSE,,,,,FALSE,FALSE,
E2248.,2248,,,FALSE,,,,,,,,,,,,,,,,,,,,,,,,,,,,,,,,FALSE,,,,,FALSE,FALSE,
E2249.,2249,,,FALSE,,,,,,,,,,,,,,,,,,,,,,,,,,,,,,,,FALSE,,,,,FALSE,FALSE,
E2250.,2250,,,FALSE,,,,,,,,,,,,,,,,,,,,,,,,,,,,,,,,FALSE,,,,,FALSE,FALSE,
E2251.,2251,,,FALSE,,,,,,,,,,,,,,,,,,,,,,,,,,,,,,,,FALSE,,,,,FALSE,FALSE,
E2252.,2252,,,FALSE,,,,,,,,,,,,,,,,,,,,,,,,,,,,,,,,FALSE,,,,,FALSE,FALSE,
E2253.,2253,,,FALSE,,,,,,,,,,,,,,,,,,,,,,,,,,,,,,,,FALSE,,,,,FALSE,FALSE,
E2254.,2254,,,FALSE,,,,,,,,,,,,,,,,,,,,,,,,,,,,,,,,FALSE,,,,,FALSE,FALSE,
E2255.,2255,,,FALSE,,,,,,,,,,,,,,,,,,,,,,,,,,,,,,,,FALSE,,,,,FALSE,FALSE,
E2256.,2256,,,FALSE,,,,,,,,,,,,,,,,,,,,,,,,,,,,,,,,FALSE,,,,,FALSE,FALSE,
E2257.,2257,,,FALSE,,,,,,,,,,,,,,,,,,,,,,,,,,,,,,,,FALSE,,,,,FALSE,FALSE,
E2258.,2258,,,FALSE,,,,,,,,,,,,,,,,,,,,,,,,,,,,,,,,FALSE,,,,,FALSE,FALSE,
E2259.,2259,,,FALSE,,,,,,,,,,,,,,,,,,,,,,,,,,,,,,,,FALSE,,,,,FALSE,FALSE,
E2260.,2260,,,FALSE,,,,,,,,,,,,,,,,,,,,,,,,,,,,,,,,FALSE,,,,,FALSE,FALSE,
E2261.,2261,,,FALSE,,,,,,,,,,,,,,,,,,,,,,,,,,,,,,,,FALSE,,,,,FALSE,FALSE,
E2262.,2262,,,FALSE,,,,,,,,,,,,,,,,,,,,,,,,,,,,,,,,FALSE,,,,,FALSE,FALSE,
E2263.,2263,,,FALSE,,,,,,,,,,,,,,,,,,,,,,,,,,,,,,,,FALSE,,,,,FALSE,FALSE,
E2264.,2264,,,FALSE,,,,,,,,,,,,,,,,,,,,,,,,,,,,,,,,FALSE,,,,,FALSE,FALSE,
E2265.,2265,,,FALSE,,,,,,,,,,,,,,,,,,,,,,,,,,,,,,,,FALSE,,,,,FALSE,FALSE,
E2266.,2266,,,FALSE,,,,,,,,,,,,,,,,,,,,,,,,,,,,,,,,FALSE,,,,,FALSE,FALSE,
E2267.,2267,,,FALSE,,,,,,,,,,,,,,,,,,,,,,,,,,,,,,,,FALSE,,,,,FALSE,FALSE,
E2268.,2268,,,FALSE,,,,,,,,,,,,,,,,,,,,,,,,,,,,,,,,FALSE,,,,,FALSE,FALSE,
E2269.,2269,,,FALSE,,,,,,,,,,,,,,,,,,,,,,,,,,,,,,,,FALSE,,,,,FALSE,FALSE,
E2270.,2270,,,FALSE,,,,,,,,,,,,,,,,,,,,,,,,,,,,,,,,FALSE,,,,,FALSE,FALSE,
E2271.,2271,,,FALSE,,,,,,,,,,,,,,,,,,,,,,,,,,,,,,,,FALSE,,,,,FALSE,FALSE,
E2272.,2272,,,FALSE,,,,,,,,,,,,,,,,,,,,,,,,,,,,,,,,FALSE,,,,,FALSE,FALSE,
E2273.,2273,,,FALSE,,,,,,,,,,,,,,,,,,,,,,,,,,,,,,,,FALSE,,,,,FALSE,FALSE,
E2274.,2274,,,FALSE,,,,,,,,,,,,,,,,,,,,,,,,,,,,,,,,FALSE,,,,,FALSE,FALSE,
E2275.,2275,,,FALSE,,,,,,,,,,,,,,,,,,,,,,,,,,,,,,,,FALSE,,,,,FALSE,FALSE,
E2276.,2276,,,FALSE,,,,,,,,,,,,,,,,,,,,,,,,,,,,,,,,FALSE,,,,,FALSE,FALSE,
E2277.,2277,,,FALSE,,,,,,,,,,,,,,,,,,,,,,,,,,,,,,,,FALSE,,,,,FALSE,FALSE,
E2278.,2278,,,FALSE,,,,,,,,,,,,,,,,,,,,,,,,,,,,,,,,FALSE,,,,,FALSE,FALSE,
E2279.,2279,,,FALSE,,,,,,,,,,,,,,,,,,,,,,,,,,,,,,,,FALSE,,,,,FALSE,FALSE,
E2280.,2280,,,FALSE,,,,,,,,,,,,,,,,,,,,,,,,,,,,,,,,FALSE,,,,,FALSE,FALSE,
E2281.,2281,,,FALSE,,,,,,,,,,,,,,,,,,,,,,,,,,,,,,,,FALSE,,,,,FALSE,FALSE,
E2282.,2282,,,FALSE,,,,,,,,,,,,,,,,,,,,,,,,,,,,,,,,FALSE,,,,,FALSE,FALSE,
E2283.,2283,,,FALSE,,,,,,,,,,,,,,,,,,,,,,,,,,,,,,,,FALSE,,,,,FALSE,FALSE,
E2284.,2284,,,FALSE,,,,,,,,,,,,,,,,,,,,,,,,,,,,,,,,FALSE,,,,,FALSE,FALSE,
E2285.,2285,,,FALSE,,,,,,,,,,,,,,,,,,,,,,,,,,,,,,,,FALSE,,,,,FALSE,FALSE,
E2286.,2286,,,FALSE,,,,,,,,,,,,,,,,,,,,,,,,,,,,,,,,FALSE,,,,,FALSE,FALSE,
E2287.,2287,,,FALSE,,,,,,,,,,,,,,,,,,,,,,,,,,,,,,,,FALSE,,,,,FALSE,FALSE,
E2288.,2288,,,FALSE,,,,,,,,,,,,,,,,,,,,,,,,,,,,,,,,FALSE,,,,,FALSE,FALSE,
E2289.,2289,,,FALSE,,,,,,,,,,,,,,,,,,,,,,,,,,,,,,,,FALSE,,,,,FALSE,FALSE,
E2290.,2290,,,FALSE,,,,,,,,,,,,,,,,,,,,,,,,,,,,,,,,FALSE,,,,,FALSE,FALSE,
E2291.,2291,,,FALSE,,,,,,,,,,,,,,,,,,,,,,,,,,,,,,,,FALSE,,,,,FALSE,FALSE,
E2292.,2292,,,FALSE,,,,,,,,,,,,,,,,,,,,,,,,,,,,,,,,FALSE,,,,,FALSE,FALSE,
E2293.,2293,,,FALSE,,,,,,,,,,,,,,,,,,,,,,,,,,,,,,,,FALSE,,,,,FALSE,FALSE,
E2294.,2294,,,FALSE,,,,,,,,,,,,,,,,,,,,,,,,,,,,,,,,FALSE,,,,,FALSE,FALSE,
E2295.,2295,,,FALSE,,,,,,,,,,,,,,,,,,,,,,,,,,,,,,,,FALSE,,,,,FALSE,FALSE,
E2296.,2296,,,FALSE,,,,,,,,,,,,,,,,,,,,,,,,,,,,,,,,FALSE,,,,,FALSE,FALSE,
E2297.,2297,,,FALSE,,,,,,,,,,,,,,,,,,,,,,,,,,,,,,,,FALSE,,,,,FALSE,FALSE,
E2298.,2298,,,FALSE,,,,,,,,,,,,,,,,,,,,,,,,,,,,,,,,FALSE,,,,,FALSE,FALSE,
E2299.,2299,,,FALSE,,,,,,,,,,,,,,,,,,,,,,,,,,,,,,,,FALSE,,,,,FALSE,FALSE,
E2300.,2300,,,FALSE,,,,,,,,,,,,,,,,,,,,,,,,,,,,,,,,FALSE,,,,,FALSE,FALSE,
E2301.,2301,,,FALSE,,,,,,,,,,,,,,,,,,,,,,,,,,,,,,,,FALSE,,,,,FALSE,FALSE,
E2302.NC.OC0524,2302,,,TRUE,OC0524,,,,PPS NC,-,-,"PPS Unit; Sterlitech 0.4 µm filter, 47 mm",95% EtOH,,Teahwhit Head,,,,,,,,,,,,,,,,,,,,,FALSE,,,,,FALSE,FALSE,
E2303.OC0524,2303,,,FALSE,OC0524,,,,PPS Port 1,-,-,"PPS Unit; Sterlitech 0.4 µm filter, 47 mm",95% EtOH,,Teahwhit Head,,,,47° 52.55' N,124° 44.32 W',,,,,,,,,,,,,,,,FALSE,,,,,FALSE,FALSE,
E2304.OC0524,2304,,,FALSE,OC0524,,,,PPS Port 2,-,-,"PPS Unit; Sterlitech 0.4 µm filter, 47 mm",95% EtOH,,Teahwhit Head,,,,47° 52.55' N,124° 44.32 W',,,,,,,,,,,,,,,,FALSE,,,,,FALSE,FALSE,
E2305.OC0524,2305,,,FALSE,OC0524,,,,PPS Port 3,-,-,"PPS Unit; Sterlitech 0.4 µm filter, 47 mm",95% EtOH,,Teahwhit Head,,,,47° 52.55' N,124° 44.32 W',,,,,,,,,,,,,,,,FALSE,,,,,FALSE,FALSE,
E2306.OC0524,2306,,,FALSE,OC0524,,,,PPS Port 4,-,-,"PPS Unit; Sterlitech 0.4 µm filter, 47 mm",95% EtOH,,Teahwhit Head,,,,47° 52.55' N,124° 44.32 W',,,,,,,,,,,,,,,,FALSE,,,,,FALSE,FALSE,
E2307.OC0524,2307,,,FALSE,OC0524,,,,PPS Port 5,-,-,"PPS Unit; Sterlitech 0.4 µm filter, 47 mm",95% EtOH,,Teahwhit Head,,,,47° 52.55' N,124° 44.32 W',,,,,,,,,,,,,,,,FALSE,,,,,FALSE,FALSE,
E2308.OC0524,2308,,,FALSE,OC0524,,,,PPS Port 6,-,-,"PPS Unit; Sterlitech 0.4 µm filter, 47 mm",95% EtOH,,Teahwhit Head,,,,47° 52.55' N,124° 44.32 W',,,,,,,,,,,,,,,,FALSE,,,,,FALSE,FALSE,
E2309.OC0524,2309,,,FALSE,OC0524,,,,PPS Port 7,-,-,"PPS Unit; Sterlitech 0.4 µm filter, 47 mm",95% EtOH,,Teahwhit Head,,,,47° 52.55' N,124° 44.32 W',,,,,,,,,,,,,,,,FALSE,,,,,FALSE,FALSE,
E2310.OC0524,2310,,,FALSE,OC0524,,,,PPS Port 8,-,-,"PPS Unit; Sterlitech 0.4 µm filter, 47 mm",95% EtOH,,Teahwhit Head,,,,47° 52.55' N,124° 44.32 W',,,,,,,,,,,,,,,,FALSE,,,,,FALSE,FALSE,
E2311.OC0524,2311,,,FALSE,OC0524,,,,PPS Port 9,-,-,"PPS Unit; Sterlitech 0.4 µm filter, 47 mm",95% EtOH,,Teahwhit Head,,,,47° 52.55' N,124° 44.32 W',,,,,,,,,,,,,,,,FALSE,,,,,FALSE,FALSE,
E2312.OC0524,2312,,,FALSE,OC0524,,,,PPS Port 10,-,-,"PPS Unit; Sterlitech 0.4 µm filter, 47 mm",95% EtOH,,Teahwhit Head,,,,47° 52.55' N,124° 44.32 W',,,,,,,,,,,,,,,,FALSE,,,,,FALSE,FALSE,
E2313.OC0524,2313,,,FALSE,OC0524,,,,PPS Port 11,-,-,"PPS Unit; Sterlitech 0.4 µm filter, 47 mm",95% EtOH,,Teahwhit Head,,,,47° 52.55' N,124° 44.32 W',,,,,,,,,,,,,,,,FALSE,,,,,FALSE,FALSE,
E2314.OC0524,2314,,,FALSE,OC0524,,,,PPS Port 12,-,-,"PPS Unit; Sterlitech 0.4 µm filter, 47 mm",95% EtOH,,Teahwhit Head,,,,47° 52.55' N,124° 44.32 W',,,,,,,,,,,,,,,,FALSE,,,,,FALSE,FALSE,
E2315.OC0524,2315,,,FALSE,OC0524,,,,PPS Port 13,-,-,"PPS Unit; Sterlitech 0.4 µm filter, 47 mm",95% EtOH,,Teahwhit Head,,,,47° 52.55' N,124° 44.32 W',,,,,,,,,,,,,,,,FALSE,,,,,FALSE,FALSE,
E2316.OC0524,2316,,,FALSE,OC0524,,,,PPS Port 14,-,-,"PPS Unit; Sterlitech 0.4 µm filter, 47 mm",95% EtOH,,Teahwhit Head,,,,47° 52.55' N,124° 44.32 W',,,,,,,,,,,,,,,,FALSE,,,,,FALSE,FALSE,
E2317.OC0524,2317,,,FALSE,OC0524,,,,PPS Port 15,-,-,"PPS Unit; Sterlitech 0.4 µm filter, 47 mm",95% EtOH,,Teahwhit Head,,,,47° 52.55' N,124° 44.32 W',,,,,,,,,,,,,,,,FALSE,,,,,FALSE,FALSE,
E2318.OC0524,2318,,,FALSE,OC0524,,,,PPS Port 16,-,-,"PPS Unit; Sterlitech 0.4 µm filter, 47 mm",95% EtOH,,Teahwhit Head,,,,47° 52.55' N,124° 44.32 W',,,,,,,,,,,,,,,,FALSE,,,,,FALSE,FALSE,
E2319.OC0524,2319,,,FALSE,OC0524,,,,PPS Port 17,-,-,"PPS Unit; Sterlitech 0.4 µm filter, 47 mm",95% EtOH,,Teahwhit Head,,,,47° 52.55' N,124° 44.32 W',,,,,,,,,,,,,,,,FALSE,,,,,FALSE,FALSE,
E2320.OC0524,2320,,,FALSE,OC0524,,,,PPS Port 18,-,-,"PPS Unit; Sterlitech 0.4 µm filter, 47 mm",95% EtOH,,Teahwhit Head,,,,47° 52.55' N,124° 44.32 W',,,,,,,,,,,,,,,,FALSE,,,,,FALSE,FALSE,
E2321.OC0524,2321,,,FALSE,OC0524,,,,PPS Port 19,-,-,"PPS Unit; Sterlitech 0.4 µm filter, 47 mm",95% EtOH,,Teahwhit Head,,,,47° 52.55' N,124° 44.32 W',,,,,,,,,,,,,,,,FALSE,,,,,FALSE,FALSE,
E2322.OC0524,2322,,,FALSE,OC0524,,,,PPS Port 20,-,-,"PPS Unit; Sterlitech 0.4 µm filter, 47 mm",95% EtOH,,Teahwhit Head,,,,47° 52.55' N,124° 44.32 W',,,,,,,,,,,,,,,,FALSE,,,,,FALSE,FALSE,
E2323.OC0524,2323,,,FALSE,OC0524,,,,PPS Port 21,-,-,"PPS Unit; Sterlitech 0.4 µm filter, 47 mm",95% EtOH,,Teahwhit Head,,,,47° 52.55' N,124° 44.32 W',,,,,,,,,,,,,,,,FALSE,,,,,FALSE,FALSE,
E2324.OC0524,2324,,,FALSE,OC0524,,,,PPS Port 22,-,-,"PPS Unit; Sterlitech 0.4 µm filter, 47 mm",95% EtOH,,Teahwhit Head,,,,47° 52.55' N,124° 44.32 W',,,,,,,,,,,,,,,,FALSE,,,,,FALSE,FALSE,
E2325.OC0524,2325,,,FALSE,OC0524,,,,PPS Port 23,-,-,"PPS Unit; Sterlitech 0.4 µm filter, 47 mm",95% EtOH,,Teahwhit Head,,,,47° 52.55' N,124° 44.32 W',,,,,,,,,,,,,,,,FALSE,,,,,FALSE,FALSE,
E2326.OC0524,2326,,,FALSE,OC0524,,,,PPS Port 24,-,-,"PPS Unit; Sterlitech 0.4 µm filter, 47 mm",95% EtOH,,Teahwhit Head,,,,47° 52.55' N,124° 44.32 W',,,,,,,,,,,,,,,,FALSE,,,,,FALSE,FALSE,
E2327.1T.OC0524,2327,,1,FALSE,OC0524,May 2024 PPS Deployment,,5/9/2024,,1,-,Van Dorn Bottle; Sterivex 0.22µm filter,95% EtOH,,Teahwhit Head,,1.0,,47° 52.54' N,124° 44.24 W',,11:15,,,,1000,,,,,,,,Sam Setta and Shannon Brown,,FALSE,,,,,FALSE,FALSE,
E2327.2T.OC0524,2327,,2,FALSE,OC0524,May 2024 PPS Deployment,,5/9/2024,,1,-,Van Dorn Bottle; Sterivex 0.22µm filter,95% EtOH,,Teahwhit Head,,1.0,,47° 52.54' N,124° 44.24 W',,11:15,,,,1000,,,,,,,,Sam Setta and Shannon Brown,,FALSE,,,,,FALSE,FALSE,
E2328.1T.OC0524,2328,,1,FALSE,OC0524,May 2024 PPS Deployment,,5/9/2024,,2,-,Van Dorn Bottle; Sterivex 0.22µm filter,95% EtOH,,Teahwhit Head,,1.0,,47° 52.54' N,124° 44.24 W',,11:15,,,,1000,,,,,,,,Sam Setta and Shannon Brown,,FALSE,,,,,FALSE,FALSE,
E2328.2T.OC0524,2328,,2,FALSE,OC0524,May 2024 PPS Deployment,,5/9/2024,,2,-,Van Dorn Bottle; Sterivex 0.22µm filter,95% EtOH,,Teahwhit Head,,1.0,,47° 52.54' N,124° 44.24 W',,11:15,,,,1000,,,,,,,,Sam Setta and Shannon Brown,,FALSE,,,,,FALSE,FALSE,
E2329.1T.OC0524,2329,,1,FALSE,OC0524,May 2024 PPS Deployment,,5/9/2024,,3,-,Van Dorn Bottle; Sterivex 0.22µm filter,95% EtOH,,Teahwhit Head,,1.0,,47° 52.54' N,124° 44.24 W',,11:15,,,,1000,,,,,,,,Sam Setta and Shannon Brown,,FALSE,,,,,FALSE,FALSE,
E2329.2T.OC0524,2329,,2,FALSE,OC0524,May 2024 PPS Deployment,,5/9/2024,,3,-,Van Dorn Bottle; Sterivex 0.22µm filter,95% EtOH,,Teahwhit Head,,34.0,,47° 52.54' N,124° 44.24 W',,11:15,,,,1000,,,,,,,,Sam Setta and Shannon Brown,,FALSE,,,,,FALSE,FALSE,
E2330.1T.OC0524,2330,,1,FALSE,OC0524,May 2024 PPS Deployment,,5/9/2024,,4,-,Van Dorn Bottle; Sterivex 0.22µm filter,95% EtOH,,Teahwhit Head,,34.0,,47° 52.54' N,124° 44.24 W',,11:15,,,,1000,,,,,,,,Sam Setta and Shannon Brown,,FALSE,,,,,FALSE,FALSE,
E2330.2T.OC0524,2330,,2,FALSE,OC0524,May 2024 PPS Deployment,,5/9/2024,,4,-,Van Dorn Bottle; Sterivex 0.22µm filter,95% EtOH,,Teahwhit Head,,34.0,,47° 52.54' N,124° 44.24 W',,11:15,,,,1000,,,,,,,,Sam Setta and Shannon Brown,,FALSE,,,,,FALSE,FALSE,
E2330.3T.OC0524,2330,,3,FALSE,OC0524,May 2024 PPS Deployment,,5/9/2024,,4,-,Van Dorn Bottle; Sterivex 0.22µm filter,95% EtOH,,Teahwhit Head,,34.0,,47° 52.54' N,124° 44.24 W',,11:15,,,,1000,,,,,,,,Sam Setta and Shannon Brown,,FALSE,,,,,FALSE,FALSE,
E2331.NC.OC0524,2331,,,TRUE,OC0524,May 2024 PPS Deployment,,,Field Blank,-,-,Sterivex 0.22µm filter,95% EtOH,,,,,,,,,,,,,1000,,,,,,,,Sam Setta and Shannon Brown,,FALSE,,,,,FALSE,FALSE,
E2332.NC.OC0524,2332,,,TRUE,OC0524,May 2024 PPS Deployment,,,PPS Blank (from RO Jug),-,-,Sterivex 0.22µm filter,95% EtOH,,,,,,,,,,,,,1000,,,,,,,,Sam Setta and Shannon Brown,,FALSE,,,,,FALSE,FALSE,
E2333.1T.OC0624,2333,,1,FALSE,OC0624,June 2024 PPS Recovery,,6/10/2024,,,,Van Dorn Bottle; Sterivex 0.22µm filter,95% EtOH,,Teahwhit Head,1.0,,,,,,,,,,,,,,,,,,,,FALSE,,,,,FALSE,FALSE,
E2333.2T.OC0624,2333,,2,FALSE,OC0624,June 2024 PPS Recovery,,6/10/2024,,,,Van Dorn Bottle; Sterivex 0.22µm filter,95% EtOH,,Teahwhit Head,1.0,,,,,,,,,,,,,,,,,,,,FALSE,,,,,FALSE,FALSE,
E2333.3T.OC0624,2333,,3,FALSE,OC0624,June 2024 PPS Recovery,,6/10/2024,,,,Van Dorn Bottle; Sterivex 0.22µm filter,95% EtOH,,Teahwhit Head,1.0,,,,,,,,,,,,,,,,,,,,FALSE,,,,,FALSE,FALSE,
E2334.1T.OC0624,2334,,1,FALSE,OC0624,June 2024 PPS Recovery,,6/10/2024,,,,Van Dorn Bottle; Sterivex 0.22µm filter,95% EtOH,,Teahwhit Head,34.0,,,,,,,,,,,,,,,,,,,,FALSE,,,,,FALSE,FALSE,
E2334.2T.OC0624,2334,,2,FALSE,OC0624,June 2024 PPS Recovery,,6/10/2024,,,,Van Dorn Bottle; Sterivex 0.22µm filter,95% EtOH,,Teahwhit Head,34.0,,,,,,,,,,,,,,,,,,,,FALSE,,,,,FALSE,FALSE,
E2334.3T.OC0624,2334,,3,FALSE,OC0624,June 2024 PPS Recovery,,6/10/2024,,,,Van Dorn Bottle; Sterivex 0.22µm filter,95% EtOH,,Teahwhit Head,34.0,,,,,,,,,,,,,,,,,,,,FALSE,,,,,FALSE,FALSE,
E2335.NC.OC0624,2335,,,TRUE,OC0624,June 2024 PPS Recovery,,6/10/2024,Recovery Blank,,,Sterivex 0.22µm filter,95% EtOH,,,,,,,,,,,,,,,,,,,,,,,FALSE,,,,,FALSE,FALSE,
E2336.1T.OC0624,2336,,1,FALSE,OC0624,June 2024 PPS Deployment,,6/12/2024,,,,Van Dorn Bottle; Sterivex 0.22µm filter,95% EtOH,,Teahwhit Head,1.0,,,,,,,,,,,,,,,,,,,,FALSE,,,,,FALSE,FALSE,
E2336.2T.OC0624,2336,,2,FALSE,OC0624,June 2024 PPS Deployment,,6/12/2024,,,,Van Dorn Bottle; Sterivex 0.22µm filter,95% EtOH,,Teahwhit Head,1.0,,,,,,,,,,,,,,,,,,,,FALSE,,,,,FALSE,FALSE,
E2336.3T.OC0624,2336,,3,FALSE,OC0624,June 2024 PPS Deployment,,6/12/2024,,,,Van Dorn Bottle; Sterivex 0.22µm filter,95% EtOH,,Teahwhit Head,1.0,,,,,,,,,,,,,,,,,,,,FALSE,,,,,FALSE,FALSE,
E2337.1T.OC0624,2337,,1,FALSE,OC0624,June 2024 PPS Deployment,,6/12/2024,,,,Van Dorn Bottle; Sterivex 0.22µm filter,95% EtOH,,Teahwhit Head,34.0,,,,,,,,,,,,,,,,,,,,FALSE,,,,,FALSE,FALSE,
E2337.2T.OC0624,2337,,2,FALSE,OC0624,June 2024 PPS Deployment,,6/12/2024,,,,Van Dorn Bottle; Sterivex 0.22µm filter,95% EtOH,,Teahwhit Head,34.0,,,,,,,,,,,,,,,,,,,,FALSE,,,,,FALSE,FALSE,
E2337.3T.OC0624,2337,,3,FALSE,OC0624,June 2024 PPS Deployment,,6/12/2024,,,,Van Dorn Bottle; Sterivex 0.22µm filter,95% EtOH,,Teahwhit Head,34.0,,,,,,,,,,,,,,,,,,,,FALSE,,,,,FALSE,FALSE,
E2338.NC.OC0624,2338,,,TRUE,OC0624,June 2024 PPS Deployment,,6/12/2024,Deployment Blank,,,Sterivex 0.22µm filter,95% EtOH,,,,,,,,,,,,,,,,,,,,,,,FALSE,,,,,FALSE,FALSE,
E2339.NC.OC0624,2339,,,TRUE,OC0624,,,6/11/2024,PPS NC - Port 24,,,"PPS Unit; Sterlitech 0.4 µm filter, 47 mm",95% EtOH,,,,,,,,,,,,,,,,,,,,,,,FALSE,,,,,FALSE,FALSE,
E2340.OC0624,2340,,,FALSE,OC0624,,,6/13/2024,PPS Port 1,,,"PPS Unit; Sterlitech 0.4 µm filter, 47 mm",95% EtOH,,Teahwhit Head,34.0,,,,,,,,,,,,,,,,,,,,FALSE,,,,,FALSE,FALSE,
E2341.OC0624,2341,,,FALSE,OC0624,,,6/13/2024,PPS Port 2,,,"PPS Unit; Sterlitech 0.4 µm filter, 47 mm",95% EtOH,,Teahwhit Head,34.0,,,,,,,,,,,,,,,,,,,,FALSE,,,,,FALSE,FALSE,
E2342.OC0624,2342,,,FALSE,OC0624,,,6/14/2024,PPS Port 3,,,"PPS Unit; Sterlitech 0.4 µm filter, 47 mm",95% EtOH,,Teahwhit Head,34.0,,,,,,,,,,,,,,,,,,,,FALSE,,,,,FALSE,FALSE,
E2343.OC0624,2343,,,FALSE,OC0624,,,6/14/2024,PPS Port 4,,,"PPS Unit; Sterlitech 0.4 µm filter, 47 mm",95% EtOH,,Teahwhit Head,34.0,,,,,,,,,,,,,,,,,,,,FALSE,,,,,FALSE,FALSE,
E2344.OC0624,2344,,,FALSE,OC0624,,,6/15/2024,PPS Port 5,,,"PPS Unit; Sterlitech 0.4 µm filter, 47 mm",95% EtOH,,Teahwhit Head,34.0,,,,,,,,,,,,,,,,,,,,FALSE,,,,,FALSE,FALSE,
E2345.OC0624,2345,,,FALSE,OC0624,,,6/15/2024,PPS Port 6,,,"PPS Unit; Sterlitech 0.4 µm filter, 47 mm",95% EtOH,,Teahwhit Head,34.0,,,,,,,,,,,,,,,,,,,,FALSE,,,,,FALSE,FALSE,
E2346.OC0624,2346,,,FALSE,OC0624,,,6/16/2024,PPS Port 7,,,"PPS Unit; Sterlitech 0.4 µm filter, 47 mm",95% EtOH,,Teahwhit Head,34.0,,,,,,,,,,,,,,,,,,,,FALSE,,,,,FALSE,FALSE,
E2347.OC0624,2347,,,FALSE,OC0624,,,6/16/2024,PPS Port 8,,,"PPS Unit; Sterlitech 0.4 µm filter, 47 mm",95% EtOH,,Teahwhit Head,34.0,,,,,,,,,,,,,,,,,,,,FALSE,,,,,FALSE,FALSE,
E2348.OC0624,2348,,,FALSE,OC0624,,,6/17/2024,PPS Port 9,,,"PPS Unit; Sterlitech 0.4 µm filter, 47 mm",95% EtOH,,Teahwhit Head,34.0,,,,,,,,,,,,,,,,,,,,FALSE,,,,,FALSE,FALSE,
E2349.OC0624,2349,,,FALSE,OC0624,,,6/17/2024,PPS Port 10,,,"PPS Unit; Sterlitech 0.4 µm filter, 47 mm",95% EtOH,,Teahwhit Head,34.0,,,,,,,,,,,,,,,,,,,,FALSE,,,,,FALSE,FALSE,
E2350.OC0624,2350,,,FALSE,OC0624,,,6/19/2024,PPS Port 11,,,"PPS Unit; Sterlitech 0.4 µm filter, 47 mm",95% EtOH,,Teahwhit Head,34.0,,,,,,,,,,,,,,,,,,,,FALSE,,,,,FALSE,FALSE,
E2351.OC0624,2351,,,FALSE,OC0624,,,6/20/2024,PPS Port 12,,,"PPS Unit; Sterlitech 0.4 µm filter, 47 mm",95% EtOH,,Teahwhit Head,34.0,,,,,,,,,,,,,,,,,,,,FALSE,,,,,FALSE,FALSE,
E2352.OC0624,2352,,,FALSE,OC0624,,,6/22/2024,PPS Port 13,,,"PPS Unit; Sterlitech 0.4 µm filter, 47 mm",95% EtOH,,Teahwhit Head,34.0,,,,,,,,,,,,,,,,,,,,FALSE,,,,,FALSE,FALSE,
E2353.OC0624,2353,,,FALSE,OC0624,,,6/23/2024,PPS Port 14,,,"PPS Unit; Sterlitech 0.4 µm filter, 47 mm",95% EtOH,,Teahwhit Head,34.0,,,,,,,,,,,,,,,,,,,,FALSE,,,,,FALSE,FALSE,
E2354.OC0624,2354,,,FALSE,OC0624,,,6/25/2024,PPS Port 15,,,"PPS Unit; Sterlitech 0.4 µm filter, 47 mm",95% EtOH,,Teahwhit Head,34.0,,,,,,,,,,,,,,,,,,,,FALSE,,,,,FALSE,FALSE,
E2355.OC0624,2355,,,FALSE,OC0624,,,6/26/2024,PPS Port 16,,,"PPS Unit; Sterlitech 0.4 µm filter, 47 mm",95% EtOH,,Teahwhit Head,34.0,,,,,,,,,,,,,,,,,,,,FALSE,,,,,FALSE,FALSE,
E2356.OC0624,2356,,,FALSE,OC0624,,,6/28/2024,PPS Port 17,,,"PPS Unit; Sterlitech 0.4 µm filter, 47 mm",95% EtOH,,Teahwhit Head,34.0,,,,,,,,,,,,,,,,,,,,FALSE,,,,,FALSE,FALSE,
E2357.OC0624,2357,,,FALSE,OC0624,,,6/29/2024,PPS Port 18,,,"PPS Unit; Sterlitech 0.4 µm filter, 47 mm",95% EtOH,,Teahwhit Head,34.0,,,,,,,,,,,,,,,,,,,,FALSE,,,,,FALSE,FALSE,
E2358.OC0624,2358,,,FALSE,OC0624,,,7/1/2024,PPS Port 19,,,"PPS Unit; Sterlitech 0.4 µm filter, 47 mm",95% EtOH,,Teahwhit Head,34.0,,,,,,,,,,,,,,,,,,,,FALSE,,,,,FALSE,FALSE,
E2359.OC0624,2359,,,FALSE,OC0624,,,7/2/2024,PPS Port 20,,,"PPS Unit; Sterlitech 0.4 µm filter, 47 mm",95% EtOH,,Teahwhit Head,34.0,,,,,,,,,,,,,,,,,,,,FALSE,,,,,FALSE,FALSE,
E2360.OC0624,2360,,,FALSE,OC0624,,,7/4/2024,PPS Port 21,,,"PPS Unit; Sterlitech 0.4 µm filter, 47 mm",95% EtOH,,Teahwhit Head,34.0,,,,,,,,,,,,,,,,,,,,FALSE,,,,,FALSE,FALSE,
E2361.OC0624,2361,,,FALSE,OC0624,,,7/5/2024,PPS Port 22,,,"PPS Unit; Sterlitech 0.4 µm filter, 47 mm",95% EtOH,,Teahwhit Head,34.0,,,,,,,,,,,,,,,,,,,,FALSE,,,,,FALSE,FALSE,
E2362.OC0624,2362,,,FALSE,OC0624,,,7/7/2024,PPS Port 23,,,"PPS Unit; Sterlitech 0.4 µm filter, 47 mm",95% EtOH,,Teahwhit Head,34.0,,,,,,,,,,,,,,,,,,,,FALSE,,,,,FALSE,FALSE,
E2363.OC0624,2363,,,FALSE,OC0624,,,7/8/2024,PPS Port 24,,,"PPS Unit; Sterlitech 0.4 µm filter, 47 mm",95% EtOH,,Teahwhit Head,34.0,,,,,,,,,,,,,,,,,,,,FALSE,,,,,FALSE,FALSE,
,,,,FALSE,,,,,,,,,,,,,,,,,,,,,,,,,,,,,,,,,,,,,,,
,,,,FALSE,,,,,,,,,,,,,,,,,,,,,,,,,,,,,,,,,,,,,,,
,,,,FALSE,,,,,,,,,,,,,,,,,,,,,,,,,,,,,,,,FALSE,,,,,FALSE,FALSE,
,,,,FALSE,,,,,,,,,,,,,,,,,,,,,,,,,,,,,,,,FALSE,,,,,FALSE,FALSE,
,,,,FALSE,,,,,,,,,,,,,,,,,,,,,,,,,,,,,,,,FALSE,,,,,FALSE,FALSE,
,,,,FALSE,,,,,,,,,,,,,,,,,,,,,,,,,,,,,,,,FALSE,,,,,FALSE,FALSE,
,,,,FALSE,,,,,,,,,,,,,,,,,,,,,,,,,,,,,,,,FALSE,,,,,FALSE,FALSE,
,,,,FALSE,,,,,,,,,,,,,,,,,,,,,,,,,,,,,,,,FALSE,,,,,FALSE,FALSE,
,,,,FALSE,,,,,,,,,,,,,,,,,,,,,,,,,,,,,,,,FALSE,,,,,FALSE,FALSE,
,,,,FALSE,,,,,,,,,,,,,,,,,,,,,,,,,,,,,,,,FALSE,,,,,FALSE,FALSE,
,,,,FALSE,,,,,,,,,,,,,,,,,,,,,,,,,,,,,,,,FALSE,,,,,FALSE,FALSE,
,,,,FALSE,,,,,,,,,,,,,,,,,,,,,,,,,,,,,,,,FALSE,,,,,FALSE,FALSE,
,,,,FALSE,,,,,,,,,,,,,,,,,,,,,,,,,,,,,,,,FALSE,,,,,FALSE,FALSE,
,,,,FALSE,,,,,,,,,,,,,,,,,,,,,,,,,,,,,,,,FALSE,,,,,FALSE,FALSE,
,,,,FALSE,,,,,,,,,,,,,,,,,,,,,,,,,,,,,,,,FALSE,,,,,FALSE,FALSE,
,,,,FALSE,,,,,,,,,,,,,,,,,,,,,,,,,,,,,,,,FALSE,,,,,FALSE,FALSE,
,,,,FALSE,,,,,,,,,,,,,,,,,,,,,,,,,,,,,,,,FALSE,,,,,FALSE,FALSE,
,,,,FALSE,,,,,,,,,,,,,,,,,,,,,,,,,,,,,,,,FALSE,,,,,FALSE,FALSE,
,,,,FALSE,,,,,,,,,,,,,,,,,,,,,,,,,,,,,,,,FALSE,,,,,FALSE,FALSE,
,,,,FALSE,,,,,,,,,,,,,,,,,,,,,,,,,,,,,,,,FALSE,,,,,FALSE,FALSE,
,,,,FALSE,,,,,,,,,,,,,,,,,,,,,,,,,,,,,,,,FALSE,,,,,FALSE,FALSE,
,,,,FALSE,,,,,,,,,,,,,,,,,,,,,,,,,,,,,,,,FALSE,,,,,FALSE,FALSE,
,,,,FALSE,,,,,,,,,,,,,,,,,,,,,,,,,,,,,,,,FALSE,,,,,FALSE,FALSE,
,,,,FALSE,,,,,,,,,,,,,,,,,,,,,,,,,,,,,,,,FALSE,,,,,FALSE,FALSE,
,,,,FALSE,,,,,,,,,,,,,,,,,,,,,,,,,,,,,,,,FALSE,,,,,FALSE,FALSE,
,,,,FALSE,,,,,,,,,,,,,,,,,,,,,,,,,,,,,,,,FALSE,,,,,FALSE,FALSE,
,,,,FALSE,,,,,,,,,,,,,,,,,,,,,,,,,,,,,,,,FALSE,,,,,FALSE,FALSE,
,,,,FALSE,,,,,,,,,,,,,,,,,,,,,,,,,,,,,,,,FALSE,,,,,FALSE,FALSE,
,,,,FALSE,,,,,,,,,,,,,,,,,,,,,,,,,,,,,,,,FALSE,,,,,FALSE,FALSE,
,,,,FALSE,,,,,,,,,,,,,,,,,,,,,,,,,,,,,,,,FALSE,,,,,FALSE,FALSE,
,,,,FALSE,,,,,,,,,,,,,,,,,,,,,,,,,,,,,,,,FALSE,,,,,FALSE,FALSE,
,,,,FALSE,,,,,,,,,,,,,,,,,,,,,,,,,,,,,,,,FALSE,,,,,FALSE,FALSE,
,,,,FALSE,,,,,,,,,,,,,,,,,,,,,,,,,,,,,,,,FALSE,,,,,FALSE,FALSE,
,,,,FALSE,,,,,,,,,,,,,,,,,,,,,,,,,,,,,,,,FALSE,,,,,FALSE,FALSE,
,,,,FALSE,,,,,,,,,,,,,,,,,,,,,,,,,,,,,,,,FALSE,,,,,FALSE,FALSE,
,,,,FALSE,,,,,,,,,,,,,,,,,,,,,,,,,,,,,,,,FALSE,,,,,FALSE,FALSE,
,,,,FALSE,,,,,,,,,,,,,,,,,,,,,,,,,,,,,,,,FALSE,,,,,FALSE,FALSE,
,,,,FALSE,,,,,,,,,,,,,,,,,,,,,,,,,,,,,,,,FALSE,,,,,FALSE,FALSE,
,,,,FALSE,,,,,,,,,,,,,,,,,,,,,,,,,,,,,,,,FALSE,,,,,FALSE,FALSE,
,,,,FALSE,,,,,,,,,,,,,,,,,,,,,,,,,,,,,,,,FALSE,,,,,FALSE,FALSE,
,,,,FALSE,,,,,,,,,,,,,,,,,,,,,,,,,,,,,,,,FALSE,,,,,FALSE,FALSE,
,,,,FALSE,,,,,,,,,,,,,,,,,,,,,,,,,,,,,,,,FALSE,,,,,FALSE,FALSE,
,,,,FALSE,,,,,,,,,,,,,,,,,,,,,,,,,,,,,,,,FALSE,,,,,FALSE,FALSE,
,,,,FALSE,,,,,,,,,,,,,,,,,,,,,,,,,,,,,,,,FALSE,,,,,FALSE,FALSE,
,,,,FALSE,,,,,,,,,,,,,,,,,,,,,,,,,,,,,,,,FALSE,,,,,FALSE,FALSE,
,,,,FALSE,,,,,,,,,,,,,,,,,,,,,,,,,,,,,,,,FALSE,,,,,FALSE,FALSE,
,,,,FALSE,,,,,,,,,,,,,,,,,,,,,,,,,,,,,,,,FALSE,,,,,FALSE,FALSE,
,,,,FALSE,,,,,,,,,,,,,,,,,,,,,,,,,,,,,,,,FALSE,,,,,FALSE,FALSE,
,,,,FALSE,,,,,,,,,,,,,,,,,,,,,,,,,,,,,,,,FALSE,,,,,FALSE,FALSE,
,,,,FALSE,,,,,,,,,,,,,,,,,,,,,,,,,,,,,,,,FALSE,,,,,FALSE,FALSE,
,,,,FALSE,,,,,,,,,,,,,,,,,,,,,,,,,,,,,,,,FALSE,,,,,FALSE,FALSE,
,,,,FALSE,,,,,,,,,,,,,,,,,,,,,,,,,,,,,,,,FALSE,,,,,FALSE,FALSE,
,,,,FALSE,,,,,,,,,,,,,,,,,,,,,,,,,,,,,,,,FALSE,,,,,FALSE,FALSE,
,,,,FALSE,,,,,,,,,,,,,,,,,,,,,,,,,,,,,,,,FALSE,,,,,FALSE,FALSE,
,,,,FALSE,,,,,,,,,,,,,,,,,,,,,,,,,,,,,,,,FALSE,,,,,FALSE,FALSE,
,,,,FALSE,,,,,,,,,,,,,,,,,,,,,,,,,,,,,,,,FALSE,,,,,FALSE,FALSE,
,,,,FALSE,,,,,,,,,,,,,,,,,,,,,,,,,,,,,,,,FALSE,,,,,FALSE,FALSE,
,,,,FALSE,,,,,,,,,,,,,,,,,,,,,,,,,,,,,,,,FALSE,,,,,FALSE,FALSE,
,,,,FALSE,,,,,,,,,,,,,,,,,,,,,,,,,,,,,,,,FALSE,,,,,FALSE,FALSE,
,,,,FALSE,,,,,,,,,,,,,,,,,,,,,,,,,,,,,,,,FALSE,,,,,FALSE,FALSE,
,,,,FALSE,,,,,,,,,,,,,,,,,,,,,,,,,,,,,,,,FALSE,,,,,FALSE,FALSE,
,,,,FALSE,,,,,,,,,,,,,,,,,,,,,,,,,,,,,,,,FALSE,,,,,FALSE,FALSE,
,,,,FALSE,,,,,,,,,,,,,,,,,,,,,,,,,,,,,,,,FALSE,,,,,FALSE,FALSE,
,,,,FALSE,,,,,,,,,,,,,,,,,,,,,,,,,,,,,,,,FALSE,,,,,FALSE,FALSE,
,,,,FALSE,,,,,,,,,,,,,,,,,,,,,,,,,,,,,,,,FALSE,,,,,FALSE,FALSE,
,,,,FALSE,,,,,,,,,,,,,,,,,,,,,,,,,,,,,,,,FALSE,,,,,FALSE,FALSE,
,,,,FALSE,,,,,,,,,,,,,,,,,,,,,,,,,,,,,,,,FALSE,,,,,FALSE,FALSE,
,,,,FALSE,,,,,,,,,,,,,,,,,,,,,,,,,,,,,,,,FALSE,,,,,FALSE,FALSE,
,,,,FALSE,,,,,,,,,,,,,,,,,,,,,,,,,,,,,,,,FALSE,,,,,FALSE,FALSE,
,,,,FALSE,,,,,,,,,,,,,,,,,,,,,,,,,,,,,,,,FALSE,,,,,FALSE,FALSE,
,,,,FALSE,,,,,,,,,,,,,,,,,,,,,,,,,,,,,,,,FALSE,,,,,FALSE,FALSE,
,,,,FALSE,,,,,,,,,,,,,,,,,,,,,,,,,,,,,,,,FALSE,,,,,FALSE,FALSE,
,,,,FALSE,,,,,,,,,,,,,,,,,,,,,,,,,,,,,,,,FALSE,,,,,FALSE,FALSE,
,,,,FALSE,,,,,,,,,,,,,,,,,,,,,,,,,,,,,,,,FALSE,,,,,FALSE,FALSE,
,,,,FALSE,,,,,,,,,,,,,,,,,,,,,,,,,,,,,,,,FALSE,,,,,FALSE,FALSE,
,,,,FALSE,,,,,,,,,,,,,,,,,,,,,,,,,,,,,,,,FALSE,,,,,FALSE,FALSE,
,,,,FALSE,,,,,,,,,,,,,,,,,,,,,,,,,,,,,,,,FALSE,,,,,FALSE,FALSE,
,,,,FALSE,,,,,,,,,,,,,,,,,,,,,,,,,,,,,,,,FALSE,,,,,FALSE,FALSE,
,,,,FALSE,,,,,,,,,,,,,,,,,,,,,,,,,,,,,,,,FALSE,,,,,FALSE,FALSE,
,,,,FALSE,,,,,,,,,,,,,,,,,,,,,,,,,,,,,,,,FALSE,,,,,FALSE,FALSE,
,,,,FALSE,,,,,,,,,,,,,,,,,,,,,,,,,,,,,,,,FALSE,,,,,FALSE,FALSE,
,,,,FALSE,,,,,,,,,,,,,,,,,,,,,,,,,,,,,,,,FALSE,,,,,FALSE,FALSE,
,,,,FALSE,,,,,,,,,,,,,,,,,,,,,,,,,,,,,,,,FALSE,,,,,FALSE,FALSE,
,,,,FALSE,,,,,,,,,,,,,,,,,,,,,,,,,,,,,,,,FALSE,,,,,FALSE,FALSE,
,,,,FALSE,,,,,,,,,,,,,,,,,,,,,,,,,,,,,,,,FALSE,,,,,FALSE,FALSE,
,,,,FALSE,,,,,,,,,,,,,,,,,,,,,,,,,,,,,,,,FALSE,,,,,FALSE,FALSE,
,,,,FALSE,,,,,,,,,,,,,,,,,,,,,,,,,,,,,,,,FALSE,,,,,FALSE,FALSE,
,,,,FALSE,,,,,,,,,,,,,,,,,,,,,,,,,,,,,,,,FALSE,,,,,FALSE,FALSE,
,,,,FALSE,,,,,,,,,,,,,,,,,,,,,,,,,,,,,,,,FALSE,,,,,FALSE,FALSE,
,,,,FALSE,,,,,,,,,,,,,,,,,,,,,,,,,,,,,,,,FALSE,,,,,FALSE,FALSE,
,,,,FALSE,,,,,,,,,,,,,,,,,,,,,,,,,,,,,,,,FALSE,,,,,FALSE,FALSE,
,,,,FALSE,,,,,,,,,,,,,,,,,,,,,,,,,,,,,,,,FALSE,,,,,FALSE,FALSE,
,,,,FALSE,,,,,,,,,,,,,,,,,,,,,,,,,,,,,,,,FALSE,,,,,FALSE,FALSE,
,,,,FALSE,,,,,,,,,,,,,,,,,,,,,,,,,,,,,,,,FALSE,,,,,FALSE,FALSE,
,,,,FALSE,,,,,,,,,,,,,,,,,,,,,,,,,,,,,,,,FALSE,,,,,FALSE,FALSE,
,,,,FALSE,,,,,,,,,,,,,,,,,,,,,,,,,,,,,,,,FALSE,,,,,FALSE,FALSE,
,,,,FALSE,,,,,,,,,,,,,,,,,,,,,,,,,,,,,,,,FALSE,,,,,FALSE,FALSE,
,,,,FALSE,,,,,,,,,,,,,,,,,,,,,,,,,,,,,,,,FALSE,,,,,FALSE,FALSE,
,,,,FALSE,,,,,,,,,,,,,,,,,,,,,,,,,,,,,,,,FALSE,,,,,FALSE,FALSE,
,,,,FALSE,,,,,,,,,,,,,,,,,,,,,,,,,,,,,,,,FALSE,,,,,FALSE,FALSE,
,,,,FALSE,,,,,,,,,,,,,,,,,,,,,,,,,,,,,,,,FALSE,,,,,FALSE,FALSE,
,,,,FALSE,,,,,,,,,,,,,,,,,,,,,,,,,,,,,,,,FALSE,,,,,FALSE,FALSE,
,,,,FALSE,,,,,,,,,,,,,,,,,,,,,,,,,,,,,,,,FALSE,,,,,FALSE,FALSE,
,,,,FALSE,,,,,,,,,,,,,,,,,,,,,,,,,,,,,,,,FALSE,,,,,FALSE,FALSE,
,,,,FALSE,,,,,,,,,,,,,,,,,,,,,,,,,,,,,,,,FALSE,,,,,FALSE,FALSE,
,,,,FALSE,,,,,,,,,,,,,,,,,,,,,,,,,,,,,,,,FALSE,,,,,FALSE,FALSE,
,,,,FALSE,,,,,,,,,,,,,,,,,,,,,,,,,,,,,,,,FALSE,,,,,FALSE,FALSE,
,,,,FALSE,,,,,,,,,,,,,,,,,,,,,,,,,,,,,,,,FALSE,,,,,FALSE,FALSE,
,,,,FALSE,,,,,,,,,,,,,,,,,,,,,,,,,,,,,,,,FALSE,,,,,FALSE,FALSE,
,,,,FALSE,,,,,,,,,,,,,,,,,,,,,,,,,,,,,,,,FALSE,,,,,FALSE,FALSE,
,,,,FALSE,,,,,,,,,,,,,,,,,,,,,,,,,,,,,,,,FALSE,,,,,FALSE,FALSE,
,,,,FALSE,,,,,,,,,,,,,,,,,,,,,,,,,,,,,,,,FALSE,,,,,FALSE,FALSE,
,,,,FALSE,,,,,,,,,,,,,,,,,,,,,,,,,,,,,,,,FALSE,,,,,FALSE,FALSE,
,,,,FALSE,,,,,,,,,,,,,,,,,,,,,,,,,,,,,,,,FALSE,,,,,FALSE,FALSE,
,,,,FALSE,,,,,,,,,,,,,,,,,,,,,,,,,,,,,,,,FALSE,,,,,FALSE,FALSE,
,,,,FALSE,,,,,,,,,,,,,,,,,,,,,,,,,,,,,,,,FALSE,,,,,FALSE,FALSE,
,,,,FALSE,,,,,,,,,,,,,,,,,,,,,,,,,,,,,,,,FALSE,,,,,FALSE,FALSE,
,,,,FALSE,,,,,,,,,,,,,,,,,,,,,,,,,,,,,,,,FALSE,,,,,FALSE,FALSE,
,,,,FALSE,,,,,,,,,,,,,,,,,,,,,,,,,,,,,,,,FALSE,,,,,FALSE,FALSE,
,,,,FALSE,,,,,,,,,,,,,,,,,,,,,,,,,,,,,,,,FALSE,,,,,FALSE,FALSE,
,,,,FALSE,,,,,,,,,,,,,,,,,,,,,,,,,,,,,,,,FALSE,,,,,FALSE,FALSE,
,,,,FALSE,,,,,,,,,,,,,,,,,,,,,,,,,,,,,,,,FALSE,,,,,FALSE,FALSE,
,,,,FALSE,,,,,,,,,,,,,,,,,,,,,,,,,,,,,,,,FALSE,,,,,FALSE,FALSE,
,,,,FALSE,,,,,,,,,,,,,,,,,,,,,,,,,,,,,,,,FALSE,,,,,FALSE,FALSE,
,,,,FALSE,,,,,,,,,,,,,,,,,,,,,,,,,,,,,,,,FALSE,,,,,FALSE,FALSE,
,,,,FALSE,,,,,,,,,,,,,,,,,,,,,,,,,,,,,,,,FALSE,,,,,FALSE,FALSE,
,,,,FALSE,,,,,,,,,,,,,,,,,,,,,,,,,,,,,,,,FALSE,,,,,FALSE,FALSE,
,,,,FALSE,,,,,,,,,,,,,,,,,,,,,,,,,,,,,,,,FALSE,,,,,FALSE,FALSE,
,,,,FALSE,,,,,,,,,,,,,,,,,,,,,,,,,,,,,,,,FALSE,,,,,FALSE,FALSE,
,,,,FALSE,,,,,,,,,,,,,,,,,,,,,,,,,,,,,,,,FALSE,,,,,FALSE,FALSE,
,,,,FALSE,,,,,,,,,,,,,,,,,,,,,,,,,,,,,,,,FALSE,,,,,FALSE,FALSE,
,,,,FALSE,,,,,,,,,,,,,,,,,,,,,,,,,,,,,,,,FALSE,,,,,FALSE,FALSE,
,,,,FALSE,,,,,,,,,,,,,,,,,,,,,,,,,,,,,,,,FALSE,,,,,FALSE,FALSE,
,,,,FALSE,,,,,,,,,,,,,,,,,,,,,,,,,,,,,,,,FALSE,,,,,FALSE,FALSE,
,,,,FALSE,,,,,,,,,,,,,,,,,,,,,,,,,,,,,,,,FALSE,,,,,FALSE,FALSE,
,,,,FALSE,,,,,,,,,,,,,,,,,,,,,,,,,,,,,,,,FALSE,,,,,FALSE,FALSE,
,,,,FALSE,,,,,,,,,,,,,,,,,,,,,,,,,,,,,,,,FALSE,,,,,FALSE,FALSE,
,,,,FALSE,,,,,,,,,,,,,,,,,,,,,,,,,,,,,,,,FALSE,,,,,FALSE,FALSE,
,,,,FALSE,,,,,,,,,,,,,,,,,,,,,,,,,,,,,,,,FALSE,,,,,FALSE,FALSE,
,,,,FALSE,,,,,,,,,,,,,,,,,,,,,,,,,,,,,,,,FALSE,,,,,FALSE,FALSE,
,,,,FALSE,,,,,,,,,,,,,,,,,,,,,,,,,,,,,,,,FALSE,,,,,FALSE,FALSE,
,,,,FALSE,,,,,,,,,,,,,,,,,,,,,,,,,,,,,,,,FALSE,,,,,FALSE,FALSE,
,,,,FALSE,,,,,,,,,,,,,,,,,,,,,,,,,,,,,,,,FALSE,,,,,FALSE,FALSE,
,,,,FALSE,,,,,,,,,,,,,,,,,,,,,,,,,,,,,,,,FALSE,,,,,FALSE,FALSE,
,,,,FALSE,,,,,,,,,,,,,,,,,,,,,,,,,,,,,,,,FALSE,,,,,FALSE,FALSE,
,,,,FALSE,,,,,,,,,,,,,,,,,,,,,,,,,,,,,,,,FALSE,,,,,FALSE,FALSE,
,,,,FALSE,,,,,,,,,,,,,,,,,,,,,,,,,,,,,,,,FALSE,,,,,FALSE,FALSE,
,,,,FALSE,,,,,,,,,,,,,,,,,,,,,,,,,,,,,,,,FALSE,,,,,FALSE,FALSE,
,,,,FALSE,,,,,,,,,,,,,,,,,,,,,,,,,,,,,,,,FALSE,,,,,FALSE,FALSE,
,,,,FALSE,,,,,,,,,,,,,,,,,,,,,,,,,,,,,,,,FALSE,,,,,FALSE,FALSE,
,,,,FALSE,,,,,,,,,,,,,,,,,,,,,,,,,,,,,,,,FALSE,,,,,FALSE,FALSE,
,,,,FALSE,,,,,,,,,,,,,,,,,,,,,,,,,,,,,,,,FALSE,,,,,FALSE,FALSE,
,,,,FALSE,,,,,,,,,,,,,,,,,,,,,,,,,,,,,,,,FALSE,,,,,FALSE,FALSE,
,,,,FALSE,,,,,,,,,,,,,,,,,,,,,,,,,,,,,,,,FALSE,,,,,FALSE,FALSE,
,,,,FALSE,,,,,,,,,,,,,,,,,,,,,,,,,,,,,,,,FALSE,,,,,FALSE,FALSE,
,,,,FALSE,,,,,,,,,,,,,,,,,,,,,,,,,,,,,,,,FALSE,,,,,FALSE,FALSE,
,,,,FALSE,,,,,,,,,,,,,,,,,,,,,,,,,,,,,,,,FALSE,,,,,FALSE,FALSE,
,,,,FALSE,,,,,,,,,,,,,,,,,,,,,,,,,,,,,,,,FALSE,,,,,FALSE,FALSE,
,,,,FALSE,,,,,,,,,,,,,,,,,,,,,,,,,,,,,,,,FALSE,,,,,FALSE,FALSE,
,,,,FALSE,,,,,,,,,,,,,,,,,,,,,,,,,,,,,,,,FALSE,,,,,FALSE,FALSE,
,,,,FALSE,,,,,,,,,,,,,,,,,,,,,,,,,,,,,,,,FALSE,,,,,FALSE,FALSE,
,,,,FALSE,,,,,,,,,,,,,,,,,,,,,,,,,,,,,,,,FALSE,,,,,FALSE,FALSE,
,,,,FALSE,,,,,,,,,,,,,,,,,,,,,,,,,,,,,,,,FALSE,,,,,FALSE,FALSE,
,,,,FALSE,,,,,,,,,,,,,,,,,,,,,,,,,,,,,,,,FALSE,,,,,FALSE,FALSE,
,,,,FALSE,,,,,,,,,,,,,,,,,,,,,,,,,,,,,,,,FALSE,,,,,FALSE,FALSE,
,,,,FALSE,,,,,,,,,,,,,,,,,,,,,,,,,,,,,,,,FALSE,,,,,FALSE,FALSE,
,,,,FALSE,,,,,,,,,,,,,,,,,,,,,,,,,,,,,,,,FALSE,,,,,FALSE,FALSE,
,,,,FALSE,,,,,,,,,,,,,,,,,,,,,,,,,,,,,,,,FALSE,,,,,FALSE,FALSE,
,,,,FALSE,,,,,,,,,,,,,,,,,,,,,,,,,,,,,,,,FALSE,,,,,FALSE,FALSE,
,,,,FALSE,,,,,,,,,,,,,,,,,,,,,,,,,,,,,,,,FALSE,,,,,FALSE,FALSE,
,,,,FALSE,,,,,,,,,,,,,,,,,,,,,,,,,,,,,,,,FALSE,,,,,FALSE,FALSE,
,,,,FALSE,,,,,,,,,,,,,,,,,,,,,,,,,,,,,,,,FALSE,,,,,FALSE,FALSE,
,,,,FALSE,,,,,,,,,,,,,,,,,,,,,,,,,,,,,,,,FALSE,,,,,FALSE,FALSE,
,,,,FALSE,,,,,,,,,,,,,,,,,,,,,,,,,,,,,,,,FALSE,,,,,FALSE,FALSE,
,,,,FALSE,,,,,,,,,,,,,,,,,,,,,,,,,,,,,,,,FALSE,,,,,FALSE,FALSE,
,,,,FALSE,,,,,,,,,,,,,,,,,,,,,,,,,,,,,,,,FALSE,,,,,FALSE,FALSE,
,,,,FALSE,,,,,,,,,,,,,,,,,,,,,,,,,,,,,,,,FALSE,,,,,FALSE,FALSE,
,,,,FALSE,,,,,,,,,,,,,,,,,,,,,,,,,,,,,,,,FALSE,,,,,FALSE,FALSE,
,,,,FALSE,,,,,,,,,,,,,,,,,,,,,,,,,,,,,,,,FALSE,,,,,FALSE,FALSE,
,,,,FALSE,,,,,,,,,,,,,,,,,,,,,,,,,,,,,,,,FALSE,,,,,FALSE,FALSE,
,,,,FALSE,,,,,,,,,,,,,,,,,,,,,,,,,,,,,,,,FALSE,,,,,FALSE,FALSE,
,,,,FALSE,,,,,,,,,,,,,,,,,,,,,,,,,,,,,,,,FALSE,,,,,FALSE,FALSE,
,,,,FALSE,,,,,,,,,,,,,,,,,,,,,,,,,,,,,,,,FALSE,,,,,FALSE,FALSE,
,,,,FALSE,,,,,,,,,,,,,,,,,,,,,,,,,,,,,,,,FALSE,,,,,FALSE,FALSE,
,,,,FALSE,,,,,,,,,,,,,,,,,,,,,,,,,,,,,,,,FALSE,,,,,FALSE,FALSE,
,,,,FALSE,,,,,,,,,,,,,,,,,,,,,,,,,,,,,,,,FALSE,,,,,FALSE,FALSE,
,,,,FALSE,,,,,,,,,,,,,,,,,,,,,,,,,,,,,,,,FALSE,,,,,FALSE,FALSE,
,,,,FALSE,,,,,,,,,,,,,,,,,,,,,,,,,,,,,,,,FALSE,,,,,FALSE,FALSE,
,,,,FALSE,,,,,,,,,,,,,,,,,,,,,,,,,,,,,,,,FALSE,,,,,FALSE,FALSE,
,,,,FALSE,,,,,,,,,,,,,,,,,,,,,,,,,,,,,,,,FALSE,,,,,FALSE,FALSE,
,,,,FALSE,,,,,,,,,,,,,,,,,,,,,,,,,,,,,,,,FALSE,,,,,FALSE,FALSE,
,,,,FALSE,,,,,,,,,,,,,,,,,,,,,,,,,,,,,,,,FALSE,,,,,FALSE,FALSE,
,,,,FALSE,,,,,,,,,,,,,,,,,,,,,,,,,,,,,,,,FALSE,,,,,FALSE,FALSE,
,,,,FALSE,,,,,,,,,,,,,,,,,,,,,,,,,,,,,,,,FALSE,,,,,FALSE,FALSE,
,,,,FALSE,,,,,,,,,,,,,,,,,,,,,,,,,,,,,,,,FALSE,,,,,FALSE,FALSE,
,,,,FALSE,,,,,,,,,,,,,,,,,,,,,,,,,,,,,,,,FALSE,,,,,FALSE,FALSE,
,,,,FALSE,,,,,,,,,,,,,,,,,,,,,,,,,,,,,,,,FALSE,,,,,FALSE,FALSE,
,,,,FALSE,,,,,,,,,,,,,,,,,,,,,,,,,,,,,,,,FALSE,,,,,FALSE,FALSE,
,,,,FALSE,,,,,,,,,,,,,,,,,,,,,,,,,,,,,,,,FALSE,,,,,FALSE,FALSE,
,,,,FALSE,,,,,,,,,,,,,,,,,,,,,,,,,,,,,,,,FALSE,,,,,FALSE,FALSE,
,,,,FALSE,,,,,,,,,,,,,,,,,,,,,,,,,,,,,,,,FALSE,,,,,FALSE,FALSE,
,,,,FALSE,,,,,,,,,,,,,,,,,,,,,,,,,,,,,,,,FALSE,,,,,FALSE,FALSE,
,,,,FALSE,,,,,,,,,,,,,,,,,,,,,,,,,,,,,,,,FALSE,,,,,FALSE,FALSE,
,,,,FALSE,,,,,,,,,,,,,,,,,,,,,,,,,,,,,,,,FALSE,,,,,FALSE,FALSE,
,,,,FALSE,,,,,,,,,,,,,,,,,,,,,,,,,,,,,,,,FALSE,,,,,FALSE,FALSE,
,,,,FALSE,,,,,,,,,,,,,,,,,,,,,,,,,,,,,,,,FALSE,,,,,FALSE,FALSE,
,,,,FALSE,,,,,,,,,,,,,,,,,,,,,,,,,,,,,,,,FALSE,,,,,FALSE,FALSE,
,,,,FALSE,,,,,,,,,,,,,,,,,,,,,,,,,,,,,,,,FALSE,,,,,FALSE,FALSE,
,,,,FALSE,,,,,,,,,,,,,,,,,,,,,,,,,,,,,,,,FALSE,,,,,FALSE,FALSE,
,,,,FALSE,,,,,,,,,,,,,,,,,,,,,,,,,,,,,,,,FALSE,,,,,FALSE,FALSE,
,,,,FALSE,,,,,,,,,,,,,,,,,,,,,,,,,,,,,,,,FALSE,,,,,FALSE,FALSE,
,,,,FALSE,,,,,,,,,,,,,,,,,,,,,,,,,,,,,,,,FALSE,,,,,FALSE,FALSE,
,,,,FALSE,,,,,,,,,,,,,,,,,,,,,,,,,,,,,,,,FALSE,,,,,FALSE,FALSE,
,,,,FALSE,,,,,,,,,,,,,,,,,,,,,,,,,,,,,,,,FALSE,,,,,FALSE,FALSE,
,,,,FALSE,,,,,,,,,,,,,,,,,,,,,,,,,,,,,,,,FALSE,,,,,FALSE,FALSE,
,,,,FALSE,,,,,,,,,,,,,,,,,,,,,,,,,,,,,,,,FALSE,,,,,FALSE,FALSE,
,,,,FALSE,,,,,,,,,,,,,,,,,,,,,,,,,,,,,,,,FALSE,,,,,FALSE,FALSE,
,,,,FALSE,,,,,,,,,,,,,,,,,,,,,,,,,,,,,,,,FALSE,,,,,FALSE,FALSE,
,,,,FALSE,,,,,,,,,,,,,,,,,,,,,,,,,,,,,,,,FALSE,,,,,FALSE,FALSE,
,,,,FALSE,,,,,,,,,,,,,,,,,,,,,,,,,,,,,,,,FALSE,,,,,FALSE,FALSE,
,,,,FALSE,,,,,,,,,,,,,,,,,,,,,,,,,,,,,,,,FALSE,,,,,FALSE,FALSE,
,,,,FALSE,,,,,,,,,,,,,,,,,,,,,,,,,,,,,,,,FALSE,,,,,FALSE,FALSE,
,,,,FALSE,,,,,,,,,,,,,,,,,,,,,,,,,,,,,,,,FALSE,,,,,FALSE,FALSE,
,,,,FALSE,,,,,,,,,,,,,,,,,,,,,,,,,,,,,,,,FALSE,,,,,FALSE,FALSE,
,,,,FALSE,,,,,,,,,,,,,,,,,,,,,,,,,,,,,,,,FALSE,,,,,FALSE,FALSE,
,,,,FALSE,,,,,,,,,,,,,,,,,,,,,,,,,,,,,,,,FALSE,,,,,FALSE,FALSE,
,,,,FALSE,,,,,,,,,,,,,,,,,,,,,,,,,,,,,,,,FALSE,,,,,FALSE,FALSE,
,,,,FALSE,,,,,,,,,,,,,,,,,,,,,,,,,,,,,,,,FALSE,,,,,FALSE,FALSE,
,,,,FALSE,,,,,,,,,,,,,,,,,,,,,,,,,,,,,,,,FALSE,,,,,FALSE,FALSE,
,,,,FALSE,,,,,,,,,,,,,,,,,,,,,,,,,,,,,,,,FALSE,,,,,FALSE,FALSE,
,,,,FALSE,,,,,,,,,,,,,,,,,,,,,,,,,,,,,,,,FALSE,,,,,FALSE,FALSE,
,,,,FALSE,,,,,,,,,,,,,,,,,,,,,,,,,,,,,,,,FALSE,,,,,FALSE,FALSE,
,,,,FALSE,,,,,,,,,,,,,,,,,,,,,,,,,,,,,,,,FALSE,,,,,FALSE,FALSE,
,,,,FALSE,,,,,,,,,,,,,,,,,,,,,,,,,,,,,,,,FALSE,,,,,FALSE,FALSE,
,,,,FALSE,,,,,,,,,,,,,,,,,,,,,,,,,,,,,,,,FALSE,,,,,FALSE,FALSE,
,,,,FALSE,,,,,,,,,,,,,,,,,,,,,,,,,,,,,,,,FALSE,,,,,FALSE,FALSE,
,,,,FALSE,,,,,,,,,,,,,,,,,,,,,,,,,,,,,,,,FALSE,,,,,FALSE,FALSE,
,,,,FALSE,,,,,,,,,,,,,,,,,,,,,,,,,,,,,,,,FALSE,,,,,FALSE,FALSE,
,,,,FALSE,,,,,,,,,,,,,,,,,,,,,,,,,,,,,,,,FALSE,,,,,FALSE,FALSE,
,,,,FALSE,,,,,,,,,,,,,,,,,,,,,,,,,,,,,,,,FALSE,,,,,FALSE,FALSE,
,,,,FALSE,,,,,,,,,,,,,,,,,,,,,,,,,,,,,,,,FALSE,,,,,FALSE,FALSE,
,,,,FALSE,,,,,,,,,,,,,,,,,,,,,,,,,,,,,,,,FALSE,,,,,FALSE,FALSE,
,,,,FALSE,,,,,,,,,,,,,,,,,,,,,,,,,,,,,,,,FALSE,,,,,FALSE,FALSE,
,,,,FALSE,,,,,,,,,,,,,,,,,,,,,,,,,,,,,,,,FALSE,,,,,FALSE,FALSE,
,,,,FALSE,,,,,,,,,,,,,,,,,,,,,,,,,,,,,,,,FALSE,,,,,FALSE,FALSE,
,,,,FALSE,,,,,,,,,,,,,,,,,,,,,,,,,,,,,,,,FALSE,,,,,FALSE,FALSE,
,,,,FALSE,,,,,,,,,,,,,,,,,,,,,,,,,,,,,,,,FALSE,,,,,FALSE,FALSE,
,,,,FALSE,,,,,,,,,,,,,,,,,,,,,,,,,,,,,,,,FALSE,,,,,FALSE,FALSE,
,,,,FALSE,,,,,,,,,,,,,,,,,,,,,,,,,,,,,,,,FALSE,,,,,FALSE,FALSE,
,,,,FALSE,,,,,,,,,,,,,,,,,,,,,,,,,,,,,,,,FALSE,,,,,FALSE,FALSE,
,,,,FALSE,,,,,,,,,,,,,,,,,,,,,,,,,,,,,,,,FALSE,,,,,FALSE,FALSE,