FINAL Sample NAME,Biological_Replicate,Technical_Replicate,Negative_control,Collection_Date_UTC,Collection_Date_local,Collection_Time_UTC,Collection_Time_local,Field_Sample_Name,Cast,Rosette_position,Field_collection_method,Preservation,Area.within.region,Station,Depth_m,Lat,Lon,Sample_volume_ml,Personnel_responsible_for_Collecting_Sample,Field_Notes,e_num,Cruise_ID_short,Cruise_ID_long,Lat_dec,Lon_dec,local_timezone,local_date_combined,utc_date_combined,pps_event_number,pps_sample_vol_pumped,pps_sample_duration,pps_sample_start_date,pps_fixative_flush_vol_pumped,pps_station_id,pps_sample_end_date,pps_utc_start_time,pps_utc_end_time_col,pps_expanded_start,pps_expanded_end,moor_pres,moor_cond,moor_temp,moor_oxy_mg,moor_time,moor_sal,moor_dens,moor_depth,moor_pres_std_dev,moor_cond_std_dev,moor_temp_std_dev,moor_oxy_mg_std_dev,moor_time_std_dev,moor_sal_std_dev,moor_dens_std_dev,moor_depth_std_dev,moor_min_date,moor_max_date,moor_station_id,moor_count_avg,pps_expanded_start_date,pps_expanded_end_date,model_s_w,model_s_rho,model_AKs.meter2_second-1,model_AKv.meter2_second-1,model_Cs_r,model_Cs_w,model_LdetritusC.millimole_carbon_meter-3,model_LdetritusN.millimole_nitrogen_meter-3,model_NH4.millimole_nitrogen_meter-3,model_NO3.millimole_nitrogen_meter-3,model_Pair.millibar,model_SdetritusC.millimole_carbon_meter-3,model_SdetritusN.millimole_nitrogen_meter-3,model_TIC.millimole_carbon_meter-3,model_Uwind.meter_second-1,model_Vwind.meter_second-1,model_alkalinity.milliequivalents_meter-3,model_bustr.newton_meter-2,model_bvstr.newton_meter-2,model_h.meter,model_hc.meter,model_lat_rho.degree_north,model_lat_u.degree_north,model_lat_v.degree_north,model_latent.watt_meter-2,model_lon_rho.degree_east,model_lon_u.degree_east,model_lon_v.degree_east,model_lwrad.watt_meter-2,model_oxygen.millimole_oxygen_meter-3,model_phytoplankton.millimole_nitrogen_meter-3,model_salt.g_kg-1,model_sensible.watt_meter-2,model_shflux.watt_meter-2,model_ssflux.meter_second-1,model_sustr.newton_meter-2,model_svstr.newton_meter-2,model_swrad.watt_meter-2,model_temp.Celsius,model_u.meter_second-1,model_ubar.meter_second-1,model_v.meter_second-1,model_vbar.meter_second-1,model_w.meter_second-1,model_zeta.meter,model_zooplankton.millimole_nitrogen_meter-3,model_z_rho.m,model_z_w.m,model_s_w_std_dev,model_s_rho_std_dev,model_AKs.meter2_second-1_std_dev,model_AKv.meter2_second-1_std_dev,model_Cs_r_std_dev,model_Cs_w_std_dev,model_LdetritusC.millimole_carbon_meter-3_std_dev,model_LdetritusN.millimole_nitrogen_meter-3_std_dev,model_NH4.millimole_nitrogen_meter-3_std_dev,model_NO3.millimole_nitrogen_meter-3_std_dev,model_Pair.millibar_std_dev,model_SdetritusC.millimole_carbon_meter-3_std_dev,model_SdetritusN.millimole_nitrogen_meter-3_std_dev,model_TIC.millimole_carbon_meter-3_std_dev,model_Uwind.meter_second-1_std_dev,model_Vwind.meter_second-1_std_dev,model_alkalinity.milliequivalents_meter-3_std_dev,model_bustr.newton_meter-2_std_dev,model_bvstr.newton_meter-2_std_dev,model_h.meter_std_dev,model_hc.meter_std_dev,model_lat_rho.degree_north_std_dev,model_lat_u.degree_north_std_dev,model_lat_v.degree_north_std_dev,model_latent.watt_meter-2_std_dev,model_lon_rho.degree_east_std_dev,model_lon_u.degree_east_std_dev,model_lon_v.degree_east_std_dev,model_lwrad.watt_meter-2_std_dev,model_oxygen.millimole_oxygen_meter-3_std_dev,model_phytoplankton.millimole_nitrogen_meter-3_std_dev,model_salt.g_kg-1_std_dev,model_sensible.watt_meter-2_std_dev,model_shflux.watt_meter-2_std_dev,model_ssflux.meter_second-1_std_dev,model_sustr.newton_meter-2_std_dev,model_svstr.newton_meter-2_std_dev,model_swrad.watt_meter-2_std_dev,model_temp.Celsius_std_dev,model_u.meter_second-1_std_dev,model_ubar.meter_second-1_std_dev,model_v.meter_second-1_std_dev,model_vbar.meter_second-1_std_dev,model_w.meter_second-1_std_dev,model_zeta.meter_std_dev,model_zooplankton.millimole_nitrogen_meter-3_std_dev,model_z_rho.m_std_dev,model_z_w.m_std_dev,ocean_model_min_date,ocean_model_max_date,model_station,ocean_model_count_avg
E1299.CE042-PPS-0821,1,1,False,2021-08-26,8/26/2021,07:01:00,0:01,PPSPort1-CE042,CE042,1,PPSUnit;ProgrammedSampling,-,OlympicCoastNationalMarineSanctuary,CapeElizabeth,34.0,47˚21.009'N,124˚29.126'W,1000,ShannonBrown,Likelynotpreservedinfixative,E1299,CE042-PPS-0821,2021_AugSept_OCNMS_CE042-PPS,47.35015,-124.48543333333333,America/Los_Angeles,2021-08-26 00:01:00,2021-08-26T07:01:00Z,1,1000,845,2021-08-26 00:01:24,78,CE042,2021-08-26 00:15:29,2021-08-26 07:01:24+00:00,2021-08-26 07:15:29+00:00,2021-08-26 06:53:34.875000+00:00,2021-08-26 07:23:18.125000+00:00,43.028999999999996,3.457983,7.437733333333334,,738394.2989236666,33.77166666666667,26.390966666666667,42.66566666666667,0.09160240171523872,2.749545416970197e-05,0.00045092497528255167,,0.006944500032293143,0.000208166599946697,0.00020816659994811923,0.09108969938106899,2021-08-26 07:00:26.985598+00:00,2021-08-26 07:20:26.995202+00:00,CE042,3,2021-08-26,2021-08-26,-0.5,-0.8333333333333333,0.00023837668413762003,0.00029045777046121657,-0.7270814053900752,-0.3342208159675695,,0.03575923666357994,9.514093399047852,30.57791519165039,1017.7184448242188,,1.19838285446167,2398.275146484375,-0.1522970199584961,1.636168122291565,2282.665283203125,0.004108744207769632,-0.0034392443485558033,43.62776106458627,10.0,47.35411879498962,47.35411879498962,47.35636874148177,9.657608985900879,-124.48477085759984,-124.48044448521726,-124.48477085759984,-4.31417989730835,10.582715034484863,0.5288288593292236,33.182716369628906,7.2307634353637695,122.46031188964844,-4.67228147726928e-07,-0.0026269275695085526,0.007556960918009281,109.88611602783203,7.479650020599365,-0.02762555703520775,-0.019785454496741295,0.016598844900727272,-0.010195259936153889,7.033782480903028e-07,0.017469990998506546,0.03293893113732338,-32.58090276132879,-15.91887721967109,,,,,,,,,,,,,,,,,,,,,,,,,,,,,,,,,,,,,,,,,,,,,,,,,2021-08-26 12:00:00+00:00,2021-08-26 12:00:00+00:00,CE042,1
E1275.TH042-PPS-0821,1,1,False,2021-08-26,8/26/2021,07:01:00,0:01,PPSPort1-TH042,TH042,1,PPSUnit;ProgrammedSampling,95%EtOH,OlympicCoastNationalMarineSanctuary,TeahwhitHead,34.0,47˚52.673'N,124˚44.340'W,1000,SeanMcAllisterandEmilyNorton,,E1275,TH042-PPS-0821,2021_AugSept_OCNMS_TH042-PPS,47.87788333333334,-124.739,America/Los_Angeles,2021-08-26 00:01:00,2021-08-26T07:01:00Z,1,1000,1002,2021-08-26 00:01:14,73,TH042,2021-08-26 00:17:56,2021-08-26 07:01:14+00:00,2021-08-26 07:17:56+00:00,2021-08-26 06:53:24.875000+00:00,2021-08-26 07:25:45.125000+00:00,42.677,3.451141,7.597766666666666,2.4176133333333336,738394.2989236666,33.5426,26.188100000000002,42.315000000000005,0.1925720644330313,9.16515138983605e-06,0.0005686240703077612,0.006118858826066574,0.006944500032293143,0.0005000000000023874,0.0004000000000008441,0.19085858639317357,2021-08-26 07:00:26.985598+00:00,2021-08-26 07:20:26.995202+00:00,TH042,3,2021-08-26,2021-08-26,-0.5,-0.8666666666666667,0.0003297339135315269,0.0003899637085851282,-0.7874051335039117,-0.3342208159675695,0.0867520347237587,0.013096506707370281,3.294542074203491,23.994165420532227,1017.24658203125,7.455175399780273,0.834295928478241,2254.639892578125,-1.6921515464782715,5.033777713775635,2266.935546875,-0.0005067549645900726,0.011236253194510937,40.90185543754495,10.0,47.87610638116913,47.87610638116913,47.87835632766127,11.113722801208496,-124.73185969013048,-124.72704402236144,-124.73185969013048,5.950962066650391,123.7950439453125,0.34536290168762207,32.90488815307617,11.976409912109375,79.01099395751953,-8.799433999229223e-07,-0.01592971198260784,0.03987277299165726,49.969905853271484,8.014946937561035,-0.009801921434700489,0.03278893977403641,-0.0724252387881279,-0.1234835758805275,-1.8109400116372854e-05,0.02171807922422886,0.022305214777588844,-32.83895287428959,-14.988607245954505,0.0,3.402304561119224e-16,0.00029173598159104586,0.00033529437496326864,2.2682030407461493e-16,1.701152280559612e-16,0.026867352426052094,0.004061696119606495,0.6524573564529419,0.34154012799263,0.5269175171852112,0.21898265182971954,0.03040984831750393,11.582856178283691,1.972084641456604,2.0901072025299072,5.759714126586914,0.03087078593671322,0.02224830910563469,2.903299892155071e-14,0.0,1.4516499460775356e-14,1.4516499460775356e-14,2.1774749191163033e-14,10.658900260925293,0.0,4.354949838232607e-14,0.0,22.27710723876953,9.418960571289062,0.16811589896678925,0.11230181902647018,7.548010349273682,81.1171646118164,1.3813604482493247e-06,0.017586328089237213,0.0327833890914917,94.40262603759766,0.2690175175666809,0.09270209819078445,0.033153142780065536,0.07087872177362442,0.031012700870633125,0.0007246139575727284,0.7755115032196045,0.009474707767367363,0.1527939328973123,0.4910622538564645,2021-08-26 00:00:00+00:00,2021-08-26 23:00:00+00:00,TH042,24
E1300.CE042-PPS-0821,1,1,False,2021-08-27,8/27/2021,19:01:00,12:01,PPSPort2-CE042,CE042,2,PPSUnit;ProgrammedSampling,-,OlympicCoastNationalMarineSanctuary,CapeElizabeth,34.0,47˚21.009'N,124˚29.126'W,1000,ShannonBrown,Likelynotpreservedinfixative,E1300,CE042-PPS-0821,2021_AugSept_OCNMS_CE042-PPS,47.35015,-124.48543333333333,America/Los_Angeles,2021-08-27 12:01:00,2021-08-27T19:01:00Z,2,1000,893,2021-08-27 12:01:38,78,CE042,2021-08-27 12:16:31,2021-08-27 19:01:38+00:00,2021-08-27 19:16:31+00:00,2021-08-27 18:53:48.875000+00:00,2021-08-27 19:24:20.125000+00:00,42.733000000000004,3.464881666666667,7.578133333333334,,738395.7989236666,33.71,26.3225,42.37266666666667,0.12406046912695443,0.0002823762265726898,0.003385754470326366,,0.006944500032293143,0.0001732050807544329,0.000600000000000378,0.12253298875540933,2021-08-27 19:00:26.985598+00:00,2021-08-27 19:20:26.995202+00:00,CE042,3,2021-08-27,2021-08-27,-0.5,-0.8333333333333333,0.0003599007904995233,0.0004042710643261671,-0.7270814053900752,-0.3342208159675695,,0.03703931346535683,7.705766677856445,29.737308502197266,1019.7229614257812,,1.2029756307601929,2406.293212890625,2.0057806968688965,-2.0989415645599365,2283.046875,0.006392979063093662,-0.004670780152082443,43.62776106458627,10.0,47.35411879498962,47.35411879498962,47.35636874148177,8.194575309753418,-124.48477085759984,-124.48044448521726,-124.48477085759984,-19.929058074951172,19.860448837280273,0.6082150936126709,33.19761276245117,6.707149982452393,142.44384765625,-2.416634856672317e-07,0.007803392596542835,-0.009713919833302498,147.47119140625,7.57036018371582,-0.03333019092679024,-0.024845588952302933,0.041970144957304,0.009408016689121723,-2.921830673585646e-05,0.0168280228972435,0.04190864786505699,-32.58106524713717,-15.919284783547367,,,,,,,,,,,,,,,,,,,,,,,,,,,,,,,,,,,,,,,,,,,,,,,,,2021-08-27 12:00:00+00:00,2021-08-27 12:00:00+00:00,CE042,1
E1276.TH042-PPS-0821,1,1,False,2021-08-27,8/27/2021,19:01:00,12:01,PPSPort2-TH042,TH042,2,PPSUnit;ProgrammedSampling,95%EtOH,OlympicCoastNationalMarineSanctuary,TeahwhitHead,34.0,47˚52.673'N,124˚44.340'W,1000,SeanMcAllisterandEmilyNorton,,E1276,TH042-PPS-0821,2021_AugSept_OCNMS_TH042-PPS,47.87788333333334,-124.739,America/Los_Angeles,2021-08-27 12:01:00,2021-08-27T19:01:00Z,2,1000,1398,2021-08-27 12:01:38,73,TH042,2021-08-27 12:24:56,2021-08-27 19:01:38+00:00,2021-08-27 19:24:56+00:00,2021-08-27 18:53:48.875000+00:00,2021-08-27 19:32:45.125000+00:00,42.368249999999996,3.4555637499999996,7.647425,1.8269975,738395.8023959999,33.5425,26.181,42.00875,0.2793210518382028,1.8553975315250034e-05,0.0011586630226257317,0.010084319097820474,0.008965440087335986,0.0008602325267030839,0.0008602325267037721,0.2766759536593902,2021-08-27 19:00:26.985598+00:00,2021-08-27 19:30:27.043205+00:00,TH042,4,2021-08-27,2021-08-27,-0.5,-0.8666666666666667,0.00028148185811005533,0.000364407867891714,-0.7874051335039117,-0.3342208159675695,0.11081764847040176,0.0167271476238966,4.124250411987305,23.965688705444336,1019.690185546875,6.941839694976807,0.795164167881012,2264.605712890625,1.773545265197754,-0.4577690064907074,2270.074951171875,0.006601251661777496,0.00018321543757338077,40.90185543754495,10.0,47.87610638116913,47.87610638116913,47.87835632766127,1.5734935998916626,-124.73185969013048,-124.72704402236144,-124.73185969013048,-9.249968528747559,116.21334075927734,0.506286084651947,32.95277404785156,1.4125428199768066,132.7694854736328,-3.182709562565833e-08,0.004362876992672682,-0.0012611913261935115,139.0334014892578,7.973880767822266,-0.022078044712543488,0.015532344579696655,0.003527183784171939,-0.10152170807123184,2.5140121579170227e-05,0.02651005983352661,0.03229181095957756,-32.83800874221547,-14.985572913272165,0.0,3.402304561119224e-16,0.0005689943209290504,0.00072336511220783,2.2682030407461493e-16,1.701152280559612e-16,0.04231751337647438,0.00638780789449811,0.824179470539093,0.4741699993610382,1.5578974485397339,0.2970816493034363,0.029691219329833984,11.23719596862793,1.390366554260254,0.7105289101600647,3.381101608276367,0.0352647639811039,0.007497780490666628,2.903299892155071e-14,0.0,1.4516499460775356e-14,1.4516499460775356e-14,2.1774749191163033e-14,1.9053630828857422,0.0,4.354949838232607e-14,0.0,30.17976188659668,9.597868919372559,0.21531949937343597,0.0640919879078865,1.600489854812622,197.4387664794922,2.5761272226532128e-08,0.005269934423267841,0.0019205433782190084,211.35353088378906,0.17018982768058777,0.1299026608467102,0.03133770450949669,0.0527125746011734,0.03592609241604805,0.0006870749639347196,0.6845299005508423,0.012802829034626484,0.1348684221344763,0.4334517090539954,2021-08-27 00:00:00+00:00,2021-08-27 23:00:00+00:00,TH042,24
E1301.CE042-PPS-0821,1,1,False,2021-08-29,8/29/2021,07:01:00,0:01,PPSPort3-CE042,CE042,3,PPSUnit;ProgrammedSampling,-,OlympicCoastNationalMarineSanctuary,CapeElizabeth,34.0,47˚21.009'N,124˚29.126'W,1000,ShannonBrown,Likelynotpreservedinfixative,E1301,CE042-PPS-0821,2021_AugSept_OCNMS_CE042-PPS,47.35015,-124.48543333333333,America/Los_Angeles,2021-08-29 00:01:00,2021-08-29T07:01:00Z,3,1000,898,2021-08-29 00:01:43,78,CE042,2021-08-29 00:16:41,2021-08-29 07:01:43+00:00,2021-08-29 07:16:41+00:00,2021-08-29 06:53:53.875000+00:00,2021-08-29 07:24:30.125000+00:00,42.315,3.4617943333333336,7.4897,,738397.2989236666,33.76273333333334,26.376533333333338,41.958,0.039153543900905266,0.00024084296405198623,0.0010148891565091758,,0.006944500032293143,0.003619852667354632,0.0029955522584885408,0.039153543900905266,2021-08-29 07:00:26.985598+00:00,2021-08-29 07:20:26.995202+00:00,CE042,3,2021-08-29,2021-08-29,-0.5,-0.8333333333333333,0.0018896748078987002,0.0019178175134584308,-0.7270814053900752,-0.3342208159675695,,0.03017924353480339,8.215341567993164,29.26668930053711,1017.2064819335938,,1.0422663688659668,2372.86181640625,3.2437562942504883,-6.04738712310791,2281.77392578125,-0.06381210684776306,0.07605867832899094,43.62776106458627,10.0,47.35411879498962,47.35411879498962,47.35636874148177,18.786489486694336,-124.48477085759984,-124.48044448521726,-124.48477085759984,-12.33934211730957,29.664899826049805,0.3493676483631134,33.184024810791016,22.21410369873047,160.2150421142578,-2.635361227021349e-07,0.03112187422811985,-0.055180467665195465,131.55377197265625,7.460531234741211,0.121310293674469,0.0819365605711937,-0.21371299028396606,-0.24974694848060608,9.936369315255433e-05,-0.040392179042100906,0.025068271905183792,-32.59554800842906,-15.955611958149802,,,,,,,,,,,,,,,,,,,,,,,,,,,,,,,,,,,,,,,,,,,,,,,,,2021-08-29 12:00:00+00:00,2021-08-29 12:00:00+00:00,CE042,1
E1277.TH042-PPS-0821,1,1,False,2021-08-29,8/29/2021,07:01:00,0:01,PPSPort3-TH042,TH042,3,PPSUnit;ProgrammedSampling,95%EtOH,OlympicCoastNationalMarineSanctuary,TeahwhitHead,34.0,47˚52.673'N,124˚44.340'W,1000,SeanMcAllisterandEmilyNorton,,E1277,TH042-PPS-0821,2021_AugSept_OCNMS_TH042-PPS,47.87788333333334,-124.739,America/Los_Angeles,2021-08-29 00:01:00,2021-08-29T07:01:00Z,3,1000,1603,2021-08-29 00:01:31,73,TH042,2021-08-29 00:28:14,2021-08-29 07:01:31+00:00,2021-08-29 07:28:14+00:00,2021-08-29 06:53:41.875000+00:00,2021-08-29 07:36:03.125000+00:00,42.066,3.4575585,7.678599999999999,1.699775,738397.3023959999,33.534175,26.169925,41.70925,0.038893015654055764,0.000576127590035314,0.01248065169238619,0.0334612756282044,0.008965440087335986,0.005842587896928881,0.0064132025281182035,0.03848268008684816,2021-08-29 07:00:26.985598+00:00,2021-08-29 07:30:27.043205+00:00,TH042,4,2021-08-29,2021-08-29,-0.5,-0.8666666666666667,0.0007320463773794472,0.0008439249359071255,-0.7874051335039117,-0.3342208159675695,0.24013639986515045,0.03625217080116272,4.319340229034424,25.41802406311035,1017.3429565429688,9.528213500976562,1.018666386604309,2276.026611328125,2.155125617980957,-4.257704257965088,2272.8583984375,-0.08080803602933884,0.0542815737426281,40.90185543754495,10.0,47.87610638116913,47.87610638116913,47.87835632766127,3.3060503005981445,-124.73185969013048,-124.72704402236144,-124.73185969013048,-6.019838809967041,103.9643783569336,0.23822303116321564,33.010398864746094,5.365850448608398,134.03785705566406,-1.0061776833936165e-07,0.018207615241408348,-0.03054381161928177,131.38580322265625,7.76500940322876,0.20173488557338715,0.17633964121341705,-0.23504941165447235,-0.33842650055885315,5.1874929340556264e-05,-0.01918347366154194,0.022370873019099236,-32.84701143815602,-15.014506550069896,0.0,3.402304561119224e-16,0.0003342388372402638,0.0003848181222565472,2.2682030407461493e-16,1.701152280559612e-16,0.06343761831521988,0.009567725472152233,0.9726504683494568,0.6995623707771301,0.9279377460479736,1.4002044200897217,0.1491314172744751,20.6377010345459,1.7902514934539795,1.630019187927246,7.056748867034912,0.037645772099494934,0.02143694832921028,2.903299892155071e-14,0.0,1.4516499460775356e-14,1.4516499460775356e-14,2.1774749191163033e-14,6.9811625480651855,0.0,4.354949838232607e-14,0.0,32.70615005493164,16.99627685546875,0.1606513410806656,0.14084939658641815,4.275207996368408,172.42327880859375,1.4368826839472604e-07,0.018412968143820763,0.02511514537036419,186.45973205566406,0.32095345854759216,0.051942791789770126,0.03809115290641785,0.09311798959970474,0.03421281278133392,0.0004899660707451403,0.5433270931243896,0.013565309345722198,0.10704815660761843,0.3440405522531172,2021-08-29 00:00:00+00:00,2021-08-29 23:00:00+00:00,TH042,24
E1302.CE042-PPS-0821,1,1,False,2021-08-30,8/30/2021,19:01:00,12:01,PPSPort4-CE042,CE042,4,PPSUnit;ProgrammedSampling,-,OlympicCoastNationalMarineSanctuary,CapeElizabeth,34.0,47˚21.009'N,124˚29.126'W,1000,ShannonBrown,Likelynotpreservedinfixative,E1302,CE042-PPS-0821,2021_AugSept_OCNMS_CE042-PPS,47.35015,-124.48543333333333,America/Los_Angeles,2021-08-30 12:01:00,2021-08-30T19:01:00Z,4,1000,892,2021-08-30 12:01:48,78,CE042,2021-08-30 12:16:40,2021-08-30 19:01:48+00:00,2021-08-30 19:16:40+00:00,2021-08-30 18:53:58.875000+00:00,2021-08-30 19:24:29.125000+00:00,42.97333333333333,3.460468,7.471833333333333,,738398.7989236666,33.766,26.3817,42.611,0.0352183664205658,1.2727922061252827e-05,0.001011599393699537,,0.006944500032293143,0.0,0.0,0.03500000000000167,2021-08-30 19:00:26.985598+00:00,2021-08-30 19:20:26.995202+00:00,CE042,3,2021-08-30,2021-08-30,-0.5,-0.8333333333333333,0.0017651768866926432,0.0017746544908732176,-0.7270814053900752,-0.3342208159675695,,0.021563176065683365,6.939136028289795,28.06069564819336,1015.2341918945312,,0.9308398962020874,2337.078369140625,3.6996982097625732,-4.507495880126953,2279.903564453125,-0.051932286471128464,0.07403815537691116,43.62776106458627,10.0,47.35411879498962,47.35411879498962,47.35636874148177,11.396870613098145,-124.48477085759984,-124.48044448521726,-124.48477085759984,-46.000797271728516,52.18603515625,0.25286760926246643,33.162086486816406,19.75362205505371,159.7752685546875,-1.6758154686158377e-07,0.025739353150129318,-0.03507571667432785,174.62557983398438,7.4579758644104,0.09890159964561462,0.07345028221607208,-0.212382972240448,-0.2541646659374237,0.00012666493421420455,-0.04381837323307991,0.01795714721083641,-32.596415197829415,-15.957787133182032,,,,,,,,,,,,,,,,,,,,,,,,,,,,,,,,,,,,,,,,,,,,,,,,,2021-08-30 12:00:00+00:00,2021-08-30 12:00:00+00:00,CE042,1
E1278.TH042-PPS-0821,1,1,False,2021-08-30,8/30/2021,19:01:00,12:01,PPSPort4-TH042,TH042,4,PPSUnit;ProgrammedSampling,95%EtOH,OlympicCoastNationalMarineSanctuary,TeahwhitHead,34.0,47˚52.673'N,124˚44.340'W,1000,SeanMcAllisterandEmilyNorton,,E1278,TH042-PPS-0821,2021_AugSept_OCNMS_TH042-PPS,47.87788333333334,-124.739,America/Los_Angeles,2021-08-30 12:01:00,2021-08-30T19:01:00Z,4,1000,1475,2021-08-30 12:01:51,73,TH042,2021-08-30 12:26:26,2021-08-30 19:01:51+00:00,2021-08-30 19:26:26+00:00,2021-08-30 18:54:01.875000+00:00,2021-08-30 19:34:15.125000+00:00,42.71075,3.4570685,7.597700000000001,2.2985825,738398.8023959999,33.606624999999994,26.23845,42.3485,0.07342740178798007,0.00043215776440245145,0.006545736525912674,0.046639900210728,0.008965440087335986,0.011031885604918568,0.009638291688191471,0.07301826255579401,2021-08-30 19:00:26.985598+00:00,2021-08-30 19:30:27.043205+00:00,TH042,4,2021-08-30,2021-08-30,-0.5,-0.8666666666666667,0.0006455077673308551,0.0006772627239115536,-0.7874051335039117,-0.3342208159675695,0.19300280511379242,0.029132509604096413,2.9543139934539795,23.9322509765625,1014.9011840820312,7.864645481109619,0.8149681687355042,2252.251708984375,3.191974401473999,-1.9721049070358276,2277.033447265625,-0.08196575194597244,0.049852415919303894,40.90185543754495,10.0,47.87610638116913,47.87610638116913,47.87835632766127,0.7706584930419922,-124.73185969013048,-124.72704402236144,-124.73185969013048,-68.70336151123047,124.7564926147461,0.05975930020213127,33.11184310913086,7.637851238250732,162.2869110107422,-1.0208400347266888e-08,0.012003318406641483,-0.01145434845238924,222.58177185058594,7.565338611602783,0.17981690168380737,0.18551218509674072,-0.17345070838928223,-0.29181620478630066,0.00017609121277928352,-0.03963737562298775,0.00822580885142088,-32.85104133643147,-15.027458182981187,0.0,3.402304561119224e-16,0.0003807192842941731,0.00036915321834385395,2.2682030407461493e-16,1.701152280559612e-16,0.05846477299928665,0.008819026872515678,0.3868394196033478,0.5908463001251221,0.37392184138298035,0.491983562707901,0.056649982929229736,8.611590385437012,1.112021803855896,1.8377513885498047,2.004347801208496,0.04109717532992363,0.029697172343730927,2.903299892155071e-14,0.0,1.4516499460775356e-14,1.4516499460775356e-14,2.1774749191163033e-14,4.793867588043213,0.0,4.354949838232607e-14,0.0,5.179862976074219,7.491629600524902,0.04788409173488617,0.04425164684653282,5.852771282196045,263.7157287597656,6.11731252320169e-08,0.015951482579112053,0.01959790289402008,264.0830078125,0.09653645753860474,0.06478572636842728,0.018896859139204025,0.05551036447286606,0.05336519330739975,0.00032934837508946657,0.5077542662620544,0.0026808655820786953,0.10003948370945229,0.32151547782998124,2021-08-30 00:00:00+00:00,2021-08-30 23:00:00+00:00,TH042,24
E1303.CE042-PPS-0821,1,1,False,2021-09-01,9/1/2021,07:01:00,0:01,PPSPort5-CE042,CE042,5,PPSUnit;ProgrammedSampling,-,OlympicCoastNationalMarineSanctuary,CapeElizabeth,34.0,47˚21.009'N,124˚29.126'W,1000,ShannonBrown,Likelynotpreservedinfixative,E1303,CE042-PPS-0821,2021_AugSept_OCNMS_CE042-PPS,47.35015,-124.48543333333333,America/Los_Angeles,2021-09-01 00:01:00,2021-09-01T07:01:00Z,5,1000,891,2021-09-01 00:01:53,78,CE042,2021-09-01 00:16:44,2021-09-01 07:01:53+00:00,2021-09-01 07:16:44+00:00,2021-09-01 06:54:03.875000+00:00,2021-09-01 07:24:33.125000+00:00,42.705333333333336,3.4631519999999996,7.5005999999999995,,738400.2989236666,33.7667,26.378133333333334,42.345333333333336,0.08082903768654941,2.3999999999801958e-05,0.0003464101615139937,,0.006944500032293143,0.00017320508075853523,0.00015275252316483866,0.07983942217559484,2021-09-01 07:00:26.985598+00:00,2021-09-01 07:20:26.995202+00:00,CE042,3,2021-09-01,2021-09-01,-0.5,-0.8333333333333333,0.00026943034026771784,0.0003276182396803051,-0.7270814053900752,-0.3342208159675695,,0.01220567338168621,5.128910541534424,25.957185745239258,1016.9573364257812,,0.7705064415931702,2298.017822265625,2.0754942893981934,-3.4270691871643066,2278.649169921875,-0.0035492281895130873,0.0016509221168234944,43.62776106458627,10.0,47.35411879498962,47.35411879498962,47.35636874148177,5.451238632202148,-124.48477085759984,-124.48044448521726,-124.48477085759984,-28.764942169189453,86.73262023925781,0.18412312865257263,33.14274978637695,8.40658950805664,135.04493713378906,-9.197731998256131e-08,0.009850112721323967,-0.018053706735372543,149.95204162597656,7.484320163726807,0.00414383364841342,0.0025843007024377584,-0.01475518848747015,-0.11945801973342896,2.2891696062288247e-05,-0.005648397374898195,0.012669302523136139,-32.58675415801943,-15.933554304031224,,,,,,,,,,,,,,,,,,,,,,,,,,,,,,,,,,,,,,,,,,,,,,,,,2021-09-01 12:00:00+00:00,2021-09-01 12:00:00+00:00,CE042,1
E1279.TH042-PPS-0821,1,1,False,2021-09-01,9/1/2021,07:01:00,0:01,PPSPort5-TH042,TH042,5,PPSUnit;ProgrammedSampling,95%EtOH,OlympicCoastNationalMarineSanctuary,TeahwhitHead,34.0,47˚52.673'N,124˚44.340'W,1000,SeanMcAllisterandEmilyNorton,,E1279,TH042-PPS-0821,2021_AugSept_OCNMS_TH042-PPS,47.87788333333334,-124.739,America/Los_Angeles,2021-09-01 00:01:00,2021-09-01T07:01:00Z,5,1000,1306,2021-09-01 00:01:56,73,TH042,2021-09-01 00:23:42,2021-09-01 07:01:56+00:00,2021-09-01 07:23:42+00:00,2021-09-01 06:54:06.875000+00:00,2021-09-01 07:31:31.125000+00:00,42.34175,3.45666025,7.599275,2.099175,738400.3023959999,33.600925000000004,26.23375,41.982499999999995,0.13269608132872407,0.00011434268669215294,0.0013817259737977248,0.011205999881016152,0.008965440087335986,0.0025184320518926726,0.0021702534414205963,0.131778855157672,2021-09-01 07:00:26.985598+00:00,2021-09-01 07:30:27.043205+00:00,TH042,4,2021-09-01,2021-09-01,-0.5,-0.8666666666666667,0.00017998045950662345,0.00022431270917877555,-0.7874051335039117,-0.3342208159675695,0.09445098787546158,0.014256051741540432,2.318922281265259,24.59918785095215,1017.2505493164062,5.952786922454834,0.696530818939209,2247.3779296875,0.9812712073326111,-2.2502095699310303,2277.655029296875,0.0006295951316133142,-0.000391269801184535,40.90185543754495,10.0,47.87610638116913,47.87610638116913,47.87835632766127,0.6610841751098633,-124.73185969013048,-124.72704402236144,-124.73185969013048,-18.53729820251465,129.35113525390625,0.18880923092365265,33.129215240478516,0.45983055233955383,125.3714828491211,-1.3301103329865782e-08,0.008163987658917904,-0.014703243039548397,142.78785705566406,7.6125006675720215,-0.005911918357014656,0.04429037868976593,-0.015496336854994297,-0.13100026547908783,8.917883860704023e-06,0.008243159390985966,0.012096505612134933,-32.84160774954169,-14.997139711873025,0.0,3.402304561119224e-16,0.00016052498540375382,0.00016773646348156035,2.2682030407461493e-16,1.701152280559612e-16,0.02051207609474659,0.003095595631748438,0.12215404957532883,0.31023454666137695,0.6693301796913147,0.4451475143432617,0.05091791972517967,3.3564844131469727,2.3879809379577637,1.938459038734436,2.064451217651367,0.005855577997863293,0.003954579588025808,2.903299892155071e-14,0.0,1.4516499460775356e-14,1.4516499460775356e-14,2.1774749191163033e-14,4.871436595916748,0.0,4.354949838232607e-14,0.0,34.08049774169922,3.001974582672119,0.09517671167850494,0.04532328248023987,3.8104214668273926,189.82765197753906,6.489791104513642e-08,0.018536949530243874,0.025787504389882088,180.08567810058594,0.10140229016542435,0.043801143765449524,0.022672638297080994,0.0310575682669878,0.03233809396624565,0.00017308963288087398,0.5324797034263611,0.0034694396890699863,0.10491097270319079,0.33717188721444,2021-09-01 00:00:00+00:00,2021-09-01 23:00:00+00:00,TH042,24
E1304.CE042-PPS-0821,1,1,False,2021-09-02,9/2/2021,19:01:00,12:01,PPSPort6-CE042,CE042,6,PPSUnit;ProgrammedSampling,-,OlympicCoastNationalMarineSanctuary,CapeElizabeth,34.0,47˚21.009'N,124˚29.126'W,1000,ShannonBrown,Likelynotpreservedinfixative,E1304,CE042-PPS-0821,2021_AugSept_OCNMS_CE042-PPS,47.35015,-124.48543333333333,America/Los_Angeles,2021-09-02 12:01:00,2021-09-02T19:01:00Z,6,1000,909,2021-09-02 12:01:58,78,CE042,2021-09-02 12:17:07,2021-09-02 19:01:58+00:00,2021-09-02 19:17:07+00:00,2021-09-02 18:54:08.875000+00:00,2021-09-02 19:24:56.125000+00:00,,,,,,,,,,,,,,,,,,,,0,2021-09-02,2021-09-02,-0.5,-0.8333333333333333,0.0004666946188081056,0.0005313766305334866,-0.7270814053900752,-0.3342208159675695,,0.019783835858106613,4.975478649139404,26.100807189941406,1017.7077026367188,,0.8607388138771057,2296.490234375,1.7892760038375854,-3.3933510780334473,2278.1875,-0.017861559987068176,0.01568804308772087,43.62776106458627,10.0,47.35411879498962,47.35411879498962,47.35636874148177,8.741697311401367,-124.48477085759984,-124.48044448521726,-124.48477085759984,-22.71238136291504,87.82410430908203,0.21164092421531677,33.136024475097656,11.947729110717773,127.48468780517578,-1.1885934014799204e-07,0.011976845562458038,-0.02320026606321335,129.50765991210938,7.514910697937012,0.038304515182971954,0.04121691733598709,-0.09928654879331589,-0.18875186145305634,2.5713658033055253e-05,-0.022693373262882233,0.013701584190130234,-32.59106833917652,-15.94437558382736,,,,,,,,,,,,,,,,,,,,,,,,,,,,,,,,,,,,,,,,,,,,,,,,,2021-09-02 12:00:00+00:00,2021-09-02 12:00:00+00:00,CE042,1
E1280.TH042-PPS-0821,1,1,False,2021-09-02,9/2/2021,19:02:00,12:02,PPSPort6-TH042,TH042,6,PPSUnit;ProgrammedSampling,95%EtOH,OlympicCoastNationalMarineSanctuary,TeahwhitHead,34.0,47˚52.673'N,124˚44.340'W,1000,SeanMcAllisterandEmilyNorton,,E1280,TH042-PPS-0821,2021_AugSept_OCNMS_TH042-PPS,47.87788333333334,-124.739,America/Los_Angeles,2021-09-02 12:02:00,2021-09-02T19:02:00Z,6,1000,1625,2021-09-02 12:02:01,73,TH042,2021-09-02 12:29:06,2021-09-02 19:02:01+00:00,2021-09-02 19:29:06+00:00,2021-09-02 18:54:11.875000+00:00,2021-09-02 19:36:55.125000+00:00,43.15175,3.4577044999999997,7.58015,1.9006525,738401.8023959999,33.630300000000005,26.259575,42.78575,0.059550398823183165,8.999999999925734e-06,0.001008298897483552,0.009870283261723949,0.008965440087335986,0.0010614455552062476,0.0009708243919470081,0.059550398823183165,2021-09-02 19:00:26.985598+00:00,2021-09-02 19:30:27.043205+00:00,TH042,4,2021-09-02,2021-09-02,-0.5,-0.8666666666666667,0.00044661411084234715,0.000471998006105423,-0.7874051335039117,-0.3342208159675695,0.1871502548456192,0.028249045833945274,2.6516754627227783,25.652517318725586,1017.7988891601562,7.878770351409912,0.8926885724067688,2260.724853515625,0.98480224609375,-3.0499889850616455,2280.3330078125,-0.024122998118400574,0.011979897506535053,40.90185543754495,10.0,47.87610638116913,47.87610638116913,47.87835632766127,0.3913862705230713,-124.73185969013048,-124.72704402236144,-124.73185969013048,-46.04014587402344,117.6342544555664,0.15898562967777252,33.18238830566406,3.7317793369293213,159.22850036621094,-5.921307888456795e-09,0.006125164683908224,-0.018702030181884766,201.1454620361328,7.496407985687256,0.09648266434669495,0.1071920320391655,-0.1054161861538887,-0.190204918384552,0.00011951263149967417,-0.012291151098906994,0.01189304981380701,-32.84565348933015,-15.010142257598277,0.0,3.402304561119224e-16,0.000403054291382432,0.00039836426731199026,2.2682030407461493e-16,1.701152280559612e-16,0.07289137691259384,0.011002100072801113,0.4302845597267151,0.7154541611671448,1.0405890941619873,0.8162800073623657,0.07280643284320831,6.767544269561768,1.185283899307251,2.549075126647949,1.7620418071746826,0.015421045944094658,0.008873789571225643,2.903299892155071e-14,0.0,1.4516499460775356e-14,1.4516499460775356e-14,2.1774749191163033e-14,8.695910453796387,0.0,4.354949838232607e-14,0.0,33.362125396728516,5.8183135986328125,0.06256037950515747,0.0398763008415699,10.146906852722168,229.472412109375,1.1312990011447255e-07,0.011005062609910965,0.027587890625,249.49853515625,0.08211438357830048,0.07624437659978867,0.019635029137134552,0.07112210988998413,0.03389617055654526,0.00019808830984402448,0.584709882736206,0.0024953470565378666,0.11520154167719864,0.37024460088846783,2021-09-02 00:00:00+00:00,2021-09-02 23:00:00+00:00,TH042,24
E1305.CE042-PPS-0821,1,1,False,2021-09-04,9/4/2021,07:02:00,0:02,PPSPort7-CE042,CE042,7,PPSUnit;ProgrammedSampling,-,OlympicCoastNationalMarineSanctuary,CapeElizabeth,34.0,47˚21.009'N,124˚29.126'W,1000,ShannonBrown,Likelynotpreservedinfixative,E1305,CE042-PPS-0821,2021_AugSept_OCNMS_CE042-PPS,47.35015,-124.48543333333333,America/Los_Angeles,2021-09-04 00:02:00,2021-09-04T07:02:00Z,7,1000,901,2021-09-04 00:02:04,78,CE042,2021-09-04 00:17:05,2021-09-04 07:02:04+00:00,2021-09-04 07:17:05+00:00,2021-09-04 06:54:14.875000+00:00,2021-09-04 07:24:54.125000+00:00,,,,,,,,,,,,,,,,,,,,0,2021-09-04,2021-09-04,-0.5,-0.8333333333333333,0.0003067613288294524,0.00035652591031976044,-0.7270814053900752,-0.3342208159675695,,0.01889682561159134,5.478769779205322,26.716150283813477,1015.5780639648438,,0.7942920923233032,2305.67626953125,-1.147752046585083,1.8871599435806274,2280.97998046875,-0.006464290898293257,0.008448817767202854,43.62776106458627,10.0,47.35411879498962,47.35411879498962,47.35636874148177,12.751077651977539,-124.48477085759984,-124.48044448521726,-124.48477085759984,-13.674249649047852,79.55900573730469,0.1747581660747528,33.18073272705078,11.701214790344238,115.89791870117188,-2.461334815961891e-07,-0.008676097728312016,0.015295037068426609,105.119873046875,7.461312770843506,-0.013529481366276741,0.008498490788042545,-0.05135631188750267,-0.13135196268558502,-2.3005795810604468e-05,0.004280103370547295,0.013508312404155731,-32.58424119753678,-15.927251034068938,,,,,,,,,,,,,,,,,,,,,,,,,,,,,,,,,,,,,,,,,,,,,,,,,2021-09-04 12:00:00+00:00,2021-09-04 12:00:00+00:00,CE042,1
E1281.TH042-PPS-0821,1,1,False,2021-09-04,9/4/2021,07:02:00,0:02,PPSPort7-TH042,TH042,7,PPSUnit;ProgrammedSampling,95%EtOH,OlympicCoastNationalMarineSanctuary,TeahwhitHead,34.0,47˚52.673'N,124˚44.340'W,1000,SeanMcAllisterandEmilyNorton,,E1281,TH042-PPS-0821,2021_AugSept_OCNMS_TH042-PPS,47.87788333333334,-124.739,America/Los_Angeles,2021-09-04 00:02:00,2021-09-04T07:02:00Z,7,1000,1540,2021-09-04 00:02:06,73,TH042,2021-09-04 00:27:46,2021-09-04 07:02:06+00:00,2021-09-04 07:27:46+00:00,2021-09-04 06:54:16.875000+00:00,2021-09-04 07:35:35.125000+00:00,43.51075,3.46374625,7.5616,2.3327275000000003,738403.3023959999,33.713375,26.327575000000003,43.14175,0.09649654570674115,6.545418244850063e-05,0.000898146239020515,0.010369536714176985,0.008965440087335986,0.0015456929406152016,0.0013375973484817591,0.09573705308465227,2021-09-04 07:00:26.985598+00:00,2021-09-04 07:30:27.043205+00:00,TH042,4,2021-09-04,2021-09-04,-0.5,-0.8666666666666667,0.0007833349518477917,0.0008069010800682008,-0.7874051335039117,-0.3342208159675695,0.15385940670967102,0.023231789469718933,4.317923069000244,29.227697372436523,1014.76708984375,6.322507381439209,0.7231513857841492,2306.6650390625,-2.095318078994751,3.616302490234375,2287.212890625,-0.006104829255491495,0.009238854050636292,40.90185543754495,10.0,47.87610638116913,47.87610638116913,47.87835632766127,8.747889518737793,-124.73185969013048,-124.72704402236144,-124.73185969013048,-14.654810905456543,76.62970733642578,0.225855752825737,33.29495620727539,13.929000854492188,53.17799758911133,-2.565599004356045e-07,-0.019569627940654755,0.04614013805985451,45.155914306640625,7.276466369628906,0.005163847003132105,0.047758087515830994,-0.059499215334653854,-0.14556364715099335,-8.448064181720838e-05,0.021476352587342262,0.011563505977392197,-32.839000500718704,-14.988760311859558,0.0,3.402304561119224e-16,0.000892242300324142,0.0008731261477805674,2.2682030407461493e-16,1.701152280559612e-16,0.04249819368124008,0.006411094218492508,0.7725585103034973,0.8735341429710388,0.7869365811347961,1.0416430234909058,0.11385603249073029,14.614197731018066,1.60458505153656,4.577291011810303,3.3421733379364014,0.023800024762749672,0.016113195568323135,2.903299892155071e-14,0.0,1.4516499460775356e-14,1.4516499460775356e-14,2.1774749191163033e-14,11.198674201965332,0.0,4.354949838232607e-14,0.0,29.386083602905273,13.019604682922363,0.14606960117816925,0.05746572092175484,10.856922149658203,87.03667449951172,4.523003269696346e-07,0.019946785643696785,0.051986176520586014,78.07372283935547,0.12058527767658234,0.09201284497976303,0.041704416275024414,0.1049439087510109,0.07581698894500732,0.0004725148610305041,0.7176855206489563,0.0044259303249418736,0.14140086015261719,0.45444621895068016,2021-09-04 00:00:00+00:00,2021-09-04 23:00:00+00:00,TH042,24
E1282.TH042-PPS-0821,1,1,False,2021-09-05,9/5/2021,19:01:00,12:01,PPSPort8-TH042,TH042,8,PPSUnit;ProgrammedSampling,95%EtOH,OlympicCoastNationalMarineSanctuary,TeahwhitHead,34.0,47˚52.673'N,124˚44.340'W,1000,SeanMcAllisterandEmilyNorton,,E1282,TH042-PPS-0821,2021_AugSept_OCNMS_TH042-PPS,47.87788333333334,-124.739,America/Los_Angeles,2021-09-05 12:01:00,2021-09-05T19:01:00Z,8,1000,1592,2021-09-05 12:01:57,73,TH042,2021-09-05 12:28:29,2021-09-05 19:01:57+00:00,2021-09-05 19:28:29+00:00,2021-09-05 18:54:07.875000+00:00,2021-09-05 19:36:18.125000+00:00,43.521,3.4648874999999997,7.774925,,738404.8023959999,33.519549999999995,26.144575,43.1515,0.16400203250772982,0.00014131407101445421,0.0015713582235336576,,0.008965440087335986,9.999999999976694e-05,0.00017078251276559528,0.1622703505470622,2021-09-05 19:00:26.985598+00:00,2021-09-05 19:30:27.043205+00:00,TH042,4,2021-09-05,2021-09-05,-0.5,-0.8666666666666667,0.0005057885427959263,0.0005392772145569324,-0.7874051335039117,-0.3342208159675695,0.10953118652105331,0.016533175483345985,4.763406753540039,28.782304763793945,1016.0184936523438,7.212418079376221,0.8184941411018372,2308.866455078125,0.1400410383939743,1.375566840171814,2287.347412109375,0.017642205581068993,-0.013138669542968273,40.90185543754495,10.0,47.87610638116913,47.87610638116913,47.87835632766127,7.260152339935303,-124.73185969013048,-124.72704402236144,-124.73185969013048,17.358747482299805,75.6188735961914,0.22927354276180267,33.29473114013672,7.773995876312256,122.2848892211914,-4.314687203077483e-07,-0.0038449775893241167,0.016813991591334343,89.8919906616211,7.291140079498291,-0.0843750610947609,-0.03536403924226761,0.07453546673059464,-0.02915017306804657,-1.7903681509778835e-05,0.05255500599741936,0.012656386010348797,-32.832877276759014,-14.969080969221423,0.0,3.402304561119224e-16,0.000447841506684199,0.0004546120180748403,2.2682030407461493e-16,1.701152280559612e-16,0.014102191664278507,0.0021285933908075094,0.5052141547203064,0.3287944793701172,1.4279794692993164,0.8279595375061035,0.08566790819168091,8.28400707244873,2.1949403285980225,4.186372756958008,1.9196103811264038,0.009670227766036987,0.014134418219327927,2.903299892155071e-14,0.0,1.4516499460775356e-14,1.4516499460775356e-14,2.1774749191163033e-14,8.05883502960205,0.0,4.354949838232607e-14,0.0,5.58792781829834,7.3005852699279785,0.10359957814216614,0.03450728952884674,9.76374340057373,123.78437042236328,7.762339464534307e-07,0.01630333624780178,0.03219042345881462,135.9630126953125,0.07188084721565247,0.030558237805962563,0.03614199906587601,0.042229510843753815,0.041249774396419525,0.00032072936301119626,0.7889958024024963,0.004412053152918816,0.15545066267794821,0.49960068001795005,2021-09-05 00:00:00+00:00,2021-09-05 23:00:00+00:00,TH042,24
E1306.CE042-PPS-0821,1,1,False,2021-09-05,9/5/2021,19:02:00,12:02,PPSPort8-CE042,CE042,8,PPSUnit;ProgrammedSampling,-,OlympicCoastNationalMarineSanctuary,CapeElizabeth,34.0,47˚21.009'N,124˚29.126'W,1000,ShannonBrown,Likelynotpreservedinfixative,E1306,CE042-PPS-0821,2021_AugSept_OCNMS_CE042-PPS,47.35015,-124.48543333333333,America/Los_Angeles,2021-09-05 12:02:00,2021-09-05T19:02:00Z,8,1000,884,2021-09-05 12:02:09,78,CE042,2021-09-05 12:16:53,2021-09-05 19:02:09+00:00,2021-09-05 19:16:53+00:00,2021-09-05 18:54:19.875000+00:00,2021-09-05 19:24:42.125000+00:00,,,,,,,,,,,,,,,,,,,,0,2021-09-05,2021-09-05,-0.5,-0.8333333333333333,0.0003973388811573386,0.00042730147833935916,-0.7270814053900752,-0.3342208159675695,,0.02388882450759411,6.060685634613037,27.152774810791016,1016.402099609375,,0.8246768712997437,2318.389892578125,-0.7951416373252869,1.3559114933013916,2281.257568359375,0.012835744768381119,-0.005240557249635458,43.62776106458627,10.0,47.35411879498962,47.35411879498962,47.35636874148177,7.7645649909973145,-124.48477085759984,-124.48044448521726,-124.48477085759984,3.465857982635498,67.93595886230469,0.13950134813785553,33.194244384765625,6.66386079788208,114.1021957397461,-2.2196039139998902e-07,-0.004921247251331806,0.009438919834792614,96.20792388916016,7.410153865814209,-0.05783427506685257,-0.04335450753569603,0.02940911054611206,-0.05772663280367851,-6.564823706867173e-05,0.03476814925670624,0.011329702101647854,-32.57652449826169,-15.907895202934899,,,,,,,,,,,,,,,,,,,,,,,,,,,,,,,,,,,,,,,,,,,,,,,,,2021-09-05 12:00:00+00:00,2021-09-05 12:00:00+00:00,CE042,1
E1307.CE042-PPS-0821,1,1,False,2021-09-07,9/7/2021,07:02:00,0:02,PPSPort9-CE042,CE042,9,PPSUnit;ProgrammedSampling,-,OlympicCoastNationalMarineSanctuary,CapeElizabeth,34.0,47˚21.009'N,124˚29.126'W,1000,ShannonBrown,Likelynotpreservedinfixative,E1307,CE042-PPS-0821,2021_AugSept_OCNMS_CE042-PPS,47.35015,-124.48543333333333,America/Los_Angeles,2021-09-07 00:02:00,2021-09-07T07:02:00Z,9,1000,882,2021-09-07 00:02:14,78,CE042,2021-09-07 00:16:56,2021-09-07 07:02:14+00:00,2021-09-07 07:16:56+00:00,2021-09-07 06:54:24.875000+00:00,2021-09-07 07:24:45.125000+00:00,,,,,,,,,,,,,,,,,,,,0,2021-09-07,2021-09-07,-0.5,-0.8333333333333333,0.000579075887799263,0.0005788026610389352,-0.7270814053900752,-0.3342208159675695,,0.03066205605864525,6.693721771240234,27.558202743530273,1018.0772094726562,,1.0376410484313965,2330.851318359375,1.3584867715835571,-3.256986618041992,2280.844970703125,-0.018311800435185432,0.023808009922504425,43.62776106458627,10.0,47.35411879498962,47.35411879498962,47.35636874148177,6.965528964996338,-124.48477085759984,-124.48044448521726,-124.48477085759984,-38.11850357055664,56.887298583984375,0.19230656325817108,33.188602447509766,8.842789649963379,167.02685546875,-1.383507992613886e-07,0.007206003647297621,-0.013890490867197514,189.33706665039062,7.428436756134033,0.027413344010710716,0.020386088639497757,-0.09400025755167007,-0.13184253871440887,1.6858848539413884e-05,0.04338764771819115,0.01333379652351141,-32.574342853764776,-15.902422974334103,,,,,,,,,,,,,,,,,,,,,,,,,,,,,,,,,,,,,,,,,,,,,,,,,2021-09-07 12:00:00+00:00,2021-09-07 12:00:00+00:00,CE042,1
E1283.TH042-PPS-0821,1,1,False,2021-09-07,9/7/2021,07:02:00,0:02,PPSPort9-TH042,TH042,9,PPSUnit;ProgrammedSampling,95%EtOH,OlympicCoastNationalMarineSanctuary,TeahwhitHead,34.0,47˚52.673'N,124˚44.340'W,1000,SeanMcAllisterandEmilyNorton,,E1283,TH042-PPS-0821,2021_AugSept_OCNMS_TH042-PPS,47.87788333333334,-124.739,America/Los_Angeles,2021-09-07 00:02:00,2021-09-07T07:02:00Z,9,1000,1347,2021-09-07 00:02:05,73,TH042,2021-09-07 00:24:32,2021-09-07 07:02:05+00:00,2021-09-07 07:24:32+00:00,2021-09-07 06:54:15.875000+00:00,2021-09-07 07:32:21.125000+00:00,43.931,3.465384,7.7780499999999995,2.59173,738406.3023959999,33.521675,26.14585,43.55825,0.04200793575821698,9.06384760095188e-05,0.00234022790912887,0.026832761070502337,0.008965440087335986,0.0013200378782440459,0.0013625955623978025,0.041556186863890364,2021-09-07 07:00:26.985598+00:00,2021-09-07 07:30:27.043205+00:00,TH042,4,2021-09-07,2021-09-07,-0.5,-0.8666666666666667,0.0003697275242302567,0.0004221013805363327,-0.7874051335039117,-0.3342208159675695,0.14541934430599213,0.021949971094727516,3.2734031677246094,31.428525924682617,1018.6234741210938,8.73697280883789,0.9234719276428223,2312.8935546875,1.0312352180480957,-4.547537326812744,2285.052734375,0.0011463501723483205,-0.003992120269685984,40.90185543754495,10.0,47.87610638116913,47.87610638116913,47.87835632766127,10.071602821350098,-124.73185969013048,-124.72704402236144,-124.73185969013048,-38.55137252807617,68.9913330078125,0.09455978125333786,33.28551483154297,12.749504089355469,173.1990203857422,-1.3202334514517133e-07,0.008732925169169903,-0.024417882785201073,188.9292755126953,7.246517181396484,0.012104719877243042,0.04801477491855621,0.01665293425321579,-0.044082511216402054,0.00012261194933671504,0.06658491492271423,0.010383191518485546,-32.830113057383784,-14.960197083776407,0.0,3.402304561119224e-16,0.00022965330572333187,0.0002771609870251268,2.2682030407461493e-16,1.701152280559612e-16,0.02884211763739586,0.004353252239525318,0.5827149748802185,0.34150174260139465,1.025102138519287,1.057559847831726,0.12642286717891693,8.383097648620605,1.3986093997955322,1.6636459827423096,2.229930877685547,0.016050301492214203,0.008512723259627819,2.903299892155071e-14,0.0,1.4516499460775356e-14,1.4516499460775356e-14,2.1774749191163033e-14,6.7040934562683105,0.0,4.354949838232607e-14,0.0,14.612672805786133,6.940276145935059,0.07371386885643005,0.03585461527109146,12.230694770812988,259.6327209472656,8.800045492307618e-08,0.012892747297883034,0.02878219448029995,238.32049560546875,0.07888959348201752,0.07321584224700928,0.03533680737018585,0.05341995880007744,0.015121206641197205,0.0003194481541868299,0.9043897986412048,0.003621364012360573,0.17818597293823565,0.5726693712077152,2021-09-07 00:00:00+00:00,2021-09-07 23:00:00+00:00,TH042,24
E1308.CE042-PPS-0821,1,1,False,2021-09-08,9/8/2021,19:02:00,12:02,PPSPort10-CE042,CE042,10,PPSUnit;ProgrammedSampling,-,OlympicCoastNationalMarineSanctuary,CapeElizabeth,34.0,47˚21.009'N,124˚29.126'W,1000,ShannonBrown,Likelynotpreservedinfixative,E1308,CE042-PPS-0821,2021_AugSept_OCNMS_CE042-PPS,47.35015,-124.48543333333333,America/Los_Angeles,2021-09-08 12:02:00,2021-09-08T19:02:00Z,10,1000,909,2021-09-08 12:02:19,78,CE042,2021-09-08 12:17:28,2021-09-08 19:02:19+00:00,2021-09-08 19:17:28+00:00,2021-09-08 18:54:29.875000+00:00,2021-09-08 19:25:17.125000+00:00,,,,,,,,,,,,,,,,,,,,0,2021-09-08,2021-09-08,-0.5,-0.8333333333333333,0.00037628819700330496,0.000418112293118611,-0.7270814053900752,-0.3342208159675695,,0.03204497694969177,7.161452770233154,27.522216796875,1015.7337646484375,,1.1266670227050781,2330.579833984375,0.9105474948883057,-0.7947933077812195,2282.328369140625,-0.03132712468504906,0.027683300897479057,43.62776106458627,10.0,47.35411879498962,47.35411879498962,47.35636874148177,14.483943939208984,-124.48477085759984,-124.48044448521726,-124.48477085759984,-5.676093578338623,57.54539489746094,0.24728277325630188,33.19108581542969,13.018120765686035,151.54080200195312,-3.246495055009291e-07,0.006900083739310503,-0.006397448945790529,129.71484375,7.480330467224121,0.04687873646616936,0.04927925765514374,-0.12455644458532333,-0.17800284922122955,3.116868538199924e-05,0.034842804074287415,0.01845959946513176,-32.576505602699186,-15.907847807111372,,,,,,,,,,,,,,,,,,,,,,,,,,,,,,,,,,,,,,,,,,,,,,,,,2021-09-08 12:00:00+00:00,2021-09-08 12:00:00+00:00,CE042,1
E1284.TH042-PPS-0821,1,1,False,2021-09-08,9/8/2021,19:02:00,12:02,PPSPort10-TH042,TH042,10,PPSUnit;ProgrammedSampling,95%EtOH,OlympicCoastNationalMarineSanctuary,TeahwhitHead,34.0,47˚52.673'N,124˚44.340'W,1000,SeanMcAllisterandEmilyNorton,,E1284,TH042-PPS-0821,2021_AugSept_OCNMS_TH042-PPS,47.87788333333334,-124.739,America/Los_Angeles,2021-09-08 12:02:00,2021-09-08T19:02:00Z,10,1000,1294,2021-09-08 12:02:09,73,TH042,2021-09-08 12:23:43,2021-09-08 19:02:09+00:00,2021-09-08 19:23:43+00:00,2021-09-08 18:54:19.875000+00:00,2021-09-08 19:31:32.125000+00:00,43.3815,3.46162275,7.6823999999999995,2.4753724999999998,738407.8023959999,33.573625,26.20045,43.0135,0.17938134425481894,8.104474073014114e-05,0.011698148001571563,0.10825435984291815,0.008965440087335986,0.010688428322257115,0.010076540411602702,0.17802153427792747,2021-09-08 19:00:26.985598+00:00,2021-09-08 19:30:27.043205+00:00,TH042,4,2021-09-08,2021-09-08,-0.5,-0.8666666666666667,0.0009105255012400448,0.0010722430888563395,-0.7874051335039117,-0.3342208159675695,0.10644692182540894,0.01606765389442444,4.561685085296631,30.04266357421875,1015.3892211914062,8.136433601379395,0.8919731974601746,2315.258056640625,0.797254741191864,-0.4932265281677246,2282.426025390625,-0.034904368221759796,0.026956573128700256,40.90185543754495,10.0,47.87610638116913,47.87610638116913,47.87835632766127,12.895271301269531,-124.73185969013048,-124.72704402236144,-124.73185969013048,3.4802372455596924,68.95574188232422,0.3063070476055145,33.205078125,14.101097106933594,87.45071411132812,-6.731352186761796e-07,0.006740208715200424,-0.015496709384024143,56.97410583496094,7.446468353271484,0.101614810526371,0.08056418597698212,-0.15404655039310455,-0.22666732966899872,4.839962002733955e-06,0.0406750924885273,0.022974645718932152,-32.8352178978997,-14.976603458308377,0.0,3.402304561119224e-16,0.0012612738646566868,0.0014318866888061166,2.2682030407461493e-16,1.701152280559612e-16,0.01747693121433258,0.0026383819058537483,1.1250978708267212,0.6784852147102356,1.559058427810669,0.7993417382240295,0.09346695989370346,16.141845703125,2.0387825965881348,4.623840808868408,4.064543724060059,0.024111399427056313,0.026958178728818893,2.903299892155071e-14,0.0,1.4516499460775356e-14,1.4516499460775356e-14,2.1774749191163033e-14,11.20328140258789,0.0,4.354949838232607e-14,0.0,27.190702438354492,13.807929039001465,0.1447436511516571,0.07972513884305954,17.60017204284668,105.62555694580078,1.0082039807457477e-06,0.01706567406654358,0.0455094613134861,98.20044708251953,0.1794290840625763,0.06087265536189079,0.05454963818192482,0.08651730418205261,0.0541122667491436,0.0006850418285466731,0.9370880722999573,0.010005272924900055,0.18462829874899564,0.5933742707591657,2021-09-08 00:00:00+00:00,2021-09-08 23:00:00+00:00,TH042,24
E1309.CE042-PPS-0821,1,1,False,2021-09-10,9/10/2021,07:02:00,0:02,PPSPort11-CE042,CE042,11,PPSUnit;ProgrammedSampling,-,OlympicCoastNationalMarineSanctuary,CapeElizabeth,34.0,47˚21.009'N,124˚29.126'W,1000,ShannonBrown,Likelynotpreservedinfixative,E1309,CE042-PPS-0821,2021_AugSept_OCNMS_CE042-PPS,47.35015,-124.48543333333333,America/Los_Angeles,2021-09-10 00:02:00,2021-09-10T07:02:00Z,11,1000,895,2021-09-10 00:02:24,78,CE042,2021-09-10 00:17:19,2021-09-10 07:02:24+00:00,2021-09-10 07:17:19+00:00,2021-09-10 06:54:34.875000+00:00,2021-09-10 07:25:08.125000+00:00,,,,,,,,,,,,,,,,,,,,0,2021-09-10,2021-09-10,-0.5,-0.8333333333333333,0.00011357425682945177,0.000155862609972246,-0.7270814053900752,-0.3342208159675695,,0.02646940015256405,8.0122652053833,27.38172721862793,1015.2246704101562,,1.333414912223816,2339.735107421875,0.04139213636517525,1.129292607307434,2280.181884765625,-0.0011545491870492697,0.0023031344171613455,43.62776106458627,10.0,47.35411879498962,47.35411879498962,47.35636874148177,9.2196683883667,-124.48477085759984,-124.48044448521726,-124.48477085759984,2.284202814102173,53.754112243652344,0.638190507888794,33.13515090942383,6.911510944366455,124.90734100341797,-3.529581249495095e-07,-0.0015196596505120397,0.005863416939973831,106.49195861816406,7.698520183563232,-0.007416478358209133,0.003703824244439602,-0.034163158386945724,-0.13139206171035767,1.8642136637936346e-05,0.03263521566987038,0.05088435485959053,-32.57706435598576,-15.909249330466753,,,,,,,,,,,,,,,,,,,,,,,,,,,,,,,,,,,,,,,,,,,,,,,,,2021-09-10 12:00:00+00:00,2021-09-10 12:00:00+00:00,CE042,1
E1285.TH042-PPS-0821,1,1,False,2021-09-10,9/10/2021,07:02:00,0:02,PPSPort11-TH042,TH042,11,PPSUnit;ProgrammedSampling,95%EtOH,OlympicCoastNationalMarineSanctuary,TeahwhitHead,34.0,47˚52.673'N,124˚44.340'W,1000,SeanMcAllisterandEmilyNorton,,E1285,TH042-PPS-0821,2021_AugSept_OCNMS_TH042-PPS,47.87788333333334,-124.739,America/Los_Angeles,2021-09-10 00:02:00,2021-09-10T07:02:00Z,11,1000,1658,2021-09-10 00:02:27,73,TH042,2021-09-10 00:30:05,2021-09-10 07:02:27+00:00,2021-09-10 07:30:05+00:00,2021-09-10 06:54:37.875000+00:00,2021-09-10 07:37:54.125000+00:00,42.70225,3.46956375,7.87515,3.1290875,738409.3023959999,33.4739,26.0942,42.34,0.12442501088339578,0.0007225322945492663,0.016377321718359955,0.04826935561685764,0.008965440087335986,0.007927588956717713,0.00862940708662345,0.12346929442848077,2021-09-10 07:00:26.985598+00:00,2021-09-10 07:30:27.043205+00:00,TH042,4,2021-09-10,2021-09-10,-0.5,-0.8666666666666667,0.0003891129745170474,0.0004048480186611414,-0.7874051335039117,-0.3342208159675695,0.0690862312912941,0.010428231209516525,4.395652770996094,26.764007568359375,1014.03515625,6.709192276000977,0.7448380589485168,2283.096923828125,0.6995656490325928,2.2832770347595215,2274.5439453125,-0.004084760323166847,0.0016247965395450592,40.90185543754495,10.0,47.87610638116913,47.87610638116913,47.87835632766127,8.018179893493652,-124.73185969013048,-124.72704402236144,-124.73185969013048,7.149672031402588,98.40547943115234,0.4226439893245697,33.03322219848633,7.5787200927734375,111.64410400390625,-4.1948518969547877e-07,-0.0026425642427057028,0.017740575596690178,88.89752197265625,7.845527172088623,0.010992524214088917,0.025713911280035973,-0.057135771960020065,-0.18117554485797882,-2.759916242212057e-07,0.0322091169655323,0.032501935958862305,-32.83688589428413,-14.981964208231034,0.0,3.402304561119224e-16,0.0006895122933201492,0.0006010396173223853,2.2682030407461493e-16,1.701152280559612e-16,0.017153635621070862,0.002589308423921466,0.6947266459465027,0.7430123090744019,1.8773236274719238,0.2274923175573349,0.015548783354461193,14.566197395324707,2.740684747695923,3.321532726287842,2.864914655685425,0.010867753066122532,0.007164882030338049,2.903299892155071e-14,0.0,1.4516499460775356e-14,1.4516499460775356e-14,2.1774749191163033e-14,5.213014125823975,0.0,4.354949838232607e-14,0.0,22.842174530029297,12.55859088897705,0.1887604296207428,0.050447624176740646,4.039773464202881,129.4165802001953,4.015916204025416e-07,0.013529093004763126,0.02282129041850567,146.54541015625,0.13026998937129974,0.0737854540348053,0.03572958707809448,0.04026701673865318,0.030063681304454803,0.0007043084478937089,0.9135281443595886,0.011814899742603302,0.17998643027023967,0.578455835491085,2021-09-10 00:00:00+00:00,2021-09-10 23:00:00+00:00,TH042,24
E1310.CE042-PPS-0821,1,1,False,2021-09-11,9/11/2021,19:02:00,12:02,PPSPort12-CE042,CE042,12,PPSUnit;ProgrammedSampling,-,OlympicCoastNationalMarineSanctuary,CapeElizabeth,34.0,47˚21.009'N,124˚29.126'W,1000,ShannonBrown,Likelynotpreservedinfixative,E1310,CE042-PPS-0821,2021_AugSept_OCNMS_CE042-PPS,47.35015,-124.48543333333333,America/Los_Angeles,2021-09-11 12:02:00,2021-09-11T19:02:00Z,12,1000,913,2021-09-11 12:02:30,78,CE042,2021-09-11 12:17:43,2021-09-11 19:02:30+00:00,2021-09-11 19:17:43+00:00,2021-09-11 18:54:40.875000+00:00,2021-09-11 19:25:32.125000+00:00,,,,,,,,,,,,,,,,,,,,0,2021-09-11,2021-09-11,-0.5,-0.8333333333333333,0.00016007448721211404,0.0001995525963138789,-0.7270814053900752,-0.3342208159675695,,0.02831420674920082,8.506437301635742,27.550071716308594,1019.852294921875,,1.3916162252426147,2348.09375,-0.6357343196868896,1.0788915157318115,2279.62939453125,0.0009615441667847335,0.0007741418667137623,43.62776106458627,10.0,47.35411879498962,47.35411879498962,47.35636874148177,9.816407203674316,-124.48477085759984,-124.48044448521726,-124.48477085759984,-5.727419376373291,47.564205169677734,0.6777606010437012,33.125465393066406,7.227076053619385,79.21875762939453,-1.1439021818659967e-06,-0.004001442342996597,0.004587661009281874,67.90269470214844,7.717440128326416,-0.019840223714709282,-0.021842507645487785,-0.009106243960559368,-0.077914297580719,-2.7811584004666656e-05,0.026753177866339684,0.055201418697834015,-32.578553133489706,-15.912983637705542,,,,,,,,,,,,,,,,,,,,,,,,,,,,,,,,,,,,,,,,,,,,,,,,,2021-09-11 12:00:00+00:00,2021-09-11 12:00:00+00:00,CE042,1
E1286.TH042-PPS-0821,1,1,False,2021-09-11,9/11/2021,19:02:00,12:02,PPSPort12-TH042,TH042,12,PPSUnit;ProgrammedSampling,95%EtOH,OlympicCoastNationalMarineSanctuary,TeahwhitHead,34.0,47˚52.673'N,124˚44.340'W,1000,SeanMcAllisterandEmilyNorton,,E1286,TH042-PPS-0821,2021_AugSept_OCNMS_TH042-PPS,47.87788333333334,-124.739,America/Los_Angeles,2021-09-11 12:02:00,2021-09-11T19:02:00Z,12,1000,1792,2021-09-11 12:02:20,73,TH042,2021-09-11 12:32:12,2021-09-11 19:02:20+00:00,2021-09-11 19:32:12+00:00,2021-09-11 18:54:30.875000+00:00,2021-09-11 19:40:01.125000+00:00,42.3695,3.4795,8.0929,3.61747,738410.8023959999,33.372125,25.98245,42.00975,0.17374790166598586,0.0007198314617556511,0.008976636341079895,0.005110851201121132,0.008965440087335986,0.0010045728777268428,0.0020728402414718584,0.17207629121991191,2021-09-11 19:00:26.985598+00:00,2021-09-11 19:30:27.043205+00:00,TH042,4,2021-09-11,2021-09-11,-0.5,-0.8666666666666667,0.000392191723221913,0.00044916896149516106,-0.7874051335039117,-0.3342208159675695,0.08675897121429443,0.013095959089696407,3.4411933422088623,24.09808349609375,1020.1287231445312,6.822383880615234,0.7698407769203186,2250.062744140625,-2.559112787246704,4.618888854980469,2271.030517578125,-0.0026924500707536936,0.00681114150211215,40.90185543754495,10.0,47.87610638116913,47.87610638116913,47.87835632766127,5.815305709838867,-124.73185969013048,-124.72704402236144,-124.73185969013048,-7.620246887207031,127.53975677490234,0.3800313472747803,32.95930099487305,9.297747611999512,37.527320861816406,-4.840284418605734e-06,-0.02816147916018963,0.046135544776916504,30.034515380859375,8.102341651916504,0.018126487731933594,0.026485472917556763,-0.10442348569631577,-0.1806182861328125,3.1647512514609843e-05,0.017889469861984253,0.03383758291602135,-32.839707199127155,-14.99103155985135,0.0,3.402304561119224e-16,0.0003197186451870948,0.0003377818502485752,2.2682030407461493e-16,1.701152280559612e-16,0.014546848833560944,0.0021954833064228296,0.36420872807502747,0.3944563567638397,1.1202101707458496,0.16932180523872375,0.018280472606420517,7.026913166046143,2.394266128540039,2.595019578933716,1.7439336776733398,0.017440643161535263,0.016965923830866814,2.903299892155071e-14,0.0,1.4516499460775356e-14,1.4516499460775356e-14,2.1774749191163033e-14,6.455026626586914,0.0,4.354949838232607e-14,0.0,34.543739318847656,6.205659866333008,0.11682455241680145,0.03467929735779762,5.757699966430664,69.77892303466797,5.453409812616883e-06,0.022533616051077843,0.037765275686979294,69.8078842163086,0.11858344823122025,0.04450144246220589,0.03968183696269989,0.07080946862697601,0.03687528148293495,0.0006245140102691948,0.8759416341781616,0.008494473062455654,0.17258102648821466,0.5546557133071618,2021-09-11 00:00:00+00:00,2021-09-11 23:00:00+00:00,TH042,24
E1287.TH042-PPS-0821,1,1,False,2021-09-13,9/13/2021,07:02:00,0:02,PPSPort13-TH042,TH042,13,PPSUnit;ProgrammedSampling,95%EtOH,OlympicCoastNationalMarineSanctuary,TeahwhitHead,34.0,47˚52.673'N,124˚44.340'W,1000,SeanMcAllisterandEmilyNorton,,E1287,TH042-PPS-0821,2021_AugSept_OCNMS_TH042-PPS,47.87788333333334,-124.739,America/Los_Angeles,2021-09-13 00:02:00,2021-09-13T07:02:00Z,13,1000,1342,2021-09-13 00:02:21,73,TH042,2021-09-13 00:24:43,2021-09-13 07:02:21+00:00,2021-09-13 07:24:43+00:00,2021-09-13 06:54:31.875000+00:00,2021-09-13 07:32:32.125000+00:00,41.365750000000006,3.4784837499999997,8.036025,3.1049925000000003,738412.3023959999,33.416000000000004,26.025199999999998,41.015,0.12325955000188317,0.0002765397801401216,0.010505673070615692,0.06788218832408582,0.008965440087335986,0.012917688131655546,0.011665047506689733,0.12231380407242101,2021-09-13 07:00:26.985598+00:00,2021-09-13 07:30:27.043205+00:00,TH042,4,2021-09-13,2021-09-13,-0.5,-0.8666666666666667,0.00016174964548554271,0.00019560439977794886,-0.7874051335039117,-0.3342208159675695,0.09032057970762253,0.013633206486701965,3.536033868789673,24.647865295410156,1022.2537231445312,6.948207378387451,0.7931807041168213,2256.3447265625,2.194932222366333,-1.586645245552063,2270.879150390625,-0.017155149951577187,0.00985503289848566,40.90185543754495,10.0,47.87610638116913,47.87610638116913,47.87835632766127,0.265510231256485,-124.73185969013048,-124.72704402236144,-124.73185969013048,-41.031280517578125,121.85106658935547,0.3764181137084961,32.959598541259766,2.7239930629730225,144.9035186767578,-1.1493376028681723e-08,0.006110033486038446,-0.004444199148565531,182.9453125,8.091826438903809,0.07997990399599075,0.05236386880278587,-0.1256685107946396,-0.18611450493335724,-1.92449278983986e-05,0.0007555335760116577,0.03060917556285858,-32.843082987023784,-15.001880956693386,0.0,3.402304561119224e-16,6.335380749078467e-05,5.8110130339628085e-05,2.2682030407461493e-16,1.701152280559612e-16,0.01821514032781124,0.0027494081296026707,0.5995848774909973,0.8479040265083313,0.8057986497879028,0.5482074022293091,0.05654565244913101,13.95031452178955,0.815963625907898,0.846116840839386,3.458028554916382,0.01806100644171238,0.010750110261142254,2.903299892155071e-14,0.0,1.4516499460775356e-14,1.4516499460775356e-14,2.1774749191163033e-14,2.11531925201416,0.0,4.354949838232607e-14,0.0,34.64301300048828,11.971278190612793,0.19722676277160645,0.07036148011684418,2.185185432434082,216.72604370117188,3.0324009969717736e-08,0.005130809266120195,0.004712263122200966,237.30665588378906,0.18051916360855103,0.05954621732234955,0.045567337423563004,0.05544155091047287,0.03468983247876167,0.0005300230113789439,0.7884304523468018,0.01237601600587368,0.15533926130716869,0.49924264873241475,2021-09-13 00:00:00+00:00,2021-09-13 23:00:00+00:00,TH042,24
E1312.CE042-PPS-0821,1,1,False,2021-09-14,9/14/2021,19:02:00,12:02,PPSPort14-CE042,CE042,14,PPSUnit;ProgrammedSampling,-,OlympicCoastNationalMarineSanctuary,CapeElizabeth,34.0,47˚21.009'N,124˚29.126'W,1000,ShannonBrown,Likelynotpreservedinfixative,E1312,CE042-PPS-0821,2021_AugSept_OCNMS_CE042-PPS,47.35015,-124.48543333333333,America/Los_Angeles,2021-09-14 12:02:00,2021-09-14T19:02:00Z,14,1000,924,2021-09-14 12:02:25,78,CE042,2021-09-14 12:17:49,2021-09-14 19:02:25+00:00,2021-09-14 19:17:49+00:00,2021-09-14 18:54:35.875000+00:00,2021-09-14 19:25:38.125000+00:00,,,,,,,,,,,,,,,,,,,,0,2021-09-14,2021-09-14,-0.5,-0.8333333333333333,0.00034429208608344197,0.00037829019129276276,-0.7270814053900752,-0.3342208159675695,,0.014750800095498562,5.486611843109131,28.47268295288086,1019.5963745117188,,0.9386587738990784,2313.818359375,0.2763060927391052,-0.8237147331237793,2276.29541015625,-0.01749376766383648,0.010993098840117455,43.62776106458627,10.0,47.35411879498962,47.35411879498962,47.35636874148177,2.642754077911377,-124.48477085759984,-124.48044448521726,-124.48477085759984,-26.782529830932617,73.95703125,0.4923122823238373,33.069793701171875,9.054868698120117,61.912593841552734,-6.02293539486709e-07,0.0012941244058310986,-0.0030312328599393368,76.99749755859375,7.850027561187744,0.050094183534383774,0.050977062433958054,-0.12006130069494247,-0.1667885035276413,3.259598815930076e-05,0.011081366799771786,0.04322696849703789,-32.58251975875484,-15.922933141511121,,,,,,,,,,,,,,,,,,,,,,,,,,,,,,,,,,,,,,,,,,,,,,,,,2021-09-14 12:00:00+00:00,2021-09-14 12:00:00+00:00,CE042,1
E1288.TH042-PPS-0821,1,1,False,2021-09-14,9/14/2021,19:02:00,12:02,PPSPort14-TH042,TH042,14,PPSUnit;ProgrammedSampling,95%EtOH,OlympicCoastNationalMarineSanctuary,TeahwhitHead,34.0,47˚52.673'N,124˚44.340'W,1000,SeanMcAllisterandEmilyNorton,,E1288,TH042-PPS-0821,2021_AugSept_OCNMS_TH042-PPS,47.87788333333334,-124.739,America/Los_Angeles,2021-09-14 12:02:00,2021-09-14T19:02:00Z,14,1000,1709,2021-09-14 12:02:28,73,TH042,2021-09-14 12:30:57,2021-09-14 19:02:28+00:00,2021-09-14 19:30:57+00:00,2021-09-14 18:54:38.875000+00:00,2021-09-14 19:38:46.125000+00:00,42.548500000000004,3.46716125,7.796825,3.24061,738413.8023959999,33.5234,26.14445,42.18775,0.21628453481467355,0.0002925045583691316,0.01074534783057312,0.021564081246368893,0.008965440087335986,0.0072479882266255485,0.007218725649309291,0.21482764409327382,2021-09-14 19:00:26.985598+00:00,2021-09-14 19:30:27.043205+00:00,TH042,4,2021-09-14,2021-09-14,-0.5,-0.8666666666666667,0.000508307886775583,0.0005695326835848391,-0.7874051335039117,-0.3342208159675695,0.07336857914924622,0.011074528098106384,3.6028339862823486,22.937135696411133,1019.3097534179688,6.679116725921631,0.7595634460449219,2247.9150390625,-2.2702295780181885,2.1717700958251953,2271.404541015625,-0.01867591217160225,0.015470334328711033,40.90185543754495,10.0,47.87610638116913,47.87610638116913,47.87835632766127,-8.407976150512695,-124.73185969013048,-124.72704402236144,-124.73185969013048,-19.138952255249023,129.8029327392578,0.24782796204090118,32.96798324584961,2.06182599067688,10.74952220916748,-3.6142728276900016e-06,-0.021410539746284485,0.028500547632575035,36.234622955322266,8.085397720336914,0.05357817932963371,0.06322816759347916,-0.12499431520700455,-0.1839839369058609,-3.0444285584962927e-05,0.01282190065830946,0.02263174019753933,-32.84070562989411,-14.994240402332473,0.0,3.402304561119224e-16,0.00030704354867339134,0.00037162413354963064,2.2682030407461493e-16,1.701152280559612e-16,0.01702202670276165,0.002569242613390088,0.8851736187934875,0.820380449295044,2.027531623840332,0.34757405519485474,0.03852688521146774,20.305574417114258,2.163447380065918,3.778179883956909,7.022647380828857,0.023891152814030647,0.013643763959407806,2.903299892155071e-14,0.0,1.4516499460775356e-14,1.4516499460775356e-14,2.1774749191163033e-14,8.645535469055176,0.0,4.354949838232607e-14,0.0,33.394866943359375,17.19234848022461,0.17796926200389862,0.14553073048591614,4.6597700119018555,79.92158508300781,7.26247299098759e-06,0.026464905589818954,0.04151022806763649,84.71267700195312,0.35936427116394043,0.06282689422369003,0.026720354333519936,0.041156671941280365,0.03056686744093895,0.0004173220950178802,0.7641078233718872,0.013733422383666039,0.15054714181455844,0.4838413238619286,2021-09-14 00:00:00+00:00,2021-09-14 23:00:00+00:00,TH042,24
E1313.CE042-PPS-0821,1,1,False,2021-09-16,9/16/2021,07:02:00,0:02,PPSPort15-CE042,CE042,15,PPSUnit;ProgrammedSampling,-,OlympicCoastNationalMarineSanctuary,CapeElizabeth,34.0,47˚21.009'N,124˚29.126'W,1000,ShannonBrown,Likelynotpreservedinfixative,E1313,CE042-PPS-0821,2021_AugSept_OCNMS_CE042-PPS,47.35015,-124.48543333333333,America/Los_Angeles,2021-09-16 00:02:00,2021-09-16T07:02:00Z,15,1000,908,2021-09-16 00:02:20,78,CE042,2021-09-16 00:17:28,2021-09-16 07:02:20+00:00,2021-09-16 07:17:28+00:00,2021-09-16 06:54:30.875000+00:00,2021-09-16 07:25:17.125000+00:00,,,,,,,,,,,,,,,,,,,,0,2021-09-16,2021-09-16,-0.5,-0.8333333333333333,0.0017568927723914385,0.001682559377513826,-0.7270814053900752,-0.3342208159675695,,0.010627216659486294,4.82468318939209,28.221782684326172,1018.4102172851562,,0.7595164775848389,2307.740234375,0.9593197107315063,-1.9153060913085938,2278.4013671875,-0.05595218390226364,0.048390939831733704,43.62776106458627,10.0,47.35411879498962,47.35411879498962,47.35636874148177,-12.262181282043457,-124.48477085759984,-124.48044448521726,-124.48477085759984,-62.610347747802734,75.77312469482422,0.2063857614994049,33.1366081237793,17.902864456176758,126.43958282470703,-9.936491096596e-07,0.015451925806701183,-0.029805798083543777,183.4092559814453,7.626757621765137,0.10627349466085434,0.0952334925532341,-0.21774743497371674,-0.24938268959522247,9.7505675512366e-05,-0.014665193855762482,0.01965274289250374,-32.589036360923714,-15.93927876373275,,,,,,,,,,,,,,,,,,,,,,,,,,,,,,,,,,,,,,,,,,,,,,,,,2021-09-16 12:00:00+00:00,2021-09-16 12:00:00+00:00,CE042,1
E1289.TH042-PPS-0821,1,1,False,2021-09-16,9/16/2021,07:02:00,0:02,PPSPort15-TH042,TH042,15,PPSUnit;ProgrammedSampling,95%EtOH,OlympicCoastNationalMarineSanctuary,TeahwhitHead,34.0,47˚52.673'N,124˚44.340'W,1000,SeanMcAllisterandEmilyNorton,,E1289,TH042-PPS-0821,2021_AugSept_OCNMS_TH042-PPS,47.87788333333334,-124.739,America/Los_Angeles,2021-09-16 00:02:00,2021-09-16T07:02:00Z,15,1000,1396,2021-09-16 00:02:11,73,TH042,2021-09-16 00:25:27,2021-09-16 07:02:11+00:00,2021-09-16 07:25:27+00:00,2021-09-16 06:54:21.875000+00:00,2021-09-16 07:33:16.125000+00:00,42.67150000000001,3.459353,7.649825000000001,2.1514375,738415.3023959999,33.58095,26.2108,42.3095,0.10571187255933062,0.0002882718624261189,0.0015326991442117868,0.0228150701291931,0.008965440087335986,0.004559605246069949,0.0038270963754086333,0.10492695872208783,2021-09-16 07:00:26.985598+00:00,2021-09-16 07:30:27.043205+00:00,TH042,4,2021-09-16,2021-09-16,-0.5,-0.8666666666666667,0.00107466836925596,0.0010507989209145308,-0.7874051335039117,-0.3342208159675695,0.06843673437833786,0.01032568421214819,2.387526512145996,24.407045364379883,1019.6742553710938,5.091256618499756,0.5725674033164978,2252.996826171875,0.7930355072021484,-0.9636585712432861,2279.170166015625,-0.06923198699951172,0.040964897722005844,40.90185543754495,10.0,47.87610638116913,47.87610638116913,47.87835632766127,-5.90437126159668,-124.73185969013048,-124.72704402236144,-124.73185969013048,-72.35205841064453,125.25473022460938,0.06906551122665405,33.1658821105957,10.798548698425293,113.61901092529297,7.652648292832964e-08,0.011793640442192554,-0.013764720410108566,181.07688903808594,7.564675807952881,0.1574546843767166,0.15044201910495758,-0.1498047113418579,-0.27597495913505554,9.096472058445215e-05,0.0020432535093277693,0.00814229715615511,-32.842829277111804,-15.001065562005671,0.0,3.402304561119224e-16,0.0006556010921485722,0.0006687818095088005,2.2682030407461493e-16,1.701152280559612e-16,0.013526460155844688,0.002039962215349078,0.12464728951454163,0.7033838629722595,0.7623467445373535,0.3513040244579315,0.0471680723130703,7.595167636871338,3.809297561645508,3.1595096588134766,3.242518424987793,0.04739127680659294,0.029498806223273277,2.903299892155071e-14,0.0,1.4516499460775356e-14,1.4516499460775356e-14,2.1774749191163033e-14,6.010066986083984,0.0,4.354949838232607e-14,0.0,4.904058456420898,6.784343242645264,0.06379286199808121,0.07102126628160477,12.508001327514648,224.0791015625,7.787775047063406e-08,0.03054751083254814,0.02755175344645977,226.1748046875,0.18231892585754395,0.0821816623210907,0.03492523729801178,0.07832518965005875,0.06664130091667175,0.0004066699184477329,0.7729129195213318,0.0040070610120892525,0.1522819484876781,0.4894167944238351,2021-09-16 00:00:00+00:00,2021-09-16 23:00:00+00:00,TH042,24
E1290.TH042-PPS-0821,1,1,False,2021-09-17,9/17/2021,19:02:00,12:02,PPSPort16-TH042,TH042,16,PPSUnit;ProgrammedSampling,95%EtOH,OlympicCoastNationalMarineSanctuary,TeahwhitHead,34.0,47˚52.673'N,124˚44.340'W,1000,SeanMcAllisterandEmilyNorton,,E1290,TH042-PPS-0821,2021_AugSept_OCNMS_TH042-PPS,47.87788333333334,-124.739,America/Los_Angeles,2021-09-17 12:02:00,2021-09-17T19:02:00Z,16,1000,1556,2021-09-17 12:02:18,73,TH042,2021-09-17 12:28:14,2021-09-17 19:02:18+00:00,2021-09-17 19:28:14+00:00,2021-09-17 18:54:28.875000+00:00,2021-09-17 19:36:03.125000+00:00,43.474000000000004,3.45470475,7.706125,3.0769375,738416.8023959999,33.476225,26.120449999999998,43.105,0.2113717105007177,0.00039083361762609614,0.012868145424522843,0.0711211301817775,0.008965440087335986,0.016579580814964988,0.014874698876503438,0.2095566749115866,2021-09-17 19:00:26.985598+00:00,2021-09-17 19:30:27.043205+00:00,TH042,4,2021-09-17,2021-09-17,-0.5,-0.8666666666666667,0.004086062777787447,0.004162729252129793,-0.7874051335039117,-0.3342208159675695,0.03368041291832924,0.005083639640361071,2.248469114303589,24.3991756439209,1007.80517578125,4.983156204223633,0.5600216388702393,2249.689453125,-2.6372792720794678,7.215919494628906,2276.239501953125,0.017344219610095024,0.017591075971722603,40.90185543754495,10.0,47.87610638116913,47.87610638116913,47.87835632766127,8.98123836517334,-124.73185969013048,-124.72704402236144,-124.73185969013048,-3.4023821353912354,127.50042724609375,0.11126913875341415,33.108734130859375,30.368967056274414,68.44954681396484,-1.4177455341268796e-05,-0.0947587788105011,0.21739788353443146,32.50172424316406,7.671865940093994,-0.011919528245925903,0.07772530615329742,-0.08775099366903305,-0.1607285588979721,2.118702104780823e-05,0.04988640919327736,0.009913352318108082,-32.83340305395401,-14.970770757091302,0.0,3.402304561119224e-16,0.004485842306166887,0.004551186226308346,2.2682030407461493e-16,1.701152280559612e-16,0.015034310519695282,0.002268608193844557,0.20711155235767365,0.7571618556976318,5.0902533531188965,0.43178054690361023,0.049054522067308426,9.67813491821289,4.5193095207214355,6.4020304679870605,4.712317943572998,0.12301262468099594,0.026801113039255142,2.903299892155071e-14,0.0,1.4516499460775356e-14,1.4516499460775356e-14,2.1774749191163033e-14,42.389930725097656,0.0,4.354949838232607e-14,0.0,31.78241539001465,8.842644691467285,0.12305348366498947,0.10195945203304291,40.974002838134766,112.38411712646484,2.0116978703299537e-05,0.1747763752937317,0.2333267480134964,71.88739776611328,0.2627137303352356,0.21180061995983124,0.1058339774608612,0.12202568352222443,0.14437560737133026,0.0006209770799614489,0.8108066916465759,0.0062346309423446655,0.1597479101984637,0.5134115428761131,2021-09-17 00:00:00+00:00,2021-09-17 23:00:00+00:00,TH042,24
E1315.CE042-PPS-0821,1,1,False,2021-09-19,9/19/2021,07:02:00,0:02,PPSPort17-CE042,CE042,17,PPSUnit;ProgrammedSampling,-,OlympicCoastNationalMarineSanctuary,CapeElizabeth,34.0,47˚21.009'N,124˚29.126'W,1000,ShannonBrown,Likelynotpreservedinfixative,E1315,CE042-PPS-0821,2021_AugSept_OCNMS_CE042-PPS,47.35015,-124.48543333333333,America/Los_Angeles,2021-09-19 00:02:00,2021-09-19T07:02:00Z,17,1000,884,2021-09-19 00:02:09,78,CE042,2021-09-19 00:16:53,2021-09-19 07:02:09+00:00,2021-09-19 07:16:53+00:00,2021-09-19 06:54:19.875000+00:00,2021-09-19 07:24:42.125000+00:00,,,,,,,,,,,,,,,,,,,,0,2021-09-19,2021-09-19,-0.5,-0.8333333333333333,0.0008442476973868906,0.0009001166326925159,-0.7270814053900752,-0.3342208159675695,,0.015011790208518505,6.126079082489014,27.713586807250977,1012.15625,,0.9730786681175232,2322.080078125,1.5080046653747559,2.9581267833709717,2273.184814453125,0.03284202143549919,-0.04108106344938278,43.62776106458627,10.0,47.35411879498962,47.35411879498962,47.35636874148177,5.008090972900391,-124.48477085759984,-124.48044448521726,-124.48477085759984,-46.188812255859375,86.45171356201172,0.9326689839363098,33.024261474609375,8.21202564239502,116.59044647216797,-1.1843185347970575e-06,0.0028549956623464823,0.019753428176045418,149.55914306640625,8.450547218322754,-0.10831113159656525,-0.07662294805049896,0.18430408835411072,0.1658354550600052,1.1113225809822325e-05,0.08577362447977066,0.09774256497621536,-32.56361471994566,-15.87551354853122,,,,,,,,,,,,,,,,,,,,,,,,,,,,,,,,,,,,,,,,,,,,,,,,,2021-09-19 12:00:00+00:00,2021-09-19 12:00:00+00:00,CE042,1
E1291.TH042-PPS-0821,1,1,False,2021-09-19,9/19/2021,07:02:00,0:02,PPSPort17-TH042,TH042,17,PPSUnit;ProgrammedSampling,95%EtOH,OlympicCoastNationalMarineSanctuary,TeahwhitHead,34.0,47˚52.673'N,124˚44.340'W,1000,SeanMcAllisterandEmilyNorton,,E1291,TH042-PPS-0821,2021_AugSept_OCNMS_TH042-PPS,47.87788333333334,-124.739,America/Los_Angeles,2021-09-19 00:02:00,2021-09-19T07:02:00Z,17,1000,1651,2021-09-19 00:02:00,73,TH042,2021-09-19 00:29:31,2021-09-19 07:02:00+00:00,2021-09-19 07:29:31+00:00,2021-09-19 06:54:10.875000+00:00,2021-09-19 07:37:20.125000+00:00,44.134499999999996,3.568419,9.196575,3.4446,738418.3023959999,33.265425,25.7296,43.760000000000005,0.23045100708538202,0.012535517646538017,0.15243943879455898,0.031909337191486885,0.008965440087335986,0.012640510274510023,0.03382040804011642,0.22837542191167193,2021-09-19 07:00:26.985598+00:00,2021-09-19 07:30:27.043205+00:00,TH042,4,2021-09-19,2021-09-19,-0.5,-0.8666666666666667,0.001150378491729498,0.001268139691092074,-0.7874051335039117,-0.3342208159675695,0.06625113636255264,0.010000142268836498,3.2606513500213623,24.016164779663086,1010.4718627929688,5.299789905548096,0.6440204977989197,2240.763916015625,0.932460606098175,4.0312819480896,2263.081298828125,0.04339065030217171,-0.03987272456288338,40.90185543754495,10.0,47.87610638116913,47.87610638116913,47.87835632766127,10.07838249206543,-124.73185969013048,-124.72704402236144,-124.73185969013048,-44.224422454833984,144.2393341064453,1.0289140939712524,32.745933532714844,11.613616943359375,138.00755310058594,-5.812853487441316e-07,-0.008185704238712788,0.036242906004190445,160.5399627685547,8.75581169128418,-0.12700684368610382,-0.07569080591201782,0.1498151272535324,0.14416010677814484,-5.803158273920417e-05,0.12211910635232925,0.07606149464845657,-32.81917152140799,-14.92503223648802,0.0,3.402304561119224e-16,0.0009262154344469309,0.0010148484725505114,2.2682030407461493e-16,1.701152280559612e-16,0.014633959159255028,0.002208974678069353,0.2329418659210205,0.30914396047592163,4.734795570373535,0.8734520077705383,0.09985218942165375,7.788322925567627,3.2766194343566895,2.8569014072418213,2.9128193855285645,0.062050219625234604,0.038125574588775635,2.903299892155071e-14,0.0,1.4516499460775356e-14,1.4516499460775356e-14,2.1774749191163033e-14,6.265283107757568,0.0,4.354949838232607e-14,0.0,21.8944091796875,9.59326171875,0.17030996084213257,0.07726369798183441,6.2363152503967285,201.56568908691406,2.202360974479234e-06,0.028628958389163017,0.04905938729643822,213.4293975830078,0.23523476719856262,0.10850270092487335,0.02688184194266796,0.047969408333301544,0.03592250496149063,0.00037923830677755177,0.8972296714782715,0.020246706902980804,0.1767752517930155,0.5681354745274009,2021-09-19 00:00:00+00:00,2021-09-19 23:00:00+00:00,TH042,24
E1292.TH042-PPS-0821,1,1,False,2021-09-20,9/20/2021,19:01:00,12:01,PPSPort18-TH042,TH042,18,PPSUnit;ProgrammedSampling,95%EtOH,OlympicCoastNationalMarineSanctuary,TeahwhitHead,34.0,47˚52.673'N,124˚44.340'W,1000,SeanMcAllisterandEmilyNorton,,E1292,TH042-PPS-0821,2021_AugSept_OCNMS_TH042-PPS,47.87788333333334,-124.739,America/Los_Angeles,2021-09-20 12:01:00,2021-09-20T19:01:00Z,18,1000,1540,2021-09-20 12:01:53,73,TH042,2021-09-20 12:27:33,2021-09-20 19:01:53+00:00,2021-09-20 19:27:33+00:00,2021-09-20 18:54:03.875000+00:00,2021-09-20 19:35:22.125000+00:00,44.258750000000006,3.50623325,8.2584,0.6290800000000001,738419.8023959999,33.497825000000006,26.056525,43.8835,0.05623981389253336,0.0010424389270680676,0.01512503443522306,0.025795068004045563,0.008965440087335986,0.003629853073243018,0.005044055907698902,0.05582412859448469,2021-09-20 19:00:26.985598+00:00,2021-09-20 19:30:27.043205+00:00,TH042,4,2021-09-20,2021-09-20,-0.5,-0.8666666666666667,0.00039797896170057356,0.00045620533637702465,-0.7874051335039117,-0.3342208159675695,0.08809909224510193,0.01329835969954729,3.111288070678711,25.235498428344727,1024.5787353515625,7.5873188972473145,0.9027881622314453,2246.05517578125,-0.32459956407546997,3.285946846008301,2262.427734375,0.016901595517992973,-0.002603128319606185,40.90185543754495,10.0,47.87610638116913,47.87610638116913,47.87835632766127,3.1284024715423584,-124.73185969013048,-124.72704402236144,-124.73185969013048,-19.3704891204834,151.75868225097656,1.32136869430542,32.72665023803711,3.1531245708465576,73.21529388427734,-8.751265312412215e-08,-0.004678110126405954,0.018777934834361076,86.30423736572266,8.95830249786377,-0.03565235808491707,-0.025782926008105278,0.0658135935664177,0.0582832396030426,4.662053470383398e-05,0.11494966596364975,0.12644828855991364,-32.8205840686328,-14.929572001979617,0.0,3.402304561119224e-16,0.00022787708439864218,0.00025720527628436685,2.2682030407461493e-16,1.701152280559612e-16,0.01859668456017971,0.0028080553747713566,0.7089539766311646,0.821958065032959,2.791524648666382,0.658172070980072,0.0695178210735321,18.45606803894043,2.172084331512451,1.7988193035125732,3.4236061573028564,0.05529533326625824,0.015849729999899864,2.903299892155071e-14,0.0,1.4516499460775356e-14,1.4516499460775356e-14,2.1774749191163033e-14,3.0168092250823975,0.0,4.354949838232607e-14,0.0,31.670351028442383,25.37615203857422,0.24686789512634277,0.0988200455904007,2.60919189453125,117.54418182373047,1.490391383640599e-07,0.008432617411017418,0.019564451649785042,113.1545639038086,0.32806283235549927,0.13725998997688293,0.033996328711509705,0.04835684970021248,0.03701230511069298,0.0004572348843794316,0.9215359091758728,0.03275637701153755,0.18156415271554094,0.5835264552811417,2021-09-20 00:00:00+00:00,2021-09-20 23:00:00+00:00,TH042,24
E1316.CE042-PPS-0821,1,1,False,2021-09-20,9/20/2021,19:02:00,12:02,PPSPort18-CE042,CE042,18,PPSUnit;ProgrammedSampling,-,OlympicCoastNationalMarineSanctuary,CapeElizabeth,34.0,47˚21.009'N,124˚29.126'W,1000,ShannonBrown,Likelynotpreservedinfixative,E1316,CE042-PPS-0821,2021_AugSept_OCNMS_CE042-PPS,47.35015,-124.48543333333333,America/Los_Angeles,2021-09-20 12:02:00,2021-09-20T19:02:00Z,18,1000,885,2021-09-20 12:02:04,78,CE042,2021-09-20 12:16:49,2021-09-20 19:02:04+00:00,2021-09-20 19:16:49+00:00,2021-09-20 18:54:14.875000+00:00,2021-09-20 19:24:38.125000+00:00,,,,,,,,,,,,,,,,,,,,0,2021-09-20,2021-09-20,-0.5,-0.8333333333333333,0.0004711913352366537,0.0005310028791427612,-0.7270814053900752,-0.3342208159675695,,0.021111009642481804,3.7343263626098633,23.845121383666992,1023.4105834960938,,1.2139811515808105,2258.76513671875,0.05797488987445831,1.0871784687042236,2264.409912109375,0.02116302214562893,0.0031792239751666784,43.62776106458627,10.0,47.35411879498962,47.35411879498962,47.35636874148177,5.5409159660339355,-124.48477085759984,-124.48044448521726,-124.48477085759984,-29.685461044311523,174.99749755859375,1.539896845817566,32.826271057128906,4.699291706085205,93.99727630615234,-9.101297848701506e-08,-0.0022932228166610003,0.00480908015742898,113.44251251220703,9.771162986755371,-0.08341066539287567,-0.07559334486722946,0.07840148359537125,0.09999621659517288,4.224732401780784e-05,0.07928093522787094,0.19268083572387695,-32.56525805683353,-15.879635537760533,,,,,,,,,,,,,,,,,,,,,,,,,,,,,,,,,,,,,,,,,,,,,,,,,2021-09-20 12:00:00+00:00,2021-09-20 12:00:00+00:00,CE042,1
E1293.TH042-PPS-0821,1,1,False,2021-09-22,9/22/2021,07:01:00,0:01,PPSPort19-TH042,TH042,19,PPSUnit;ProgrammedSampling,95%EtOH,OlympicCoastNationalMarineSanctuary,TeahwhitHead,34.0,47˚52.673'N,124˚44.340'W,1000,SeanMcAllisterandEmilyNorton,,E1293,TH042-PPS-0821,2021_AugSept_OCNMS_TH042-PPS,47.87788333333334,-124.739,America/Los_Angeles,2021-09-22 00:01:00,2021-09-22T07:01:00Z,19,650,1135,2021-09-22 00:01:48,73,TH042,2021-09-22 00:20:43,2021-09-22 07:01:48+00:00,2021-09-22 07:20:43+00:00,2021-09-22 06:53:58.875000+00:00,2021-09-22 07:28:32.125000+00:00,43.936,3.5030653333333333,8.200166666666666,1.0939733333333335,738421.2989236666,33.5199,26.08253333333333,43.56333333333333,0.0901387818866015,0.002841269141305249,0.034948867411310466,0.013859301329191612,0.006944500032293143,0.0040149719799797996,0.008006455728556494,0.08972364979944415,2021-09-22 07:00:26.985598+00:00,2021-09-22 07:20:26.995202+00:00,TH042,3,2021-09-22,2021-09-22,-0.5,-0.8666666666666667,0.000377055344870314,0.0004091826267540455,-0.7874051335039117,-0.3342208159675695,0.11676174402236938,0.017624422907829285,3.332275629043579,26.153915405273438,1019.5106811523438,8.808670997619629,1.0262601375579834,2260.251708984375,0.8224418759346008,-1.642677664756775,2264.605712890625,-0.003294479101896286,0.028449997305870056,40.90185543754495,10.0,47.87610638116913,47.87610638116913,47.87835632766127,1.5859484672546387,-124.73185969013048,-124.72704402236144,-124.73185969013048,-22.19060516357422,136.5368194580078,1.1065654754638672,32.79857635498047,4.732244491577148,76.81439971923828,-2.179377389666115e-07,0.0049001299776136875,-0.007380797062069178,92.68680572509766,8.759156227111816,0.056373197585344315,0.06948471069335938,-0.101736880838871,-0.10211079567670822,4.191584957879968e-05,0.049681857228279114,0.11020616441965103,-32.83344335473321,-14.970900279193991,0.0,3.402304561119224e-16,0.00023857479391153902,0.00021545756317209452,2.2682030407461493e-16,1.701152280559612e-16,0.04543108493089676,0.0068575539626181126,1.1078964471817017,1.3891944885253906,2.4932730197906494,0.7051711678504944,0.07379543781280518,33.27436828613281,2.078435182571411,2.303171157836914,6.716556549072266,0.08082739263772964,0.029877185821533203,2.903299892155071e-14,0.0,1.4516499460775356e-14,1.4516499460775356e-14,2.1774749191163033e-14,3.7922420501708984,0.0,4.354949838232607e-14,0.0,29.233251571655273,43.0426139831543,0.4395059049129486,0.18153643608093262,3.7863500118255615,141.89755249023438,5.805082992083044e-07,0.008049179799854755,0.010319514200091362,136.6438446044922,0.5763250589370728,0.15866856276988983,0.035427164286375046,0.07517357170581818,0.03625937178730965,0.0008861146052367985,0.8913664221763611,0.052198346704244614,0.17562006307421238,0.5644228298881275,2021-09-22 00:00:00+00:00,2021-09-22 23:00:00+00:00,TH042,24
E1317.CE042-PPS-0821,1,1,False,2021-09-22,9/22/2021,07:02:00,0:02,PPSPort19-CE042,CE042,19,PPSUnit;ProgrammedSampling,-,OlympicCoastNationalMarineSanctuary,CapeElizabeth,34.0,47˚21.009'N,124˚29.126'W,1000,ShannonBrown,Likelynotpreservedinfixative,E1317,CE042-PPS-0821,2021_AugSept_OCNMS_CE042-PPS,47.35015,-124.48543333333333,America/Los_Angeles,2021-09-22 00:02:00,2021-09-22T07:02:00Z,19,1000,953,2021-09-22 00:01:59,78,CE042,2021-09-22 00:17:52,2021-09-22 07:01:59+00:00,2021-09-22 07:17:52+00:00,2021-09-22 06:54:09.875000+00:00,2021-09-22 07:25:41.125000+00:00,,,,,,,,,,,,,,,,,,,,0,2021-09-22,2021-09-22,-0.5,-0.8333333333333333,0.00031759333796799183,0.0003805021697189659,-0.7270814053900752,-0.3342208159675695,,0.023616863414645195,3.4880590438842773,23.82801055908203,1020.49462890625,,1.2711983919143677,2254.889404296875,2.292994499206543,-4.158624172210693,2263.8916015625,-0.02038797177374363,0.011224701069295406,43.62776106458627,10.0,47.35411879498962,47.35411879498962,47.35636874148177,4.827613353729248,-124.48477085759984,-124.48044448521726,-124.48477085759984,-34.799354553222656,177.86180114746094,1.2944321632385254,32.817474365234375,12.304040908813477,98.42023468017578,-1.4515714497065346e-07,0.015595040284097195,-0.027304131537675858,116.08795166015625,9.831557273864746,0.06161237508058548,0.048934370279312134,-0.1297643780708313,-0.11822009086608887,6.7546745412983e-05,0.04276276379823685,0.16770805418491364,-32.574501015468876,-15.902819692040385,,,,,,,,,,,,,,,,,,,,,,,,,,,,,,,,,,,,,,,,,,,,,,,,,2021-09-22 12:00:00+00:00,2021-09-22 12:00:00+00:00,CE042,1
E1318.CE042-PPS-0821,1,1,False,2021-09-23,9/23/2021,19:01:00,12:01,PPSPort20-CE042,CE042,20,PPSUnit;ProgrammedSampling,-,OlympicCoastNationalMarineSanctuary,CapeElizabeth,34.0,47˚21.009'N,124˚29.126'W,1000,ShannonBrown,Likelynotpreservedinfixative,E1318,CE042-PPS-0821,2021_AugSept_OCNMS_CE042-PPS,47.35015,-124.48543333333333,America/Los_Angeles,2021-09-23 12:01:00,2021-09-23T19:01:00Z,20,1000,933,2021-09-23 12:01:54,78,CE042,2021-09-23 12:17:27,2021-09-23 19:01:54+00:00,2021-09-23 19:17:27+00:00,2021-09-23 18:54:04.875000+00:00,2021-09-23 19:25:16.125000+00:00,,,,,,,,,,,,,,,,,,,,0,2021-09-23,2021-09-23,-0.5,-0.8333333333333333,0.0002731884305831045,0.00031488409149460495,-0.7270814053900752,-0.3342208159675695,,0.025074876844882965,4.51028299331665,25.58839988708496,1024.1212158203125,,1.2273919582366943,2282.9638671875,1.8458601236343384,-4.340909481048584,2266.8798828125,-0.007548621390014887,0.00726094888523221,43.62776106458627,10.0,47.35411879498962,47.35411879498962,47.35636874148177,-1.8819705247879028,-124.48477085759984,-124.48044448521726,-124.48477085759984,-51.9790153503418,137.08660888671875,0.8983381390571594,32.895538330078125,6.486395359039307,83.37844848632812,3.1047353576951764e-09,0.0152444401755929,-0.03170701861381531,130.75302124023438,9.225793838500977,0.0539497435092926,0.031862348318099976,-0.08993929624557495,-0.08702865988016129,3.351952909724787e-05,0.043378815054893494,0.11264114081859589,-32.57434508936252,-15.902428581893862,,,,,,,,,,,,,,,,,,,,,,,,,,,,,,,,,,,,,,,,,,,,,,,,,2021-09-23 12:00:00+00:00,2021-09-23 12:00:00+00:00,CE042,1
E1294.TH042-PPS-0821,1,1,False,2021-09-23,9/23/2021,19:01:00,12:01,PPSPort20-TH042,TH042,20,PPSUnit;ProgrammedSampling,95%EtOH,OlympicCoastNationalMarineSanctuary,TeahwhitHead,34.0,47˚52.673'N,124˚44.340'W,1000,SeanMcAllisterandEmilyNorton,,E1294,TH042-PPS-0821,2021_AugSept_OCNMS_TH042-PPS,47.87788333333334,-124.739,America/Los_Angeles,2021-09-23 12:01:00,2021-09-23T19:01:00Z,20,1000,1357,2021-09-23 12:01:42,73,TH042,2021-09-23 12:24:19,2021-09-23 19:01:42+00:00,2021-09-23 19:24:19+00:00,2021-09-23 18:53:52.875000+00:00,2021-09-23 19:32:08.125000+00:00,43.4495,3.4848677500000003,7.90855,0.8489325,738422.8023959999,33.6055,26.1927,43.080999999999996,0.12349493916756196,0.00022629239934200996,0.0025980762113532777,0.006069263409453658,0.008965440087335986,0.0006531972647406585,0.0006976149845487864,0.12224838103904088,2021-09-23 19:00:26.985598+00:00,2021-09-23 19:30:27.043205+00:00,TH042,4,2021-09-23,2021-09-23,-0.5,-0.8666666666666667,0.0002743588702287525,0.0003189243725501001,-0.7874051335039117,-0.3342208159675695,0.12437814474105835,0.018774060532450676,4.249866008758545,26.095779418945312,1025.3533935546875,8.892843246459961,1.0295060873031616,2273.212646484375,0.6617217063903809,-1.6378024816513062,2266.950927734375,-0.006899738218635321,0.015115675516426563,40.90185543754495,10.0,47.87610638116913,47.87610638116913,47.87835632766127,-5.242283344268799,-124.73185969013048,-124.72704402236144,-124.73185969013048,-29.8934383392334,119.17327117919922,0.7558777928352356,32.848411560058594,-2.3533847332000732,82.20997619628906,6.552096465384238e-08,0.005388791207224131,-0.01032920554280281,119.6990737915039,8.540277481079102,0.019940519705414772,0.028593068942427635,-0.0995088592171669,-0.09676700830459595,1.3749963727605063e-05,0.042250145226716995,0.07734105736017227,-32.83490757586142,-14.975606118710843,0.0,3.402304561119224e-16,0.000178432441316545,0.00016716185200493783,2.2682030407461493e-16,1.701152280559612e-16,0.03167378157377243,0.004780948162078857,0.8393492698669434,0.9962747097015381,0.8828914165496826,0.7991577982902527,0.0848773866891861,20.935537338256836,2.0282092094421387,2.0281946659088135,4.803284168243408,0.03550191968679428,0.02058802731335163,2.903299892155071e-14,0.0,1.4516499460775356e-14,1.4516499460775356e-14,2.1774749191163033e-14,3.147109031677246,0.0,4.354949838232607e-14,0.0,33.331504821777344,26.038249969482422,0.2340553104877472,0.1341184824705124,5.117583274841309,174.63262939453125,3.873370957307998e-08,0.012065752409398556,0.017615126445889473,167.4119873046875,0.39219367504119873,0.11122921854257584,0.038565997034311295,0.0759640485048294,0.015514042228460312,0.0006253598839975893,0.840816855430603,0.029851669445633888,0.16566060862093004,0.5324142804760508,2021-09-23 00:00:00+00:00,2021-09-23 23:00:00+00:00,TH042,24
E1319.CE042-PPS-0821,1,1,False,2021-09-25,9/25/2021,07:01:00,0:01,PPSPort21-CE042,CE042,21,PPSUnit;ProgrammedSampling,-,OlympicCoastNationalMarineSanctuary,CapeElizabeth,34.0,47˚21.009'N,124˚29.126'W,1000,ShannonBrown,Likelynotpreservedinfixative,E1319,CE042-PPS-0821,2021_AugSept_OCNMS_CE042-PPS,47.35015,-124.48543333333333,America/Los_Angeles,2021-09-25 00:01:00,2021-09-25T07:01:00Z,21,1000,938,2021-09-25 00:01:49,78,CE042,2021-09-25 00:17:27,2021-09-25 07:01:49+00:00,2021-09-25 07:17:27+00:00,2021-09-25 06:53:59.875000+00:00,2021-09-25 07:25:16.125000+00:00,,,,,,,,,,,,,,,,,,,,0,2021-09-25,2021-09-25,-0.5,-0.8333333333333333,0.0011768999975174665,0.0011802207445725799,-0.7270814053900752,-0.3342208159675695,,0.02632639929652214,6.035557270050049,28.640033721923828,1012.5579223632812,,1.043481469154358,2327.902587890625,1.7857118844985962,-3.471975088119507,2275.46240234375,-0.04404531046748161,0.04016391932964325,43.62776106458627,10.0,47.35411879498962,47.35411879498962,47.35636874148177,7.431702136993408,-124.48477085759984,-124.48044448521726,-124.48477085759984,-29.068143844604492,67.1532211303711,0.4155798554420471,33.08224105834961,12.432668685913086,105.74337005615234,-4.802681701221445e-07,0.014655258506536484,-0.03337160125374794,114.94715118408203,8.06275749206543,0.0917929857969284,0.060407720506191254,-0.19034072756767273,-0.17126530408859253,3.611244392232038e-05,0.017687169834971428,0.04154437407851219,-32.58084779211967,-15.918739340159226,,,,,,,,,,,,,,,,,,,,,,,,,,,,,,,,,,,,,,,,,,,,,,,,,2021-09-25 12:00:00+00:00,2021-09-25 12:00:00+00:00,CE042,1
E1295.TH042-PPS-0821,1,1,False,2021-09-25,9/25/2021,07:01:00,0:01,PPSPort21-TH042,TH042,21,PPSUnit;ProgrammedSampling,95%EtOH,OlympicCoastNationalMarineSanctuary,TeahwhitHead,34.0,47˚52.673'N,124˚44.340'W,1000,SeanMcAllisterandEmilyNorton,,E1295,TH042-PPS-0821,2021_AugSept_OCNMS_TH042-PPS,47.87788333333334,-124.739,America/Los_Angeles,2021-09-25 00:01:00,2021-09-25T07:01:00Z,21,1000,1402,2021-09-25 00:01:37,73,TH042,2021-09-25 00:24:59,2021-09-25 07:01:37+00:00,2021-09-25 07:24:59+00:00,2021-09-25 06:53:47.875000+00:00,2021-09-25 07:32:48.125000+00:00,42.5385,3.4776960000000003,7.8354,0.791765,738424.3023959999,33.599425,26.198574999999998,42.1775,0.1879015699774766,0.000997977287650766,0.014561364404935924,0.004037907874134859,0.008965440087335986,0.0032479480701922796,0.004670742267920225,0.1862301443554922,2021-09-25 07:00:26.985598+00:00,2021-09-25 07:30:27.043205+00:00,TH042,4,2021-09-25,2021-09-25,-0.5,-0.8666666666666667,0.0016645503928884864,0.0017059020465239882,-0.7874051335039117,-0.3342208159675695,0.08694132417440414,0.013123225420713425,3.0562961101531982,25.280487060546875,1012.2582397460938,6.06320333480835,0.6997067332267761,2260.90283203125,1.666946530342102,-4.409094333648682,2268.902099609375,-0.05635664239525795,0.049437668174505234,40.90185543754495,10.0,47.87610638116913,47.87610638116913,47.87835632766127,7.1758341789245605,-124.73185969013048,-124.72704402236144,-124.73185969013048,-15.399409294128418,115.86602020263672,0.2603284418582916,32.94850540161133,10.899836540222168,68.0719985961914,-1.235451208003724e-07,0.012125606648623943,-0.03318260982632637,65.39574432373047,8.10867691040039,0.1666203886270523,0.14713247120380402,-0.2207368016242981,-0.293283611536026,4.9938844313146546e-05,-0.004985664039850235,0.026194727048277855,-32.84421413696766,-15.00551634345486,0.0,3.402304561119224e-16,0.0017157583497464657,0.001534240902401507,2.2682030407461493e-16,1.701152280559612e-16,0.026504408568143845,0.004000673070549965,0.8827394843101501,1.4965633153915405,0.5526474714279175,1.3913986682891846,0.16260883212089539,31.535198211669922,0.9868348836898804,2.5190796852111816,10.226053237915039,0.044059254229068756,0.0358455590903759,2.903299892155071e-14,0.0,1.4516499460775356e-14,1.4516499460775356e-14,2.1774749191163033e-14,6.838717460632324,0.0,4.354949838232607e-14,0.0,29.896379470825195,27.630414962768555,0.26447227597236633,0.23923248052597046,10.80945873260498,95.48966979980469,8.946994256575636e-08,0.017642753198742867,0.04265761002898216,91.83000183105469,0.6431707143783569,0.059847407042980194,0.04044201970100403,0.1423097848892212,0.030459534376859665,0.000650000583846122,0.7146956324577332,0.022875860333442688,0.14081176848654514,0.45255294560020043,2021-09-25 00:00:00+00:00,2021-09-25 23:00:00+00:00,TH042,24
E1320.CE042-PPS-0821,1,1,False,2021-09-26,9/26/2021,19:01:00,12:01,PPSPort22-CE042,CE042,22,PPSUnit;ProgrammedSampling,-,OlympicCoastNationalMarineSanctuary,CapeElizabeth,34.0,47˚21.009'N,124˚29.126'W,1000,ShannonBrown,Likelynotpreservedinfixative,E1320,CE042-PPS-0821,2021_AugSept_OCNMS_CE042-PPS,47.35015,-124.48543333333333,America/Los_Angeles,2021-09-26 12:01:00,2021-09-26T19:01:00Z,22,1000,934,2021-09-26 12:01:43,78,CE042,2021-09-26 12:17:17,2021-09-26 19:01:43+00:00,2021-09-26 19:17:17+00:00,2021-09-26 18:53:53.875000+00:00,2021-09-26 19:25:06.125000+00:00,,,,,,,,,,,,,,,,,,,,0,2021-09-26,2021-09-26,-0.5,-0.8333333333333333,0.0022361516021192074,0.002255029510706663,-0.7270814053900752,-0.3342208159675695,,0.025582656264305115,6.16612434387207,28.579078674316406,1008.53466796875,,1.125834345817566,2328.15966796875,-1.3921990394592285,5.931345462799072,2274.70166015625,0.03190673887729645,-0.028646348044276237,43.62776106458627,10.0,47.35411879498962,47.35411879498962,47.35636874148177,31.08666229248047,-124.48477085759984,-124.48044448521726,-124.48477085759984,-2.965581178665161,68.66207885742188,0.4283565878868103,33.06293487548828,30.978620529174805,100.92189025878906,-1.1351958164595999e-05,-0.032842181622982025,0.10594099760055542,41.822200775146484,8.147619247436523,-0.04633820056915283,-0.021647538989782333,0.04524669051170349,0.026539800688624382,-8.984938904177397e-05,0.07859684526920319,0.044599179178476334,-32.5654312039256,-15.88006984338215,,,,,,,,,,,,,,,,,,,,,,,,,,,,,,,,,,,,,,,,,,,,,,,,,2021-09-26 12:00:00+00:00,2021-09-26 12:00:00+00:00,CE042,1
E1296.TH042-PPS-0821,1,1,False,2021-09-26,9/26/2021,19:01:00,12:01,PPSPort22-TH042,TH042,22,PPSUnit;ProgrammedSampling,95%EtOH,OlympicCoastNationalMarineSanctuary,TeahwhitHead,34.0,47˚52.673'N,124˚44.340'W,1000,SeanMcAllisterandEmilyNorton,,E1296,TH042-PPS-0821,2021_AugSept_OCNMS_TH042-PPS,47.87788333333334,-124.739,America/Los_Angeles,2021-09-26 12:01:00,2021-09-26T19:01:00Z,22,1000,1208,2021-09-26 12:01:31,73,TH042,2021-09-26 12:21:39,2021-09-26 19:01:31+00:00,2021-09-26 19:21:39+00:00,2021-09-26 18:53:41.875000+00:00,2021-09-26 19:29:28.125000+00:00,43.227,3.5333256666666664,8.659166666666666,2.16475,738425.7989236666,33.4041,25.922266666666662,42.86066666666667,0.14996332885075636,0.0002998821990939386,0.007595612768785059,0.021080958232490333,0.006944500032293143,0.0042035699113963255,0.004479211240087256,0.14886347212574605,2021-09-26 19:00:26.985598+00:00,2021-09-26 19:20:26.995202+00:00,TH042,3,2021-09-26,2021-09-26,-0.5,-0.8666666666666667,0.0025993348099291325,0.00265540205873549,-0.7874051335039117,-0.3342208159675695,0.049903690814971924,0.0075326040387153625,2.4361319541931152,25.1294002532959,1008.298828125,4.865703582763672,0.5756096839904785,2252.8173828125,-4.686790943145752,8.354811668395996,2268.119384765625,0.027341656386852264,0.0004961744998581707,40.90185543754495,10.0,47.87610638116913,47.87610638116913,47.87835632766127,36.149600982666016,-124.73185969013048,-124.72704402236144,-124.73185969013048,-2.803140878677368,122.01863861083984,0.2550082504749298,32.94667434692383,33.965293884277344,96.82408905029297,-9.905462320602965e-06,-0.09749677032232285,0.16034983098506927,29.5123348236084,8.083767890930176,-0.05569732189178467,0.013038690201938152,-0.0028858978766947985,-0.06772256642580032,-6.226501864148304e-05,0.05286779999732971,0.02212044596672058,-32.832815650428664,-14.968882909232372,0.0,3.402304561119224e-16,0.0019112122245132923,0.0019584516994655132,2.2682030407461493e-16,1.701152280559612e-16,0.023268412798643112,0.0035122144035995007,0.4476928114891052,0.5858533978462219,1.6288652420043945,0.925416886806488,0.11248019337654114,13.142780303955078,2.479451894760132,3.0812838077545166,6.703773498535156,0.06698448210954666,0.042940836399793625,2.903299892155071e-14,0.0,1.4516499460775356e-14,1.4516499460775356e-14,2.1774749191163033e-14,20.079980850219727,0.0,4.354949838232607e-14,0.0,30.431333541870117,12.323104858398438,0.2458503246307373,0.16447235643863678,20.800674438476562,83.5997314453125,1.737577076710295e-05,0.06593994796276093,0.1065242663025856,53.82576370239258,0.42793914675712585,0.155114084482193,0.08559082448482513,0.14288870990276337,0.12805885076522827,0.0007070400752127171,0.6515534520149231,0.017763469368219376,0.12837128083782381,0.4125706387898879,2021-09-26 00:00:00+00:00,2021-09-26 23:00:00+00:00,TH042,24
E1321.CE042-PPS-0821,1,1,False,2021-09-28,9/28/2021,07:01:00,0:01,PPSPort23-CE042,CE042,23,PPSUnit;ProgrammedSampling,-,OlympicCoastNationalMarineSanctuary,CapeElizabeth,34.0,47˚21.009'N,124˚29.126'W,1000,ShannonBrown,Likelynotpreservedinfixative,E1321,CE042-PPS-0821,2021_AugSept_OCNMS_CE042-PPS,47.35015,-124.48543333333333,America/Los_Angeles,2021-09-28 00:01:00,2021-09-28T07:01:00Z,23,1000,892,2021-09-28 00:01:38,78,CE042,2021-09-28 00:16:30,2021-09-28 07:01:38+00:00,2021-09-28 07:16:30+00:00,2021-09-28 06:53:48.875000+00:00,2021-09-28 07:24:19.125000+00:00,,,,,,,,,,,,,,,,,,,,0,2021-09-28,2021-09-28,-0.5,-0.8333333333333333,0.0013936233008280396,0.0013879155740141869,-0.7270814053900752,-0.3342208159675695,,0.020414523780345917,4.26218318939209,22.917922973632812,1011.9404907226562,,1.1337623596191406,2247.731689453125,2.060614824295044,3.2351620197296143,2260.098876953125,0.02514263615012169,-0.02260781265795231,43.62776106458627,10.0,47.35411879498962,47.35411879498962,47.35636874148177,-3.8224129676818848,-124.48477085759984,-124.48044448521726,-124.48477085759984,-40.95647430419922,172.2261505126953,1.1147677898406982,32.683433532714844,14.618252754211426,82.676025390625,-1.2598380862982594e-06,0.011073362082242966,0.0331818163394928,112.8366470336914,9.980097770690918,-0.07336319983005524,-0.09659325331449509,0.1428513526916504,0.21641285717487335,4.0698829252505675e-05,0.1193709522485733,0.13437402248382568,-32.55511104359309,-15.85418373929136,,,,,,,,,,,,,,,,,,,,,,,,,,,,,,,,,,,,,,,,,,,,,,,,,2021-09-28 12:00:00+00:00,2021-09-28 12:00:00+00:00,CE042,1
E1297.TH042-PPS-0821,1,1,False,2021-09-28,9/28/2021,07:01:00,0:01,PPSPort23-TH042,TH042,23,PPSUnit;ProgrammedSampling,95%EtOH,OlympicCoastNationalMarineSanctuary,TeahwhitHead,34.0,47˚52.673'N,124˚44.340'W,1000,SeanMcAllisterandEmilyNorton,,E1297,TH042-PPS-0821,2021_AugSept_OCNMS_TH042-PPS,47.87788333333334,-124.739,America/Los_Angeles,2021-09-28 00:01:00,2021-09-28T07:01:00Z,23,1000,1610,2021-09-28 00:01:26,73,TH042,2021-09-28 00:28:16,2021-09-28 07:01:26+00:00,2021-09-28 07:28:16+00:00,2021-09-28 06:53:36.875000+00:00,2021-09-28 07:36:05.125000+00:00,42.067499999999995,3.59039225,9.469825,2.53336,738427.3023959999,33.2392,25.665275,41.710750000000004,0.7473925786804861,0.001429344925714719,0.018209040794798972,0.005767512462058445,0.008965440087335986,0.0032010414971780443,0.005168091201465693,0.7412221326970749,2021-09-28 07:00:26.985598+00:00,2021-09-28 07:30:27.043205+00:00,TH042,4,2021-09-28,2021-09-28,-0.5,-0.8666666666666667,0.0013200059765949845,0.0013950853608548641,-0.7874051335039117,-0.3342208159675695,0.09748411178588867,0.014714531600475311,2.6258199214935303,21.46527099609375,1011.1433715820312,8.257044792175293,0.9541638493537903,2188.1572265625,2.935333490371704,1.7232431173324585,2246.867431640625,0.018581541255116463,-0.012147386558353901,40.90185543754495,10.0,47.87610638116913,47.87610638116913,47.87835632766127,-13.206771850585938,-124.73185969013048,-124.72704402236144,-124.73185969013048,-45.43598937988281,208.26466369628906,1.5960811376571655,32.30632400512695,8.822151184082031,71.30611419677734,-1.4890853208271437e-06,0.017925886437296867,0.028528159484267235,121.1267318725586,10.228455543518066,-0.07470890879631042,-0.10195919126272202,0.11116382479667664,0.1602402776479721,1.9658478777273558e-05,0.12400362640619278,0.18966682255268097,-32.818800226623864,-14.923838937447401,0.0,3.402304561119224e-16,0.001091678743250668,0.001070374040864408,2.2682030407461493e-16,1.701152280559612e-16,0.03674183785915375,0.005545975174754858,0.5851431488990784,0.526788055896759,4.070899486541748,1.2110987901687622,0.13001668453216553,12.880603790283203,2.6400485038757324,4.914369106292725,2.2117021083831787,0.03414899855852127,0.03246403858065605,2.903299892155071e-14,0.0,1.4516499460775356e-14,1.4516499460775356e-14,2.1774749191163033e-14,12.385516166687012,0.0,4.354949838232607e-14,0.0,29.124563217163086,13.226422309875488,0.1255003660917282,0.060753170400857925,6.168065547943115,168.25872802734375,3.2437492336612195e-06,0.028052914887666702,0.06566808372735977,183.1298370361328,0.20757083594799042,0.09736102819442749,0.03322521224617958,0.07394672930240631,0.04311249777674675,0.0006017021369189024,0.5491420030593872,0.018349889665842056,0.10819384235942692,0.3477226554415475,2021-09-28 00:00:00+00:00,2021-09-28 23:00:00+00:00,TH042,24
E1322.CE042-PPS-0821,1,1,False,2021-09-29,9/29/2021,19:01:00,12:01,PPSPort24-CE042,CE042,24,PPSUnit;ProgrammedSampling,-,OlympicCoastNationalMarineSanctuary,CapeElizabeth,34.0,47˚21.009'N,124˚29.126'W,1000,ShannonBrown,Likelynotpreservedinfixative,E1322,CE042-PPS-0821,2021_AugSept_OCNMS_CE042-PPS,47.35015,-124.48543333333333,America/Los_Angeles,2021-09-29 12:01:00,2021-09-29T19:01:00Z,24,1000,904,2021-09-29 12:01:33,78,CE042,2021-09-29 12:16:37,2021-09-29 19:01:33+00:00,2021-09-29 19:16:37+00:00,2021-09-29 18:53:43.875000+00:00,2021-09-29 19:24:26.125000+00:00,,,,,,,,,,,,,,,,,,,,0,2021-09-29,2021-09-29,-0.5,-0.8333333333333333,0.005336080677807331,0.005206527188420296,-0.7270814053900752,-0.3342208159675695,,0.018810702487826347,4.351865768432617,21.243547439575195,1015.8221435546875,,1.140416145324707,2229.78466796875,-1.679540991783142,7.425879955291748,2256.9140625,0.015890520066022873,-0.011659431271255016,43.62776106458627,10.0,47.35411879498962,47.35411879498962,47.35636874148177,1.1524646282196045,-124.48477085759984,-124.48044448521726,-124.48477085759984,-11.266729354858398,180.5769500732422,1.1697748899459839,32.56279754638672,20.088552474975586,60.50347137451172,-6.991602276684716e-06,-0.05132424086332321,0.14438368380069733,50.52919006347656,10.295312881469727,-0.09711170196533203,-0.11362117528915405,0.16279445588588715,0.25106820464134216,-1.3142498573870398e-05,0.11846659332513809,0.1461096704006195,-32.55533994202347,-15.854757886242984,,,,,,,,,,,,,,,,,,,,,,,,,,,,,,,,,,,,,,,,,,,,,,,,,2021-09-29 12:00:00+00:00,2021-09-29 12:00:00+00:00,CE042,1
E1298.TH042-PPS-0821,1,1,False,2021-09-29,9/29/2021,19:01:00,12:01,PPSPort24-TH042,TH042,24,PPSUnit;ProgrammedSampling,95%EtOH,OlympicCoastNationalMarineSanctuary,TeahwhitHead,34.0,47˚52.673'N,124˚44.340'W,1000,SeanMcAllisterandEmilyNorton,,E1298,TH042-PPS-0821,2021_AugSept_OCNMS_TH042-PPS,47.87788333333334,-124.739,America/Los_Angeles,2021-09-29 12:01:00,2021-09-29T19:01:00Z,24,1000,1492,2021-09-29 12:01:21,73,TH042,2021-09-29 12:26:13,2021-09-29 19:01:21+00:00,2021-09-29 19:26:13+00:00,2021-09-29 18:53:31.875000+00:00,2021-09-29 19:34:02.125000+00:00,43.630500000000005,3.73124875,12.2523,7.3579225,738428.8023959999,32.154575,24.333824999999997,43.260000000000005,0.21883707790652504,0.0005318517180566992,0.0094555098575733,0.026654601072485084,0.008965440087335986,0.0030609094509080315,0.00413390453042519,0.2169224131650157,2021-09-29 19:00:26.985598+00:00,2021-09-29 19:30:27.043205+00:00,TH042,4,2021-09-29,2021-09-29,-0.5,-0.8666666666666667,0.006348315626382828,0.006639360915869474,-0.7874051335039117,-0.3342208159675695,0.12258759886026382,0.018503790721297264,2.8577840328216553,20.545305252075195,1015.0205078125,9.456622123718262,1.080116868019104,2179.002197265625,-4.58646821975708,10.079888343811035,2244.871826171875,0.08220718801021576,-0.038885459303855896,40.90185543754495,10.0,47.87610638116913,47.87610638116913,47.87835632766127,-16.38357162475586,-124.73185969013048,-124.72704402236144,-124.73185969013048,-16.56117820739746,216.3324432373047,1.465659260749817,32.23222351074219,5.695610046386719,0.7940635681152344,-2.1833422579220496e-05,-0.14249907433986664,0.26285675168037415,28.043203353881836,10.534858703613281,-0.11718679219484329,-0.12014611810445786,0.08191175013780594,0.22658073902130127,-0.00011439530499046668,0.12280388921499252,0.18963532149791718,-32.81903659984105,-14.924598613977643,0.0,3.402304561119224e-16,0.0058649200946092606,0.006185776088386774,2.2682030407461493e-16,1.701152280559612e-16,0.04762263596057892,0.007188314106315374,1.2156622409820557,2.620333194732666,1.2952170372009277,1.2908397912979126,0.1461600363254547,46.14336395263672,3.1407878398895264,3.177957534790039,7.42830753326416,0.14159996807575226,0.11259514093399048,2.903299892155071e-14,0.0,1.4516499460775356e-14,1.4516499460775356e-14,2.1774749191163033e-14,17.02141761779785,0.0,4.354949838232607e-14,0.0,30.29547691345215,42.27116394042969,0.2833822965621948,0.22030481696128845,11.263378143310547,63.63705062866211,2.3457927454728633e-05,0.11563920229673386,0.17515872418880463,55.485984802246094,0.7695269584655762,0.17678801715373993,0.08226486295461655,0.17450806498527527,0.16469073295593262,0.0006783943390473723,0.5289627909660339,0.04449968412518501,0.10421805108988959,0.33494491626918266,2021-09-29 00:00:00+00:00,2021-09-29 23:00:00+00:00,TH042,24
E1403.TH042-PPS-0622,1,1,False,2022-06-23,6/23/2022,07:00:00,0:00,1,TH042,1,PPSUnit;ProgrammedSampling,95%EtOH,OlympicCoastNationalMarineSanctuary,TeahwhitHead,33.7,47˚52.699'N,124˚44.187'W,1000,ShannonBrown,,E1403,TH042-PPS-0622,2022_JuneJuly_OCNMS_TH042-PPS,47.87831666666666,-124.73645,America/Los_Angeles,2022-06-23 00:00:00,2022-06-23T07:00:00Z,1,1000,748,2022-06-23 00:01:15,73,TH042,2022-06-23 00:13:43,2022-06-23 07:01:15+00:00,2022-06-23 07:13:43+00:00,2022-06-23 06:53:25.875000+00:00,2022-06-23 07:21:32.125000+00:00,43.35166666666667,3.437014,7.674533333333333,4.388073333333334,738695.2989236666,33.31616666666667,25.999200000000002,42.984,0.2377400541207427,0.00010123734488805955,0.001021436896402938,0.0032374424061801673,0.006944500032293143,0.0020256686138997084,0.0017776388834629718,0.23622870274376134,2022-06-23 07:00:26.985598+00:00,2022-06-23 07:20:26.995202+00:00,TH042,3,2022-06-23,2022-06-23,-0.5,-0.8666666666666667,0.0007512143929488957,0.0007968023419380188,-0.7874051335039117,-0.3342208159675695,0.14666329324245453,0.022137632593512535,2.54662823677063,24.639551162719727,1021.9439086914062,6.859920024871826,0.7414584159851074,2245.9794921875,4.526443958282471,-5.033407688140869,2279.102294921875,-0.11015184968709946,0.04538777098059654,40.90185543754495,10.0,47.87610638116913,47.87610638116913,47.87835632766127,-24.23368263244629,-124.73185969013048,-124.72704402236144,-124.73185969013048,-77.03815460205078,133.115478515625,0.16895228624343872,33.091949462890625,11.126049995422363,230.1893310546875,3.03143366409131e-07,0.0564936101436615,-0.0573631189763546,320.33514404296875,7.472564220428467,0.23773813247680664,0.19908452033996582,-0.1727132350206375,-0.32342037558555603,0.00010114978067576885,-0.05568626895546913,0.016871051862835884,-32.854203344525466,-15.037620515947586,0.0,3.402304561119224e-16,0.00031773661612533033,0.0002918485552072525,2.2682030407461493e-16,1.701152280559612e-16,0.0672258734703064,0.010146196000277996,0.27003782987594604,0.8167088031768799,0.6439076662063599,0.9908776879310608,0.11625241488218307,14.681733131408691,2.7936458587646484,1.4855003356933594,6.748745918273926,0.038440946489572525,0.02996973507106304,2.903299892155071e-14,0.0,1.4516499460775356e-14,1.4516499460775356e-14,2.1774749191163033e-14,17.56981658935547,0.0,4.354949838232607e-14,0.0,11.126461029052734,11.341017723083496,0.21260663866996765,0.15941646695137024,9.481805801391602,333.98101806640625,2.1818651418925583e-07,0.04031116142868996,0.032590482383966446,331.615966796875,0.24004419147968292,0.05323220044374466,0.0422993041574955,0.06622841954231262,0.06974295526742935,0.00031134317396208644,0.6157739162445068,0.016356389969587326,0.12132187189197287,0.3899146433608517,2022-06-23 00:00:00+00:00,2022-06-23 23:00:00+00:00,TH042,24
E1404.TH042-PPS-0622,1,1,False,2022-06-23,6/23/2022,19:00:00,12:00,2,TH042,2,PPSUnit;ProgrammedSampling,95%EtOH,OlympicCoastNationalMarineSanctuary,TeahwhitHead,33.7,47˚52.699'N,124˚44.187'W,87,ShannonBrown,Suddenpressurerelease,E1404,TH042-PPS-0622,2022_JuneJuly_OCNMS_TH042-PPS,47.87831666666666,-124.73645,America/Los_Angeles,2022-06-23 12:00:00,2022-06-23T19:00:00Z,2,87,66,2022-06-23 12:00:29,16,TH042,2022-06-23 12:01:35,2022-06-23 19:00:29+00:00,2022-06-23 19:01:35+00:00,2022-06-23 18:52:39.875000+00:00,2022-06-23 19:09:24.125000+00:00,43.524,3.429774,7.6331,4.14471,738695.791979,33.2778,25.975,43.154,,,,,,,,,2022-06-23 19:00:26.985598+00:00,2022-06-23 19:00:26.985598+00:00,TH042,1,2022-06-23,2022-06-23,-0.5,-0.8666666666666667,0.0007512143929488957,0.0007968023419380188,-0.7874051335039117,-0.3342208159675695,0.14666329324245453,0.022137632593512535,2.54662823677063,24.639551162719727,1021.9439086914062,6.859920024871826,0.7414584159851074,2245.9794921875,4.526443958282471,-5.033407688140869,2279.102294921875,-0.11015184968709946,0.04538777098059654,40.90185543754495,10.0,47.87610638116913,47.87610638116913,47.87835632766127,-24.23368263244629,-124.73185969013048,-124.72704402236144,-124.73185969013048,-77.03815460205078,133.115478515625,0.16895228624343872,33.091949462890625,11.126049995422363,230.1893310546875,3.03143366409131e-07,0.0564936101436615,-0.0573631189763546,320.33514404296875,7.472564220428467,0.23773813247680664,0.19908452033996582,-0.1727132350206375,-0.32342037558555603,0.00010114978067576885,-0.05568626895546913,0.016871051862835884,-32.854203344525466,-15.037620515947586,0.0,3.402304561119224e-16,0.00031773661612533033,0.0002918485552072525,2.2682030407461493e-16,1.701152280559612e-16,0.0672258734703064,0.010146196000277996,0.27003782987594604,0.8167088031768799,0.6439076662063599,0.9908776879310608,0.11625241488218307,14.681733131408691,2.7936458587646484,1.4855003356933594,6.748745918273926,0.038440946489572525,0.02996973507106304,2.903299892155071e-14,0.0,1.4516499460775356e-14,1.4516499460775356e-14,2.1774749191163033e-14,17.56981658935547,0.0,4.354949838232607e-14,0.0,11.126461029052734,11.341017723083496,0.21260663866996765,0.15941646695137024,9.481805801391602,333.98101806640625,2.1818651418925583e-07,0.04031116142868996,0.032590482383966446,331.615966796875,0.24004419147968292,0.05323220044374466,0.0422993041574955,0.06622841954231262,0.06974295526742935,0.00031134317396208644,0.6157739162445068,0.016356389969587326,0.12132187189197287,0.3899146433608517,2022-06-23 00:00:00+00:00,2022-06-23 23:00:00+00:00,TH042,24
E1406.TH042-PPS-0622,1,1,False,2022-06-24,6/24/2022,19:00:00,12:00,4,TH042,4,PPSUnit;ProgrammedSampling,95%EtOH,OlympicCoastNationalMarineSanctuary,TeahwhitHead,33.7,47˚52.699'N,124˚44.187'W,1000,ShannonBrown,,E1406,TH042-PPS-0622,2022_JuneJuly_OCNMS_TH042-PPS,47.87831666666666,-124.73645,America/Los_Angeles,2022-06-24 12:00:00,2022-06-24T19:00:00Z,4,1000,843,2022-06-24 12:01:30,73,TH042,2022-06-24 12:15:33,2022-06-24 19:01:30+00:00,2022-06-24 19:15:33+00:00,2022-06-24 18:53:40.875000+00:00,2022-06-24 19:23:22.125000+00:00,43.574333333333335,3.4429963333333333,7.527233333333332,3.788423333333333,738696.7989236666,33.52223333333333,26.18216666666667,43.20466666666667,0.10620891362467295,0.00011644025649802856,0.0009291573243176307,0.004781760484730844,0.006944500032293143,0.002203028218913392,0.0018823743871324355,0.1056424788299335,2022-06-24 19:00:26.985598+00:00,2022-06-24 19:20:26.995202+00:00,TH042,3,2022-06-24,2022-06-24,-0.5,-0.8666666666666667,0.0007383782067336142,0.0008469349704682827,-0.7874051335039117,-0.3342208159675695,0.04881523922085762,0.007368274033069611,2.089337110519409,24.943098068237305,1022.2335815429688,6.140810012817383,0.6648173928260803,2241.907958984375,2.1124331951141357,-5.182515621185303,2275.49072265625,-0.05585043504834175,0.04314900562167168,40.90185543754495,10.0,47.87610638116913,47.87610638116913,47.87835632766127,4.76699686050415,-124.73185969013048,-124.72704402236144,-124.73185969013048,-52.77994918823242,135.6179962158203,0.220120370388031,33.022300720214844,25.209802627563477,293.8576354980469,-6.24052916009532e-08,0.021539179608225822,-0.04244842007756233,316.6607971191406,7.521620273590088,0.1424800157546997,0.13381223380565643,-0.15931732952594757,-0.22601573169231415,0.00037751594209112227,-0.06909307837486267,0.016715483739972115,-32.85684479943672,-15.046109850423017,0.0,3.402304561119224e-16,0.00014833900786470622,0.00016931623395066708,2.2682030407461493e-16,1.701152280559612e-16,0.009999030269682407,0.0015095993876457214,0.19274967908859253,0.6608967185020447,0.6454604864120483,0.4642724394798279,0.04726805165410042,6.991757392883301,2.2476325035095215,2.4308865070343018,2.4104721546173096,0.021942300722002983,0.026938127353787422,2.903299892155071e-14,0.0,1.4516499460775356e-14,1.4516499460775356e-14,2.1774749191163033e-14,9.06602954864502,0.0,4.354949838232607e-14,0.0,26.93450927734375,5.920501232147217,0.07871799170970917,0.053192924708127975,21.5129451751709,340.50927734375,1.1716533521166639e-07,0.021883737295866013,0.035130199044942856,330.9651184082031,0.07510323077440262,0.04293075576424599,0.03565628454089165,0.0672229751944542,0.02495056763291359,0.00047066359547898173,0.6756748557090759,0.003841219935566187,0.13312376331366046,0.42784457481433713,2022-06-24 00:00:00+00:00,2022-06-24 23:00:00+00:00,TH042,24
E1408.TH042-PPS-0622,1,1,False,2022-06-26,6/26/2022,19:00:00,12:00,6,TH042,6,PPSUnit;ProgrammedSampling,95%EtOH,OlympicCoastNationalMarineSanctuary,TeahwhitHead,33.7,47˚52.699'N,124˚44.187'W,28,ShannonBrown,Suddenpressurerelease,E1408,TH042-PPS-0622,2022_JuneJuly_OCNMS_TH042-PPS,47.87831666666666,-124.73645,America/Los_Angeles,2022-06-26 12:00:00,2022-06-26T19:00:00Z,6,28,18,2022-06-26 12:01:46,73,TH042,2022-06-26 12:02:04,2022-06-26 19:01:46+00:00,2022-06-26 19:02:04+00:00,2022-06-26 18:53:56.875000+00:00,2022-06-26 19:09:53.125000+00:00,43.649,3.444857,7.3376,3.13066,738698.791979,33.7264,26.3694,43.279,,,,,,,,,2022-06-26 19:00:26.985598+00:00,2022-06-26 19:00:26.985598+00:00,TH042,1,2022-06-26,2022-06-26,-0.5,-0.8666666666666667,0.0005948697798885405,0.0006802055868320167,-0.7874051335039117,-0.3342208159675695,0.055854182690382004,0.008428986184298992,2.365023612976074,26.954092025756836,1017.1360473632812,4.8412861824035645,0.5276829600334167,2265.1376953125,0.7693044543266296,-5.154412269592285,2283.5634765625,-0.029780559241771698,0.007717672735452652,40.90185543754495,10.0,47.87610638116913,47.87610638116913,47.87835632766127,14.653618812561035,-124.73185969013048,-124.72704402236144,-124.73185969013048,-34.681060791015625,116.2972183227539,0.14552052319049835,33.197174072265625,40.53434371948242,340.398681640625,-1.9044443888560636e-07,0.011825240217149258,-0.03937873989343643,319.8917541503906,7.2724289894104,0.08251935988664627,0.09099895507097244,-0.07665897160768509,-0.18967567384243011,0.00013482029316946864,-0.04701807722449303,0.010448272339999676,-32.8524955058175,-15.032131717346408,0.0,3.402304561119224e-16,0.0006933185504749417,0.0007335456903092563,2.2682030407461493e-16,1.701152280559612e-16,0.039858195930719376,0.006017802748829126,0.18433694541454315,0.21117234230041504,1.2710856199264526,0.40801048278808594,0.03148374333977699,5.220475673675537,3.13161039352417,3.2978675365448,4.042003154754639,0.030419686809182167,0.017373153939843178,2.903299892155071e-14,0.0,1.4516499460775356e-14,1.4516499460775356e-14,2.1774749191163033e-14,14.533076286315918,0.0,4.354949838232607e-14,0.0,7.594025611877441,4.075091361999512,0.10949782282114029,0.07954081147909164,27.901874542236328,333.2803649902344,1.8922386857411766e-07,0.018393727019429207,0.04504948854446411,327.2374572753906,0.11255531758069992,0.08458109945058823,0.0684768334031105,0.08113671094179153,0.09081929922103882,0.0005010527092963457,0.8211585283279419,0.0037690543103963137,0.1617874583336712,0.5199664177008673,2022-06-26 00:00:00+00:00,2022-06-26 23:00:00+00:00,TH042,24
E1410.TH042-PPS-0622,1,1,False,2022-06-29,6/29/2022,19:00:00,12:00,8,TH042,8,PPSUnit;ProgrammedSampling,95%EtOH,OlympicCoastNationalMarineSanctuary,TeahwhitHead,33.7,47˚52.699'N,124˚44.187'W,1000,ShannonBrown,,E1410,TH042-PPS-0622,2022_JuneJuly_OCNMS_TH042-PPS,47.87831666666666,-124.73645,America/Los_Angeles,2022-06-29 12:00:00,2022-06-29T19:00:00Z,8,1000,831,2022-06-29 12:01:56,73,TH042,2022-06-29 12:15:47,2022-06-29 19:01:56+00:00,2022-06-29 19:15:47+00:00,2022-06-29 18:54:06.875000+00:00,2022-06-29 19:23:36.125000+00:00,43.45966666666667,3.4449229999999997,7.872833333333333,3.208123333333333,738701.7989236666,33.2118,25.88876666666667,43.091,0.07270717525343393,0.00014009639538549998,0.010802931700854612,0.003464914621362712,0.006944500032293143,0.00880170438040172,0.008497254458549097,0.07175653280364132,2022-06-29 19:00:26.985598+00:00,2022-06-29 19:20:26.995202+00:00,TH042,3,2022-06-29,2022-06-29,-0.5,-0.8666666666666667,0.0005649716476909816,0.0006318248924799263,-0.7874051335039117,-0.3342208159675695,0.40580058097839355,0.06125292554497719,3.0374882221221924,23.67571449279785,1019.0641479492188,11.602030754089355,1.3301143646240234,2244.566650390625,2.029182195663452,3.245253801345825,2272.60302734375,0.012153212912380695,-0.021162593737244606,40.90185543754495,10.0,47.87610638116913,47.87610638116913,47.87835632766127,8.649250984191895,-124.73185969013048,-124.72704402236144,-124.73185969013048,10.407676696777344,149.69500732421875,2.499800205230713,32.95380783081055,9.536808967590332,121.76858520507812,-7.818023277650354e-07,0.008360893465578556,0.017913296818733215,93.17484283447266,8.26506519317627,-0.05760054662823677,-0.11081430315971375,0.11966220289468765,0.16718201339244843,-9.2373724328354e-05,0.07789955288171768,0.17905354499816895,-32.827883806886454,-14.953032527220573,0.0,3.402304561119224e-16,0.0005550123751163483,0.0005862219841219485,2.2682030407461493e-16,1.701152280559612e-16,0.11225247383117676,0.016943687573075294,0.4660245478153229,0.3361434042453766,2.0170133113861084,2.0967190265655518,0.20398510992527008,5.179661750793457,1.4464448690414429,2.159674644470215,1.9164255857467651,0.02092260867357254,0.029004069045186043,2.903299892155071e-14,0.0,1.4516499460775356e-14,1.4516499460775356e-14,2.1774749191163033e-14,7.177229881286621,0.0,4.354949838232607e-14,0.0,2.092738628387451,7.368791103363037,0.42211219668388367,0.04665566235780716,8.291983604431152,134.3798065185547,9.443974136047473e-07,0.012249118648469448,0.03171132877469063,141.30113220214844,0.1527499109506607,0.06579610705375671,0.03622634708881378,0.05414575710892677,0.05015190318226814,0.00040452033863402903,0.9075146317481995,0.028754709288477898,0.17880165558527375,0.5746481049347766,2022-06-29 00:00:00+00:00,2022-06-29 23:00:00+00:00,TH042,24
E1412.TH042-PPS-0622,1,1,False,2022-07-02,7/2/2022,19:00:00,12:00,10,TH042,10,PPSUnit;ProgrammedSampling,95%EtOH,OlympicCoastNationalMarineSanctuary,TeahwhitHead,33.7,47˚52.699'N,124˚44.187'W,1000,ShannonBrown,,E1412,TH042-PPS-0622,2022_JuneJuly_OCNMS_TH042-PPS,47.87831666666666,-124.73645,America/Los_Angeles,2022-07-02 12:00:00,2022-07-02T19:00:00Z,10,1000,869,2022-07-02 12:02:07,73,TH042,2022-07-02 12:16:36,2022-07-02 19:02:07+00:00,2022-07-02 19:16:36+00:00,2022-07-02 18:54:17.875000+00:00,2022-07-02 19:24:25.125000+00:00,42.18933333333334,3.449799,7.572666666666667,3.342006666666667,738704.7989236666,33.55259999999999,26.19953333333333,41.83166666666667,0.15191225537570288,0.000445461558386415,0.0027754879450886455,0.013419263516800454,0.006944500032293143,0.00741147758547409,0.006252466180102907,0.1507625063911236,2022-07-02 19:00:26.985598+00:00,2022-07-02 19:20:26.995202+00:00,TH042,3,2022-07-02,2022-07-02,-0.5,-0.8666666666666667,0.0004817936569452286,0.000516250089276582,-0.7874051335039117,-0.3342208159675695,0.498227596282959,0.07525933533906937,4.576571941375732,26.781753540039062,1016.7210083007812,13.62802791595459,1.4018831253051758,2280.993408203125,3.1652870178222656,-3.198335647583008,2280.16455078125,-0.04894803836941719,0.03550640121102333,40.90185543754495,10.0,47.87610638116913,47.87610638116913,47.87835632766127,-6.768064022064209,-124.73185969013048,-124.72704402236144,-124.73185969013048,-21.57395362854004,103.2250747680664,0.31929636001586914,33.1016960144043,2.865676164627075,135.31910705566406,1.26644961184752e-08,0.01742931827902794,-0.0182835441082716,160.7954559326172,7.489745616912842,0.12292909622192383,0.10587668418884277,-0.16296106576919556,-0.18164630234241486,6.852662045275792e-05,-0.005430626217275858,0.029487863183021545,-32.84430180549355,-15.005798100086844,0.0,3.402304561119224e-16,0.00015075532428454608,0.00014411650772672147,2.2682030407461493e-16,1.701152280559612e-16,0.09777126461267471,0.01474286150187254,0.5425377488136292,0.6546574234962463,1.2161190509796143,2.878939151763916,0.2991049289703369,12.704404830932617,0.7776890397071838,0.7212216258049011,3.7452919483184814,0.03195802867412567,0.02883923053741455,2.903299892155071e-14,0.0,1.4516499460775356e-14,1.4516499460775356e-14,2.1774749191163033e-14,3.899900197982788,0.0,4.354949838232607e-14,0.0,33.5255012512207,11.851777076721191,0.219172403216362,0.07793360203504562,1.6026954650878906,210.58493041992188,1.2507460667166015e-07,0.0077475314028561115,0.007400392554700375,205.8345184326172,0.1982070654630661,0.07554753124713898,0.04287400469183922,0.10091307014226913,0.04361172392964363,0.00039094488602131605,0.8240907788276672,0.022605091333389282,0.16236519062119162,0.5218231833057294,2022-07-02 00:00:00+00:00,2022-07-02 23:00:00+00:00,TH042,24
E1414.TH042-PPS-0622,1,1,False,2022-07-05,7/5/2022,19:00:00,12:00,12,TH042,12,PPSUnit;ProgrammedSampling,95%EtOH,OlympicCoastNationalMarineSanctuary,TeahwhitHead,33.7,47˚52.699'N,124˚44.187'W,812,ShannonBrown,Minimumflowreached,E1414,TH042-PPS-0622,2022_JuneJuly_OCNMS_TH042-PPS,47.87831666666666,-124.73645,America/Los_Angeles,2022-07-05 12:00:00,2022-07-05T19:00:00Z,12,812,843,2022-07-05 12:01:25,73,TH042,2022-07-05 12:15:28,2022-07-05 19:01:25+00:00,2022-07-05 19:15:28+00:00,2022-07-05 18:53:35.875000+00:00,2022-07-05 19:23:17.125000+00:00,41.50566666666666,3.4449496666666666,7.7378,3.612403333333333,738707.7989236666,33.34186666666667,26.0103,41.15366666666666,0.08567574530363696,5.772636601518534e-05,0.0008544003745315291,0.009505368658465149,0.006944500032293143,0.0013613718571116378,0.0011789826122558772,0.0856757453036338,2022-07-05 19:00:26.985598+00:00,2022-07-05 19:20:26.995202+00:00,TH042,3,2022-07-05,2022-07-05,-0.5,-0.8666666666666667,0.00015718437498435378,0.00021459248091559857,-0.7874051335039117,-0.3342208159675695,0.16433094441890717,0.02480556070804596,4.701114177703857,27.260587692260742,1014.8161010742188,11.331267356872559,1.1797394752502441,2272.719970703125,0.44189056754112244,-2.536116361618042,2269.005126953125,0.0033426154404878616,0.012325535528361797,40.90185543754495,10.0,47.87610638116913,47.87610638116913,47.87835632766127,0.48982611298561096,-124.73185969013048,-124.72704402236144,-124.73185969013048,-32.78615951538086,107.28152465820312,0.255182147026062,32.85483169555664,3.407750129699707,243.2769317626953,-8.374677840095046e-09,0.0016249296022579074,-0.008721821941435337,272.16552734375,7.687248229980469,-0.00763885909691453,0.005378691013902426,-0.09005255252122879,-0.22173017263412476,-9.76731171249412e-05,0.020603837445378304,0.025485733523964882,-32.83917240744936,-14.989312800463068,0.0,3.402304561119224e-16,0.00019715767120942473,0.0002825617848429829,2.2682030407461493e-16,1.701152280559612e-16,0.06535270810127258,0.009862233884632587,0.5346145033836365,0.6577474474906921,0.29662102460861206,1.3962414264678955,0.1294299066066742,7.276045322418213,2.299344778060913,0.9445705413818359,6.691395282745361,0.03244262933731079,0.013032335788011551,2.903299892155071e-14,0.0,1.4516499460775356e-14,1.4516499460775356e-14,2.1774749191163033e-14,3.022794008255005,0.0,4.354949838232607e-14,0.0,30.847389221191406,5.025786876678467,0.11478053033351898,0.14383065700531006,2.96834397315979,285.72332763671875,3.89569123626643e-08,0.009829792194068432,0.006978227756917477,301.3221435546875,0.17870932817459106,0.10187683254480362,0.03036753460764885,0.06364188343286514,0.059737805277109146,0.0005232542753219604,0.6183421015739441,0.009297624230384827,0.1218278798692946,0.3915408952224389,2022-07-05 00:00:00+00:00,2022-07-05 23:00:00+00:00,TH042,24
E1416.TH042-PPS-0622,1,1,False,2022-07-08,7/8/2022,19:00:00,12:00,14,TH042,14,PPSUnit;ProgrammedSampling,95%EtOH,OlympicCoastNationalMarineSanctuary,TeahwhitHead,33.7,47˚52.699'N,124˚44.187'W,216,ShannonBrown,Minimumflowreached,E1416,TH042-PPS-0622,2022_JuneJuly_OCNMS_TH042-PPS,47.87831666666666,-124.73645,America/Los_Angeles,2022-07-08 12:00:00,2022-07-08T19:00:00Z,14,216,215,2022-07-08 12:01:20,73,TH042,2022-07-08 12:04:55,2022-07-08 19:01:20+00:00,2022-07-08 19:04:55+00:00,2022-07-08 18:53:30.875000+00:00,2022-07-08 19:12:44.125000+00:00,42.26,3.445507,7.87115,3.18258,738710.7954515,33.220200000000006,25.89555,41.9015,0.03111269837220592,8.485281374231356e-05,0.00388908729652574,0.0005798275605729994,0.004910856616624731,0.0028284271247446227,0.002757716446628645,0.031819805153395844,2022-07-08 19:00:26.985598+00:00,2022-07-08 19:10:27.033600+00:00,TH042,2,2022-07-08,2022-07-08,-0.5,-0.8666666666666667,9.555061114951968e-05,0.0001293177338084206,-0.7874051335039117,-0.3342208159675695,0.19770383834838867,0.02984200417995453,4.375476360321045,27.663297653198242,1019.2340698242188,9.561501502990723,1.0553745031356812,2266.288330078125,-0.053000424057245255,-1.401394248008728,2263.010009765625,0.005309242755174637,-0.003336302237585187,40.90185543754495,10.0,47.87610638116913,47.87610638116913,47.87835632766127,-6.954257965087891,-124.73185969013048,-124.72704402236144,-124.73185969013048,-44.761295318603516,112.21564483642578,0.48463210463523865,32.7245979309082,-3.828648805618286,209.0687255859375,8.639199933213604e-08,-0.0009324984275735915,-0.0047094980254769325,264.6129150390625,7.91936731338501,0.018288681283593178,0.02723253332078457,0.03139733895659447,-0.12639306485652924,-3.2998893857438816e-06,0.07623068243265152,0.04264211282134056,-32.82821261326485,-14.954089273376644,0.0,3.402304561119224e-16,4.033387449453585e-05,4.34358480561059e-05,2.2682030407461493e-16,1.701152280559612e-16,0.02520902454853058,0.0038049183785915375,0.38135015964508057,0.29980963468551636,0.9740325212478638,0.49403929710388184,0.055107247084379196,12.859723091125488,1.8492951393127441,0.7811234593391418,6.683254718780518,0.02217409387230873,0.00875164195895195,2.903299892155071e-14,0.0,1.4516499460775356e-14,1.4516499460775356e-14,2.1774749191163033e-14,6.513425827026367,0.0,4.354949838232607e-14,0.0,22.328365325927734,10.249992370605469,0.11886490136384964,0.14534199237823486,5.368871212005615,300.85650634765625,8.104488102844698e-08,0.00767260417342186,0.003072669031098485,296.6714782714844,0.20708142220973969,0.05545930564403534,0.030028212815523148,0.04843665286898613,0.03292810916900635,0.0006466148770414293,0.5881702899932861,0.00954995397478342,0.1158833294570824,0.3724357889644187,2022-07-08 00:00:00+00:00,2022-07-08 23:00:00+00:00,TH042,24
E1418.TH042-PPS-0622,1,1,False,2022-07-11,7/11/2022,19:00:00,12:00,16,TH042,16,PPSUnit;ProgrammedSampling,95%EtOH,OlympicCoastNationalMarineSanctuary,TeahwhitHead,33.7,47˚52.699'N,124˚44.187'W,1000,ShannonBrown,,E1418,TH042-PPS-0622,2022_JuneJuly_OCNMS_TH042-PPS,47.87831666666666,-124.73645,America/Los_Angeles,2022-07-11 12:00:00,2022-07-11T19:00:00Z,16,1000,964,2022-07-11 12:01:11,73,TH042,2022-07-11 12:17:15,2022-07-11 19:01:11+00:00,2022-07-11 19:17:15+00:00,2022-07-11 18:53:21.875000+00:00,2022-07-11 19:25:04.125000+00:00,43.51833333333334,3.4488246666666664,7.581966666666667,2.8251066666666667,738713.7989236666,33.53243333333333,26.182366666666667,43.14933333333334,0.026274195198585027,0.00022358294508603466,0.0013576941236277075,0.0012847308408118416,0.006944500032293143,0.003709896674213192,0.003098924544633858,0.026274195198585027,2022-07-11 19:00:26.985598+00:00,2022-07-11 19:20:26.995202+00:00,TH042,3,2022-07-11,2022-07-11,-0.5,-0.8666666666666667,0.00023939165112096816,0.0002696716401260346,-0.7874051335039117,-0.3342208159675695,0.3186563551425934,0.048102691769599915,5.9810662269592285,27.675384521484375,1023.9821166992188,11.124371528625488,1.2119364738464355,2295.611328125,1.4164077043533325,-4.468599796295166,2271.581298828125,-0.011966865509748459,0.0052198078483343124,40.90185543754495,10.0,47.87610638116913,47.87610638116913,47.87835632766127,10.70162296295166,-124.73185969013048,-124.72704402236144,-124.73185969013048,-20.75551986694336,87.8858871459961,0.32740318775177,32.898380279541016,7.432066440582275,251.5661163330078,-1.366216082487881e-07,0.013583953492343426,-0.03507448732852936,254.1879425048828,7.710262298583984,0.04142138734459877,0.0816146656870842,-0.07047171145677567,-0.16967779397964478,2.4944116375991143e-05,0.03058430552482605,0.03000885806977749,-32.83720601995234,-14.982993055575745,0.0,3.402304561119224e-16,0.0001777506695361808,0.0001799220044631511,2.2682030407461493e-16,1.701152280559612e-16,0.05742073059082031,0.008670186623930931,0.9226114749908447,1.0942788124084473,2.219944715499878,1.2613171339035034,0.13617564737796783,24.539199829101562,2.075782060623169,2.1875698566436768,7.324390888214111,0.01870792545378208,0.00838460586965084,2.903299892155071e-14,0.0,1.4516499460775356e-14,1.4516499460775356e-14,2.1774749191163033e-14,7.069831848144531,0.0,4.354949838232607e-14,0.0,31.556081771850586,20.050262451171875,0.12995176017284393,0.15959696471691132,6.6201252937316895,287.10150146484375,8.7485865662984e-08,0.0224312711507082,0.03732423484325409,288.7910461425781,0.2367505133152008,0.0828506350517273,0.03783758729696274,0.07767260074615479,0.048060763627290726,0.00023003938258625567,0.9505302906036377,0.009190088137984276,0.18727673146185528,0.6018860310921996,2022-07-11 00:00:00+00:00,2022-07-11 23:00:00+00:00,TH042,24
E1420.TH042-PPS-0622,1,1,False,2022-07-14,7/14/2022,19:00:00,12:00,18,TH042,18,PPSUnit;ProgrammedSampling,95%EtOH,OlympicCoastNationalMarineSanctuary,TeahwhitHead,33.7,47˚52.699'N,124˚44.187'W,1000,ShannonBrown,,E1420,TH042-PPS-0622,2022_JuneJuly_OCNMS_TH042-PPS,47.87831666666666,-124.73645,America/Los_Angeles,2022-07-14 12:00:00,2022-07-14T19:00:00Z,18,1000,800,2022-07-14 12:00:56,73,TH042,2022-07-14 12:14:16,2022-07-14 19:00:56+00:00,2022-07-14 19:14:16+00:00,2022-07-14 18:53:06.875000+00:00,2022-07-14 19:22:05.125000+00:00,42.958333333333336,3.4574979999999997,7.442833333333333,2.96703,738716.7989236666,33.76146666666667,26.3822,42.59433333333333,0.13017040114147868,2.4248711306020583e-05,0.0012013880860625348,0.0011208925015361265,0.006944500032293143,0.0010066445913708517,0.0009539392014165845,0.12918720266858116,2022-07-14 19:00:26.985598+00:00,2022-07-14 19:20:26.995202+00:00,TH042,3,2022-07-14,2022-07-14,-0.5,-0.8652777777777777,0.0008321800851263106,0.0009381198324263096,-0.7848839983450974,-0.3342208159675695,0.1339062750339508,0.020203109830617905,2.0366733074188232,25.92191505432129,1018.4782104492188,5.792832851409912,0.6247563362121582,2254.23046875,2.144397497177124,-1.7058486938476562,2280.1826171875,-0.050534170120954514,-0.0011402639793232083,40.90185543754495,10.0,47.87610638116913,47.87610638116913,47.87835632766127,7.757701396942139,-124.73185969013048,-124.72704402236144,-124.73185969013048,-34.87464904785156,124.7415771484375,0.08416108042001724,33.159088134765625,10.840422630310059,271.4782409667969,-1.0042003140142697e-07,0.006009954959154129,-0.006347949150949717,287.7547607421875,7.404901504516602,0.14260901510715485,0.14015106856822968,-0.05149680748581886,-0.14751450717449188,0.00012018504639854655,-0.06686636060476303,0.008594936691224575,-32.767230597881884,-15.044699872348135,0.0,0.004705497521444015,0.0013494364684447646,0.0014814867172390223,0.008541500573539302,1.661307119828073e-16,0.0551319420337677,0.008319447748363018,0.1303727924823761,1.2154172658920288,0.3726159930229187,1.1441758871078491,0.11846984922885895,11.718896865844727,1.7971863746643066,2.335386276245117,4.362180709838867,0.036369238048791885,0.03281533345580101,2.903299892155071e-14,0.0,1.4516499460775356e-14,1.4516499460775356e-14,2.1774749191163033e-14,9.865811347961426,4.190552435684854e-15,4.354949838232607e-14,4.190552435684854e-15,26.563385009765625,9.832952499389648,0.07742296159267426,0.09822095930576324,12.221735000610352,295.0572509765625,1.2776493463206862e-07,0.008871980011463165,0.010131780989468098,310.2243347167969,0.16225989162921906,0.07589471340179443,0.059324465692043304,0.11349376291036606,0.09161454439163208,0.000591515505220741,1.1415793895721436,0.004380148369818926,0.2588982604322816,0.7228604482965955,2022-07-14 00:00:00+00:00,2022-07-14 23:00:00+00:00,TH042,24
E1422.TH042-PPS-0622,1,1,False,2022-07-17,7/17/2022,19:00:00,12:00,20,TH042,20,PPSUnit;ProgrammedSampling,95%EtOH,OlympicCoastNationalMarineSanctuary,TeahwhitHead,33.7,47˚52.699'N,124˚44.187'W,479,ShannonBrown,Minimumflowreached,E1422,TH042-PPS-0622,2022_JuneJuly_OCNMS_TH042-PPS,47.87831666666666,-124.73645,America/Los_Angeles,2022-07-17 12:00:00,2022-07-17T19:00:00Z,20,479,502,2022-07-17 12:00:48,73,TH042,2022-07-17 12:09:10,2022-07-17 19:00:48+00:00,2022-07-17 19:09:10+00:00,2022-07-17 18:52:58.875000+00:00,2022-07-17 19:16:59.125000+00:00,41.6505,3.459876,7.83605,3.654925,738719.7954515,33.408,26.0481,41.297,0.002121320343559723,2.969848480958993e-05,0.0002121320343560979,0.0067245854890838445,0.004910856616624731,0.0001414213562369799,0.0,0.0028284271247446227,2022-07-17 19:00:26.985598+00:00,2022-07-17 19:10:27.033600+00:00,TH042,2,2022-07-17,2022-07-17,-0.5,-0.8666666666666667,0.0004335102566983551,0.00048265248187817633,-0.7874051335039117,-0.3342208159675695,0.07047652453184128,0.010637618601322174,3.3605403900146484,25.01064109802246,1018.1515502929688,5.0952467918396,0.5886132121086121,2264.010986328125,3.3545005321502686,-2.5030336380004883,2279.7705078125,0.025239624083042145,0.008096836507320404,40.90185543754495,10.0,47.87610638116913,47.87610638116913,47.87835632766127,3.810774803161621,-124.73185969013048,-124.72704402236144,-124.73185969013048,-41.86018371582031,118.5423812866211,0.36152705550193787,33.125370025634766,9.540918350219727,171.350341796875,-1.5204393832846108e-07,0.010528524406254292,-0.008314731530845165,199.8588409423828,7.542116641998291,-0.07010941952466965,-0.03910988196730614,-0.012256409972906113,-0.06191140413284302,8.23342998046428e-05,-0.032679665833711624,0.012955372221767902,-32.84967050334343,-15.023052481962116,0.0,3.402304561119224e-16,0.00029943877598270774,0.00025378435384482145,2.2682030407461493e-16,1.701152280559612e-16,0.02574501372873783,0.0038849234115332365,0.3476901054382324,0.4973161518573761,0.5623043179512024,0.5650280714035034,0.0583498515188694,5.804937839508057,0.8102904558181763,0.6854255795478821,2.2896430492401123,0.04624009504914284,0.031894247978925705,2.903299892155071e-14,0.0,1.4516499460775356e-14,1.4516499460775356e-14,2.1774749191163033e-14,3.0587871074676514,0.0,4.354949838232607e-14,0.0,29.964405059814453,5.395556449890137,0.16470223665237427,0.045095182955265045,4.333151817321777,251.35543823242188,4.6487556915053574e-07,0.007413957733660936,0.00605776347219944,252.7074432373047,0.08467291295528412,0.11553183943033218,0.04140438884496689,0.096634641289711,0.051730696111917496,0.0008237733272835612,0.9545467495918274,0.006125528831034899,0.18806807369740622,0.6044293146794024,2022-07-17 00:00:00+00:00,2022-07-17 23:00:00+00:00,TH042,24
E1424.TH042-PPS-0622,1,1,False,2022-07-18,7/18/2022,19:00:00,12:00,22,TH042,22,PPSUnit;ProgrammedSampling,95%EtOH,OlympicCoastNationalMarineSanctuary,TeahwhitHead,33.7,47˚52.699'N,124˚44.187'W,87,ShannonBrown,Minimumflowreached,E1424,TH042-PPS-0622,2022_JuneJuly_OCNMS_TH042-PPS,47.87831666666666,-124.73645,America/Los_Angeles,2022-07-18 12:00:00,2022-07-18T19:00:00Z,22,87,67,2022-07-18 12:01:25,16,TH042,2022-07-18 12:02:32,2022-07-18 19:01:25+00:00,2022-07-18 19:02:32+00:00,2022-07-18 18:53:35.875000+00:00,2022-07-18 19:10:21.125000+00:00,41.775,3.458201,7.7499,3.34716,738720.791979,33.4726,26.1113,41.421,,,,,,,,,2022-07-18 19:00:26.985598+00:00,2022-07-18 19:00:26.985598+00:00,TH042,1,2022-07-18,2022-07-18,-0.5,-0.8666666666666667,0.0005029905587434769,0.0006000584689900279,-0.7874051335039117,-0.3342208159675695,0.12941761314868927,0.01953507773578167,3.2614943981170654,25.7398738861084,1018.8325805664062,6.747117519378662,0.7643080353736877,2265.3232421875,3.0960400104522705,-2.056555986404419,2277.245849609375,-0.011986292898654938,0.027074307203292847,40.90185543754495,10.0,47.87610638116913,47.87610638116913,47.87835632766127,6.43128776550293,-124.73185969013048,-124.72704402236144,-124.73185969013048,-24.193998336791992,116.57032012939453,0.5304989218711853,33.07437515258789,9.26065444946289,234.6884765625,-9.90871740214061e-08,0.009232715703547001,-0.006933832075446844,243.19053649902344,7.620726108551025,0.05026013031601906,0.03001556359231472,-0.11875896900892258,-0.13886509835720062,-9.70892797340639e-05,-0.042300064116716385,0.02899315021932125,-32.85156594849584,-15.02914422625427,0.0,3.402304561119224e-16,0.0003560144978109747,0.00043244491098448634,2.2682030407461493e-16,1.701152280559612e-16,0.052889153361320496,0.00798340979963541,0.428412526845932,1.0816600322723389,1.9760056734085083,2.032377004623413,0.20959444344043732,9.493450164794922,1.1539862155914307,1.3251447677612305,3.4240853786468506,0.0434543639421463,0.03509807959198952,2.903299892155071e-14,0.0,1.4516499460775356e-14,1.4516499460775356e-14,2.1774749191163033e-14,5.731297969818115,0.0,4.354949838232607e-14,0.0,31.77040672302246,9.356904029846191,0.262588232755661,0.06925451010465622,7.050469398498535,265.22039794921875,8.294586706369955e-08,0.008925153873860836,0.007751519326120615,269.7926940917969,0.14932414889335632,0.0985499918460846,0.04936796799302101,0.09851597249507904,0.047510020434856415,0.000609955342952162,0.8428245186805725,0.0184702817350626,0.166056164749069,0.5336855527060868,2022-07-18 00:00:00+00:00,2022-07-18 23:00:00+00:00,TH042,24
E1426.TH042-PPS-0622,1,1,False,2022-07-19,7/19/2022,19:00:00,12:00,24,TH042,24,PPSUnit;ProgrammedSampling,95%EtOH,OlympicCoastNationalMarineSanctuary,TeahwhitHead,33.7,47˚52.699'N,124˚44.187'W,1000,ShannonBrown,,E1426,TH042-PPS-0622,2022_JuneJuly_OCNMS_TH042-PPS,47.87831666666666,-124.73645,America/Los_Angeles,2022-07-19 12:00:00,2022-07-19T19:00:00Z,24,1000,904,2022-07-19 12:01:15,73,TH042,2022-07-19 12:16:19,2022-07-19 19:01:15+00:00,2022-07-19 19:16:19+00:00,2022-07-19 18:53:25.875000+00:00,2022-07-19 19:24:08.125000+00:00,41.821,3.4503229999999996,7.667999999999999,3.5184233333333332,738721.7989236666,33.466499999999996,26.118266666666667,41.46633333333333,0.12016239012269775,0.00012576565508907057,0.0017776388834631718,0.0058734771075857435,0.006944500032293143,0.0030199337741087908,0.002676440422151959,0.11962162569256818,2022-07-19 19:00:26.985598+00:00,2022-07-19 19:20:26.995202+00:00,TH042,3,2022-07-19,2022-07-19,-0.5,-0.8666666666666667,0.000362269434845075,0.0004061967192683369,-0.7874051335039117,-0.3342208159675695,0.24076628684997559,0.03634244203567505,4.026462078094482,27.42865562438965,1019.3971557617188,10.439526557922363,1.1147786378860474,2276.967529296875,1.8877102136611938,-4.1922993659973145,2275.26171875,-0.05191868543624878,0.041514504700899124,40.90185543754495,10.0,47.87610638116913,47.87610638116913,47.87835632766127,13.079086303710938,-124.73185969013048,-124.72704402236144,-124.73185969013048,-7.41916036605835,103.8343734741211,0.44791069626808167,33.01102828979492,10.14727783203125,190.5865936279297,-2.153390710191161e-07,0.010352532379329205,-0.020535405725240707,174.77940368652344,7.655471324920654,0.14167146384716034,0.1328577846288681,-0.1939498782157898,-0.3186909258365631,6.088207010179758e-05,-0.04965667799115181,0.03640121594071388,-32.85301537474192,-15.033802516709295,0.0,3.402304561119224e-16,0.00015749373415019363,0.00016147839778568596,2.2682030407461493e-16,1.701152280559612e-16,0.04215918853878975,0.006363796070218086,0.7458257079124451,0.3554776906967163,0.5493664741516113,1.2111541032791138,0.1336129754781723,14.543394088745117,1.2421176433563232,1.1516549587249756,6.3268585205078125,0.043842069804668427,0.02782433107495308,2.903299892155071e-14,0.0,1.4516499460775356e-14,1.4516499460775356e-14,2.1774749191163033e-14,8.194146156311035,0.0,4.354949838232607e-14,0.0,32.25100326538086,12.225337982177734,0.25794070959091187,0.13545121252536774,6.612109184265137,226.58750915527344,1.1593095194939451e-07,0.008697813376784325,0.014843416400253773,226.59173583984375,0.24936258792877197,0.08006351441144943,0.050063323229551315,0.09272239357233047,0.05511931702494621,0.0009114767308346927,0.7359165549278259,0.02024460770189762,0.1449927951090672,0.46599028776266316,2022-07-19 00:00:00+00:00,2022-07-19 23:00:00+00:00,TH042,24
E1240.TH042-PPS-0822,1,1,False,2022-08-23,8/23/2022,07:00:00,0:00,,TH042,1,PPSUnit;ProgrammedSampling,95%EtOH,OlympicCoastNationalMarineSanctuary,TeahwhitHead,34.0,47˚52.467'N,124˚44.070'W,1000,MattGalaska,"Notethatthistubewasfoundatthebottomofcooleron10/4/22,sowassittingatRTsincereturnfromcruise.Placedin-20freezerafterthatdate.",E1240,TH042-PPS-0822,2022_AugSept_OCNMS_TH042-PPS,47.87445,-124.7345,America/Los_Angeles,2022-08-23 00:00:00,2022-08-23T07:00:00Z,1,1000,1000,2022-08-23 00:01:15,73,TH042,2022-08-23 00:17:55,2022-08-23 07:01:15+00:00,2022-08-23 07:17:55+00:00,2022-08-23 06:53:25.875000+00:00,2022-08-23 07:25:44.125000+00:00,43.161,3.4523066666666664,7.5681,1.1954433333333334,738756.2989236666,33.5836,26.224566666666664,42.794999999999995,0.0653834841531085,6.092892033629656e-05,0.0019974984355437203,0.002465610134091283,0.006944500032293143,0.001311487704861136,0.0013203534880214085,0.06458327956987035,2022-08-23 07:00:26.985598+00:00,2022-08-23 07:20:26.995202+00:00,TH042,3,2022-08-23,2022-08-23,-0.5,-0.8666666666666667,0.00015139204333536327,0.00018471397925168276,-0.7874051335039117,-0.3342208159675695,0.18157561123371124,0.027400406077504158,4.337930202484131,23.179161071777344,1018.7318725585938,8.92774486541748,0.9999797940254211,2262.462890625,1.4681873321533203,-2.644876480102539,2274.782470703125,-0.016121385619044304,0.012860673479735851,40.90185543754495,10.0,47.87610638116913,47.87610638116913,47.87835632766127,7.010046005249023,-124.73185969013048,-124.72704402236144,-124.73185969013048,-24.132822036743164,116.6683120727539,0.26514509320259094,33.0338249206543,5.695982456207275,153.3923797607422,-9.087224128734306e-08,0.004325598478317261,-0.006541036069393158,164.8191680908203,7.7880730628967285,0.04788431152701378,0.07814818620681763,-0.08706443756818771,-0.17553389072418213,1.3773197679256555e-05,0.048850297927856445,0.019380005076527596,-32.83360719148531,-14.971426831807866,0.0,3.402304561119224e-16,8.715985313756391e-05,8.198527939384803e-05,2.2682030407461493e-16,1.701152280559612e-16,0.023114554584026337,0.0034909837413579226,1.167715311050415,0.6876260638237,0.9243963956832886,0.35773876309394836,0.03841546177864075,17.992141723632812,1.293984055519104,1.1087406873703003,3.6202900409698486,0.02708139643073082,0.016095712780952454,2.903299892155071e-14,0.0,1.4516499460775356e-14,1.4516499460775356e-14,2.1774749191163033e-14,6.570908546447754,0.0,4.354949838232607e-14,0.0,28.13361358642578,15.035021781921387,0.08840561658143997,0.06688012927770615,4.90402889251709,225.1461181640625,8.37964861943874e-08,0.005186957772821188,0.006450147368013859,205.23854064941406,0.12492787092924118,0.09365539252758026,0.04566585645079613,0.07080443948507309,0.041567545384168625,0.0003235926269553602,0.6684777736663818,0.005934217944741249,0.13170578186773582,0.42328734435656246,2022-08-23 00:00:00+00:00,2022-08-23 23:00:00+00:00,TH042,24
E1241.TH042-PPS-0822,1,1,False,2022-08-23,8/23/2022,19:00:00,12:00,,TH042,2,PPSUnit;ProgrammedSampling,95%EtOH,OlympicCoastNationalMarineSanctuary,TeahwhitHead,34.0,47˚52.467'N,124˚44.070'W,1000,MattGalaska,,E1241,TH042-PPS-0822,2022_AugSept_OCNMS_TH042-PPS,47.87445,-124.7345,America/Los_Angeles,2022-08-23 12:00:00,2022-08-23T19:00:00Z,2,1000,1001,2022-08-23 12:01:21,73,TH042,2022-08-23 12:18:02,2022-08-23 19:01:21+00:00,2022-08-23 19:18:02+00:00,2022-08-23 18:53:31.875000+00:00,2022-08-23 19:25:51.125000+00:00,43.441333333333326,3.451722333333333,7.499600000000001,1.0461266666666666,738756.7989236666,33.64343333333334,26.281366666666667,43.072333333333326,0.1036211046714587,1.7897858344857527e-05,0.0006082762530299374,0.0016171683070520012,0.006944500032293143,0.000737111479582124,0.0006806859285558189,0.10266612553970203,2022-08-23 19:00:26.985598+00:00,2022-08-23 19:20:26.995202+00:00,TH042,3,2022-08-23,2022-08-23,-0.5,-0.8666666666666667,0.00015139204333536327,0.00018471397925168276,-0.7874051335039117,-0.3342208159675695,0.18157561123371124,0.027400406077504158,4.337930202484131,23.179161071777344,1018.7318725585938,8.92774486541748,0.9999797940254211,2262.462890625,1.4681873321533203,-2.644876480102539,2274.782470703125,-0.016121385619044304,0.012860673479735851,40.90185543754495,10.0,47.87610638116913,47.87610638116913,47.87835632766127,7.010046005249023,-124.73185969013048,-124.72704402236144,-124.73185969013048,-24.132822036743164,116.6683120727539,0.26514509320259094,33.0338249206543,5.695982456207275,153.3923797607422,-9.087224128734306e-08,0.004325598478317261,-0.006541036069393158,164.8191680908203,7.7880730628967285,0.04788431152701378,0.07814818620681763,-0.08706443756818771,-0.17553389072418213,1.3773197679256555e-05,0.048850297927856445,0.019380005076527596,-32.83360719148531,-14.971426831807866,0.0,3.402304561119224e-16,8.715985313756391e-05,8.198527939384803e-05,2.2682030407461493e-16,1.701152280559612e-16,0.023114554584026337,0.0034909837413579226,1.167715311050415,0.6876260638237,0.9243963956832886,0.35773876309394836,0.03841546177864075,17.992141723632812,1.293984055519104,1.1087406873703003,3.6202900409698486,0.02708139643073082,0.016095712780952454,2.903299892155071e-14,0.0,1.4516499460775356e-14,1.4516499460775356e-14,2.1774749191163033e-14,6.570908546447754,0.0,4.354949838232607e-14,0.0,28.13361358642578,15.035021781921387,0.08840561658143997,0.06688012927770615,4.90402889251709,225.1461181640625,8.37964861943874e-08,0.005186957772821188,0.006450147368013859,205.23854064941406,0.12492787092924118,0.09365539252758026,0.04566585645079613,0.07080443948507309,0.041567545384168625,0.0003235926269553602,0.6684777736663818,0.005934217944741249,0.13170578186773582,0.42328734435656246,2022-08-23 00:00:00+00:00,2022-08-23 23:00:00+00:00,TH042,24
E1242.TH042-PPS-0822,1,1,False,2022-08-24,8/24/2022,07:00:00,0:00,,TH042,3,PPSUnit;ProgrammedSampling,95%EtOH,OlympicCoastNationalMarineSanctuary,TeahwhitHead,34.0,47˚52.467'N,124˚44.070'W,1000,MattGalaska,,E1242,TH042-PPS-0822,2022_AugSept_OCNMS_TH042-PPS,47.87445,-124.7345,America/Los_Angeles,2022-08-24 00:00:00,2022-08-24T07:00:00Z,3,1000,1001,2022-08-24 00:01:25,73,TH042,2022-08-24 00:18:06,2022-08-24 07:01:25+00:00,2022-08-24 07:18:06+00:00,2022-08-24 06:53:35.875000+00:00,2022-08-24 07:25:55.125000+00:00,43.727666666666664,3.452545,7.4816,1.16216,738757.2989236666,33.66973333333333,26.304600000000004,43.357,0.08919828099987795,2.8354893757453954e-05,0.0010583005244257197,0.002886295203197336,0.006944500032293143,0.0012503332888990542,0.001135781669159441,0.08863972021616433,2022-08-24 07:00:26.985598+00:00,2022-08-24 07:20:26.995202+00:00,TH042,3,2022-08-24,2022-08-24,-0.5,-0.8666666666666667,0.00015215588791761547,0.00019638764206320047,-0.7874051335039117,-0.3342208159675695,0.16595065593719482,0.025042405351996422,4.45747184753418,22.89058494567871,1014.36181640625,9.57421588897705,1.0562587976455688,2256.670654296875,0.6786783337593079,-1.621721625328064,2272.02490234375,-0.030538970604538918,0.018422774970531464,40.90185543754495,10.0,47.87610638116913,47.87610638116913,47.87835632766127,7.927914142608643,-124.73185969013048,-124.72704402236144,-124.73185969013048,1.0713263750076294,120.58383178710938,0.44024404883384705,32.96195983886719,5.1155619621276855,160.83433532714844,-1.0337009825889254e-07,0.003936688881367445,-0.006666458677500486,146.71954345703125,7.931307315826416,0.1020984947681427,0.11088690906763077,-0.16837699711322784,-0.2326449602842331,5.2539468015311286e-05,0.03750434145331383,0.029472654685378075,-32.83584261131697,-14.978611215899798,0.0,3.402304561119224e-16,7.462280336767435e-05,7.000873301876709e-05,2.2682030407461493e-16,1.701152280559612e-16,0.02021070197224617,0.003039990784600377,0.6381200551986694,0.5063349604606628,0.9739662408828735,0.5356731414794922,0.06440182030200958,11.430769920349121,1.6800627708435059,2.460026502609253,3.4283900260925293,0.01905965432524681,0.011824741028249264,2.903299892155071e-14,0.0,1.4516499460775356e-14,1.4516499460775356e-14,2.1774749191163033e-14,8.74837875366211,0.0,4.354949838232607e-14,0.0,27.239627838134766,8.950422286987305,0.17847608029842377,0.0713319256901741,6.1762261390686035,188.4020233154297,1.108857290432752e-07,0.008243931457400322,0.012652475386857986,182.99044799804688,0.14653795957565308,0.05115443840622902,0.03618414327502251,0.04221247509121895,0.03633331134915352,0.00021053368982393295,0.7117811441421509,0.010645925998687744,0.14023755863060933,0.4507075006882486,2022-08-24 00:00:00+00:00,2022-08-24 23:00:00+00:00,TH042,24
E1243.TH042-PPS-0822,1,1,False,2022-08-24,8/24/2022,19:00:00,12:00,,TH042,4,PPSUnit;ProgrammedSampling,95%EtOH,OlympicCoastNationalMarineSanctuary,TeahwhitHead,34.0,47˚52.467'N,124˚44.070'W,1000,MattGalaska,,E1243,TH042-PPS-0822,2022_AugSept_OCNMS_TH042-PPS,47.87445,-124.7345,America/Los_Angeles,2022-08-24 12:00:00,2022-08-24T19:00:00Z,4,1000,1001,2022-08-24 12:01:30,73,TH042,2022-08-24 12:18:11,2022-08-24 19:01:30+00:00,2022-08-24 19:18:11+00:00,2022-08-24 18:53:40.875000+00:00,2022-08-24 19:26:00.125000+00:00,43.63966666666667,3.452011,7.516166666666667,1.6054566666666668,738757.7989236666,33.63046666666667,26.268833333333333,43.26933333333333,0.011930353445452018,5.332916650395311e-05,0.0016653327995727228,0.01376149095604586,0.006944500032293143,0.0021779194965209675,0.0019295940851217443,0.011590225767142333,2022-08-24 19:00:26.985598+00:00,2022-08-24 19:20:26.995202+00:00,TH042,3,2022-08-24,2022-08-24,-0.5,-0.8666666666666667,0.00015215588791761547,0.00019638764206320047,-0.7874051335039117,-0.3342208159675695,0.16595065593719482,0.025042405351996422,4.45747184753418,22.89058494567871,1014.36181640625,9.57421588897705,1.0562587976455688,2256.670654296875,0.6786783337593079,-1.621721625328064,2272.02490234375,-0.030538970604538918,0.018422774970531464,40.90185543754495,10.0,47.87610638116913,47.87610638116913,47.87835632766127,7.927914142608643,-124.73185969013048,-124.72704402236144,-124.73185969013048,1.0713263750076294,120.58383178710938,0.44024404883384705,32.96195983886719,5.1155619621276855,160.83433532714844,-1.0337009825889254e-07,0.003936688881367445,-0.006666458677500486,146.71954345703125,7.931307315826416,0.1020984947681427,0.11088690906763077,-0.16837699711322784,-0.2326449602842331,5.2539468015311286e-05,0.03750434145331383,0.029472654685378075,-32.83584261131697,-14.978611215899798,0.0,3.402304561119224e-16,7.462280336767435e-05,7.000873301876709e-05,2.2682030407461493e-16,1.701152280559612e-16,0.02021070197224617,0.003039990784600377,0.6381200551986694,0.5063349604606628,0.9739662408828735,0.5356731414794922,0.06440182030200958,11.430769920349121,1.6800627708435059,2.460026502609253,3.4283900260925293,0.01905965432524681,0.011824741028249264,2.903299892155071e-14,0.0,1.4516499460775356e-14,1.4516499460775356e-14,2.1774749191163033e-14,8.74837875366211,0.0,4.354949838232607e-14,0.0,27.239627838134766,8.950422286987305,0.17847608029842377,0.0713319256901741,6.1762261390686035,188.4020233154297,1.108857290432752e-07,0.008243931457400322,0.012652475386857986,182.99044799804688,0.14653795957565308,0.05115443840622902,0.03618414327502251,0.04221247509121895,0.03633331134915352,0.00021053368982393295,0.7117811441421509,0.010645925998687744,0.14023755863060933,0.4507075006882486,2022-08-24 00:00:00+00:00,2022-08-24 23:00:00+00:00,TH042,24
E1244.TH042-PPS-0822,1,1,False,2022-08-25,8/25/2022,07:00:00,0:00,,TH042,5,PPSUnit;ProgrammedSampling,95%EtOH,OlympicCoastNationalMarineSanctuary,TeahwhitHead,34.0,47˚52.467'N,124˚44.070'W,1000,MattGalaska,,E1244,TH042-PPS-0822,2022_AugSept_OCNMS_TH042-PPS,47.87445,-124.7345,America/Los_Angeles,2022-08-25 00:00:00,2022-08-25T07:00:00Z,5,1000,1001,2022-08-25 00:01:40,73,TH042,2022-08-25 00:18:21,2022-08-25 07:01:40+00:00,2022-08-25 07:18:21+00:00,2022-08-25 06:53:50.875000+00:00,2022-08-25 07:26:10.125000+00:00,44.0,3.4519753333333334,7.525766666666667,1.887616666666667,738758.2989236666,33.6206,26.259733333333333,43.627,0.0816884324736381,0.00011350036710647931,0.0011676186592091248,0.021495435174318574,0.006944500032293143,0.0023643180835072773,0.001960442127005186,0.08072174428244241,2022-08-25 07:00:26.985598+00:00,2022-08-25 07:20:26.995202+00:00,TH042,3,2022-08-25,2022-08-25,-0.5,-0.8666666666666667,0.0002606233465485275,0.0002952981449197978,-0.7874051335039117,-0.3342208159675695,0.16655156016349792,0.025151321664452553,4.243631362915039,22.548940658569336,1014.1882934570312,8.49927806854248,0.9206891059875488,2255.280029296875,2.005779266357422,-1.65579354763031,2275.5869140625,-0.043773990124464035,0.02314154990017414,40.90185543754495,10.0,47.87610638116913,47.87610638116913,47.87835632766127,9.889867782592773,-124.73185969013048,-124.72704402236144,-124.73185969013048,0.24446062743663788,123.66098022460938,0.11012550443410873,33.05777359008789,6.264638900756836,130.53041076660156,-1.4648202295575175e-07,0.005491156596690416,-0.005520721431821585,114.1314468383789,7.684373378753662,0.12047675997018814,0.13099342584609985,-0.16159111261367798,-0.26782944798469543,0.00012897496344521642,0.017698951065540314,0.010250561870634556,-32.83974473718419,-14.991152202880443,0.0,3.402304561119224e-16,0.00012756467913277447,0.0001118118452723138,2.2682030407461493e-16,1.701152280559612e-16,0.0299978144466877,0.004568243399262428,0.3143410086631775,1.3499928712844849,1.5865426063537598,0.5581519603729248,0.06690242141485214,11.182537078857422,1.5922192335128784,1.9328272342681885,4.184139251708984,0.027729295194149017,0.01606082357466221,2.903299892155071e-14,0.0,1.4516499460775356e-14,1.4516499460775356e-14,2.1774749191163033e-14,8.245279312133789,0.0,4.354949838232607e-14,0.0,27.945064544677734,9.783705711364746,0.06675595045089722,0.0929047167301178,6.030257225036621,159.04092407226562,1.0059614652391247e-07,0.006826777011156082,0.008150214329361916,145.0412139892578,0.1504896581172943,0.056600816547870636,0.029192250221967697,0.06189668923616409,0.027298977598547935,0.00036631699185818434,0.7536500692367554,0.004351042676717043,0.14848671991098572,0.47721936312907576,2022-08-25 00:00:00+00:00,2022-08-25 23:00:00+00:00,TH042,24
E1245.TH042-PPS-0822,1,1,False,2022-08-26,8/26/2022,19:00:00,12:00,,TH042,6,PPSUnit;ProgrammedSampling,95%EtOH,OlympicCoastNationalMarineSanctuary,TeahwhitHead,34.0,47˚52.467'N,124˚44.070'W,1000,MattGalaska,,E1245,TH042-PPS-0822,2022_AugSept_OCNMS_TH042-PPS,47.87445,-124.7345,America/Los_Angeles,2022-08-26 12:00:00,2022-08-26T19:00:00Z,6,1000,1001,2022-08-26 12:01:50,73,TH042,2022-08-26 12:18:31,2022-08-26 19:01:50+00:00,2022-08-26 19:18:31+00:00,2022-08-26 18:54:00.875000+00:00,2022-08-26 19:26:20.125000+00:00,43.395333333333326,3.4424759999999996,7.605266666666666,2.7933866666666667,738759.7989236666,33.4415,26.107566666666667,43.02733333333333,0.08736322643614672,0.00012218428704211407,0.0015011106998930788,0.006636793904690083,0.006944500032293143,0.002705549851694522,0.0023544284515212683,0.08640794716536986,2022-08-26 19:00:26.985598+00:00,2022-08-26 19:20:26.995202+00:00,TH042,3,2022-08-26,2022-08-26,-0.5,-0.8666666666666667,0.00031327499891631305,0.00035478416248224676,-0.7874051335039117,-0.3342208159675695,0.1604713350534439,0.02418745495378971,3.3301169872283936,22.624319076538086,1015.9758911132812,8.421306610107422,0.9087285399436951,2246.483154296875,4.112796306610107,-2.349735975265503,2274.715576171875,-0.02615116536617279,0.017243344336748123,40.90185543754495,10.0,47.87610638116913,47.87610638116913,47.87835632766127,16.290117263793945,-124.73185969013048,-124.72704402236144,-124.73185969013048,10.976715087890625,130.8811492919922,0.09240754693746567,33.053619384765625,12.84204387664795,104.68106842041016,-4.611052872860455e-07,0.020052170380949974,-0.015767160803079605,64.57219696044922,7.7094550132751465,0.07012634724378586,0.11115667968988419,-0.13005149364471436,-0.2733120620250702,0.00011157584958709776,0.014086656272411346,0.009931820444762707,-32.84045644405513,-14.993439547498808,0.0,3.402304561119224e-16,0.0001682067522779107,0.00017159234266728163,2.2682030407461493e-16,1.701152280559612e-16,0.028247660025954247,0.004259026609361172,0.2669167220592499,0.8216017484664917,0.7154819369316101,0.6785657405853271,0.08264044672250748,9.376216888427734,1.379873514175415,1.8894773721694946,4.325811386108398,0.026592738926410675,0.015873923897743225,2.903299892155071e-14,0.0,1.4516499460775356e-14,1.4516499460775356e-14,2.1774749191163033e-14,11.662083625793457,0.0,4.354949838232607e-14,0.0,16.459836959838867,7.3755059242248535,0.07712813466787338,0.09518688917160034,8.288219451904297,86.32444763183594,5.527520556825039e-07,0.02063818834722042,0.020119693130254745,84.50630187988281,0.16539905965328217,0.0673525258898735,0.03119511716067791,0.0812520682811737,0.03922348469495773,0.0003356491797603667,0.7873215079307556,0.0049310894683003426,0.155120779856969,0.4985404742983478,2022-08-26 00:00:00+00:00,2022-08-26 23:00:00+00:00,TH042,24
E1246.TH042-PPS-0822,1,1,False,2022-08-28,8/28/2022,07:00:00,0:00,,TH042,7,PPSUnit;ProgrammedSampling,95%EtOH,OlympicCoastNationalMarineSanctuary,TeahwhitHead,34.0,47˚52.467'N,124˚44.070'W,1000,MattGalaska,,E1246,TH042-PPS-0822,2022_AugSept_OCNMS_TH042-PPS,47.87445,-124.7345,America/Los_Angeles,2022-08-28 00:00:00,2022-08-28T07:00:00Z,7,1000,1001,2022-08-28 00:02:02,73,TH042,2022-08-28 00:18:43,2022-08-28 07:02:02+00:00,2022-08-28 07:18:43+00:00,2022-08-28 06:54:12.875000+00:00,2022-08-28 07:26:32.125000+00:00,43.798333333333325,3.450753,7.532699999999999,1.6868766666666666,738761.2989236666,33.600766666666665,26.2431,43.427,0.12548439478012116,0.00018896295933339087,0.004214261501141053,0.03386868957213028,0.006944500032293143,0.006074811382529741,0.005367494760127824,0.12439855304624581,2022-08-28 07:00:26.985598+00:00,2022-08-28 07:20:26.995202+00:00,TH042,3,2022-08-28,2022-08-28,-0.5,-0.8666666666666667,0.00041547222645021975,0.00048335688188672066,-0.7874051335039117,-0.3342208159675695,0.12366572767496109,0.018672578036785126,2.908249855041504,25.352554321289062,1015.8677368164062,7.262888431549072,0.7730614542961121,2263.355224609375,3.4356982707977295,-2.8711726665496826,2279.064453125,-0.029210137203335762,0.024340150877833366,40.90185543754495,10.0,47.87610638116913,47.87610638116913,47.87835632766127,15.469016075134277,-124.73185969013048,-124.72704402236144,-124.73185969013048,-6.539556503295898,114.5431137084961,0.08820748329162598,33.15304946899414,14.303963661193848,192.14390563964844,-2.1711882425279327e-07,0.010261337272822857,-0.008909659460186958,168.9104766845703,7.55461311340332,0.09770745038986206,0.12128449231386185,-0.13541105389595032,-0.24234753847122192,0.00015212023572530597,-0.008080948144197464,0.008530338294804096,-32.84482398158023,-15.007476314405736,0.0,3.402304561119224e-16,0.0002648244262672961,0.00029154945514164865,2.2682030407461493e-16,1.701152280559612e-16,0.0423409603536129,0.0064155631698668,0.33979156613349915,0.7006691694259644,0.5033604502677917,1.0962496995925903,0.12221260368824005,12.05224895477295,0.9084070920944214,1.1448637247085571,5.339911460876465,0.024323776364326477,0.022849395871162415,2.903299892155071e-14,0.0,1.4516499460775356e-14,1.4516499460775356e-14,2.1774749191163033e-14,8.858448028564453,0.0,4.354949838232607e-14,0.0,33.96013259887695,9.660913467407227,0.11643960326910019,0.11133385449647903,10.50035285949707,214.31619262695312,1.0801444005892336e-07,0.011681091040372849,0.009549841284751892,231.43795776367188,0.19962020218372345,0.05747704207897186,0.048560731112957,0.08914493769407272,0.04841150715947151,0.0007181489490903914,0.8314478397369385,0.0065114921890199184,0.16381470106461682,0.5264817443613888,2022-08-28 00:00:00+00:00,2022-08-28 23:00:00+00:00,TH042,24
E1247.TH042-PPS-0822,1,1,False,2022-08-29,8/29/2022,19:00:00,12:00,,TH042,8,PPSUnit;ProgrammedSampling,95%EtOH,OlympicCoastNationalMarineSanctuary,TeahwhitHead,34.0,47˚52.467'N,124˚44.070'W,1000,MattGalaska,,E1247,TH042-PPS-0822,2022_AugSept_OCNMS_TH042-PPS,47.87445,-124.7345,America/Los_Angeles,2022-08-29 12:00:00,2022-08-29T19:00:00Z,8,1000,1001,2022-08-29 12:02:09,73,TH042,2022-08-29 12:18:50,2022-08-29 19:02:09+00:00,2022-08-29 19:18:50+00:00,2022-08-29 18:54:19.875000+00:00,2022-08-29 19:26:39.125000+00:00,42.972,3.454810333333333,7.572166666666667,2.36898,738762.7989236666,33.606833333333334,26.242266666666666,42.60733333333334,0.11069326989478423,2.5813433195391605e-05,0.019358288491841055,0.13712156103253795,0.006944500032293143,0.018635807826153122,0.017434544253674803,0.10954603294201534,2022-08-29 19:00:26.985598+00:00,2022-08-29 19:20:26.995202+00:00,TH042,3,2022-08-29,2022-08-29,-0.5,-0.8666666666666667,0.00033020367845892906,0.00038389230030588806,-0.7874051335039117,-0.3342208159675695,0.10410390049219131,0.015713030472397804,2.845818281173706,25.468862533569336,1015.55322265625,7.719468593597412,0.8341565728187561,2262.11328125,0.306633859872818,-2.866680383682251,2275.834228515625,-0.019295133650302887,0.01985841430723667,40.90185543754495,10.0,47.87610638116913,47.87610638116913,47.87835632766127,6.137829303741455,-124.73185969013048,-124.72704402236144,-124.73185969013048,-31.2794132232666,114.79071044921875,0.18942566215991974,33.08993148803711,7.261699676513672,202.8851776123047,-7.999801709956955e-08,0.0032953599002212286,-0.009537535719573498,220.7650604248047,7.645344257354736,0.06235808506608009,0.08307809382677078,-0.14033102989196777,-0.21481578052043915,-5.349575076252222e-06,-0.015614311210811138,0.013060162775218487,-32.84630822923878,-15.012246516904431,0.0,3.402304561119224e-16,0.0003549935936462134,0.0003288246225565672,2.2682030407461493e-16,1.701152280559612e-16,0.023969212546944618,0.0036139157600700855,0.5328460335731506,0.7614743709564209,0.8137006759643555,0.614105224609375,0.06400502473115921,14.154399871826172,2.1817245483398438,1.5042303800582886,6.061219692230225,0.03273630514740944,0.020252685993909836,2.903299892155071e-14,0.0,1.4516499460775356e-14,1.4516499460775356e-14,2.1774749191163033e-14,6.147190093994141,0.0,4.354949838232607e-14,0.0,12.157572746276855,11.230600357055664,0.1857423037290573,0.12312962859869003,6.971163749694824,276.14453125,8.02987401016253e-08,0.008400745689868927,0.01343274675309658,259.9449157714844,0.2198503166437149,0.0809459537267685,0.03872181847691536,0.08244813233613968,0.0229575727134943,0.00047845274093560874,0.8339601755142212,0.009147350676357746,0.16430967950662617,0.528072548555867,2022-08-29 00:00:00+00:00,2022-08-29 23:00:00+00:00,TH042,24
E1248.TH042-PPS-0822,1,1,False,2022-08-31,8/31/2022,07:00:00,0:00,,TH042,9,PPSUnit;ProgrammedSampling,95%EtOH,OlympicCoastNationalMarineSanctuary,TeahwhitHead,34.0,47˚52.467'N,124˚44.070'W,1000,MattGalaska,,E1248,TH042-PPS-0822,2022_AugSept_OCNMS_TH042-PPS,47.87445,-124.7345,America/Los_Angeles,2022-08-31 00:00:00,2022-08-31T07:00:00Z,9,1000,1001,2022-08-31 00:02:14,73,TH042,2022-08-31 00:18:55,2022-08-31 07:02:14+00:00,2022-08-31 07:18:55+00:00,2022-08-31 06:54:24.875000+00:00,2022-08-31 07:26:44.125000+00:00,42.573,3.456178,7.606166666666667,2.8481,738764.2989236666,33.5889,26.2233,42.212,0.10977704678118899,3.117691453623892e-05,0.0010969655114604312,0.004827929162694807,0.006944500032293143,0.0014000000000007973,0.0012288205727436108,0.10877959367455188,2022-08-31 07:00:26.985598+00:00,2022-08-31 07:20:26.995202+00:00,TH042,3,2022-08-31,2022-08-31,-0.5,-0.8666666666666667,0.00036302683292888105,0.00042235440923832357,-0.7874051335039117,-0.3342208159675695,0.10098109394311905,0.015245501883327961,2.475590944290161,26.351516723632812,1013.6103515625,6.419602870941162,0.7173423767089844,2262.5322265625,-0.36436727643013,0.5507065653800964,2276.594970703125,-0.011193233542144299,0.013807815499603748,40.90185543754495,10.0,47.87610638116913,47.87610638116913,47.87835632766127,31.007659912109375,-124.73185969013048,-124.72704402236144,-124.73185969013048,-7.705948352813721,115.38407135009766,0.4245573580265045,33.11152267456055,23.879064559936523,148.7451934814453,-4.12108505543074e-07,-0.001837878837250173,0.0024615053553134203,101.5644302368164,7.674886703491211,0.0570669062435627,0.0522138886153698,-0.07833841443061829,-0.16099236905574799,2.633165604493115e-05,-0.025059396401047707,0.02242911420762539,-32.84816913342194,-15.01822725046543,0.0,3.402304561119224e-16,0.0002167476632166654,0.0002388692373642698,2.2682030407461493e-16,1.701152280559612e-16,0.04024667292833328,0.006071832496672869,0.54580157995224,0.24367430806159973,0.7994071245193481,1.0262622833251953,0.11734402924776077,9.75463581085205,2.4901628494262695,5.726076602935791,5.404465198516846,0.030036354437470436,0.020849432796239853,2.903299892155071e-14,0.0,1.4516499460775356e-14,1.4516499460775356e-14,2.1774749191163033e-14,18.030733108520508,0.0,4.354949838232607e-14,0.0,29.21451187133789,7.787198543548584,0.27136534452438354,0.10956969112157822,14.98023796081543,163.72547912597656,2.3900858536762826e-07,0.01865498535335064,0.043793078511953354,127.02850341796875,0.23011235892772675,0.07811376452445984,0.050553761422634125,0.12615901231765747,0.07906509935855865,0.0006219692877493799,0.7994425892829895,0.011322240345180035,0.15750891466593303,0.5062156668898713,2022-08-31 00:00:00+00:00,2022-08-31 23:00:00+00:00,TH042,24
E1249.TH042-PPS-0822,1,1,False,2022-09-01,9/1/2022,19:00:00,12:00,,TH042,10,PPSUnit;ProgrammedSampling,95%EtOH,OlympicCoastNationalMarineSanctuary,TeahwhitHead,34.0,47˚52.467'N,124˚44.070'W,1000,MattGalaska,,E1249,TH042-PPS-0822,2022_AugSept_OCNMS_TH042-PPS,47.87445,-124.7345,America/Los_Angeles,2022-09-01 12:00:00,2022-09-01T19:00:00Z,10,1000,1001,2022-09-01 12:02:20,73,TH042,2022-09-01 12:19:01,2022-09-01 19:02:20+00:00,2022-09-01 19:19:01+00:00,2022-09-01 18:54:30.875000+00:00,2022-09-01 19:26:50.125000+00:00,42.58166666666667,3.4601106666666666,7.825466666666667,2.26783,738765.7989236666,33.4202,26.059200000000004,42.22,0.08696167738339272,5.784750066640096e-05,0.00041633319989310957,0.003455473918292486,0.006944500032293143,0.00019999999999953388,9.999999999976694e-05,0.08641759080187414,2022-09-01 19:00:26.985598+00:00,2022-09-01 19:20:26.995202+00:00,TH042,3,2022-09-01,2022-09-01,-0.5,-0.8666666666666667,0.0004329174116719514,0.00042840433889068663,-0.7874051335039117,-0.3342208159675695,0.053217750042676926,0.008032497949898243,3.3548717498779297,25.98642921447754,1015.8562622070312,4.386165142059326,0.5214250683784485,2272.59765625,-1.2328386306762695,3.7361373901367188,2277.247802734375,0.027367720380425453,-0.013326078653335571,40.90185543754495,10.0,47.87610638116913,47.87610638116913,47.87835632766127,16.070053100585938,-124.73185969013048,-124.72704402236144,-124.73185969013048,16.759004592895508,107.60050201416016,0.435823917388916,33.118751525878906,10.00739574432373,137.7100067138672,-3.2014568773774954e-07,-0.0065155029296875,0.014751882292330265,94.87354278564453,7.624259948730469,-0.09160804748535156,-0.04175424948334694,0.08173574507236481,-0.0244758278131485,7.55472865421325e-06,0.004560644272714853,0.01738654263317585,-32.84233329088044,-14.999471518891271,0.0,3.402304561119224e-16,0.00029868684941902757,0.00021273781021591276,2.2682030407461493e-16,1.701152280559612e-16,0.04513777419924736,0.0068133813329041,0.7032495141029358,0.15261048078536987,0.7463412880897522,0.29371604323387146,0.026538468897342682,9.637924194335938,1.559019684791565,1.519149899482727,2.2991766929626465,0.02242511510848999,0.010650211945176125,2.903299892155071e-14,0.0,1.4516499460775356e-14,1.4516499460775356e-14,2.1774749191163033e-14,10.741080284118652,0.0,4.354949838232607e-14,0.0,13.796194076538086,7.920437812805176,0.1423649936914444,0.040733855217695236,6.840683460235596,119.45403289794922,2.0778736598003889e-07,0.006936951540410519,0.012221894226968288,136.5012664794922,0.08682643622159958,0.062001172453165054,0.04296453669667244,0.03598630800843239,0.02517247200012207,0.0005071615451015532,0.761853814125061,0.004097064957022667,0.1501030420400508,0.4824140378953242,2022-09-01 00:00:00+00:00,2022-09-01 23:00:00+00:00,TH042,24
E1250.TH042-PPS-0822,1,1,False,2022-09-03,9/3/2022,07:00:00,0:00,,TH042,11,PPSUnit;ProgrammedSampling,95%EtOH,OlympicCoastNationalMarineSanctuary,TeahwhitHead,34.0,47˚52.467'N,124˚44.070'W,1000,MattGalaska,,E1250,TH042-PPS-0822,2022_AugSept_OCNMS_TH042-PPS,47.87445,-124.7345,America/Los_Angeles,2022-09-03 00:00:00,2022-09-03T07:00:00Z,11,1000,1001,2022-09-03 00:02:25,73,TH042,2022-09-03 00:19:06,2022-09-03 07:02:25+00:00,2022-09-03 07:19:06+00:00,2022-09-03 06:54:35.875000+00:00,2022-09-03 07:26:55.125000+00:00,41.59433333333333,3.458133666666667,7.718566666666667,1.5599766666666668,738767.2989236666,33.50203333333334,26.138933333333338,41.242,0.06642539674953556,0.000762110446938885,0.019734572033194103,0.016999262729110676,0.006944500032293143,0.010715565002992573,0.01122690221447347,0.06584831053261578,2022-09-03 07:00:26.985598+00:00,2022-09-03 07:20:26.995202+00:00,TH042,3,2022-09-03,2022-09-03,-0.5,-0.8666666666666667,0.0003435544203966856,0.0004147645377088338,-0.7874051335039117,-0.3342208159675695,0.1288115531206131,0.019443215802311897,3.779879570007324,26.819459915161133,1015.23828125,6.46408224105835,0.7335451245307922,2285.394775390625,-1.6133790016174316,3.6217167377471924,2281.041015625,0.012309606187045574,0.0032470382284373045,40.90185543754495,10.0,47.87610638116913,47.87610638116913,47.87835632766127,22.666086196899414,-124.73185969013048,-124.72704402236144,-124.73185969013048,-9.633397102355957,95.71771240234375,0.18202853202819824,33.19943618774414,14.682830810546875,161.8759307861328,-3.2271313443743566e-07,-0.006848345045000315,0.015788014978170395,134.16041564941406,7.4879889488220215,-0.018493888899683952,0.053958963602781296,-0.004526063334196806,-0.03054165095090866,8.730617264518514e-05,0.01412458810955286,0.011758212000131607,-32.84044896881713,-14.993415522937413,0.0,3.402304561119224e-16,0.00033573221298865974,0.00046771042980253696,2.2682030407461493e-16,1.701152280559612e-16,0.05358864367008209,0.0080886734649539,0.5113999843597412,0.2313695102930069,2.1907849311828613,1.0484422445297241,0.10119885951280594,7.206310272216797,1.7175313234329224,2.6147825717926025,1.2879607677459717,0.032912127673625946,0.02226194366812706,2.903299892155071e-14,0.0,1.4516499460775356e-14,1.4516499460775356e-14,2.1774749191163033e-14,13.798954010009766,0.0,4.354949838232607e-14,0.0,35.12258529663086,5.901598930358887,0.10058552026748657,0.02117633819580078,8.418171882629395,215.16893005371094,2.1502643221538165e-07,0.006512100342661142,0.015066634863615036,185.81375122070312,0.04684299975633621,0.09557216614484787,0.02127489447593689,0.07648596912622452,0.04866184666752815,0.00044759668526239693,0.7213626503944397,0.004016504157334566,0.142125341706208,0.4567746199404125,2022-09-03 00:00:00+00:00,2022-09-03 23:00:00+00:00,TH042,24
E1251.TH042-PPS-0822,1,1,False,2022-09-04,9/4/2022,19:00:00,12:00,,TH042,12,PPSUnit;ProgrammedSampling,95%EtOH,OlympicCoastNationalMarineSanctuary,TeahwhitHead,34.0,47˚52.467'N,124˚44.070'W,1000,MattGalaska,,E1251,TH042-PPS-0822,2022_AugSept_OCNMS_TH042-PPS,47.87445,-124.7345,America/Los_Angeles,2022-09-04 12:00:00,2022-09-04T19:00:00Z,12,1000,1001,2022-09-04 12:02:30,73,TH042,2022-09-04 12:19:11,2022-09-04 19:02:30+00:00,2022-09-04 19:19:11+00:00,2022-09-04 18:54:40.875000+00:00,2022-09-04 19:27:00.125000+00:00,42.538666666666664,3.4675286666666665,7.9096,1.7672533333333333,738768.7989236666,33.41916666666667,26.046266666666668,42.17766666666666,0.09237604307033816,9.927906795156832e-05,0.0015000000000000568,0.0017695291275741645,0.006944500032293143,0.0004041451884338473,0.0005131601439449925,0.09151138362702735,2022-09-04 19:00:26.985598+00:00,2022-09-04 19:20:26.995202+00:00,TH042,3,2022-09-04,2022-09-04,-0.5,-0.8666666666666667,0.0006041415617801249,0.0007186878356151283,-0.7874051335039117,-0.3342208159675695,0.16260074079036713,0.02454354055225849,3.297846794128418,25.741453170776367,1016.96044921875,8.223780632019043,0.8901503682136536,2269.451416015625,-2.6851165294647217,5.467160701751709,2277.2587890625,0.02774851955473423,-0.011607746593654156,40.90185543754495,10.0,47.87610638116913,47.87610638116913,47.87835632766127,36.43031692504883,-124.73185969013048,-124.72704402236144,-124.73185969013048,5.905376434326172,109.12029266357422,0.11402904987335205,33.130035400390625,24.591230392456055,158.91738891601562,-2.200025846832432e-06,-0.03250482678413391,0.05847086012363434,91.990478515625,7.5822577476501465,-0.06606425344944,-0.005129227880388498,0.06266586482524872,0.019508620724081993,-4.762197204399854e-05,0.04500533640384674,0.010563136078417301,-32.8343647390604,-14.973861503215124,0.0,3.402304561119224e-16,0.0004496247274801135,0.0005310006090439856,2.2682030407461493e-16,1.701152280559612e-16,0.04738691821694374,0.007152798119932413,0.7934260964393616,0.9858141541481018,0.8167108297348022,0.9216124415397644,0.07678360491991043,18.85380744934082,2.4278416633605957,3.531080484390259,3.669835329055786,0.032221414148807526,0.016981372609734535,2.903299892155071e-14,0.0,1.4516499460775356e-14,1.4516499460775356e-14,2.1774749191163033e-14,19.714082717895508,0.0,4.354949838232607e-14,0.0,29.004549026489258,15.846648216247559,0.09537768363952637,0.06539835035800934,13.160849571228027,126.4412841796875,4.167897714069113e-06,0.03471779450774193,0.046374112367630005,161.3593292236328,0.09543171525001526,0.0933678075671196,0.03424801304936409,0.07615968585014343,0.060401275753974915,0.0006514539127238095,0.7278981804847717,0.0038503301329910755,0.14341297968547567,0.460912941379364,2022-09-04 00:00:00+00:00,2022-09-04 23:00:00+00:00,TH042,24
E1252.TH042-PPS-0822,1,1,False,2022-09-06,9/6/2022,07:00:00,0:00,,TH042,13,PPSUnit;ProgrammedSampling,95%EtOH,OlympicCoastNationalMarineSanctuary,TeahwhitHead,34.0,47˚52.467'N,124˚44.070'W,1000,MattGalaska,,E1252,TH042-PPS-0822,2022_AugSept_OCNMS_TH042-PPS,47.87445,-124.7345,America/Los_Angeles,2022-09-06 00:00:00,2022-09-06T07:00:00Z,13,1000,1001,2022-09-06 00:02:31,73,TH042,2022-09-06 00:19:12,2022-09-06 07:02:31+00:00,2022-09-06 07:19:12+00:00,2022-09-06 06:54:41.875000+00:00,2022-09-06 07:27:01.125000+00:00,42.59966666666667,3.4632083333333337,7.862133333333333,1.4763966666666668,738770.2989236666,33.41826666666666,26.052433333333337,42.238,0.07128347167004102,0.00012963924302968752,0.0019731531449262815,0.006320920291645277,0.006944500032293143,0.0005131601439430309,0.0006429100507333916,0.07076015828133692,2022-09-06 07:00:26.985598+00:00,2022-09-06 07:20:26.995202+00:00,TH042,3,2022-09-06,2022-09-06,-0.5,-0.8666666666666667,0.0005003177211619914,0.0005520294071175158,-0.7874051335039117,-0.3342208159675695,0.2680569589138031,0.04046133533120155,4.330815315246582,25.07569694519043,1018.267578125,9.181107521057129,0.9896561503410339,2275.394287109375,1.1734963655471802,-4.792827606201172,2275.730712890625,-0.026839392259716988,0.024773666635155678,40.90185543754495,10.0,47.87610638116913,47.87610638116913,47.87835632766127,3.5108134746551514,-124.73185969013048,-124.72704402236144,-124.73185969013048,-61.12534713745117,105.18619537353516,0.24217693507671356,33.07954788208008,13.245674133300781,165.93621826171875,-4.553480437152757e-08,0.011849243193864822,-0.037503909319639206,210.30506896972656,7.716797351837158,0.08764097839593887,0.07842894643545151,-0.1338295191526413,-0.1677425652742386,5.563371814787388e-06,0.01824859343469143,0.020475191995501518,-32.83963644558854,-14.99080416605709,0.0,3.402304561119224e-16,0.0002836410130839795,0.00029913877369835973,2.2682030407461493e-16,1.701152280559612e-16,0.08588866144418716,0.012964281253516674,0.999111533164978,0.6953936815261841,1.399713397026062,1.2781093120574951,0.15161441266536713,17.232769012451172,1.8925387859344482,2.563047409057617,1.929229974746704,0.021360518410801888,0.016295788809657097,2.903299892155071e-14,0.0,1.4516499460775356e-14,1.4516499460775356e-14,2.1774749191163033e-14,8.050182342529297,0.0,4.354949838232607e-14,0.0,9.580110549926758,14.523835182189941,0.2525402903556824,0.03269904479384422,9.775809288024902,253.7545623779297,1.037327592712245e-07,0.01884162425994873,0.028396936133503914,255.5993194580078,0.11154904961585999,0.06739937514066696,0.03985584154725075,0.06235910579562187,0.059355687350034714,0.00046779948752373457,0.8055630326271057,0.01619194634258747,0.158714790166416,0.5100912130578953,2022-09-06 00:00:00+00:00,2022-09-06 23:00:00+00:00,TH042,24
E1253.TH042-PPS-0822,1,1,False,2022-09-07,9/7/2022,19:00:00,12:00,,TH042,14,PPSUnit;ProgrammedSampling,95%EtOH,OlympicCoastNationalMarineSanctuary,TeahwhitHead,34.0,47˚52.467'N,124˚44.070'W,1000,MattGalaska,,E1253,TH042-PPS-0822,2022_AugSept_OCNMS_TH042-PPS,47.87445,-124.7345,America/Los_Angeles,2022-09-07 12:00:00,2022-09-07T19:00:00Z,14,1000,1000,2022-09-07 12:02:26,73,TH042,2022-09-07 12:19:06,2022-09-07 19:02:26+00:00,2022-09-07 19:19:06+00:00,2022-09-07 18:54:36.875000+00:00,2022-09-07 19:26:55.125000+00:00,43.576,3.455519333333333,7.575666666666667,1.1183033333333334,738771.7989236666,33.610800000000005,26.244866666666667,43.205999999999996,0.05935486500700841,2.6539279065750856e-05,0.002510644007686802,0.014653686680604695,0.006944500032293143,0.002645751311062453,0.0024193663082162863,0.05838664230797992,2022-09-07 19:00:26.985598+00:00,2022-09-07 19:20:26.995202+00:00,TH042,3,2022-09-07,2022-09-07,-0.5,-0.8666666666666667,0.001147317816503346,0.001226225751452148,-0.7874051335039117,-0.3342208159675695,0.211844339966774,0.031978677958250046,5.171077251434326,25.33344078063965,1019.4248046875,8.253463745117188,0.8934319615364075,2285.908203125,2.9292995929718018,-5.179295063018799,2275.392578125,-0.09766419976949692,0.04518970847129822,40.90185543754495,10.0,47.87610638116913,47.87610638116913,47.87835632766127,3.4513838291168213,-124.73185969013048,-124.72704402236144,-124.73185969013048,-59.409969329833984,95.4357681274414,0.27857503294944763,33.04952621459961,19.861589431762695,174.12757873535156,-4.404212816666586e-08,0.026880696415901184,-0.0481228344142437,210.22459411621094,7.791520595550537,0.2048129290342331,0.17289769649505615,-0.15237903594970703,-0.3332267701625824,0.0002936420205514878,-0.006713346112519503,0.02140411175787449,-32.84455453132452,-15.00661033205057,0.0,3.402304561119224e-16,0.0005031985347159207,0.0005150625947862864,2.2682030407461493e-16,1.701152280559612e-16,0.07062678039073944,0.010664294473826885,0.8915469646453857,1.1270198822021484,2.524885892868042,0.9721449613571167,0.11230114847421646,17.598520278930664,1.8080211877822876,2.4389240741729736,3.1027753353118896,0.04752194508910179,0.027563266456127167,2.903299892155071e-14,0.0,1.4516499460775356e-14,1.4516499460775356e-14,2.1774749191163033e-14,7.977443218231201,0.0,4.354949838232607e-14,0.0,16.51192283630371,15.174955368041992,0.1781824380159378,0.06240696460008621,15.378775596618652,259.8898010253906,1.0144645301579658e-07,0.02939249947667122,0.04606367275118828,260.5231018066406,0.12780559062957764,0.07466048747301102,0.028592700138688087,0.06193811446428299,0.05127693712711334,0.00036972638918086886,0.862865686416626,0.010310059413313866,0.17000475424238318,0.5463758684756511,2022-09-07 00:00:00+00:00,2022-09-07 23:00:00+00:00,TH042,24
E1254.TH042-PPS-0822,1,1,False,2022-09-09,9/9/2022,07:00:00,0:00,,TH042,15,PPSUnit;ProgrammedSampling,95%EtOH,OlympicCoastNationalMarineSanctuary,TeahwhitHead,34.0,47˚52.467'N,124˚44.070'W,1000,MattGalaska,,E1254,TH042-PPS-0822,2022_AugSept_OCNMS_TH042-PPS,47.87445,-124.7345,America/Los_Angeles,2022-09-09 00:00:00,2022-09-09T07:00:00Z,15,1000,1001,2022-09-09 00:02:21,73,TH042,2022-09-09 00:19:02,2022-09-09 07:02:21+00:00,2022-09-09 07:19:02+00:00,2022-09-09 06:54:31.875000+00:00,2022-09-09 07:26:51.125000+00:00,44.22933333333334,3.4668496666666666,7.558833333333332,0.67591,738773.2989236666,33.7493,26.356166666666667,43.85433333333334,0.05481179921634858,0.0001439664312724807,0.0007094598884594616,0.00554368108750855,0.006944500032293143,0.0010535653752845044,0.0007505553499465787,0.05481179921634858,2022-09-09 07:00:26.985598+00:00,2022-09-09 07:20:26.995202+00:00,TH042,3,2022-09-09,2022-09-09,-0.5,-0.8666666666666667,0.0015420191921293736,0.0014312303392216563,-0.7874051335039117,-0.3342208159675695,0.12346402555704117,0.018636435270309448,2.3650081157684326,27.77933692932129,1017.0888671875,6.349790573120117,0.6846230626106262,2272.5380859375,-0.4511730968952179,-5.4691162109375,2278.350341796875,-0.056136682629585266,0.01207004114985466,40.90185543754495,10.0,47.87610638116913,47.87610638116913,47.87835632766127,3.0644052028656006,-124.73185969013048,-124.72704402236144,-124.73185969013048,-51.902400970458984,104.2455062866211,0.10856912285089493,33.15184020996094,33.032196044921875,189.682373046875,-4.0108542265215874e-08,0.0033766638953238726,-0.03311339020729065,205.4881591796875,7.607106685638428,0.15652549266815186,0.1864343136548996,-0.09411981701850891,-0.23210056126117706,0.00014541919517796487,-0.02047540619969368,0.010672274976968765,-32.84726597838813,-15.01532461331174,0.0,3.402304561119224e-16,0.003145738271996379,0.002316915662959218,2.2682030407461493e-16,1.701152280559612e-16,0.05945346876978874,0.008973204530775547,0.16578611731529236,1.2052568197250366,2.5671639442443848,0.731192946434021,0.08474099636077881,10.870798110961914,1.6474428176879883,2.7659854888916016,4.919260025024414,0.044299572706222534,0.02359078638255596,2.903299892155071e-14,0.0,1.4516499460775356e-14,1.4516499460775356e-14,2.1774749191163033e-14,14.288880348205566,0.0,4.354949838232607e-14,0.0,8.198294639587402,9.317574501037598,0.1093032956123352,0.10420588403940201,21.389421463012695,261.6434020996094,1.855251809956826e-07,0.014513852074742317,0.03965490311384201,252.41305541992188,0.18108238279819489,0.08118552714586258,0.047186266630887985,0.09541766345500946,0.05668965354561806,0.0004866743111051619,0.980236828327179,0.006060598883777857,0.19312962482371815,0.6206965620560831,2022-09-09 00:00:00+00:00,2022-09-09 23:00:00+00:00,TH042,24
E1255.TH042-PPS-0822,1,1,False,2022-09-10,9/10/2022,19:00:00,12:00,,TH042,16,PPSUnit;ProgrammedSampling,95%EtOH,OlympicCoastNationalMarineSanctuary,TeahwhitHead,34.0,47˚52.467'N,124˚44.070'W,1000,MattGalaska,,E1255,TH042-PPS-0822,2022_AugSept_OCNMS_TH042-PPS,47.87445,-124.7345,America/Los_Angeles,2022-09-10 12:00:00,2022-09-10T19:00:00Z,16,1000,1001,2022-09-10 12:02:16,73,TH042,2022-09-10 12:18:57,2022-09-10 19:02:16+00:00,2022-09-10 19:18:57+00:00,2022-09-10 18:54:26.875000+00:00,2022-09-10 19:26:46.125000+00:00,43.775,3.4643086666666663,7.668866666666666,1.8433066666666666,738774.7989236666,33.61546666666667,26.23523333333333,43.40333333333333,0.09337558567420237,0.000195832411345457,0.0013576941236277075,0.013201061825979493,0.006944500032293143,0.003370954365360377,0.0028676354952010216,0.09280265800791422,2022-09-10 19:00:26.985598+00:00,2022-09-10 19:20:26.995202+00:00,TH042,3,2022-09-10,2022-09-10,-0.5,-0.8666666666666667,0.0007048992556519806,0.000833441037684679,-0.7874051335039117,-0.3342208159675695,0.1181812658905983,0.017838669940829277,2.4824867248535156,30.7264404296875,1009.1124877929688,5.514902591705322,0.591057300567627,2297.436767578125,-2.868126153945923,-3.7678439617156982,2284.400390625,-0.05100184306502342,0.006217418238520622,40.90185543754495,10.0,47.87610638116913,47.87610638116913,47.87835632766127,-2.364656925201416,-124.73185969013048,-124.72704402236144,-124.73185969013048,-39.3792839050293,81.91036224365234,0.06245658919215202,33.278995513916016,37.051448822021484,200.6071319580078,3.106836388155898e-08,-0.014468374662101269,-0.021132173016667366,205.29962158203125,7.35027551651001,0.16275767982006073,0.18342234194278717,-0.07475042343139648,-0.18716172873973846,0.00021013694640714675,-0.033078987151384354,0.007740413770079613,-32.849749180525684,-15.023305341442287,0.0,3.402304561119224e-16,0.000512377533596009,0.0006586493691429496,2.2682030407461493e-16,1.701152280559612e-16,0.03998711705207825,0.006035469472408295,0.22056856751441956,0.6346929669380188,1.1174477338790894,0.527330219745636,0.06242072582244873,8.04040241241455,3.114536762237549,2.65287709236145,2.862384557723999,0.03466368839144707,0.027459314092993736,2.903299892155071e-14,0.0,1.4516499460775356e-14,1.4516499460775356e-14,2.1774749191163033e-14,9.502185821533203,0.0,4.354949838232607e-14,0.0,9.163172721862793,7.0355544090271,0.05422713980078697,0.0568573996424675,34.838436126708984,245.24710083007812,1.243589622390573e-07,0.028308922424912453,0.030117370188236237,252.47625732421875,0.10304872691631317,0.07399090379476547,0.05216327682137489,0.0851958766579628,0.05577483028173447,0.0006879803841002285,1.0122253894805908,0.002420893171802163,0.19943211349221662,0.6409520409993269,2022-09-10 00:00:00+00:00,2022-09-10 23:00:00+00:00,TH042,24
E1256.TH042-PPS-0822,1,1,False,2022-09-12,9/12/2022,07:00:00,0:00,,TH042,17,PPSUnit;ProgrammedSampling,95%EtOH,OlympicCoastNationalMarineSanctuary,TeahwhitHead,34.0,47˚52.467'N,124˚44.070'W,1000,MattGalaska,,E1256,TH042-PPS-0822,2022_AugSept_OCNMS_TH042-PPS,47.87445,-124.7345,America/Los_Angeles,2022-09-12 00:00:00,2022-09-12T07:00:00Z,17,1000,1001,2022-09-12 00:02:10,73,TH042,2022-09-12 00:18:51,2022-09-12 07:02:10+00:00,2022-09-12 07:18:51+00:00,2022-09-12 06:54:20.875000+00:00,2022-09-12 07:26:40.125000+00:00,43.717999999999996,3.469587333333333,7.869033333333334,1.4728166666666667,738776.2989236666,33.479533333333336,26.09953333333333,43.34733333333333,0.18931191193371946,0.0004748834944841335,0.00647018804466542,0.010082679868632762,0.006944500032293143,0.001069267662159076,0.0017953644012658702,0.18726006871016027,2022-09-12 07:00:26.985598+00:00,2022-09-12 07:20:26.995202+00:00,TH042,3,2022-09-12,2022-09-12,-0.5,-0.8666666666666667,0.0008180945296771824,0.0008528852486051619,-0.7874051335039117,-0.3342208159675695,0.08130495250225067,0.012272265739738941,2.92989182472229,28.402246475219727,1016.1087036132812,4.604170322418213,0.545388400554657,2286.123779296875,-2.4110822677612305,4.2983622550964355,2278.90966796875,0.06138649582862854,-0.06208766624331474,40.90185543754495,10.0,47.87610638116913,47.87610638116913,47.87835632766127,10.36988353729248,-124.73185969013048,-124.72704402236144,-124.73185969013048,-11.50228214263916,93.74903106689453,0.3544278144836426,33.1597785949707,9.74068832397461,102.69326782226562,-1.6789648782378208e-07,-0.013080324046313763,0.02418340928852558,94.0849838256836,7.623942852020264,-0.14063642919063568,-0.04538634419441223,0.17159609496593475,0.10894376784563065,1.2189469089207705e-05,0.06553474068641663,0.016134681180119514,-32.830319965772084,-14.960862063710977,0.0,3.402304561119224e-16,0.00030443433206528425,0.000309613038552925,2.2682030407461493e-16,1.701152280559612e-16,0.03852005675435066,0.005814070347696543,0.1797870695590973,0.9597439169883728,0.5680575966835022,0.5051801204681396,0.06267436593770981,6.239168643951416,1.2283039093017578,1.1147031784057617,2.45055890083313,0.042221300303936005,0.025971487164497375,2.903299892155071e-14,0.0,1.4516499460775356e-14,1.4516499460775356e-14,2.1774749191163033e-14,5.5732903480529785,0.0,4.354949838232607e-14,0.0,32.04954528808594,5.327371120452881,0.081083282828331,0.050510652363300323,4.89260196685791,130.83837890625,8.077687141394563e-08,0.00847478024661541,0.01591316983103752,129.84251403808594,0.09584549069404602,0.07714161276817322,0.06838556379079819,0.03750025853514671,0.03722475841641426,0.0003986514639109373,0.9749298691749573,0.003146877745166421,0.19208401773861392,0.6173361002751468,2022-09-12 00:00:00+00:00,2022-09-12 23:00:00+00:00,TH042,24
E1257.TH042-PPS-0822,1,1,False,2022-09-13,9/13/2022,19:00:00,12:00,,TH042,18,PPSUnit;ProgrammedSampling,95%EtOH,OlympicCoastNationalMarineSanctuary,TeahwhitHead,34.0,47˚52.467'N,124˚44.070'W,1000,MattGalaska,,E1257,TH042-PPS-0822,2022_AugSept_OCNMS_TH042-PPS,47.87445,-124.7345,America/Los_Angeles,2022-09-13 12:00:00,2022-09-13T19:00:00Z,18,1000,1001,2022-09-13 12:02:04,73,TH042,2022-09-13 12:18:45,2022-09-13 19:02:04+00:00,2022-09-13 19:18:45+00:00,2022-09-13 18:54:14.875000+00:00,2022-09-13 19:26:34.125000+00:00,42.979000000000006,3.4585503333333336,7.7285,1.2111666666666665,738777.7989236666,33.49633333333333,26.133033333333334,42.61433333333333,0.07049113419430664,0.00013267378540360327,0.002622975409720918,0.0016517061885617786,0.006944500032293143,0.0010598742063749793,0.001222020185322198,0.06992376801441438,2022-09-13 19:00:26.985598+00:00,2022-09-13 19:20:26.995202+00:00,TH042,3,2022-09-13,2022-09-13,-0.5,-0.8666666666666667,0.0004377769073471427,0.00044971451279707253,-0.7874051335039117,-0.3342208159675695,0.15966208279132843,0.02409992553293705,3.3007938861846924,27.619359970092773,1012.8610229492188,5.859694004058838,0.6820328831672668,2283.860595703125,-0.9921072125434875,1.7612180709838867,2276.572509765625,0.01935122162103653,-0.015216325409710407,40.90185543754495,10.0,47.87610638116913,47.87610638116913,47.87835632766127,-1.3809337615966797,-124.73185969013048,-124.72704402236144,-124.73185969013048,-14.959607124328613,94.9559097290039,0.32830342650413513,33.10972595214844,-0.7791253924369812,96.3825912475586,1.4441546625221235e-08,-0.0041891285218298435,0.004934156779199839,113.50223541259766,7.705177307128906,-0.03572698310017586,0.03619719669222832,0.06793054193258286,-0.007533395197242498,3.336341762860684e-07,0.060924381017684937,0.01634843833744526,-32.83122831425138,-14.963781392005473,0.0,3.402304561119224e-16,0.00020890877931378782,0.0002012446493608877,2.2682030407461493e-16,1.701152280559612e-16,0.046966392546892166,0.0070892805233597755,0.2850264310836792,0.4592859745025635,0.5029479265213013,0.7654032707214355,0.07581596076488495,3.0705485343933105,1.5554190874099731,0.8145188689231873,1.209020733833313,0.045101311057806015,0.01744718849658966,2.903299892155071e-14,0.0,1.4516499460775356e-14,1.4516499460775356e-14,2.1774749191163033e-14,4.274942874908447,0.0,4.354949838232607e-14,0.0,27.854270935058594,2.534837245941162,0.06894581019878387,0.021769480779767036,3.442345380783081,167.26065063476562,5.241920675302936e-08,0.005255814176052809,0.0033828376326709986,158.7906036376953,0.03858841210603714,0.10842391848564148,0.04009775072336197,0.06104471907019615,0.016381341964006424,0.0005081958952359855,0.9114087820053101,0.002387035870924592,0.17956888455525824,0.5771138912397744,2022-09-13 00:00:00+00:00,2022-09-13 23:00:00+00:00,TH042,24
E1258.TH042-PPS-0822,1,1,False,2022-09-15,9/15/2022,07:00:00,0:00,,TH042,19,PPSUnit;ProgrammedSampling,95%EtOH,OlympicCoastNationalMarineSanctuary,TeahwhitHead,34.0,47˚52.467'N,124˚44.070'W,1000,MattGalaska,,E1258,TH042-PPS-0822,2022_AugSept_OCNMS_TH042-PPS,47.87445,-124.7345,America/Los_Angeles,2022-09-15 00:00:00,2022-09-15T07:00:00Z,19,1000,1001,2022-09-15 00:01:59,73,TH042,2022-09-15 00:18:40,2022-09-15 07:01:59+00:00,2022-09-15 07:18:40+00:00,2022-09-15 06:54:09.875000+00:00,2022-09-15 07:26:29.125000+00:00,41.81466666666666,3.4548389999999998,7.6747000000000005,1.33991,738779.2989236666,33.50866666666667,26.150433333333336,41.46,0.0743796567169648,1.5874507866508326e-05,0.0028053520278208065,0.012018997462351024,0.006944500032293143,0.0025106440076844263,0.0023586719427109897,0.07397972695272498,2022-09-15 07:00:26.985598+00:00,2022-09-15 07:20:26.995202+00:00,TH042,3,2022-09-15,2022-09-15,-0.5,-0.8666666666666667,0.00022426746727433056,0.00026966104633174837,-0.7874051335039117,-0.3342208159675695,0.16235320270061493,0.02450619451701641,3.574769973754883,27.313146591186523,1016.415771484375,9.345532417297363,1.0368869304656982,2281.59130859375,-0.4940442144870758,0.42080631852149963,2272.3701171875,0.011442326940596104,0.0021795707289129496,40.90185543754495,10.0,47.87610638116913,47.87610638116913,47.87835632766127,0.5197977423667908,-124.73185969013048,-124.72704402236144,-124.73185969013048,-16.890390396118164,97.2319107055664,0.5309889316558838,33.016422271728516,0.7058253884315491,86.52545928955078,-2.6217071180667517e-08,-0.0013609929010272026,0.00011061126133427024,102.19022369384766,7.905228137969971,-0.022176243364810944,0.037262093275785446,-0.014624514617025852,-0.08103267103433609,3.5420063795754686e-05,0.0713023841381073,0.027287252247333527,-32.829183604561024,-14.957209928531805,0.0,3.402304561119224e-16,0.00022709272161591798,0.0002446975267957896,2.2682030407461493e-16,1.701152280559612e-16,0.03920271620154381,0.005917608272284269,0.38252365589141846,0.11227110773324966,1.5749084949493408,0.5984804034233093,0.06226034089922905,5.036572456359863,1.2957106828689575,1.3639990091323853,1.5384645462036133,0.051862556487321854,0.009703228250145912,2.903299892155071e-14,0.0,1.4516499460775356e-14,1.4516499460775356e-14,2.1774749191163033e-14,1.526207685470581,0.0,4.354949838232607e-14,0.0,26.872028350830078,4.020209312438965,0.08076804131269455,0.02933303453028202,1.5974310636520386,147.89199829101562,5.3886147100001835e-08,0.002644274150952697,0.0013626059517264366,144.8837432861328,0.06547816842794418,0.1169511005282402,0.023095710203051567,0.053897175937891006,0.03892234340310097,0.0006543463096022606,0.7474597692489624,0.004088268615305424,0.14726707701187688,0.47329957011387347,2022-09-15 00:00:00+00:00,2022-09-15 23:00:00+00:00,TH042,24
E1259.TH042-PPS-0822,1,1,False,2022-09-16,9/16/2022,19:00:00,12:00,,TH042,20,PPSUnit;ProgrammedSampling,95%EtOH,OlympicCoastNationalMarineSanctuary,TeahwhitHead,34.0,47˚52.467'N,124˚44.070'W,1000,MattGalaska,,E1259,TH042-PPS-0822,2022_AugSept_OCNMS_TH042-PPS,47.87445,-124.7345,America/Los_Angeles,2022-09-16 12:00:00,2022-09-16T19:00:00Z,20,1000,1000,2022-09-16 12:01:54,73,TH042,2022-09-16 12:18:34,2022-09-16 19:01:54+00:00,2022-09-16 19:18:34+00:00,2022-09-16 18:54:04.875000+00:00,2022-09-16 19:26:23.125000+00:00,42.56033333333334,3.465716666666667,7.9238,1.4641233333333334,738780.7989236666,33.3862,26.01823333333333,42.199000000000005,0.22243276137595805,6.253265813409207e-05,0.0008544003745315291,0.0023766853669203673,0.006944500032293143,0.00019999999999953388,0.0002886751345941401,0.2203542602265745,2022-09-16 19:00:26.985598+00:00,2022-09-16 19:20:26.995202+00:00,TH042,3,2022-09-16,2022-09-16,-0.5,-0.8666666666666667,0.00017272976401727647,0.00021741585806012154,-0.7874051335039117,-0.3342208159675695,0.18588531017303467,0.02805814892053604,3.0404319763183594,26.06537437438965,1019.1708984375,11.811169624328613,1.3023990392684937,2264.993896484375,1.4657119512557983,-1.3302664756774902,2267.8203125,0.004609481431543827,0.004040755797177553,40.90185543754495,10.0,47.87610638116913,47.87610638116913,47.87835632766127,-0.43544042110443115,-124.73185969013048,-124.72704402236144,-124.73185969013048,-48.67539596557617,125.34639739990234,1.1416524648666382,32.94089889526367,4.975590705871582,123.83292388916016,-3.855780761341521e-08,0.003784466302022338,-0.004527841228991747,167.96815490722656,8.424335479736328,0.010863224975764751,0.01967700384557247,-0.016849370673298836,-0.06025538221001625,-2.9019768135185586e-06,0.08213841915130615,0.1121773049235344,-32.82704865199661,-14.950348434765159,0.0,3.402304561119224e-16,0.00012258830247446895,0.00013379458687268198,2.2682030407461493e-16,1.701152280559612e-16,0.050260163843631744,0.007586466148495674,0.7459196448326111,1.032857060432434,0.49630340933799744,1.5442185401916504,0.1659945845603943,18.350584030151367,1.8468157052993774,1.8894652128219604,4.462001800537109,0.04711081460118294,0.01667569763958454,2.903299892155071e-14,0.0,1.4516499460775356e-14,1.4516499460775356e-14,2.1774749191163033e-14,2.333075523376465,0.0,4.354949838232607e-14,0.0,27.04051399230957,24.61056137084961,0.47327637672424316,0.07792864739894867,4.605355739593506,219.8181610107422,1.1531407295706231e-07,0.00558787677437067,0.006120829377323389,227.47715759277344,0.43333137035369873,0.12863999605178833,0.039306458085775375,0.05089367926120758,0.031559091061353683,0.000837679544929415,0.668538510799408,0.06520126760005951,0.13171774074244647,0.423325778814385,2022-09-16 00:00:00+00:00,2022-09-16 23:00:00+00:00,TH042,24
E1260.TH042-PPS-0822,1,1,False,2022-09-17,9/17/2022,07:00:00,0:00,,TH042,21,PPSUnit;ProgrammedSampling,95%EtOH,OlympicCoastNationalMarineSanctuary,TeahwhitHead,34.0,47˚52.467'N,124˚44.070'W,1000,MattGalaska,,E1260,TH042-PPS-0822,2022_AugSept_OCNMS_TH042-PPS,47.87445,-124.7345,America/Los_Angeles,2022-09-17 00:00:00,2022-09-17T07:00:00Z,21,1000,1001,2022-09-17 00:01:49,73,TH042,2022-09-17 00:18:30,2022-09-17 07:01:49+00:00,2022-09-17 07:18:30+00:00,2022-09-17 06:53:59.875000+00:00,2022-09-17 07:26:19.125000+00:00,41.659666666666666,3.468628333333333,7.982233333333333,1.4078100000000002,738781.2989236666,33.36193333333333,25.990666666666666,41.30633333333333,0.10908864896648705,0.0002108182471545579,0.0028360771028540354,0.007605267911125841,0.006944500032293143,0.0005686240703078653,0.0008020806277008929,0.10793670985041533,2022-09-17 07:00:26.985598+00:00,2022-09-17 07:20:26.995202+00:00,TH042,3,2022-09-17,2022-09-17,-0.5,-0.8666666666666667,0.00045268714893609285,0.00047061804798431695,-0.7874051335039117,-0.3342208159675695,0.14311684668064117,0.02160262130200863,2.77982497215271,26.528688430786133,1014.1785278320312,9.353278160095215,1.02413809299469,2265.2626953125,0.0010364850750193,-2.7919092178344727,2267.281494140625,-0.003991649020463228,0.008166621439158916,40.90185543754495,10.0,47.87610638116913,47.87610638116913,47.87835632766127,-8.024802207946777,-124.73185969013048,-124.72704402236144,-124.73185969013048,-52.49599838256836,105.2752685546875,0.3290654718875885,32.92202377319336,5.230526447296143,120.3087158203125,1.0431827490720025e-07,0.004699388984590769,-0.023410556837916374,175.5989990234375,7.995250701904297,0.02683841623365879,0.04803789034485817,-0.05935598537325859,-0.04822629690170288,-3.122724228887819e-05,0.07778850942850113,0.02129911445081234,-32.82790568646985,-14.953102845703327,0.0,3.402304561119224e-16,0.0004932273295708001,0.0004885163507424295,2.2682030407461493e-16,1.701152280559612e-16,0.03008127398788929,0.004540775902569294,1.2851403951644897,1.609052062034607,2.573512554168701,0.6626221537590027,0.07779593020677567,27.630489349365234,3.3304824829101562,2.532053232192993,5.86037540435791,0.030842121690511703,0.012110513634979725,2.903299892155071e-14,0.0,1.4516499460775356e-14,1.4516499460775356e-14,2.1774749191163033e-14,6.999117851257324,0.0,4.354949838232607e-14,0.0,14.354100227355957,22.97340965270996,0.12627145648002625,0.11423037201166153,9.926767349243164,226.41842651367188,9.095590058905145e-08,0.028860261663794518,0.037183020263910294,225.55076599121094,0.2540254592895508,0.09452716261148453,0.022385742515325546,0.068325936794281,0.040726542472839355,0.00032566837035119534,0.6039823889732361,0.008678288199007511,0.11899868892462516,0.3824481985718891,2022-09-17 00:00:00+00:00,2022-09-17 23:00:00+00:00,TH042,24
E1261.TH042-PPS-0822,1,1,False,2022-09-17,9/17/2022,19:00:00,12:00,,TH042,22,PPSUnit;ProgrammedSampling,95%EtOH,OlympicCoastNationalMarineSanctuary,TeahwhitHead,34.0,47˚52.467'N,124˚44.070'W,1000,MattGalaska,,E1261,TH042-PPS-0822,2022_AugSept_OCNMS_TH042-PPS,47.87445,-124.7345,America/Los_Angeles,2022-09-17 12:00:00,2022-09-17T19:00:00Z,22,1000,1001,2022-09-17 12:01:44,73,TH042,2022-09-17 12:18:25,2022-09-17 19:01:44+00:00,2022-09-17 19:18:25+00:00,2022-09-17 18:53:54.875000+00:00,2022-09-17 19:26:14.125000+00:00,42.61266666666666,3.460358,7.819066666666667,1.1791233333333333,738781.7989236666,33.42896666666667,26.067066666666665,42.25133333333333,0.054975752230715914,0.00024058886092267627,0.00819898367685471,0.014714055638515581,0.006944500032293143,0.005262445565833311,0.005361280941466893,0.054519109799533026,2022-09-17 19:00:26.985598+00:00,2022-09-17 19:20:26.995202+00:00,TH042,3,2022-09-17,2022-09-17,-0.5,-0.8666666666666667,0.00045268714893609285,0.00047061804798431695,-0.7874051335039117,-0.3342208159675695,0.14311684668064117,0.02160262130200863,2.77982497215271,26.528688430786133,1014.1785278320312,9.353278160095215,1.02413809299469,2265.2626953125,0.0010364850750193,-2.7919092178344727,2267.281494140625,-0.003991649020463228,0.008166621439158916,40.90185543754495,10.0,47.87610638116913,47.87610638116913,47.87835632766127,-8.024802207946777,-124.73185969013048,-124.72704402236144,-124.73185969013048,-52.49599838256836,105.2752685546875,0.3290654718875885,32.92202377319336,5.230526447296143,120.3087158203125,1.0431827490720025e-07,0.004699388984590769,-0.023410556837916374,175.5989990234375,7.995250701904297,0.02683841623365879,0.04803789034485817,-0.05935598537325859,-0.04822629690170288,-3.122724228887819e-05,0.07778850942850113,0.02129911445081234,-32.82790568646985,-14.953102845703327,0.0,3.402304561119224e-16,0.0004932273295708001,0.0004885163507424295,2.2682030407461493e-16,1.701152280559612e-16,0.03008127398788929,0.004540775902569294,1.2851403951644897,1.609052062034607,2.573512554168701,0.6626221537590027,0.07779593020677567,27.630489349365234,3.3304824829101562,2.532053232192993,5.86037540435791,0.030842121690511703,0.012110513634979725,2.903299892155071e-14,0.0,1.4516499460775356e-14,1.4516499460775356e-14,2.1774749191163033e-14,6.999117851257324,0.0,4.354949838232607e-14,0.0,14.354100227355957,22.97340965270996,0.12627145648002625,0.11423037201166153,9.926767349243164,226.41842651367188,9.095590058905145e-08,0.028860261663794518,0.037183020263910294,225.55076599121094,0.2540254592895508,0.09452716261148453,0.022385742515325546,0.068325936794281,0.040726542472839355,0.00032566837035119534,0.6039823889732361,0.008678288199007511,0.11899868892462516,0.3824481985718891,2022-09-17 00:00:00+00:00,2022-09-17 23:00:00+00:00,TH042,24
E1262.TH042-PPS-0822,1,1,False,2022-09-18,9/18/2022,07:00:00,0:00,,TH042,23,PPSUnit;ProgrammedSampling,95%EtOH,OlympicCoastNationalMarineSanctuary,TeahwhitHead,34.0,47˚52.467'N,124˚44.070'W,1000,MattGalaska,,E1262,TH042-PPS-0822,2022_AugSept_OCNMS_TH042-PPS,47.87445,-124.7345,America/Los_Angeles,2022-09-18 00:00:00,2022-09-18T07:00:00Z,23,1000,1000,2022-09-18 00:01:39,73,TH042,2022-09-18 00:18:19,2022-09-18 07:01:39+00:00,2022-09-18 07:18:19+00:00,2022-09-18 06:53:49.875000+00:00,2022-09-18 07:26:08.125000+00:00,41.818000000000005,3.4664213333333334,7.821433333333334,0.5214333333333333,738782.2989236666,33.49216666666667,26.116333333333333,41.46333333333333,0.067357256476196,0.000443385084698895,0.0015143755588799062,0.05677542983838464,0.006944500032293143,0.006169548875998397,0.005064911976859989,0.0670024875160131,2022-09-18 07:00:26.985598+00:00,2022-09-18 07:20:26.995202+00:00,TH042,3,2022-09-18,2022-09-18,-0.5,-0.8666666666666667,0.0013426294317469,0.0013426331570371985,-0.7874051335039117,-0.3342208159675695,0.1422484964132309,0.021471643820405006,4.420427322387695,27.163820266723633,1008.3447265625,8.818804740905762,0.9732477068901062,2290.82958984375,0.57574063539505,-7.265946865081787,2272.933837890625,-0.030622387304902077,0.021822253242135048,40.90185543754495,10.0,47.87610638116913,47.87610638116913,47.87835632766127,-20.713581085205078,-124.73185969013048,-124.72704402236144,-124.73185969013048,-65.87029266357422,90.1014175415039,0.4344922602176666,33.018680572509766,34.057254791259766,129.46034240722656,2.696925491818547e-07,0.008148769848048687,-0.06604274362325668,181.98695373535156,7.943953037261963,0.10194674879312515,0.08093224465847015,-0.13532929122447968,-0.1832166165113449,8.040569809963927e-05,0.05821869894862175,0.03386281430721283,-32.831761397806424,-14.965494661682262,0.0,3.402304561119224e-16,0.0008173031383194029,0.0007840675534680486,2.2682030407461493e-16,1.701152280559612e-16,0.029160216450691223,0.0044016651809215546,1.2229039669036865,0.7624347805976868,0.47179174423217773,0.9229380488395691,0.11259958148002625,19.724973678588867,1.928963541984558,1.0688978433609009,4.250039100646973,0.02795661799609661,0.01707525923848152,2.903299892155071e-14,0.0,1.4516499460775356e-14,1.4516499460775356e-14,2.1774749191163033e-14,10.8935546875,0.0,4.354949838232607e-14,0.0,5.588769912719727,17.244375228881836,0.23556461930274963,0.08429579436779022,13.028692245483398,245.42901611328125,1.418662236574164e-07,0.02014045976102352,0.02856362983584404,231.5767822265625,0.2500254809856415,0.06986934691667557,0.03652332350611687,0.06045696139335632,0.045452117919921875,0.0005149718490429223,0.5615036487579346,0.019566699862480164,0.11062937066854305,0.35555016533102884,2022-09-18 00:00:00+00:00,2022-09-18 23:00:00+00:00,TH042,24
E1263.TH042-PPS-0822,1,1,False,2022-09-18,9/18/2022,19:00:00,12:00,,TH042,24,PPSUnit;ProgrammedSampling,95%EtOH,OlympicCoastNationalMarineSanctuary,TeahwhitHead,34.0,47˚52.467'N,124˚44.070'W,1000,MattGalaska,,E1263,TH042-PPS-0822,2022_AugSept_OCNMS_TH042-PPS,47.87445,-124.7345,America/Los_Angeles,2022-09-18 12:00:00,2022-09-18T19:00:00Z,24,1000,1001,2022-09-18 12:01:34,73,TH042,2022-09-18 12:18:15,2022-09-18 19:01:34+00:00,2022-09-18 19:18:15+00:00,2022-09-18 18:53:44.875000+00:00,2022-09-18 19:26:04.125000+00:00,42.885,3.464636,7.780333333333334,0.43692,738782.7989236666,33.511966666666666,26.137866666666667,42.520999999999994,0.08319254774317134,0.00013765173446059334,0.0002309401076758249,0.011115084345159074,0.006944500032293143,0.0015534906930311492,0.0012897028081425086,0.08234682750416174,2022-09-18 19:00:26.985598+00:00,2022-09-18 19:20:26.995202+00:00,TH042,3,2022-09-18,2022-09-18,-0.5,-0.8666666666666667,0.0013426294317469,0.0013426331570371985,-0.7874051335039117,-0.3342208159675695,0.1422484964132309,0.021471643820405006,4.420427322387695,27.163820266723633,1008.3447265625,8.818804740905762,0.9732477068901062,2290.82958984375,0.57574063539505,-7.265946865081787,2272.933837890625,-0.030622387304902077,0.021822253242135048,40.90185543754495,10.0,47.87610638116913,47.87610638116913,47.87835632766127,-20.713581085205078,-124.73185969013048,-124.72704402236144,-124.73185969013048,-65.87029266357422,90.1014175415039,0.4344922602176666,33.018680572509766,34.057254791259766,129.46034240722656,2.696925491818547e-07,0.008148769848048687,-0.06604274362325668,181.98695373535156,7.943953037261963,0.10194674879312515,0.08093224465847015,-0.13532929122447968,-0.1832166165113449,8.040569809963927e-05,0.05821869894862175,0.03386281430721283,-32.831761397806424,-14.965494661682262,0.0,3.402304561119224e-16,0.0008173031383194029,0.0007840675534680486,2.2682030407461493e-16,1.701152280559612e-16,0.029160216450691223,0.0044016651809215546,1.2229039669036865,0.7624347805976868,0.47179174423217773,0.9229380488395691,0.11259958148002625,19.724973678588867,1.928963541984558,1.0688978433609009,4.250039100646973,0.02795661799609661,0.01707525923848152,2.903299892155071e-14,0.0,1.4516499460775356e-14,1.4516499460775356e-14,2.1774749191163033e-14,10.8935546875,0.0,4.354949838232607e-14,0.0,5.588769912719727,17.244375228881836,0.23556461930274963,0.08429579436779022,13.028692245483398,245.42901611328125,1.418662236574164e-07,0.02014045976102352,0.02856362983584404,231.5767822265625,0.2500254809856415,0.06986934691667557,0.03652332350611687,0.06045696139335632,0.045452117919921875,0.0005149718490429223,0.5615036487579346,0.019566699862480164,0.11062937066854305,0.35555016533102884,2022-09-18 00:00:00+00:00,2022-09-18 23:00:00+00:00,TH042,24
E1849.TH042-PPS-0623,1,1,False,2023-06-16,6/16/2023,07:01:00,0:01,PPSPort1,TH042,1,PPSUnit;ProgrammedSampling,95%EtOH,OlympicCoastNationalMarineSanctuary,TeahwhitHead,34.0,47˚52.699'N,124˚44.187'W,1000,ShannonBrown,,E1849,TH042-PPS-0623,2023_JuneJuly_OCNMS_TH042-PPS,47.87831666666666,-124.73645,America/Los_Angeles,2023-06-16 00:01:00,2023-06-16T07:01:00Z,1,1000,1000,2023-06-16 00:01:14,73,TH042,2023-06-16 00:17:54,2023-06-16 07:01:14+00:00,2023-06-16 07:17:54+00:00,2023-06-16 06:53:24.875000+00:00,2023-06-16 07:25:43.125000+00:00,,,,,,,,,,,,,,,,,,,,0,2023-06-16,2023-06-16,-0.5,-0.8666666666666667,0.00022110222198534757,0.00027783773839473724,-0.7874051335039117,-0.3342208159675695,0.07832206040620804,0.011794709600508213,2.5853660106658936,28.08740234375,1022.3427124023438,6.9733147621154785,0.7039942741394043,2276.704345703125,0.8269262313842773,1.5967803001403809,2291.466552734375,-0.028218736872076988,0.007743500173091888,40.90185543754495,10.0,47.87610638116913,47.87610638116913,47.87835632766127,6.329400539398193,-124.73185969013048,-124.72704402236144,-124.73185969013048,7.750472545623779,110.59085083007812,0.11116278916597366,33.34063720703125,5.640981197357178,71.62335968017578,-6.739123818988446e-07,0.0020748721435666084,0.004509347025305033,51.90250778198242,7.248152256011963,0.11427131295204163,0.13505248725414276,-0.08675549179315567,-0.1667902022600174,0.00014834830653853714,-0.03313145041465759,0.008631684817373753,-32.849759516711615,-15.023338560763639,0.0,3.402304561119224e-16,0.0001509652502136305,0.00018803475541062653,2.2682030407461493e-16,1.701152280559612e-16,0.025723209604620934,0.003893438493832946,0.22180768847465515,1.1848273277282715,0.4669981896877289,0.5255714654922485,0.03856104984879494,12.1614408493042,1.9336023330688477,2.547971487045288,3.680293321609497,0.020380521193146706,0.01732761412858963,2.903299892155071e-14,0.0,1.4516499460775356e-14,1.4516499460775356e-14,2.1774749191163033e-14,5.109163761138916,0.0,4.354949838232607e-14,0.0,20.260005950927734,11.717960357666016,0.10431156307458878,0.07174061983823776,3.566479444503784,75.91345977783203,1.3764918094238965e-06,0.007317330222576857,0.010275134816765785,83.72762298583984,0.07701769471168518,0.05329526960849762,0.03809521719813347,0.0809052512049675,0.043013256043195724,0.00038138459785841405,0.9568713307380676,0.0037785761523991823,0.18852605084678173,0.6059012009442657,2023-06-16 00:00:00+00:00,2023-06-16 23:00:00+00:00,TH042,24
E1850.TH042-PPS-0623,1,1,False,2023-06-17,6/17/2023,19:01:00,12:01,PPSPort2,TH042,2,PPSUnit;ProgrammedSampling,95%EtOH,OlympicCoastNationalMarineSanctuary,TeahwhitHead,34.0,47˚52.699'N,124˚44.187'W,1001,ShannonBrown,,E1850,TH042-PPS-0623,2023_JuneJuly_OCNMS_TH042-PPS,47.87831666666666,-124.73645,America/Los_Angeles,2023-06-17 12:01:00,2023-06-17T19:01:00Z,2,1000,1001,2023-06-17 12:01:24,73,TH042,2023-06-17 12:18:05,2023-06-17 19:01:24+00:00,2023-06-17 19:18:05+00:00,2023-06-17 18:53:34.875000+00:00,2023-06-17 19:25:54.125000+00:00,,,,,,,,,,,,,,,,,,,,0,2023-06-17,2023-06-17,-0.5,-0.8666666666666667,0.000298126571578905,0.0003391193167772144,-0.7874051335039117,-0.3342208159675695,0.11746656894683838,0.01773255132138729,2.609377145767212,28.471750259399414,1019.6421508789062,6.598355770111084,0.6914283633232117,2279.801513671875,3.9915599822998047,-2.9013431072235107,2292.53125,-0.018891965970396996,0.012059498578310013,40.90185543754495,10.0,47.87610638116913,47.87610638116913,47.87835632766127,-0.7661598324775696,-124.73185969013048,-124.72704402236144,-124.73185969013048,-48.958740234375,107.80133056640625,0.14931954443454742,33.36531448364258,9.384475708007812,196.00022888183594,9.836963243969876e-09,0.01944967545568943,-0.014859038405120373,236.3406524658203,7.2714691162109375,0.07203679531812668,0.10292414575815201,-0.10388434678316116,-0.20234952867031097,-8.12017697171541e-06,-0.044116515666246414,0.01059690210968256,-32.851923832488374,-15.030294424541994,0.0,3.402304561119224e-16,0.0001719969295663759,0.00017230509547516704,2.2682030407461493e-16,1.701152280559612e-16,0.02859761193394661,0.0043181185610592365,0.3478027284145355,1.4930628538131714,1.062577486038208,0.3550148010253906,0.042266491800546646,15.644537925720215,0.4729398488998413,0.4449264407157898,4.345876216888428,0.026597578078508377,0.019266091287136078,2.903299892155071e-14,0.0,1.4516499460775356e-14,1.4516499460775356e-14,2.1774749191163033e-14,4.94270133972168,0.0,4.354949838232607e-14,0.0,33.4004020690918,15.437983512878418,0.12961572408676147,0.08722499758005142,1.7312334775924683,284.61163330078125,6.423753973194835e-08,0.005705155897885561,0.004414197523146868,280.4032897949219,0.11237548291683197,0.06411875784397125,0.04404144734144211,0.09388578683137894,0.06418325006961823,0.0005869682063348591,0.9991586208343506,0.00601502601057291,0.19685765481813752,0.6326780247803508,2023-06-17 00:00:00+00:00,2023-06-17 23:00:00+00:00,TH042,24
E1851.TH042-PPS-0623,1,1,False,2023-06-19,6/19/2023,07:01:00,0:01,PPSPort3,TH042,3,PPSUnit;ProgrammedSampling,95%EtOH,OlympicCoastNationalMarineSanctuary,TeahwhitHead,34.0,47˚52.699'N,124˚44.187'W,1001,ShannonBrown,,E1851,TH042-PPS-0623,2023_JuneJuly_OCNMS_TH042-PPS,47.87831666666666,-124.73645,America/Los_Angeles,2023-06-19 00:01:00,2023-06-19T07:01:00Z,3,1000,1001,2023-06-19 00:01:26,73,TH042,2023-06-19 00:18:07,2023-06-19 07:01:26+00:00,2023-06-19 07:18:07+00:00,2023-06-19 06:53:36.875000+00:00,2023-06-19 07:25:56.125000+00:00,,,,,,,,,,,,,,,,,,,,0,2023-06-19,2023-06-19,-0.5,-0.8666666666666667,0.00026218569837510586,0.00031256829970516264,-0.7874051335039117,-0.3342208159675695,0.08917155861854553,0.013457505963742733,3.4167354106903076,27.411813735961914,1011.6403198242188,6.341939449310303,0.6956624984741211,2281.064208984375,2.769516944885254,0.014467716217041016,2290.44384765625,-0.016715146601200104,0.018802009522914886,40.90185543754495,10.0,47.87610638116913,47.87610638116913,47.87835632766127,-7.359596252441406,-124.73185969013048,-124.72704402236144,-124.73185969013048,-46.356658935546875,107.7314453125,0.35368213057518005,33.3053092956543,6.144628047943115,153.86219787597656,8.854683386516626e-08,0.009816518984735012,-0.0014641982270404696,201.43382263183594,7.269132137298584,0.04624788835644722,0.0396096408367157,-0.10116106271743774,-0.15736104547977448,5.176082413527183e-05,-0.03416050970554352,0.017805634066462517,-32.849962264303564,-15.02399016837383,0.0,3.402304561119224e-16,0.00012525597412604839,0.00012857459660153836,2.2682030407461493e-16,1.701152280559612e-16,0.04326876625418663,0.006530244834721088,0.5954592823982239,0.7137251496315002,0.538526177406311,0.5527582168579102,0.06871922314167023,11.894759178161621,1.4021323919296265,2.472548246383667,3.903554677963257,0.02566276490688324,0.01685941033065319,2.903299892155071e-14,0.0,1.4516499460775356e-14,1.4516499460775356e-14,2.1774749191163033e-14,6.622875213623047,0.0,4.354949838232607e-14,0.0,34.83736801147461,11.698298454284668,0.23328955471515656,0.07810890674591064,3.337641716003418,242.7463836669922,9.43321225577165e-08,0.010949654504656792,0.009998880326747894,243.02969360351562,0.15330347418785095,0.08543915301561356,0.04880726709961891,0.08933592587709427,0.06401220709085464,0.0005718523170799017,0.9701786637306213,0.009146043099462986,0.19114792321148286,0.6143275993510672,2023-06-19 00:00:00+00:00,2023-06-19 23:00:00+00:00,TH042,24
E1852.TH042-PPS-0623,1,1,False,2023-06-20,6/20/2023,19:01:00,12:01,PPSPort4,TH042,4,PPSUnit;ProgrammedSampling,95%EtOH,OlympicCoastNationalMarineSanctuary,TeahwhitHead,34.0,47˚52.699'N,124˚44.187'W,1001,ShannonBrown,,E1852,TH042-PPS-0623,2023_JuneJuly_OCNMS_TH042-PPS,47.87831666666666,-124.73645,America/Los_Angeles,2023-06-20 12:01:00,2023-06-20T19:01:00Z,4,1000,1001,2023-06-20 12:01:39,73,TH042,2023-06-20 12:18:20,2023-06-20 19:01:39+00:00,2023-06-20 19:18:20+00:00,2023-06-20 18:53:49.875000+00:00,2023-06-20 19:26:09.125000+00:00,,,,,,,,,,,,,,,,,,,,0,2023-06-20,2023-06-20,-0.5,-0.8666666666666667,0.00016706598398741335,0.00021293216559570283,-0.7874051335039117,-0.3342208159675695,0.043525923043489456,0.006569868419319391,3.295109510421753,26.971572875976562,1017.2013549804688,5.771488189697266,0.672117292881012,2277.5615234375,-1.1171666383743286,3.596707344055176,2287.829345703125,0.008992265909910202,0.01195592526346445,40.90185543754495,10.0,47.87610638116913,47.87610638116913,47.87835632766127,3.613210439682007,-124.73185969013048,-124.72704402236144,-124.73185969013048,-25.98659324645996,112.6668472290039,0.7530052065849304,33.250526428222656,5.11399507522583,236.67640686035156,-1.9572878784401837e-07,-0.006131365895271301,0.01378112006932497,253.935791015625,7.3970770835876465,-0.033737923949956894,-0.02697986550629139,-0.04012502729892731,-0.11261352151632309,-0.000141188022098504,-0.010379506275057793,0.028413698077201843,-32.84527685058327,-15.00893178367158,0.0,3.402304561119224e-16,7.193754572654143e-05,6.052786557120271e-05,2.2682030407461493e-16,1.701152280559612e-16,0.0161125585436821,0.0024317181669175625,0.8314615488052368,0.405660480260849,2.6192281246185303,0.3172323703765869,0.03095765970647335,10.912592887878418,1.368276834487915,0.6170568466186523,3.1496922969818115,0.022357068955898285,0.027105458080768585,2.903299892155071e-14,0.0,1.4516499460775356e-14,1.4516499460775356e-14,2.1774749191163033e-14,3.2938976287841797,0.0,4.354949838232607e-14,0.0,28.721065521240234,11.634576797485352,0.4340274930000305,0.058857616037130356,2.5287485122680664,284.3527526855469,2.983950651014311e-07,0.007387456949800253,0.007147417403757572,305.28729248046875,0.15768210589885712,0.07139487564563751,0.031414419412612915,0.08257701247930527,0.07504556328058243,0.000596811412833631,0.9160383939743042,0.01738116145133972,0.18048101282173387,0.5800453673386474,2023-06-20 00:00:00+00:00,2023-06-20 23:00:00+00:00,TH042,24
E1853.TH042-PPS-0623,1,1,False,2023-06-22,6/22/2023,07:01:00,0:01,PPSPort5,TH042,5,PPSUnit;ProgrammedSampling,95%EtOH,OlympicCoastNationalMarineSanctuary,TeahwhitHead,34.0,47˚52.699'N,124˚44.187'W,1001,ShannonBrown,,E1853,TH042-PPS-0623,2023_JuneJuly_OCNMS_TH042-PPS,47.87831666666666,-124.73645,America/Los_Angeles,2023-06-22 00:01:00,2023-06-22T07:01:00Z,5,1000,1001,2023-06-22 00:01:40,73,TH042,2023-06-22 00:18:21,2023-06-22 07:01:40+00:00,2023-06-22 07:18:21+00:00,2023-06-22 06:53:50.875000+00:00,2023-06-22 07:26:10.125000+00:00,,,,,,,,,,,,,,,,,,,,0,2023-06-22,2023-06-22,-0.5,-0.8666666666666667,0.000419407821027562,0.000497015134897083,-0.7874051335039117,-0.3342208159675695,0.1572837084531784,0.023740112781524658,3.5592172145843506,27.091064453125,1018.8801879882812,7.19568395614624,0.8331151008605957,2284.335693359375,1.5892504453659058,-4.098254680633545,2288.328369140625,-0.01804024912416935,0.02998165600001812,40.90185543754495,10.0,47.87610638116913,47.87610638116913,47.87835632766127,-0.1599934846162796,-124.73185969013048,-124.72704402236144,-124.73185969013048,-20.789701461791992,108.04666900634766,0.873022735118866,33.26385498046875,-0.031773168593645096,211.4755401611328,2.365455886721435e-10,0.015095807611942291,-0.03038114868104458,232.4569854736328,7.433690547943115,0.06471896916627884,0.046713393181562424,-0.12384399026632309,-0.18902413547039032,-0.00012996474106330425,-0.01648855395615101,0.040737781673669815,-32.84648047553758,-15.01280009684119,0.0,3.402304561119224e-16,0.0001677831169217825,0.0001679667766438797,2.2682030407461493e-16,1.701152280559612e-16,0.06371883302927017,0.009618311189115047,0.8209195137023926,1.2976741790771484,2.22306227684021,1.6425925493240356,0.16185541450977325,18.46698760986328,1.8335248231887817,1.5625518560409546,5.260115623474121,0.03878878429532051,0.04277998208999634,2.903299892155071e-14,0.0,1.4516499460775356e-14,1.4516499460775356e-14,2.1774749191163033e-14,5.908594131469727,0.0,4.354949838232607e-14,0.0,30.170814514160156,18.809757232666016,0.4965181052684784,0.10707860440015793,5.3544464111328125,261.5191955566406,7.527274448193566e-08,0.02073611319065094,0.028416713699698448,253.49676513671875,0.20145349204540253,0.07594805955886841,0.0535251758992672,0.11486978828907013,0.07228048890829086,0.0007672689389437437,0.7700144648551941,0.032367195934057236,0.15171088972835892,0.48758147677661345,2023-06-22 00:00:00+00:00,2023-06-22 23:00:00+00:00,TH042,24
E1854.TH042-PPS-0623,1,1,False,2023-06-23,6/23/2023,19:01:00,12:01,PPSPort6,TH042,6,PPSUnit;ProgrammedSampling,95%EtOH,OlympicCoastNationalMarineSanctuary,TeahwhitHead,34.0,47˚52.699'N,124˚44.187'W,1001,ShannonBrown,,E1854,TH042-PPS-0623,2023_JuneJuly_OCNMS_TH042-PPS,47.87831666666666,-124.73645,America/Los_Angeles,2023-06-23 12:01:00,2023-06-23T19:01:00Z,6,1000,1001,2023-06-23 12:01:45,73,TH042,2023-06-23 12:18:26,2023-06-23 19:01:45+00:00,2023-06-23 19:18:26+00:00,2023-06-23 18:53:55.875000+00:00,2023-06-23 19:26:15.125000+00:00,,,,,,,,,,,,,,,,,,,,0,2023-06-23,2023-06-23,-0.5,-0.8666666666666667,0.0007798305596224964,0.0008518327958881855,-0.7874051335039117,-0.3342208159675695,0.3665900230407715,0.05533471331000328,4.451329708099365,24.893051147460938,1013.7323608398438,9.508904457092285,0.9767727851867676,2271.060302734375,2.4558892250061035,-3.6381938457489014,2285.876953125,-0.0909809097647667,0.06588193774223328,40.90185543754495,10.0,47.87610638116913,47.87610638116913,47.87835632766127,8.035628318786621,-124.73185969013048,-124.72704402236144,-124.73185969013048,-24.776399612426758,116.69849395751953,0.16401536762714386,33.207210540771484,7.943357944488525,166.16441345214844,-1.0613351975052865e-07,0.01408096868544817,-0.024472057819366455,174.9618377685547,7.3439040184021,0.1870010644197464,0.17535877227783203,-0.1971391886472702,-0.3543257713317871,3.285139246145263e-05,-0.0403653159737587,0.015240679495036602,-32.851184758220924,-15.027919124236144,0.0,3.402304561119224e-16,0.00036415920476429164,0.000383790087653324,2.2682030407461493e-16,1.701152280559612e-16,0.08949846029281616,0.013505158945918083,0.71281498670578,1.1012400388717651,0.8194364905357361,1.0098462104797363,0.10711974650621414,15.566650390625,1.2206534147262573,2.3320152759552,3.581173896789551,0.040526676923036575,0.044631801545619965,2.903299892155071e-14,0.0,1.4516499460775356e-14,1.4516499460775356e-14,2.1774749191163033e-14,4.484811782836914,0.0,4.354949838232607e-14,0.0,31.802671432495117,13.59879207611084,0.178208127617836,0.06976058334112167,6.379610538482666,194.38034057617188,5.648603718100276e-08,0.01649612747132778,0.03358843922615051,175.90914916992188,0.11548525094985962,0.07578523457050323,0.036122921854257584,0.09000977873802185,0.04905811324715614,0.0005100221605971456,0.6755132675170898,0.010109147988259792,0.13309193518181517,0.4277422828328208,2023-06-23 00:00:00+00:00,2023-06-23 23:00:00+00:00,TH042,24
E1855.TH042-PPS-0623,1,1,False,2023-06-25,6/25/2023,07:01:00,0:01,PPSPort7,TH042,7,PPSUnit;ProgrammedSampling,95%EtOH,OlympicCoastNationalMarineSanctuary,TeahwhitHead,34.0,47˚52.699'N,124˚44.187'W,1001,ShannonBrown,,E1855,TH042-PPS-0623,2023_JuneJuly_OCNMS_TH042-PPS,47.87831666666666,-124.73645,America/Los_Angeles,2023-06-25 00:01:00,2023-06-25T07:01:00Z,7,1000,1000,2023-06-25 00:01:50,73,TH042,2023-06-25 00:18:30,2023-06-25 07:01:50+00:00,2023-06-25 07:18:30+00:00,2023-06-25 06:54:00.875000+00:00,2023-06-25 07:26:19.125000+00:00,,,,,,,,,,,,,,,,,,,,0,2023-06-25,2023-06-25,-0.5,-0.8666666666666667,0.0001732375385472551,0.00021221292263362557,-0.7874051335039117,-0.3342208159675695,0.28969690203666687,0.04372301697731018,3.5390875339508057,24.138471603393555,1020.0447387695312,10.917500495910645,1.132436752319336,2253.35888671875,2.3276233673095703,-2.4035415649414062,2281.891845703125,-0.015227203257381916,0.016131041571497917,40.90185543754495,10.0,47.87610638116913,47.87610638116913,47.87835632766127,-2.3733975887298584,-124.73185969013048,-124.72704402236144,-124.73185969013048,-9.420382499694824,132.07508850097656,0.16990792751312256,33.144832611083984,-0.5768329501152039,124.8036880493164,-3.295028605521111e-08,0.012700294144451618,-0.01470300555229187,137.17430114746094,7.533729076385498,0.040644850581884384,0.06873425841331482,-0.12589411437511444,-0.2762146592140198,-2.3424659957527183e-05,-0.00866683665663004,0.01566331274807453,-32.84493941507133,-15.007847304465601,0.0,3.402304561119224e-16,0.00010278179979650304,0.00010146573913516477,2.2682030407461493e-16,1.701152280559612e-16,0.08125925809144974,0.012269421480596066,0.3056494891643524,1.2362362146377563,0.3564471900463104,1.2290011644363403,0.14717423915863037,12.11602783203125,1.3395696878433228,1.5795133113861084,4.961121559143066,0.013270942494273186,0.012659145519137383,2.903299892155071e-14,0.0,1.4516499460775356e-14,1.4516499460775356e-14,2.1774749191163033e-14,5.588192939758301,0.0,4.354949838232607e-14,0.0,33.180381774902344,12.2310791015625,0.12302260100841522,0.11356589198112488,3.221855401992798,153.3603973388672,1.3345152183319442e-07,0.013184347189962864,0.015234739519655704,158.1183319091797,0.1465662717819214,0.03858359903097153,0.03025159053504467,0.07223576307296753,0.04210200160741806,0.0002663995255716145,0.5094355940818787,0.008328207768499851,0.10037073930673507,0.32258009549587013,2023-06-25 00:00:00+00:00,2023-06-25 23:00:00+00:00,TH042,24
E1856.TH042-PPS-0623,1,1,False,2023-06-26,6/26/2023,19:01:00,12:01,PPSPort8,TH042,8,PPSUnit;ProgrammedSampling,95%EtOH,OlympicCoastNationalMarineSanctuary,TeahwhitHead,34.0,47˚52.699'N,124˚44.187'W,1001,ShannonBrown,,E1856,TH042-PPS-0623,2023_JuneJuly_OCNMS_TH042-PPS,47.87831666666666,-124.73645,America/Los_Angeles,2023-06-26 12:01:00,2023-06-26T19:01:00Z,8,1000,1001,2023-06-26 12:01:55,73,TH042,2023-06-26 12:18:36,2023-06-26 19:01:55+00:00,2023-06-26 19:18:36+00:00,2023-06-26 18:54:05.875000+00:00,2023-06-26 19:26:25.125000+00:00,,,,,,,,,,,,,,,,,,,,0,2023-06-26,2023-06-26,-0.5,-0.8666666666666667,0.0002533016086090356,0.0002987133339047432,-0.7874051335039117,-0.3342208159675695,0.4262899160385132,0.06434907764196396,3.4608287811279297,24.51700782775879,1018.6305541992188,14.042060852050781,1.4623197317123413,2250.310546875,1.8081499338150024,-0.70816570520401,2278.740966796875,-0.04601796343922615,0.03125933185219765,40.90185543754495,10.0,47.87610638116913,47.87610638116913,47.87835632766127,-2.20660400390625,-124.73185969013048,-124.72704402236144,-124.73185969013048,1.9249130487442017,136.12603759765625,0.4328555166721344,33.060001373291016,-0.851087749004364,114.3350601196289,-8.631864290009617e-08,0.007578463759273291,-0.0058081126771867275,115.46783447265625,7.7967400550842285,0.13361139595508575,0.15928690135478973,-0.21958470344543457,-0.326082319021225,3.402118863959913e-06,-0.023672619834542274,0.03677786886692047,-32.847895905496216,-15.017349127110123,0.0,3.402304561119224e-16,0.00013099999341648072,0.0001329201622866094,2.2682030407461493e-16,1.701152280559612e-16,0.05833454802632332,0.008808922953903675,0.8164799213409424,1.1197421550750732,0.5713971853256226,1.1569945812225342,0.11472084373235703,19.809528350830078,1.0450793504714966,1.8877246379852295,5.585530757904053,0.024857593700289726,0.016301386058330536,2.903299892155071e-14,0.0,1.4516499460775356e-14,1.4516499460775356e-14,2.1774749191163033e-14,3.550074338912964,0.0,4.354949838232607e-14,0.0,21.87029457092285,18.23480224609375,0.18483370542526245,0.1137935072183609,2.259779930114746,128.3190460205078,1.6412815284638782e-07,0.010010192170739174,0.014747267588973045,139.9209442138672,0.20054541528224945,0.050475578755140305,0.023238828405737877,0.07116813957691193,0.03583677113056183,0.00041857227915897965,0.4598981440067291,0.014421969652175903,0.09061070691775072,0.291212465827835,2023-06-26 00:00:00+00:00,2023-06-26 23:00:00+00:00,TH042,24
E1857.TH042-PPS-0623,1,1,False,2023-06-28,6/28/2023,07:01:00,0:01,PPSPort9,TH042,9,PPSUnit;ProgrammedSampling,95%EtOH,OlympicCoastNationalMarineSanctuary,TeahwhitHead,34.0,47˚52.699'N,124˚44.187'W,1001,ShannonBrown,,E1857,TH042-PPS-0623,2023_JuneJuly_OCNMS_TH042-PPS,47.87831666666666,-124.73645,America/Los_Angeles,2023-06-28 00:01:00,2023-06-28T07:01:00Z,9,1000,1001,2023-06-28 00:01:05,73,TH042,2023-06-28 00:17:46,2023-06-28 07:01:05+00:00,2023-06-28 07:17:46+00:00,2023-06-28 06:53:15.875000+00:00,2023-06-28 07:25:35.125000+00:00,,,,,,,,,,,,,,,,,,,,0,2023-06-28,2023-06-28,-0.5,-0.8666666666666667,0.0001457819453207776,0.00017205625772476196,-0.7874051335039117,-0.3342208159675695,0.24369990825653076,0.03678586706519127,5.136780261993408,25.71822166442871,1014.9599609375,10.474324226379395,1.1156103610992432,2280.7265625,0.25185808539390564,1.2041267156600952,2284.262451171875,-0.005483945365995169,0.005054851528257132,40.90185543754495,10.0,47.87610638116913,47.87610638116913,47.87835632766127,-1.3362051248550415,-124.73185969013048,-124.72704402236144,-124.73185969013048,-11.516914367675781,110.28436279296875,0.3504208028316498,33.15040969848633,-0.7348380088806152,136.58218383789062,-5.58048149912338e-08,3.324045394492714e-07,0.00394950108602643,150.17015075683594,7.632288455963135,0.026253752410411835,0.06961546838283539,-0.06231755018234253,-0.18699748814105988,-2.2992093363427557e-05,-0.00853255670517683,0.027469133958220482,-32.84491295827096,-15.00776227533013,0.0,3.402304561119224e-16,7.987261051312089e-05,5.8336780057288706e-05,2.2682030407461493e-16,1.701152280559612e-16,0.035304248332977295,0.005329248495399952,0.9439236521720886,0.7439823746681213,1.27035391330719,0.7100478410720825,0.06867685914039612,17.00354766845703,1.6667451858520508,1.4445713758468628,4.6498260498046875,0.013545649126172066,0.014046178199350834,2.903299892155071e-14,0.0,1.4516499460775356e-14,1.4516499460775356e-14,2.1774749191163033e-14,1.8835399150848389,0.0,4.354949838232607e-14,0.0,30.87594223022461,15.751799583435059,0.1830817312002182,0.09051371365785599,1.3186533451080322,183.4081573486328,1.1593640181217779e-07,0.006690018344670534,0.006160890683531761,176.86241149902344,0.15403306484222412,0.05036330968141556,0.027531320229172707,0.06816990673542023,0.024065272882580757,0.00026006970438174903,0.5319668650627136,0.012234708294272423,0.10480992704869686,0.33684713801859717,2023-06-28 00:00:00+00:00,2023-06-28 23:00:00+00:00,TH042,24
E1858.TH042-PPS-0623,1,1,False,2023-06-29,6/29/2023,19:01:00,12:01,PPSPort10,TH042,10,PPSUnit;ProgrammedSampling,95%EtOH,OlympicCoastNationalMarineSanctuary,TeahwhitHead,34.0,47˚52.699'N,124˚44.187'W,1001,ShannonBrown,,E1858,TH042-PPS-0623,2023_JuneJuly_OCNMS_TH042-PPS,47.87831666666666,-124.73645,America/Los_Angeles,2023-06-29 12:01:00,2023-06-29T19:01:00Z,10,1000,1001,2023-06-29 12:01:11,73,TH042,2023-06-29 12:17:52,2023-06-29 19:01:11+00:00,2023-06-29 19:17:52+00:00,2023-06-29 18:53:21.875000+00:00,2023-06-29 19:25:41.125000+00:00,,,,,,,,,,,,,,,,,,,,0,2023-06-29,2023-06-29,-0.5,-0.8666666666666667,0.00014783658843953162,0.0001882696960819885,-0.7874051335039117,-0.3342208159675695,0.2860899865627289,0.043189018964767456,5.183774948120117,25.44480323791504,1018.2653198242188,11.004971504211426,1.1723707914352417,2278.93359375,1.1549886465072632,-1.257379174232483,2282.816650390625,-0.016292601823806763,0.010964371263980865,40.90185543754495,10.0,47.87610638116913,47.87610638116913,47.87835632766127,0.372302383184433,-124.73185969013048,-124.72704402236144,-124.73185969013048,-11.539076805114746,112.57686614990234,0.4109135568141937,33.12128829956055,0.23013608157634735,208.3065185546875,-8.741792179023378e-09,0.0036303687375038862,-0.003015359165146947,219.24314880371094,7.660457611083984,0.07642626762390137,0.09632051736116409,-0.12326393276453018,-0.233964204788208,3.9398793887812644e-05,-0.015050950460135937,0.030070370063185692,-32.846197234502455,-15.011889792495616,0.0,3.402304561119224e-16,6.302908877842128e-05,5.7127748732455075e-05,2.2682030407461493e-16,1.701152280559612e-16,0.0475546233355999,0.007187367416918278,1.003296971321106,1.1466598510742188,0.971186637878418,1.1228023767471313,0.12371768057346344,21.3914794921875,1.1638537645339966,0.5981083512306213,6.071634769439697,0.013776634819805622,0.01426137425005436,2.903299892155071e-14,0.0,1.4516499460775356e-14,1.4516499460775356e-14,2.1774749191163033e-14,1.193241000175476,0.0,4.354949838232607e-14,0.0,29.095149993896484,20.043275833129883,0.20294620096683502,0.12044799327850342,0.743191123008728,257.6814880371094,1.7744287816867654e-08,0.004437947180122137,0.0028753543738275766,260.8730773925781,0.2260276824235916,0.04325316101312637,0.03829527646303177,0.053405579179525375,0.020771626383066177,0.0005475727957673371,0.6464581489562988,0.012319955974817276,0.1273674072344287,0.4093443036539151,2023-06-29 00:00:00+00:00,2023-06-29 23:00:00+00:00,TH042,24
E1859.TH042-PPS-0623,1,1,False,2023-07-01,7/1/2023,07:01:00,0:01,PPSPort11,TH042,11,PPSUnit;ProgrammedSampling,95%EtOH,OlympicCoastNationalMarineSanctuary,TeahwhitHead,34.0,47˚52.699'N,124˚44.187'W,1001,ShannonBrown,,E1859,TH042-PPS-0623,2023_JuneJuly_OCNMS_TH042-PPS,47.87831666666666,-124.73645,America/Los_Angeles,2023-07-01 00:01:00,2023-07-01T07:01:00Z,11,1000,1001,2023-07-01 00:01:16,73,TH042,2023-07-01 00:17:57,2023-07-01 07:01:16+00:00,2023-07-01 07:17:57+00:00,2023-07-01 06:53:26.875000+00:00,2023-07-01 07:25:46.125000+00:00,,,,,,,,,,,,,,,,,,,,0,2023-07-01,2023-07-01,-0.5,-0.8666666666666667,0.0005696460721082985,0.0006210156134329736,-0.7874051335039117,-0.3342208159675695,0.3311487138271332,0.049976896494627,4.53384256362915,25.523534774780273,1022.2850952148438,10.967263221740723,1.1048630475997925,2273.947998046875,3.290782928466797,-3.465261220932007,2283.260498046875,-0.08580943942070007,0.044115956872701645,40.90185543754495,10.0,47.87610638116913,47.87610638116913,47.87835632766127,-2.4410951137542725,-124.73185969013048,-124.72704402236144,-124.73185969013048,-65.16655731201172,117.04428100585938,0.12257319688796997,33.15512466430664,9.989922523498535,247.1259307861328,3.152078420498583e-08,0.01700538583099842,-0.01914546824991703,304.74365234375,7.548957824707031,0.20646129548549652,0.19571025669574738,-0.1809968501329422,-0.31467723846435547,0.00018333899788558483,-0.06489607691764832,0.016364188864827156,-32.856017890892424,-15.043452260780578,0.0,3.402304561119224e-16,0.00018120065215043724,0.00018329401791561395,2.2682030407461493e-16,1.701152280559612e-16,0.08148514479398727,0.012331999838352203,0.6814613342285156,0.31888720393180847,1.5589516162872314,1.1061902046203613,0.1322244107723236,9.889355659484863,1.1828081607818604,1.1988803148269653,3.8953464031219482,0.029080916196107864,0.023840349167585373,2.903299892155071e-14,0.0,1.4516499460775356e-14,1.4516499460775356e-14,2.1774749191163033e-14,8.266829490661621,0.0,4.354949838232607e-14,0.0,7.849701404571533,9.0983247756958,0.09007388353347778,0.07795580476522446,4.461643695831299,318.158447265625,1.0699697128302432e-07,0.012550786137580872,0.015421177260577679,313.8724060058594,0.12450927495956421,0.04216327890753746,0.03454138711094856,0.08166658133268356,0.0692671611905098,0.0003240216465201229,0.9140224456787109,0.0059633925557136536,0.18008383187671886,0.5787688731327026,2023-07-01 00:00:00+00:00,2023-07-01 23:00:00+00:00,TH042,24
E1860.TH042-PPS-0623,1,1,False,2023-07-02,7/2/2023,19:01:00,12:01,PPSPort12,TH042,12,PPSUnit;ProgrammedSampling,95%EtOH,OlympicCoastNationalMarineSanctuary,TeahwhitHead,34.0,47˚52.699'N,124˚44.187'W,1001,ShannonBrown,,E1860,TH042-PPS-0623,2023_JuneJuly_OCNMS_TH042-PPS,47.87831666666666,-124.73645,America/Los_Angeles,2023-07-02 12:01:00,2023-07-02T19:01:00Z,12,1000,1001,2023-07-02 12:01:21,73,TH042,2023-07-02 12:18:02,2023-07-02 19:01:21+00:00,2023-07-02 19:18:02+00:00,2023-07-02 18:53:31.875000+00:00,2023-07-02 19:25:51.125000+00:00,,,,,,,,,,,,,,,,,,,,0,2023-07-02,2023-07-02,-0.5,-0.8659722222222221,0.0008046412258408964,0.0008020661771297455,-0.7861445659245044,-0.3342208159675695,0.29670798778533936,0.04489661380648613,3.5181286334991455,26.72163963317871,1022.16015625,9.775615692138672,0.9780179858207703,2273.205322265625,2.064490795135498,-3.2752115726470947,2283.58349609375,-0.07251099497079849,0.03154274448752403,40.90185543754495,10.0,47.87610638116913,47.87610638116913,47.87835632766127,1.1248341798782349,-124.73185969013048,-124.72704402236144,-124.73185969013048,-46.47504806518555,115.22833251953125,0.07220239192247391,33.18706130981445,8.482783317565918,251.8295135498047,-1.4769206302389648e-08,0.015098161064088345,-0.02349092997610569,288.6969299316406,7.449889659881592,0.17451262474060059,0.19308961927890778,-0.11077910661697388,-0.2550365924835205,0.0001618449459783733,-0.08234050124883652,0.013140037655830383,-32.81467056314468,-15.054498262124923,0.0,0.0034020690871988685,0.00045473090722225606,0.00037400031578727067,0.006175494711686081,1.6813477373887616e-16,0.12216999381780624,0.018541015684604645,0.1301548182964325,1.2082873582839966,0.7826976180076599,0.4586367905139923,0.05304425582289696,7.216893672943115,2.478394031524658,2.198690176010132,2.1683249473571777,0.03520260378718376,0.02742340788245201,2.903299892155071e-14,0.0,1.4516499460775356e-14,1.4516499460775356e-14,2.1774749191163033e-14,7.106481552124023,2.963168044190564e-15,4.354949838232607e-14,2.963168044190564e-15,26.56353759765625,8.333799362182617,0.026027292013168335,0.04725811630487442,8.555238723754883,311.03778076171875,9.20584497521304e-08,0.020485879853367805,0.027499638497829437,314.3877868652344,0.07570129632949829,0.058499615639448166,0.041603729128837585,0.06666766852140427,0.07369683682918549,0.0002136358234565705,1.0212382078170776,0.0018948058132082224,0.23338491505405637,0.6466590134274081,2023-07-02 00:00:00+00:00,2023-07-02 23:00:00+00:00,TH042,24
E1861.TH042-PPS-0623,1,1,False,2023-07-04,7/4/2023,07:01:00,0:01,PPSPort13,TH042,13,PPSUnit;ProgrammedSampling,95%EtOH,OlympicCoastNationalMarineSanctuary,TeahwhitHead,34.0,47˚52.699'N,124˚44.187'W,1001,ShannonBrown,,E1861,TH042-PPS-0623,2023_JuneJuly_OCNMS_TH042-PPS,47.87831666666666,-124.73645,America/Los_Angeles,2023-07-04 00:01:00,2023-07-04T07:01:00Z,13,1000,1001,2023-07-04 00:01:22,73,TH042,2023-07-04 00:18:03,2023-07-04 07:01:22+00:00,2023-07-04 07:18:03+00:00,2023-07-04 06:53:32.875000+00:00,2023-07-04 07:25:52.125000+00:00,,,,,,,,,,,,,,,,,,,,0,2023-07-04,2023-07-04,-0.5,-0.8645833333333334,0.0003256948839407414,0.00035600585397332907,-0.7836234307656901,-0.3342208159675695,0.26754847168922424,0.04042645916342735,3.5274546146392822,31.61444664001465,1017.6625366210938,7.781782627105713,0.7983382344245911,2310.727783203125,1.8036946058273315,-3.685366630554199,2293.474853515625,-0.027712032198905945,-0.003270764136686921,40.90185543754495,10.0,47.87610638116913,47.87610638116913,47.87835632766127,8.253865242004395,-124.73185969013048,-124.72704402236144,-124.73185969013048,-54.92293167114258,76.5730972290039,0.07152719795703888,33.37445068359375,12.523991584777832,267.4501037597656,-1.0791416116262553e-07,0.010544436983764172,-0.021476609632372856,301.5951843261719,7.279819488525391,0.11025898903608322,0.13949260115623474,-0.02638840861618519,-0.13864666223526,0.00014010553422849625,-0.08969075232744217,0.010787840001285076,-32.7269096397171,-15.059152524817582,0.0,0.005630532705768153,0.00022514729062095284,0.00019212518236599863,0.010220640456504101,1.6410217788806422e-16,0.08580575883388519,0.012967501766979694,0.20527924597263336,0.2694767415523529,0.3430394232273102,0.3442409932613373,0.035698678344488144,3.1170883178710938,1.35994553565979,2.3962206840515137,1.054770588874817,0.022542698308825493,0.014475923962891102,2.903299892155071e-14,0.0,1.4516499460775356e-14,1.4516499460775356e-14,2.1774749191163033e-14,6.815796375274658,5.1323576039025565e-15,4.354949838232607e-14,5.1323576039025565e-15,13.361233711242676,2.9878690242767334,0.015755420550704002,0.021937383338809013,12.11436939239502,319.33447265625,8.884999402880567e-08,0.014088545925915241,0.027558455243706703,310.44512939453125,0.01687038689851761,0.05479900538921356,0.0421401672065258,0.06473620235919952,0.0788998231291771,0.00028022867627441883,1.119041085243225,0.0008507257443852723,0.26878729604720875,0.7085888826170811,2023-07-04 00:00:00+00:00,2023-07-04 23:00:00+00:00,TH042,24
E1862.TH042-PPS-0623,1,1,False,2023-07-05,7/5/2023,19:01:00,12:01,PPSPort14,TH042,14,PPSUnit;ProgrammedSampling,95%EtOH,OlympicCoastNationalMarineSanctuary,TeahwhitHead,34.0,47˚52.699'N,124˚44.187'W,1001,ShannonBrown,,E1862,TH042-PPS-0623,2023_JuneJuly_OCNMS_TH042-PPS,47.87831666666666,-124.73645,America/Los_Angeles,2023-07-05 12:01:00,2023-07-05T19:01:00Z,14,1000,1001,2023-07-05 12:01:17,73,TH042,2023-07-05 12:17:58,2023-07-05 19:01:17+00:00,2023-07-05 19:17:58+00:00,2023-07-05 18:53:27.875000+00:00,2023-07-05 19:25:47.125000+00:00,,,,,,,,,,,,,,,,,,,,0,2023-07-05,2023-07-05,-0.5,-0.8652777777777777,0.00021482309966813773,0.00027604331262409687,-0.7848839983450974,-0.3342208159675695,0.17821262776851654,0.026906559243798256,3.5009310245513916,31.67088508605957,1015.2872924804688,7.367530822753906,0.7735169529914856,2312.466064453125,1.8128598928451538,-2.8069581985473633,2294.167724609375,-0.0016903914511203766,0.005211752373725176,40.90185543754495,10.0,47.87610638116913,47.87610638116913,47.87835632766127,10.600247383117676,-124.73185969013048,-124.72704402236144,-124.73185969013048,-10.252096176147461,75.40582275390625,0.10267975181341171,33.391475677490234,10.567587852478027,220.60504150390625,-1.4246609225665452e-07,0.008313268423080444,-0.014866012148559093,209.6892852783203,7.289473056793213,0.02168729342520237,0.04130519926548004,-0.061254918575286865,-0.12172473222017288,-1.2932175195601303e-05,-0.07208370417356491,0.011423327028751373,-32.768128729446495,-15.048003543400135,0.0,0.004705497521444015,0.0001542119134683162,0.00015972027904354036,0.008541500573539302,1.661307119828073e-16,0.08680224418640137,0.01310986839234829,0.3453938961029053,0.18918180465698242,0.6875573396682739,0.5464642643928528,0.06688377261161804,3.6974658966064453,1.2929705381393433,2.46669340133667,2.3312814235687256,0.01865951158106327,0.014333931729197502,2.903299892155071e-14,0.0,1.4516499460775356e-14,1.4516499460775356e-14,2.1774749191163033e-14,11.19666576385498,4.190552435684854e-15,4.354949838232607e-14,4.190552435684854e-15,31.008682250976562,3.087623119354248,0.07937721163034439,0.04803238809108734,13.597580909729004,240.17201232910156,1.4403353532088659e-07,0.012149802409112453,0.02332140877842903,223.7146759033203,0.0520639605820179,0.07592669129371643,0.03263102471828461,0.07600448280572891,0.05566176772117615,0.0004899576306343079,1.1009725332260132,0.0035965607967227697,0.25673845842700527,0.6971476798063929,2023-07-05 00:00:00+00:00,2023-07-05 23:00:00+00:00,TH042,24
E1863.TH042-PPS-0623,1,1,False,2023-07-07,7/7/2023,07:01:00,0:01,PPSPort15,TH042,15,PPSUnit;ProgrammedSampling,95%EtOH,OlympicCoastNationalMarineSanctuary,TeahwhitHead,34.0,47˚52.699'N,124˚44.187'W,1001,ShannonBrown,,E1863,TH042-PPS-0623,2023_JuneJuly_OCNMS_TH042-PPS,47.87831666666666,-124.73645,America/Los_Angeles,2023-07-07 00:01:00,2023-07-07T07:01:00Z,15,1000,1001,2023-07-07 00:01:12,73,TH042,2023-07-07 00:17:53,2023-07-07 07:01:12+00:00,2023-07-07 07:17:53+00:00,2023-07-07 06:53:22.875000+00:00,2023-07-07 07:25:42.125000+00:00,,,,,,,,,,,,,,,,,,,,0,2023-07-07,2023-07-07,-0.5,-0.8666666666666667,0.0005564717575907707,0.0007449250551871955,-0.7874051335039117,-0.3342208159675695,0.11940982192754745,0.018024103716015816,4.50229549407959,31.59998893737793,1012.779052734375,7.503804683685303,0.8129221796989441,2324.728515625,0.7465049624443054,2.6560020446777344,2295.268310546875,0.008130277507007122,-0.009303204715251923,40.90185543754495,10.0,47.87610638116913,47.87610638116913,47.87835632766127,4.740699768066406,-124.73185969013048,-124.72704402236144,-124.73185969013048,6.563596248626709,65.61254119873047,0.15058064460754395,33.40177536010742,6.064249515533447,152.13670349121094,-1.6526034585240268e-07,-0.000667426735162735,0.008637801744043827,134.76817321777344,7.29052734375,-0.03003588877618313,0.004500672221183777,0.04260272905230522,-0.04759124293923378,0.00010033059515990317,-0.030562549829483032,0.012167762033641338,-32.84925338324558,-15.02171190559566,0.0,3.402304561119224e-16,0.0008056818624027073,0.001148139126598835,2.2682030407461493e-16,1.701152280559612e-16,0.012726561166346073,0.0019209998426958919,0.31949320435523987,0.1377987116575241,0.32699161767959595,0.5183984637260437,0.052573394030332565,3.5353689193725586,1.6618022918701172,1.8458212614059448,0.9131580591201782,0.01624181494116783,0.018117113038897514,2.903299892155071e-14,0.0,1.4516499460775356e-14,1.4516499460775356e-14,2.1774749191163033e-14,3.809438705444336,0.0,4.354949838232607e-14,0.0,23.96091651916504,2.919527530670166,0.039598580449819565,0.014703210443258286,4.676151752471924,148.03953552246094,1.379185476935163e-07,0.004907752387225628,0.010623050853610039,148.8812255859375,0.017466217279434204,0.05804029479622841,0.05022956058382988,0.07568708807229996,0.07919884473085403,0.0003434669051785022,0.9502846002578735,0.0014932772610336542,0.1872283227200495,0.6017304509234962,2023-07-07 00:00:00+00:00,2023-07-07 23:00:00+00:00,TH042,24
E1864.TH042-PPS-0623,1,1,False,2023-07-08,7/8/2023,19:01:00,12:01,PPSPort16,TH042,16,PPSUnit;ProgrammedSampling,95%EtOH,OlympicCoastNationalMarineSanctuary,TeahwhitHead,34.0,47˚52.699'N,124˚44.187'W,1001,ShannonBrown,,E1864,TH042-PPS-0623,2023_JuneJuly_OCNMS_TH042-PPS,47.87831666666666,-124.73645,America/Los_Angeles,2023-07-08 12:01:00,2023-07-08T19:01:00Z,16,1000,1001,2023-07-08 12:01:06,73,TH042,2023-07-08 12:17:47,2023-07-08 19:01:06+00:00,2023-07-08 19:17:47+00:00,2023-07-08 18:53:16.875000+00:00,2023-07-08 19:25:36.125000+00:00,,,,,,,,,,,,,,,,,,,,0,2023-07-08,2023-07-08,-0.5,-0.8666666666666667,0.00048603955656290054,0.0005501348641701043,-0.7874051335039117,-0.3342208159675695,0.1409149318933487,0.02127022109925747,5.176563262939453,31.507360458374023,1014.0234985351562,7.222823619842529,0.8092455863952637,2330.856201171875,-0.5871434807777405,2.0922253131866455,2294.191162109375,0.013943463563919067,-0.009804916568100452,40.90185543754495,10.0,47.87610638116913,47.87610638116913,47.87835632766127,3.1940395832061768,-124.73185969013048,-124.72704402236144,-124.73185969013048,-38.51343536376953,61.16709899902344,0.24354548752307892,33.37223815917969,2.659738540649414,220.530517578125,-4.255460339663841e-08,-0.002351772505789995,0.0044195386581122875,253.190185546875,7.324457168579102,-0.06358598917722702,-0.04911831021308899,0.05137947201728821,0.005020455922931433,-5.881942342966795e-06,-0.010508767329156399,0.013174910098314285,-32.84530231729708,-15.0090136307819,0.0,3.402304561119224e-16,0.0003119802277069539,0.00027901207795366645,2.2682030407461493e-16,1.701152280559612e-16,0.02303897961974144,0.003477641846984625,0.3532409071922302,0.18125462532043457,0.9343416690826416,0.5263829827308655,0.055280305445194244,3.3942458629608154,1.5436389446258545,0.9365615248680115,0.8446293473243713,0.01947687566280365,0.017494216561317444,2.903299892155071e-14,0.0,1.4516499460775356e-14,1.4516499460775356e-14,2.1774749191163033e-14,2.657477378845215,0.0,4.354949838232607e-14,0.0,30.183124542236328,2.7575035095214844,0.046190664172172546,0.014877273701131344,2.1590962409973145,294.0297546386719,3.56279912239188e-08,0.0032513663172721863,0.004504070151597261,298.9731140136719,0.019938820973038673,0.04535200446844101,0.03374570235610008,0.06631637364625931,0.027382591739296913,0.0005892785848118365,0.8457047343254089,0.001965087605640292,0.1666236434910807,0.535509364586467,2023-07-08 00:00:00+00:00,2023-07-08 23:00:00+00:00,TH042,24
E1865.TH042-PPS-0623,1,1,False,2023-07-10,7/10/2023,07:01:00,0:01,PPSPort17,TH042,17,PPSUnit;ProgrammedSampling,95%EtOH,OlympicCoastNationalMarineSanctuary,TeahwhitHead,34.0,47˚52.699'N,124˚44.187'W,1000,ShannonBrown,,E1865,TH042-PPS-0623,2023_JuneJuly_OCNMS_TH042-PPS,47.87831666666666,-124.73645,America/Los_Angeles,2023-07-10 00:01:00,2023-07-10T07:01:00Z,17,1000,1001,2023-07-10 00:01:01,73,TH042,2023-07-10 00:17:42,2023-07-10 07:01:01+00:00,2023-07-10 07:17:42+00:00,2023-07-10 06:53:11.875000+00:00,2023-07-10 07:25:31.125000+00:00,,,,,,,,,,,,,,,,,,,,0,2023-07-10,2023-07-10,-0.5,-0.8666666666666667,0.0001925953692989424,0.0002535249514039606,-0.7874051335039117,-0.3342208159675695,0.31678879261016846,0.04781720042228699,4.772475719451904,30.66733741760254,1016.2374877929688,10.298407554626465,1.1113184690475464,2321.0859375,-0.23506204783916473,1.2617825269699097,2292.875,0.014614574611186981,-0.0011599432909861207,40.90185543754495,10.0,47.87610638116913,47.87610638116913,47.87835632766127,1.6806386709213257,-124.73185969013048,-124.72704402236144,-124.73185969013048,-28.9708309173584,69.91897583007812,0.1554340124130249,33.36470413208008,3.5997703075408936,163.45970153808594,-4.946445031350777e-08,-0.0013789660297334194,0.003141126362606883,187.1501007080078,7.371257781982422,-0.0744725689291954,-0.051722992211580276,0.014465238898992538,-0.03597003594040871,-0.00010453296272316948,0.009643458761274815,0.01384370680898428,-32.841331857536225,-14.99625302646965,0.0,3.402304561119224e-16,0.0001105746123357676,0.0001471286959713325,2.2682030407461493e-16,1.701152280559612e-16,0.053407009690999985,0.008061384782195091,0.9248563647270203,0.1901472955942154,1.460976481437683,1.3037254810333252,0.14344298839569092,10.347986221313477,1.6912225484848022,2.053436517715454,1.5944652557373047,0.013029464520514011,0.015577179379761219,2.903299892155071e-14,0.0,1.4516499460775356e-14,1.4516499460775356e-14,2.1774749191163033e-14,2.0801122188568115,0.0,4.354949838232607e-14,0.0,32.86808776855469,8.548521995544434,0.10484817624092102,0.019285226240754128,3.2467288970947266,226.24813842773438,7.841212834591715e-08,0.003244879422709346,0.004971847403794527,220.41868591308594,0.04620992764830589,0.04393692687153816,0.038031745702028275,0.06644385308027267,0.03495015949010849,0.0005091471830382943,0.6783780455589294,0.008041156455874443,0.13365635135642093,0.4295562519712478,2023-07-10 00:00:00+00:00,2023-07-10 23:00:00+00:00,TH042,24
E1866.TH042-PPS-0623,1,1,False,2023-07-11,7/11/2023,19:00:00,12:00,PPSPort18,TH042,18,PPSUnit;ProgrammedSampling,95%EtOH,OlympicCoastNationalMarineSanctuary,TeahwhitHead,34.0,47˚52.699'N,124˚44.187'W,1001,ShannonBrown,,E1866,TH042-PPS-0623,2023_JuneJuly_OCNMS_TH042-PPS,47.87831666666666,-124.73645,America/Los_Angeles,2023-07-11 12:00:00,2023-07-11T19:00:00Z,18,1000,1000,2023-07-11 12:00:56,73,TH042,2023-07-11 12:17:36,2023-07-11 19:00:56+00:00,2023-07-11 19:17:36+00:00,2023-07-11 18:53:06.875000+00:00,2023-07-11 19:25:25.125000+00:00,,,,,,,,,,,,,,,,,,,,0,2023-07-11,2023-07-11,-0.5,-0.8666666666666667,0.00023334841534961015,0.00029398317565210164,-0.7874051335039117,-0.3342208159675695,0.3679753839969635,0.05554330721497536,6.442510604858398,30.64418601989746,1018.7760620117188,11.775233268737793,1.2773762941360474,2341.506103515625,1.3102213144302368,-0.1267414391040802,2292.434814453125,0.014137986116111279,0.000980168697424233,40.90185543754495,10.0,47.87610638116913,47.87610638116913,47.87835632766127,1.7945337295532227,-124.73185969013048,-124.72704402236144,-124.73185969013048,-7.933386325836182,54.00322341918945,0.6082978248596191,33.321659088134766,1.8905857801437378,119.27590942382812,-1.3761919603894057e-07,0.0015089547960087657,-0.0006310255848802626,123.5241928100586,7.456387996673584,-0.06038139387965202,-0.049454331398010254,0.007181000430136919,0.0018759245285764337,-7.167192961787805e-05,0.012842497788369656,0.03756500408053398,-32.84070157264861,-14.994227362808724,0.0,3.402304561119224e-16,0.00015900019207037985,0.00016322759620379657,2.2682030407461493e-16,1.701152280559612e-16,0.06639651209115982,0.010022051632404327,0.5336015224456787,0.1508861482143402,0.6325829029083252,0.5333954095840454,0.06060393154621124,6.833523750305176,1.3410320281982422,1.134194016456604,1.0341428518295288,0.024678727611899376,0.01664203591644764,2.903299892155071e-14,0.0,1.4516499460775356e-14,1.4516499460775356e-14,2.1774749191163033e-14,2.5285727977752686,0.0,4.354949838232607e-14,0.0,31.672853469848633,5.866168975830078,0.2422657161951065,0.020333483815193176,2.4354441165924072,157.39688110351562,1.7246576078377984e-07,0.0032506247516721487,0.0025627308059483767,162.12953186035156,0.04826120287179947,0.06967886537313461,0.03243866190314293,0.06747729331254959,0.03361465409398079,0.0006232333835214376,0.6594886779785156,0.01635919138789177,0.12993472556799007,0.41759537163377297,2023-07-11 00:00:00+00:00,2023-07-11 23:00:00+00:00,TH042,24
E1867.TH042-PPS-0623,1,1,False,2023-07-13,7/13/2023,07:00:00,0:00,PPSPort19,TH042,19,PPSUnit;ProgrammedSampling,95%EtOH,OlympicCoastNationalMarineSanctuary,TeahwhitHead,34.0,47˚52.699'N,124˚44.187'W,1001,ShannonBrown,,E1867,TH042-PPS-0623,2023_JuneJuly_OCNMS_TH042-PPS,47.87831666666666,-124.73645,America/Los_Angeles,2023-07-13 00:00:00,2023-07-13T07:00:00Z,19,1000,1001,2023-07-13 00:00:51,73,TH042,2023-07-13 00:17:32,2023-07-13 07:00:51+00:00,2023-07-13 07:17:32+00:00,2023-07-13 06:53:01.875000+00:00,2023-07-13 07:25:21.125000+00:00,,,,,,,,,,,,,,,,,,,,0,2023-07-13,2023-07-13,-0.5,-0.8666666666666667,0.0004531333688646555,0.0005663533811457455,-0.7874051335039117,-0.3342208159675695,0.5222544074058533,0.07883083075284958,7.363210678100586,30.537521362304688,1019.9189453125,16.093137741088867,1.6995805501937866,2348.447998046875,0.7191519141197205,-1.1800092458724976,2290.946533203125,0.011486086063086987,0.005922181066125631,40.90185543754495,10.0,47.87610638116913,47.87610638116913,47.87835632766127,1.4038410186767578,-124.73185969013048,-124.72704402236144,-124.73185969013048,-23.324172973632812,51.1928825378418,1.0698405504226685,33.268619537353516,2.177069902420044,214.4828338623047,-2.050578906676037e-08,0.0008429056033492088,-0.0010534169850870967,234.22608947753906,7.626035213470459,-0.03813895955681801,-0.015219442546367645,-0.029758742079138756,-0.05251606926321983,-3.9498438127338886e-05,0.005074774380773306,0.08507803082466125,-32.84223199656724,-14.99914597053474,0.0,3.402304561119224e-16,0.0005815146723762155,0.0007258353871293366,2.2682030407461493e-16,1.701152280559612e-16,0.06908129155635834,0.010427368804812431,0.7261666655540466,0.16070334613323212,1.1709177494049072,0.9904031157493591,0.09727854281663895,9.462061882019043,1.580898404121399,0.8099800944328308,0.998300313949585,0.029102753847837448,0.014672867022454739,2.903299892155071e-14,0.0,1.4516499460775356e-14,1.4516499460775356e-14,2.1774749191163033e-14,1.443683385848999,0.0,4.354949838232607e-14,0.0,31.153240203857422,8.908605575561523,0.26510265469551086,0.015752660110592842,2.3043034076690674,273.86083984375,1.8013343705547413e-08,0.001820980105549097,0.0013884535292163491,277.6570129394531,0.08774160593748093,0.08138609677553177,0.024152152240276337,0.07142757624387741,0.027963755652308464,0.0006673181196674705,0.7659972906112671,0.023497629910707474,0.15091940993649955,0.48503775109914216,2023-07-13 00:00:00+00:00,2023-07-13 23:00:00+00:00,TH042,24
E1868.TH042-PPS-0623,1,1,False,2023-07-14,7/14/2023,19:01:00,12:01,PPSPort20,TH042,20,PPSUnit;ProgrammedSampling,95%EtOH,OlympicCoastNationalMarineSanctuary,TeahwhitHead,34.0,47˚52.699'N,124˚44.187'W,1001,ShannonBrown,,E1868,TH042-PPS-0623,2023_JuneJuly_OCNMS_TH042-PPS,47.87831666666666,-124.73645,America/Los_Angeles,2023-07-14 12:01:00,2023-07-14T19:01:00Z,20,1000,1001,2023-07-14 12:01:54,73,TH042,2023-07-14 12:18:35,2023-07-14 19:01:54+00:00,2023-07-14 19:18:35+00:00,2023-07-14 18:54:04.875000+00:00,2023-07-14 19:26:24.125000+00:00,,,,,,,,,,,,,,,,,,,,0,2023-07-14,2023-07-14,-0.5,-0.8666666666666667,0.0001463403896195814,0.00020121352281421423,-0.7874051335039117,-0.3342208159675695,0.21097588539123535,0.03184552490711212,6.603665828704834,29.357711791992188,1021.3424682617188,13.222880363464355,1.414934515953064,2328.544921875,0.7257545590400696,-2.5534627437591553,2286.839111328125,-0.001296925125643611,0.009699567221105099,40.90185543754495,10.0,47.87610638116913,47.87610638116913,47.87835632766127,6.504493713378906,-124.73185969013048,-124.72704402236144,-124.73185969013048,-23.422391891479492,69.3462905883789,0.9183710217475891,33.19990158081055,5.4899001121521,245.5861053466797,-8.554686559136826e-08,0.002046724781394005,-0.005502623040229082,257.0141296386719,7.713050842285156,0.011743529699742794,0.020328201353549957,-0.0632549375295639,-0.11094506829977036,-7.525246473960578e-05,-0.003611399559304118,0.07464175671339035,-32.843943374277096,-15.004646143083926,0.0,3.402304561119224e-16,8.391935989493504e-05,0.00010387166548753157,2.2682030407461493e-16,1.701152280559612e-16,0.08170076459646225,0.01233211811631918,1.3847379684448242,0.8368450999259949,0.6185492873191833,3.6090738773345947,0.36307868361473083,16.396163940429688,1.6626254320144653,1.10086190700531,2.0767033100128174,0.01313552912324667,0.01303403452038765,2.903299892155071e-14,0.0,1.4516499460775356e-14,1.4516499460775356e-14,2.1774749191163033e-14,6.5327301025390625,0.0,4.354949838232607e-14,0.0,26.890975952148438,13.967729568481445,0.30831849575042725,0.03385387733578682,5.893645763397217,296.51458740234375,8.457590183752473e-08,0.005020646378397942,0.004636208992451429,284.0458679199219,0.07943174242973328,0.05337165296077728,0.031902674585580826,0.05685602128505707,0.04266981780529022,0.0005626628408208489,0.8422074913978577,0.026031063869595528,0.16593461671931936,0.5332949112171927,2023-07-14 00:00:00+00:00,2023-07-14 23:00:00+00:00,TH042,24
E1869.TH042-PPS-0623,1,1,False,2023-07-16,7/16/2023,07:01:00,0:01,PPSPort21,TH042,21,PPSUnit;ProgrammedSampling,95%EtOH,OlympicCoastNationalMarineSanctuary,TeahwhitHead,34.0,47˚52.699'N,124˚44.187'W,1001,ShannonBrown,,E1869,TH042-PPS-0623,2023_JuneJuly_OCNMS_TH042-PPS,47.87831666666666,-124.73645,America/Los_Angeles,2023-07-16 00:01:00,2023-07-16T07:01:00Z,21,1000,1001,2023-07-16 00:01:50,73,TH042,2023-07-16 00:18:31,2023-07-16 07:01:50+00:00,2023-07-16 07:18:31+00:00,2023-07-16 06:54:00.875000+00:00,2023-07-16 07:26:20.125000+00:00,,,,,,,,,,,,,,,,,,,,0,2023-07-16,2023-07-16,-0.5,-0.8666666666666667,0.0002731143613345921,0.0003039549628738314,-0.7874051335039117,-0.3342208159675695,0.18974119424819946,0.028641439974308014,5.50963830947876,26.531347274780273,1018.7651977539062,9.2246675491333,0.9882121086120605,2296.19140625,0.9901561737060547,-1.6480432748794556,2286.88671875,-0.04025868698954582,0.019270719960331917,40.90185543754495,10.0,47.87610638116913,47.87610638116913,47.87835632766127,1.826443076133728,-124.73185969013048,-124.72704402236144,-124.73185969013048,-7.955481052398682,101.3441162109375,0.24329669773578644,33.22605895996094,1.613263726234436,190.37107849121094,-9.47750322666252e-08,0.001614346751011908,-0.0024956108536571264,194.88685607910156,7.774326324462891,0.12309080362319946,0.1274767369031906,-0.13275989890098572,-0.2587542235851288,0.00013419958122540265,-0.025859326124191284,0.020884687080979347,-32.84832673793624,-15.018733773378619,0.0,3.402304561119224e-16,0.00015450856881216168,0.00012428240734152496,2.2682030407461493e-16,1.701152280559612e-16,0.0393671877682209,0.005945501383394003,0.7166515588760376,0.6011762619018555,0.317634642124176,0.5025786757469177,0.07489299774169922,11.672701835632324,0.601234495639801,0.9368053078651428,4.904226779937744,0.023510752245783806,0.019702503457665443,2.903299892155071e-14,0.0,1.4516499460775356e-14,1.4516499460775356e-14,2.1774749191163033e-14,3.7104439735412598,0.0,4.354949838232607e-14,0.0,30.407028198242188,10.752060890197754,0.2087896168231964,0.10288448631763458,2.554226875305176,241.00360107421875,1.1237568031674527e-07,0.0018898267298936844,0.003223431995138526,254.88946533203125,0.1436316817998886,0.04965229332447052,0.03485260531306267,0.08059845864772797,0.056035857647657394,0.0003825283783953637,0.9337408542633057,0.01491871103644371,0.18396882030499467,0.5912547823413952,2023-07-16 00:00:00+00:00,2023-07-16 23:00:00+00:00,TH042,24
E1870.TH042-PPS-0623,1,1,False,2023-07-17,7/17/2023,19:01:00,12:01,PPSPort22,TH042,22,PPSUnit;ProgrammedSampling,95%EtOH,OlympicCoastNationalMarineSanctuary,TeahwhitHead,34.0,47˚52.699'N,124˚44.187'W,1001,ShannonBrown,,E1870,TH042-PPS-0623,2023_JuneJuly_OCNMS_TH042-PPS,47.87831666666666,-124.73645,America/Los_Angeles,2023-07-17 12:01:00,2023-07-17T19:01:00Z,22,1000,1001,2023-07-17 12:01:45,73,TH042,2023-07-17 12:18:26,2023-07-17 19:01:45+00:00,2023-07-17 19:18:26+00:00,2023-07-17 18:53:55.875000+00:00,2023-07-17 19:26:15.125000+00:00,,,,,,,,,,,,,,,,,,,,0,2023-07-17,2023-07-17,-0.5,-0.8666666666666667,0.00019274884834885597,0.00023283413611352444,-0.7874051335039117,-0.3342208159675695,0.32094326615333557,0.04847482964396477,4.594550132751465,26.546249389648438,1018.2410278320312,10.007354736328125,1.051756739616394,2287.6767578125,1.9444814920425415,0.2642500698566437,2287.864501953125,-0.024084798991680145,0.01372619066387415,40.90185543754495,10.0,47.87610638116913,47.87610638116913,47.87835632766127,1.5891746282577515,-124.73185969013048,-124.72704402236144,-124.73185969013048,-40.897220611572266,107.93570709228516,0.1823449283838272,33.261966705322266,1.7888716459274292,248.3190155029297,-3.035684770225089e-08,0.0027449021581560373,0.0003758733219001442,285.8381652832031,7.754249572753906,0.07563359290361404,0.10766958445310593,-0.1176224946975708,-0.22384345531463623,8.921369590098038e-05,-0.014304808340966702,0.01676369272172451,-32.84605022614836,-15.011417324431406,0.0,3.402304561119224e-16,0.00014003975957166404,0.0001356439752271399,2.2682030407461493e-16,1.701152280559612e-16,0.05385904386639595,0.008126931264996529,0.5824461579322815,1.0152796506881714,1.8290807008743286,0.9419323801994324,0.12760861217975616,11.203393936157227,1.0642759799957275,0.6352200508117676,5.152339935302734,0.023434991016983986,0.013368726707994938,2.903299892155071e-14,0.0,1.4516499460775356e-14,1.4516499460775356e-14,2.1774749191163033e-14,3.15472412109375,0.0,4.354949838232607e-14,0.0,27.84711265563965,10.954933166503906,0.18406853079795837,0.1095232293009758,2.0572211742401123,286.4335021972656,5.938429481489038e-08,0.003265952691435814,0.001157114515081048,303.4773254394531,0.16363830864429474,0.06405513733625412,0.03610728308558464,0.08140938729047775,0.043310750275850296,0.00035735132405534387,0.9385014772415161,0.012765326537191868,0.18490677566148778,0.594269263758573,2023-07-17 00:00:00+00:00,2023-07-17 23:00:00+00:00,TH042,24
E1871.TH042-PPS-0623,1,1,False,2023-07-19,7/19/2023,07:01:00,0:01,PPSPort23,TH042,23,PPSUnit;ProgrammedSampling,95%EtOH,OlympicCoastNationalMarineSanctuary,TeahwhitHead,34.0,47˚52.699'N,124˚44.187'W,1001,ShannonBrown,,E1871,TH042-PPS-0623,2023_JuneJuly_OCNMS_TH042-PPS,47.87831666666666,-124.73645,America/Los_Angeles,2023-07-19 00:01:00,2023-07-19T07:01:00Z,23,1000,1001,2023-07-19 00:01:39,73,TH042,2023-07-19 00:18:20,2023-07-19 07:01:39+00:00,2023-07-19 07:18:20+00:00,2023-07-19 06:53:49.875000+00:00,2023-07-19 07:26:09.125000+00:00,,,,,,,,,,,,,,,,,,,,0,2023-07-19,2023-07-19,-0.5,-0.8666666666666667,0.0004902960499748588,0.000530968711245805,-0.7874051335039117,-0.3342208159675695,0.36176833510398865,0.054593682289123535,4.858274936676025,28.943756103515625,1020.4402465820312,11.021912574768066,1.1478198766708374,2302.701416015625,1.823464035987854,-3.7771904468536377,2286.806884765625,-0.07165762037038803,0.04772079363465309,40.90185543754495,10.0,47.87610638116913,47.87610638116913,47.87835632766127,10.00930118560791,-124.73185969013048,-124.72704402236144,-124.73185969013048,-49.25297546386719,88.68492889404297,0.14937977492809296,33.23099899291992,10.041707038879395,259.3449401855469,-1.3107447216498258e-07,0.010366701520979404,-0.019029216840863228,288.5469055175781,7.598987102508545,0.1615816205739975,0.16889162361621857,-0.18700575828552246,-0.3128432631492615,0.0002056275261566043,-0.05325789377093315,0.016518378630280495,-32.85372489797731,-15.036082843372284,0.0,3.402304561119224e-16,0.0001917825429700315,0.00017737438611220568,2.2682030407461493e-16,1.701152280559612e-16,0.08525648713111877,0.01283725630491972,0.3357897698879242,1.2164546251296997,0.3577369451522827,0.7860597968101501,0.0831550881266594,7.742082118988037,1.401077151298523,1.763837218284607,2.3016157150268555,0.027826711535453796,0.0237286277115345,2.903299892155071e-14,0.0,1.4516499460775356e-14,1.4516499460775356e-14,2.1774749191163033e-14,8.361478805541992,0.0,4.354949838232607e-14,0.0,3.3993475437164307,8.615053176879883,0.07111138105392456,0.04605652391910553,8.510089874267578,321.8620300292969,1.0943991668455055e-07,0.013573243282735348,0.022710595279932022,307.11102294921875,0.07690483331680298,0.0480332151055336,0.04355788975954056,0.06083117425441742,0.04670308530330658,0.0003277951618656516,0.8800326585769653,0.004903329536318779,0.17338704978563185,0.5572461801508722,2023-07-19 00:00:00+00:00,2023-07-19 23:00:00+00:00,TH042,24
E1872.TH042-PPS-0623,1,1,False,2023-07-20,7/20/2023,19:01:00,12:01,PPSPort24,TH042,24,PPSUnit;ProgrammedSampling,95%EtOH,OlympicCoastNationalMarineSanctuary,TeahwhitHead,34.0,47˚52.699'N,124˚44.187'W,1001,ShannonBrown,,E1872,TH042-PPS-0623,2023_JuneJuly_OCNMS_TH042-PPS,47.87831666666666,-124.73645,America/Los_Angeles,2023-07-20 12:01:00,2023-07-20T19:01:00Z,24,1000,1001,2023-07-20 12:01:34,73,TH042,2023-07-20 12:18:15,2023-07-20 19:01:34+00:00,2023-07-20 19:18:15+00:00,2023-07-20 18:53:44.875000+00:00,2023-07-20 19:26:04.125000+00:00,,,,,,,,,,,,,,,,,,,,0,2023-07-20,2023-07-20,-0.5,-0.8666666666666667,0.000491766375489533,0.0005444590351544321,-0.7874051335039117,-0.3342208159675695,0.34424543380737305,0.051934655755758286,3.533559560775757,28.765623092651367,1019.225830078125,9.634089469909668,0.9785096049308777,2291.6123046875,1.6160627603530884,-2.0942137241363525,2285.612548828125,-0.06938832253217697,0.03598055616021156,40.90185543754495,10.0,47.87610638116913,47.87610638116913,47.87835632766127,6.773097991943359,-124.73185969013048,-124.72704402236144,-124.73185969013048,-3.4710769653320312,97.54656982421875,0.09145751595497131,33.23722839355469,6.091964244842529,212.1790008544922,-1.0398173344583483e-07,0.0052007888443768024,-0.00943614449352026,202.78501892089844,7.534823894500732,0.1643703728914261,0.16956321895122528,-0.13351231813430786,-0.25833430886268616,0.00017716233560349792,-0.05542078614234924,0.011134661734104156,-32.85415103687767,-15.03745240514022,0.0,3.402304561119224e-16,0.00022949105186853558,0.00024014680820982903,2.2682030407461493e-16,1.701152280559612e-16,0.14275163412094116,0.021580740809440613,0.31307700276374817,0.862367570400238,0.9865955114364624,1.0915354490280151,0.12227680534124374,7.277029514312744,1.0302966833114624,2.1721460819244385,2.0757224559783936,0.03496190905570984,0.02939547412097454,2.903299892155071e-14,0.0,1.4516499460775356e-14,1.4516499460775356e-14,2.1774749191163033e-14,9.517708778381348,0.0,4.354949838232607e-14,0.0,33.6514778137207,7.372102737426758,0.0624382421374321,0.04405566677451134,9.75117015838623,230.7432861328125,1.1802917754266673e-07,0.011106139048933983,0.02050655521452427,232.93128967285156,0.07114517688751221,0.06676116585731506,0.041002996265888214,0.07920566201210022,0.08149939030408859,0.0003976326552219689,0.8183838725090027,0.004702259786427021,0.16124079094735447,0.5182094911413864,2023-07-20 00:00:00+00:00,2023-07-20 23:00:00+00:00,TH042,24
